INSERT INTO T1 (pk, t2, t3, t4, t5, t6, t7, t8, t9, t10, t11, t12, t13, t14, t15, t16, t17, t18, t19, t20, t21, t22, t23, t24, t25, t26, t27, t28, t29, t30, t31, t32, t33, t34, t35, t36, t37, t38, t39, t40)
VALUES
    (0, 4, 109, 120, 153, 109, 156, 96, 186, 197, 160, 119, 84, 101, 93, 177, 171, 104, 185, 97, 182, 130, 169, 68, 70, 64, 64, 45, 133, 80, 99, 34, 124, 105, 81, 146, 148, 121, 33, 173),
    (1, 133, 1, 39, 100, 169, 176, 140, 45, 154, 76, 41, 91, 181, 126, 85, 115, 99, 113, 144, 66, 138, 56, 147, 21, 117, 85, 127, 49, 2, 12, 39, 71, 151, 136, 177, 190, 122, 95, 177),
    (2, 119, 11, 34, 170, 113, 61, 35, 78, 32, 112, 97, 178, 41, 28, 96, 172, 148, 9, 84, 45, 106, 70, 166, 136, 46, 27, 13, 194, 194, 181, 135, 95, 90, 38, 58, 125, 27, 109, 107),
    (3, 112, 116, 157, 121, 191, 190, 58, 118, 141, 1, 98, 39, 39, 93, 134, 56, 86, 47, 187, 165, 97, 174, 62, 22, 81, 92, 187, 182, 187, 160, 148, 14, 178, 151, 137, 146, 139, 135, 27),
    (4, 146, 95, 31, 134, 187, 75, 125, 32, 122, 9, 145, 103, 83, 24, 189, 54, 165, 54, 80, 145, 98, 101, 108, 186, 104, 147, 199, 129, 64, 102, 121, 167, 160, 93, 69, 137, 44, 90, 15),
    (5, 190, 2, 19, 107, 126, 124, 161, 140, 63, 0, 126, 109, 90, 185, 126, 54, 43, 69, 44, 78, 14, 145, 151, 178, 116, 129, 63, 94, 45, 26, 1, 108, 11, 62, 76, 167, 87, 118, 105),
    (6, 122, 132, 162, 139, 70, 133, 145, 4, 84, 79, 22, 178, 162, 8, 172, 95, 134, 73, 63, 37, 125, 45, 72, 74, 125, 62, 55, 185, 98, 25, 127, 160, 195, 142, 134, 38, 30, 124, 94),
    (7, 126, 176, 156, 6, 8, 147, 169, 26, 196, 175, 94, 130, 124, 7, 7, 25, 171, 35, 183, 17, 114, 74, 166, 97, 132, 99, 55, 154, 30, 106, 158, 89, 69, 115, 58, 100, 42, 98, 58),
    (8, 177, 67, 168, 152, 190, 110, 23, 5, 102, 75, 196, 105, 15, 110, 92, 74, 178, 17, 57, 172, 166, 150, 65, 23, 132, 27, 167, 185, 2, 143, 110, 180, 130, 80, 5, 95, 66, 115, 74),
    (9, 47, 187, 36, 140, 64, 32, 4, 145, 131, 158, 144, 54, 63, 158, 51, 83, 3, 145, 45, 42, 5, 183, 131, 108, 108, 62, 163, 32, 9, 1, 2, 198, 128, 78, 165, 13, 117, 191, 116),
    (10, 11, 70, 95, 88, 10, 117, 181, 193, 25, 148, 142, 22, 9, 67, 119, 52, 24, 147, 40, 73, 12, 138, 43, 48, 14, 198, 34, 110, 132, 185, 165, 17, 191, 15, 55, 41, 86, 117, 90),
    (11, 45, 182, 57, 24, 52, 6, 173, 63, 43, 105, 13, 182, 97, 15, 197, 138, 150, 111, 76, 126, 183, 46, 45, 141, 42, 39, 72, 172, 52, 164, 101, 127, 175, 33, 6, 154, 73, 140, 164),
    (12, 123, 134, 24, 127, 59, 152, 107, 56, 12, 171, 112, 182, 35, 40, 156, 46, 31, 135, 103, 129, 183, 171, 12, 118, 110, 147, 97, 195, 191, 62, 89, 63, 124, 99, 15, 184, 113, 62, 63),
    (13, 157, 46, 140, 138, 66, 22, 25, 126, 65, 82, 179, 161, 141, 4, 178, 108, 60, 36, 110, 112, 22, 182, 100, 148, 146, 31, 86, 19, 11, 185, 49, 198, 132, 132, 52, 11, 124, 15, 95),
    (14, 87, 2, 7, 82, 170, 114, 181, 160, 35, 40, 10, 190, 26, 112, 90, 86, 28, 137, 57, 144, 68, 163, 13, 172, 114, 63, 106, 151, 142, 191, 184, 29, 49, 105, 179, 187, 138, 83, 189),
    (15, 171, 156, 34, 148, 167, 180, 108, 19, 136, 92, 178, 84, 123, 194, 139, 62, 25, 19, 57, 35, 76, 155, 14, 198, 48, 117, 187, 136, 49, 141, 13, 10, 47, 189, 12, 154, 168, 149, 48),
    (16, 88, 144, 122, 58, 70, 41, 83, 37, 110, 141, 145, 63, 158, 50, 20, 141, 118, 3, 122, 198, 109, 58, 168, 88, 51, 174, 55, 150, 46, 188, 20, 47, 23, 56, 55, 59, 132, 143, 4),
    (17, 182, 145, 33, 124, 148, 150, 68, 159, 1, 56, 22, 72, 33, 57, 37, 66, 146, 153, 139, 105, 8, 180, 27, 45, 52, 164, 18, 99, 144, 162, 39, 75, 2, 123, 10, 167, 188, 189, 43),
    (18, 136, 68, 71, 151, 191, 25, 22, 186, 44, 182, 149, 35, 65, 44, 111, 60, 4, 188, 164, 137, 154, 139, 126, 32, 1, 153, 192, 100, 83, 166, 9, 120, 112, 179, 4, 86, 100, 104, 171),
    (19, 44, 186, 172, 195, 97, 141, 38, 136, 10, 176, 97, 100, 155, 187, 188, 166, 16, 99, 148, 11, 144, 71, 47, 31, 190, 143, 188, 147, 151, 179, 5, 31, 38, 159, 45, 80, 15, 121, 22),
    (20, 104, 1, 6, 63, 132, 54, 129, 115, 153, 172, 25, 122, 94, 79, 22, 1, 194, 122, 144, 35, 43, 61, 169, 41, 45, 96, 30, 31, 25, 47, 177, 147, 59, 161, 4, 180, 75, 115, 29),
    (21, 38, 139, 99, 199, 33, 62, 149, 14, 106, 53, 164, 6, 136, 69, 75, 134, 180, 78, 135, 121, 85, 87, 180, 14, 164, 140, 81, 107, 57, 150, 43, 55, 169, 83, 125, 133, 94, 33, 114),
    (22, 176, 95, 192, 164, 48, 118, 162, 123, 187, 115, 139, 46, 94, 93, 86, 178, 186, 151, 69, 83, 59, 51, 176, 156, 56, 70, 58, 81, 50, 37, 150, 166, 92, 172, 51, 16, 105, 193, 51),
    (23, 195, 91, 139, 30, 175, 159, 112, 97, 36, 186, 25, 1, 75, 51, 17, 97, 51, 138, 77, 95, 188, 175, 8, 155, 21, 185, 11, 39, 183, 166, 105, 51, 183, 90, 160, 102, 158, 7, 79),
    (24, 54, 85, 143, 17, 114, 39, 17, 79, 104, 65, 7, 114, 165, 29, 179, 148, 104, 125, 106, 153, 152, 162, 30, 73, 114, 23, 89, 142, 157, 186, 173, 65, 69, 179, 37, 88, 61, 59, 99),
    (25, 176, 116, 172, 88, 84, 4, 143, 103, 161, 75, 143, 187, 195, 133, 31, 91, 103, 13, 116, 117, 140, 129, 29, 78, 112, 197, 5, 181, 9, 80, 116, 127, 64, 27, 64, 79, 171, 188, 102),
    (26, 36, 45, 100, 121, 152, 28, 38, 157, 18, 144, 173, 16, 5, 79, 158, 40, 195, 169, 123, 194, 3, 156, 105, 88, 101, 155, 1, 118, 30, 93, 185, 123, 93, 60, 187, 24, 159, 49, 87),
    (27, 21, 31, 167, 13, 81, 63, 112, 193, 77, 44, 138, 3, 65, 75, 7, 121, 48, 99, 11, 76, 77, 156, 171, 84, 139, 114, 8, 38, 160, 102, 167, 28, 85, 44, 60, 45, 3, 195, 11),
    (28, 37, 103, 24, 56, 120, 91, 161, 76, 181, 33, 37, 151, 109, 195, 137, 33, 183, 23, 160, 29, 178, 52, 121, 86, 165, 5, 83, 16, 123, 173, 72, 135, 106, 16, 140, 79, 192, 195, 2),
    (29, 154, 106, 57, 42, 116, 192, 160, 58, 143, 70, 100, 97, 104, 52, 2, 90, 61, 72, 155, 130, 116, 84, 187, 169, 35, 8, 130, 127, 23, 21, 111, 12, 90, 121, 91, 142, 130, 28, 186),
    (30, 48, 76, 47, 149, 124, 30, 124, 56, 160, 74, 14, 93, 147, 82, 58, 56, 70, 97, 127, 14, 48, 49, 185, 136, 54, 140, 158, 118, 199, 196, 31, 157, 168, 171, 86, 139, 43, 100, 111),
    (31, 112, 93, 8, 23, 18, 59, 4, 97, 193, 77, 199, 59, 130, 90, 134, 54, 123, 52, 169, 145, 31, 32, 116, 37, 167, 179, 99, 92, 60, 160, 132, 114, 74, 8, 143, 5, 42, 61, 55),
    (32, 140, 84, 77, 11, 9, 38, 112, 109, 18, 56, 29, 119, 171, 100, 195, 139, 191, 77, 168, 107, 30, 103, 107, 121, 78, 49, 164, 59, 130, 152, 95, 67, 107, 55, 66, 183, 135, 105, 25),
    (33, 149, 42, 98, 134, 56, 112, 1, 4, 174, 169, 150, 57, 134, 115, 187, 174, 82, 25, 148, 65, 100, 140, 144, 85, 107, 165, 46, 81, 183, 31, 58, 139, 183, 114, 175, 159, 36, 88, 110),
    (34, 92, 40, 29, 144, 128, 155, 43, 66, 16, 194, 68, 137, 122, 48, 4, 134, 44, 17, 5, 121, 88, 106, 46, 41, 198, 97, 86, 60, 153, 27, 26, 127, 166, 28, 157, 109, 27, 97, 115),
    (35, 128, 28, 67, 60, 194, 9, 151, 108, 133, 92, 185, 105, 188, 156, 10, 86, 98, 59, 22, 84, 24, 127, 133, 105, 29, 182, 74, 75, 109, 176, 193, 3, 190, 104, 45, 158, 149, 76, 188),
    (36, 34, 74, 137, 8, 14, 78, 85, 177, 116, 8, 0, 99, 184, 151, 147, 130, 114, 81, 5, 144, 119, 184, 13, 196, 183, 194, 22, 72, 84, 42, 54, 176, 152, 161, 30, 32, 14, 51, 113),
    (37, 112, 70, 179, 36, 137, 136, 67, 108, 130, 33, 147, 120, 110, 16, 101, 66, 90, 144, 9, 13, 107, 24, 162, 29, 172, 102, 155, 101, 40, 130, 133, 34, 47, 5, 193, 89, 197, 134, 70),
    (38, 108, 136, 105, 52, 67, 53, 50, 92, 130, 129, 192, 83, 130, 91, 28, 83, 72, 161, 103, 159, 156, 36, 191, 69, 9, 110, 53, 55, 162, 189, 12, 162, 81, 147, 13, 98, 6, 163, 42),
    (39, 23, 180, 106, 156, 14, 93, 27, 106, 99, 28, 138, 16, 84, 179, 74, 40, 69, 52, 143, 164, 153, 76, 179, 25, 77, 177, 73, 14, 180, 106, 56, 84, 109, 27, 84, 92, 155, 124, 72),
    (40, 172, 22, 175, 18, 85, 132, 20, 135, 186, 36, 80, 176, 156, 152, 49, 141, 132, 36, 13, 14, 85, 58, 58, 154, 182, 97, 22, 136, 131, 47, 104, 146, 166, 67, 176, 132, 70, 183, 77),
    (41, 87, 182, 183, 11, 69, 60, 164, 147, 49, 83, 37, 93, 180, 142, 169, 197, 120, 74, 102, 54, 184, 98, 106, 179, 87, 143, 180, 58, 125, 183, 59, 178, 3, 181, 7, 154, 182, 6, 33),
    (42, 40, 12, 168, 69, 87, 76, 143, 72, 181, 86, 31, 22, 78, 42, 177, 149, 27, 103, 125, 60, 0, 119, 195, 156, 152, 81, 171, 156, 30, 176, 143, 2, 151, 94, 188, 125, 38, 34, 92),
    (43, 56, 60, 104, 18, 12, 124, 182, 116, 90, 56, 169, 41, 168, 170, 118, 133, 145, 90, 38, 36, 196, 153, 85, 52, 199, 154, 13, 191, 159, 159, 87, 189, 65, 68, 83, 168, 3, 2, 63),
    (44, 7, 80, 137, 80, 4, 99, 124, 88, 74, 25, 21, 82, 169, 104, 198, 106, 94, 146, 75, 179, 74, 85, 97, 151, 121, 96, 33, 157, 58, 108, 25, 26, 17, 140, 37, 14, 141, 97, 120),
    (45, 145, 126, 158, 125, 122, 103, 0, 32, 23, 48, 160, 155, 159, 8, 71, 4, 68, 38, 78, 32, 121, 80, 107, 187, 88, 55, 113, 30, 44, 115, 166, 100, 117, 20, 13, 65, 42, 31, 72),
    (46, 145, 45, 150, 1, 161, 58, 134, 137, 9, 114, 188, 133, 29, 124, 190, 107, 167, 127, 86, 175, 43, 159, 33, 154, 58, 46, 187, 3, 35, 66, 176, 51, 119, 46, 147, 111, 123, 165, 136),
    (47, 198, 116, 178, 192, 42, 62, 65, 152, 84, 132, 104, 63, 192, 110, 76, 81, 117, 197, 199, 89, 139, 181, 65, 97, 150, 184, 108, 109, 42, 35, 122, 194, 102, 65, 55, 53, 145, 11, 62),
    (48, 49, 129, 59, 10, 126, 191, 41, 89, 42, 196, 103, 65, 158, 76, 108, 174, 177, 142, 168, 113, 164, 9, 158, 29, 55, 94, 170, 185, 174, 0, 168, 67, 96, 52, 62, 135, 150, 105, 175),
    (49, 188, 33, 110, 184, 104, 25, 142, 175, 56, 137, 140, 49, 120, 65, 183, 193, 33, 31, 67, 159, 57, 192, 125, 34, 163, 29, 159, 195, 152, 51, 148, 179, 17, 156, 49, 97, 79, 80, 113),
    (50, 149, 75, 156, 91, 35, 10, 170, 113, 97, 145, 56, 45, 79, 141, 100, 151, 114, 31, 72, 162, 136, 99, 99, 26, 106, 38, 71, 155, 174, 127, 111, 176, 102, 109, 12, 2, 139, 39, 61),
    (51, 70, 136, 39, 83, 192, 6, 59, 11, 72, 130, 154, 187, 86, 141, 114, 60, 176, 173, 34, 130, 105, 48, 19, 110, 87, 192, 40, 102, 124, 96, 168, 77, 18, 166, 109, 169, 98, 2, 124),
    (52, 129, 49, 105, 136, 196, 45, 191, 32, 139, 6, 22, 166, 93, 88, 123, 43, 2, 64, 13, 148, 89, 190, 174, 0, 102, 138, 192, 107, 131, 172, 146, 111, 13, 177, 194, 54, 69, 119, 132),
    (53, 156, 159, 1, 172, 138, 53, 72, 194, 44, 146, 121, 199, 167, 24, 143, 23, 101, 80, 101, 173, 191, 191, 35, 129, 89, 88, 163, 27, 180, 157, 2, 65, 69, 127, 21, 123, 166, 190, 122),
    (54, 161, 32, 112, 187, 92, 30, 8, 196, 17, 147, 14, 182, 183, 6, 107, 172, 19, 93, 79, 125, 178, 133, 41, 56, 18, 78, 71, 152, 133, 103, 191, 197, 53, 193, 195, 166, 88, 115, 119),
    (55, 39, 131, 194, 191, 12, 170, 49, 74, 165, 162, 114, 33, 58, 166, 196, 8, 80, 194, 43, 141, 104, 109, 87, 156, 50, 175, 105, 163, 19, 84, 36, 156, 12, 47, 199, 167, 165, 47, 49),
    (56, 46, 71, 125, 154, 80, 104, 151, 180, 176, 37, 54, 129, 44, 15, 60, 13, 102, 58, 125, 17, 199, 151, 5, 166, 93, 39, 69, 58, 151, 153, 77, 104, 95, 109, 41, 23, 0, 159, 48),
    (57, 198, 103, 95, 157, 73, 126, 23, 106, 36, 120, 144, 15, 131, 62, 36, 76, 135, 158, 107, 176, 86, 141, 26, 127, 147, 149, 169, 138, 151, 44, 27, 50, 124, 48, 24, 150, 56, 88, 193),
    (58, 141, 110, 30, 16, 171, 162, 67, 72, 119, 193, 192, 33, 63, 183, 106, 36, 184, 26, 128, 63, 72, 187, 73, 100, 148, 11, 17, 115, 28, 170, 31, 124, 187, 101, 137, 72, 43, 44, 61),
    (59, 78, 17, 164, 190, 1, 46, 49, 79, 119, 97, 126, 154, 91, 180, 123, 160, 166, 0, 131, 162, 147, 52, 196, 138, 0, 53, 161, 13, 97, 83, 22, 49, 122, 111, 192, 197, 38, 122, 49),
    (60, 164, 117, 34, 27, 78, 49, 157, 41, 42, 34, 131, 140, 70, 150, 166, 29, 66, 142, 198, 174, 195, 137, 113, 44, 163, 108, 199, 83, 89, 89, 72, 6, 135, 72, 141, 96, 168, 144, 159),
    (61, 103, 51, 142, 114, 4, 189, 46, 36, 36, 98, 167, 155, 86, 36, 78, 170, 112, 166, 124, 44, 112, 19, 189, 170, 56, 81, 0, 144, 28, 149, 0, 13, 14, 79, 121, 117, 131, 27, 91),
    (62, 161, 12, 166, 137, 121, 83, 120, 188, 197, 75, 34, 127, 32, 24, 39, 182, 148, 68, 8, 164, 10, 93, 199, 172, 57, 62, 98, 114, 92, 75, 33, 163, 49, 63, 172, 174, 141, 126, 154),
    (63, 66, 13, 8, 13, 103, 94, 133, 30, 122, 27, 112, 51, 102, 194, 156, 86, 143, 154, 136, 86, 14, 82, 52, 136, 112, 194, 196, 46, 181, 91, 143, 114, 75, 28, 10, 30, 33, 86, 102),
    (64, 30, 10, 160, 138, 36, 75, 35, 45, 189, 21, 190, 121, 22, 62, 59, 124, 172, 193, 96, 1, 11, 157, 44, 101, 82, 51, 30, 24, 185, 15, 160, 104, 7, 102, 163, 158, 107, 71, 103),
    (65, 3, 23, 23, 111, 169, 101, 117, 53, 9, 80, 18, 199, 159, 8, 75, 136, 168, 60, 33, 146, 169, 62, 178, 147, 29, 24, 133, 95, 145, 80, 111, 57, 44, 130, 91, 29, 39, 194, 89),
    (66, 82, 168, 77, 168, 56, 154, 46, 53, 41, 1, 61, 167, 35, 76, 135, 18, 94, 189, 165, 131, 2, 138, 80, 5, 94, 32, 198, 33, 55, 178, 145, 136, 33, 177, 55, 174, 177, 161, 172),
    (67, 66, 68, 33, 2, 181, 45, 99, 113, 33, 40, 85, 124, 50, 45, 1, 101, 55, 187, 59, 85, 45, 83, 148, 100, 182, 22, 31, 38, 101, 77, 110, 170, 190, 75, 157, 0, 55, 133, 132),
    (68, 182, 92, 178, 152, 149, 55, 77, 77, 99, 121, 150, 81, 155, 169, 41, 66, 124, 27, 12, 103, 112, 166, 81, 193, 21, 116, 197, 99, 30, 163, 157, 53, 109, 77, 148, 72, 148, 74, 15),
    (69, 73, 74, 19, 57, 56, 0, 124, 103, 15, 90, 187, 89, 136, 193, 170, 112, 13, 19, 170, 102, 64, 157, 157, 166, 133, 3, 56, 66, 23, 147, 85, 136, 14, 63, 11, 189, 89, 182, 145),
    (70, 142, 50, 40, 178, 89, 44, 50, 34, 147, 186, 102, 100, 38, 100, 94, 169, 84, 12, 195, 190, 23, 132, 128, 34, 65, 95, 130, 155, 169, 66, 166, 196, 144, 66, 173, 183, 100, 15, 116),
    (71, 162, 186, 70, 65, 126, 36, 66, 152, 56, 52, 5, 10, 138, 60, 178, 166, 39, 146, 177, 55, 37, 25, 99, 75, 55, 143, 54, 69, 154, 119, 192, 134, 101, 43, 108, 140, 179, 113, 72),
    (72, 77, 27, 102, 167, 193, 166, 13, 16, 142, 100, 13, 73, 11, 159, 68, 163, 155, 42, 174, 103, 87, 111, 138, 16, 168, 130, 5, 142, 16, 27, 195, 129, 177, 146, 180, 13, 155, 129, 182),
    (73, 114, 25, 82, 32, 173, 62, 56, 98, 77, 155, 48, 147, 86, 100, 21, 60, 145, 67, 161, 62, 150, 10, 118, 131, 178, 24, 146, 89, 90, 163, 41, 150, 171, 17, 187, 44, 189, 107, 119),
    (74, 132, 62, 187, 21, 121, 152, 180, 69, 81, 88, 155, 196, 2, 195, 142, 119, 83, 67, 132, 84, 62, 85, 105, 174, 143, 164, 19, 164, 15, 38, 79, 31, 31, 68, 98, 115, 69, 91, 75),
    (75, 2, 102, 2, 83, 139, 125, 173, 178, 40, 101, 140, 196, 186, 34, 47, 37, 107, 12, 143, 41, 86, 151, 177, 196, 100, 49, 6, 87, 167, 124, 69, 16, 56, 67, 101, 35, 168, 16, 56),
    (76, 120, 196, 147, 104, 136, 55, 108, 145, 39, 192, 136, 149, 70, 117, 123, 145, 97, 133, 156, 195, 101, 42, 179, 11, 112, 71, 113, 198, 0, 186, 32, 98, 79, 89, 133, 64, 32, 29, 163),
    (77, 39, 165, 2, 75, 172, 25, 62, 159, 171, 87, 22, 147, 55, 120, 156, 174, 199, 144, 130, 62, 193, 88, 98, 7, 30, 172, 198, 128, 177, 1, 195, 187, 131, 43, 176, 172, 180, 86, 122),
    (78, 30, 60, 167, 177, 192, 73, 36, 77, 164, 36, 89, 186, 49, 185, 14, 136, 131, 32, 33, 149, 143, 87, 27, 48, 194, 110, 199, 88, 191, 81, 128, 63, 22, 116, 69, 161, 160, 62, 155),
    (79, 51, 86, 138, 108, 114, 51, 53, 139, 135, 36, 2, 90, 110, 64, 126, 81, 166, 72, 137, 58, 155, 69, 94, 172, 182, 96, 176, 77, 47, 55, 68, 82, 40, 181, 12, 36, 69, 117, 190),
    (80, 158, 144, 128, 36, 57, 165, 73, 35, 107, 76, 130, 126, 41, 89, 76, 86, 12, 124, 47, 72, 55, 42, 186, 142, 142, 64, 87, 12, 80, 180, 183, 10, 94, 90, 155, 82, 196, 154, 96),
    (81, 106, 129, 16, 179, 56, 45, 81, 39, 100, 54, 10, 74, 130, 78, 20, 186, 47, 39, 173, 83, 46, 84, 7, 140, 78, 25, 25, 15, 181, 189, 78, 59, 48, 157, 99, 70, 169, 22, 20),
    (82, 154, 199, 175, 194, 38, 18, 8, 155, 127, 189, 48, 29, 53, 87, 16, 173, 65, 159, 34, 129, 31, 118, 113, 30, 9, 191, 16, 123, 33, 102, 95, 80, 24, 76, 57, 64, 153, 53, 99),
    (83, 75, 158, 178, 2, 181, 46, 80, 85, 192, 50, 31, 92, 123, 150, 55, 16, 8, 182, 39, 194, 51, 173, 166, 181, 79, 153, 144, 97, 139, 106, 91, 51, 23, 88, 104, 23, 164, 125, 98),
    (84, 67, 87, 63, 11, 109, 10, 49, 198, 68, 149, 183, 174, 49, 195, 82, 176, 182, 188, 174, 64, 86, 80, 40, 133, 9, 182, 96, 8, 11, 185, 59, 196, 195, 3, 45, 54, 92, 16, 30),
    (85, 92, 190, 40, 79, 13, 123, 119, 46, 6, 39, 46, 132, 139, 189, 34, 187, 40, 75, 31, 76, 64, 106, 98, 113, 172, 75, 91, 44, 131, 189, 113, 51, 90, 195, 152, 143, 120, 168, 23),
    (86, 55, 188, 118, 24, 187, 116, 35, 52, 20, 112, 181, 186, 159, 191, 192, 162, 47, 138, 172, 38, 70, 111, 83, 151, 74, 108, 5, 157, 110, 141, 185, 71, 112, 117, 52, 76, 88, 61, 64),
    (87, 160, 125, 41, 59, 141, 169, 17, 90, 136, 33, 191, 46, 9, 171, 94, 66, 134, 15, 37, 77, 57, 15, 73, 188, 18, 148, 175, 78, 101, 36, 33, 160, 150, 6, 178, 159, 52, 65, 59),
    (88, 140, 13, 143, 57, 165, 166, 28, 91, 54, 141, 1, 166, 129, 99, 195, 145, 198, 76, 151, 44, 12, 119, 8, 98, 16, 152, 145, 174, 21, 74, 97, 178, 117, 7, 110, 92, 27, 142, 45),
    (89, 188, 53, 51, 106, 16, 14, 33, 79, 80, 95, 118, 40, 81, 47, 77, 152, 42, 49, 28, 117, 6, 70, 111, 5, 175, 172, 173, 107, 27, 142, 160, 9, 70, 10, 94, 62, 194, 93, 89),
    (90, 99, 86, 143, 191, 106, 137, 24, 173, 11, 187, 105, 108, 99, 198, 36, 162, 151, 85, 67, 126, 176, 40, 16, 198, 198, 135, 6, 66, 107, 32, 8, 142, 199, 122, 54, 55, 155, 96, 43),
    (91, 125, 90, 59, 174, 9, 156, 70, 156, 198, 158, 158, 2, 169, 63, 154, 88, 166, 35, 4, 146, 107, 102, 49, 178, 51, 111, 143, 91, 21, 197, 28, 49, 119, 153, 131, 125, 114, 4, 5),
    (92, 25, 0, 40, 180, 32, 196, 2, 147, 110, 171, 190, 159, 153, 191, 10, 12, 136, 51, 129, 195, 29, 45, 74, 123, 122, 67, 167, 104, 162, 132, 10, 159, 87, 180, 6, 69, 176, 38, 195),
    (93, 171, 4, 84, 178, 121, 19, 185, 82, 106, 199, 103, 96, 135, 23, 180, 30, 127, 143, 186, 176, 101, 175, 51, 96, 53, 136, 45, 177, 142, 124, 6, 104, 89, 8, 37, 108, 178, 184, 6),
    (94, 127, 58, 40, 147, 70, 199, 121, 26, 42, 123, 51, 176, 0, 154, 154, 136, 72, 23, 125, 24, 123, 127, 173, 73, 4, 134, 35, 88, 9, 181, 174, 12, 124, 168, 74, 20, 44, 110, 178),
    (95, 140, 35, 44, 166, 99, 23, 187, 125, 96, 89, 181, 139, 108, 127, 185, 5, 2, 49, 199, 128, 148, 124, 40, 7, 120, 38, 122, 105, 146, 33, 75, 163, 129, 195, 80, 130, 185, 132, 175),
    (96, 96, 81, 6, 122, 8, 197, 141, 100, 61, 106, 41, 138, 123, 57, 47, 184, 140, 175, 96, 118, 152, 198, 172, 26, 190, 52, 167, 150, 92, 138, 117, 66, 80, 139, 17, 72, 69, 4, 134),
    (97, 152, 26, 98, 170, 115, 72, 199, 171, 88, 75, 116, 194, 37, 87, 183, 73, 194, 40, 51, 131, 89, 179, 67, 89, 160, 125, 176, 179, 24, 91, 151, 51, 71, 96, 187, 170, 50, 83, 181),
    (98, 50, 31, 167, 13, 108, 91, 154, 91, 83, 56, 115, 21, 1, 5, 74, 107, 172, 122, 107, 80, 26, 33, 47, 27, 168, 27, 33, 184, 11, 107, 4, 188, 35, 71, 18, 71, 104, 102, 93),
    (99, 175, 67, 73, 92, 146, 22, 88, 11, 85, 195, 124, 72, 194, 186, 133, 54, 119, 25, 186, 184, 169, 45, 7, 2, 121, 115, 137, 160, 69, 124, 80, 106, 170, 65, 130, 65, 73, 66, 197),
    (100, 105, 85, 59, 162, 88, 190, 77, 86, 32, 92, 153, 58, 187, 20, 103, 77, 100, 118, 12, 140, 83, 50, 94, 95, 110, 21, 146, 78, 52, 153, 166, 34, 72, 169, 28, 113, 140, 113, 77),
    (101, 138, 74, 175, 88, 167, 19, 120, 60, 189, 49, 117, 73, 92, 138, 1, 127, 143, 12, 137, 27, 43, 153, 92, 24, 14, 155, 73, 135, 117, 7, 30, 60, 72, 131, 110, 176, 195, 23, 39),
    (102, 29, 188, 122, 32, 126, 145, 127, 194, 183, 134, 118, 187, 103, 147, 155, 142, 178, 192, 109, 28, 67, 185, 105, 5, 36, 58, 7, 71, 100, 50, 158, 125, 183, 63, 96, 26, 183, 151, 112),
    (103, 46, 17, 150, 67, 51, 51, 61, 104, 42, 114, 95, 2, 179, 194, 182, 189, 68, 3, 102, 190, 184, 122, 147, 83, 83, 168, 87, 114, 98, 193, 89, 101, 78, 83, 78, 128, 55, 68, 72),
    (104, 196, 146, 18, 55, 24, 117, 67, 88, 110, 74, 142, 118, 159, 182, 43, 157, 121, 30, 176, 26, 134, 159, 133, 60, 171, 32, 42, 44, 199, 34, 159, 143, 105, 102, 78, 181, 34, 98, 99),
    (105, 67, 81, 191, 131, 60, 33, 171, 83, 117, 112, 192, 181, 161, 105, 137, 147, 82, 123, 73, 39, 189, 135, 120, 160, 143, 44, 130, 112, 60, 108, 42, 159, 168, 127, 81, 157, 134, 33, 185),
    (106, 70, 32, 2, 95, 66, 117, 155, 0, 140, 98, 146, 148, 30, 126, 96, 183, 94, 135, 105, 84, 27, 58, 176, 104, 62, 179, 184, 97, 16, 182, 129, 186, 83, 154, 178, 152, 39, 15, 179),
    (107, 20, 81, 130, 55, 18, 69, 30, 55, 68, 193, 176, 120, 193, 170, 191, 13, 102, 126, 185, 78, 132, 122, 28, 160, 127, 13, 142, 164, 19, 45, 119, 126, 69, 159, 173, 119, 46, 121, 123),
    (108, 199, 58, 19, 48, 148, 124, 71, 104, 103, 57, 48, 142, 63, 85, 181, 53, 105, 24, 53, 72, 136, 23, 17, 164, 34, 170, 86, 67, 151, 87, 78, 191, 185, 59, 69, 105, 50, 90, 147),
    (109, 106, 173, 177, 7, 107, 90, 93, 151, 92, 33, 111, 96, 114, 159, 111, 137, 105, 199, 62, 37, 109, 13, 178, 81, 94, 116, 91, 56, 98, 62, 13, 74, 173, 58, 198, 111, 170, 44, 8),
    (110, 121, 0, 169, 107, 156, 131, 172, 106, 27, 59, 144, 131, 165, 151, 165, 182, 26, 166, 127, 41, 105, 84, 163, 117, 193, 88, 112, 117, 123, 72, 84, 65, 90, 0, 175, 19, 147, 98, 180),
    (111, 16, 0, 12, 116, 113, 105, 80, 43, 175, 126, 68, 183, 130, 63, 24, 143, 168, 29, 45, 191, 163, 29, 181, 7, 38, 147, 57, 122, 120, 171, 25, 38, 88, 25, 46, 168, 76, 22, 29),
    (112, 15, 113, 87, 111, 184, 95, 67, 6, 41, 150, 144, 185, 177, 94, 31, 104, 114, 28, 41, 48, 57, 56, 150, 170, 15, 71, 19, 37, 148, 32, 116, 48, 110, 160, 87, 162, 180, 64, 117),
    (113, 129, 83, 122, 121, 173, 109, 161, 127, 81, 160, 157, 196, 7, 37, 196, 30, 17, 62, 188, 100, 7, 142, 143, 174, 121, 175, 61, 105, 183, 78, 169, 150, 52, 30, 17, 140, 88, 136, 20),
    (114, 158, 2, 82, 116, 158, 110, 164, 26, 85, 149, 41, 5, 50, 69, 66, 57, 70, 131, 115, 22, 125, 132, 158, 66, 54, 46, 12, 71, 7, 13, 188, 112, 2, 86, 19, 37, 198, 108, 136),
    (115, 106, 19, 151, 65, 74, 28, 167, 15, 89, 191, 176, 120, 55, 96, 8, 188, 7, 121, 190, 132, 127, 9, 45, 196, 163, 123, 110, 106, 198, 92, 65, 12, 110, 167, 60, 167, 5, 168, 57),
    (116, 2, 46, 17, 93, 155, 113, 88, 188, 75, 168, 70, 62, 184, 4, 14, 197, 11, 199, 1, 171, 130, 1, 56, 19, 167, 113, 100, 101, 68, 78, 47, 194, 65, 85, 195, 191, 168, 2, 179),
    (117, 49, 145, 81, 7, 117, 99, 153, 117, 124, 28, 89, 127, 14, 145, 125, 166, 196, 122, 143, 175, 72, 148, 62, 109, 175, 179, 22, 18, 138, 91, 168, 137, 101, 5, 138, 3, 180, 53, 105),
    (118, 99, 170, 38, 93, 163, 106, 32, 70, 42, 116, 171, 46, 124, 60, 135, 111, 28, 52, 128, 8, 111, 100, 15, 24, 41, 99, 151, 196, 195, 98, 119, 122, 154, 187, 107, 53, 126, 77, 192),
    (119, 36, 31, 176, 77, 9, 73, 32, 38, 84, 88, 78, 86, 111, 167, 14, 147, 38, 99, 155, 131, 92, 133, 169, 77, 105, 75, 120, 109, 52, 15, 121, 150, 112, 75, 168, 15, 23, 138, 48),
    (120, 28, 50, 121, 196, 101, 187, 146, 48, 161, 194, 75, 128, 147, 161, 43, 41, 177, 122, 128, 7, 156, 187, 188, 0, 63, 31, 33, 58, 177, 142, 35, 70, 65, 84, 136, 116, 28, 199, 185),
    (121, 63, 22, 91, 70, 163, 63, 47, 104, 139, 67, 17, 88, 128, 194, 180, 0, 157, 46, 194, 111, 4, 57, 163, 44, 180, 95, 146, 86, 79, 195, 192, 15, 16, 92, 135, 163, 88, 42, 54),
    (122, 164, 62, 189, 146, 121, 156, 56, 58, 131, 23, 104, 14, 158, 31, 181, 174, 63, 161, 140, 160, 21, 63, 24, 192, 130, 69, 101, 182, 188, 52, 18, 139, 23, 57, 111, 146, 118, 97, 168),
    (123, 145, 119, 135, 159, 32, 132, 56, 192, 132, 65, 89, 79, 105, 178, 79, 14, 27, 10, 116, 183, 34, 186, 79, 99, 123, 50, 60, 40, 174, 9, 68, 158, 126, 52, 50, 49, 10, 17, 132),
    (124, 112, 14, 42, 164, 48, 37, 177, 6, 165, 7, 165, 191, 123, 191, 148, 163, 146, 169, 9, 0, 6, 53, 138, 173, 40, 11, 77, 130, 197, 136, 56, 109, 105, 136, 34, 5, 93, 91, 18),
    (125, 53, 52, 62, 135, 19, 107, 172, 197, 25, 164, 3, 82, 108, 154, 48, 1, 84, 60, 188, 48, 109, 78, 81, 163, 51, 100, 75, 83, 97, 129, 24, 63, 131, 24, 153, 7, 198, 6, 166),
    (126, 32, 126, 78, 154, 147, 21, 111, 96, 165, 58, 76, 6, 120, 171, 147, 162, 11, 47, 146, 171, 111, 40, 107, 33, 96, 148, 78, 188, 59, 148, 82, 67, 164, 155, 91, 124, 141, 147, 124),
    (127, 143, 191, 139, 150, 132, 62, 160, 105, 81, 139, 44, 75, 42, 128, 92, 128, 137, 110, 28, 4, 114, 0, 153, 24, 19, 187, 152, 39, 151, 184, 74, 161, 45, 143, 172, 115, 170, 190, 7),
    (128, 100, 167, 142, 38, 152, 124, 32, 176, 140, 96, 132, 12, 37, 52, 69, 78, 7, 44, 94, 175, 95, 195, 186, 40, 112, 136, 50, 176, 37, 48, 102, 67, 65, 169, 50, 12, 112, 96, 87),
    (129, 18, 85, 165, 116, 85, 53, 95, 25, 113, 10, 112, 150, 44, 75, 179, 177, 111, 96, 159, 133, 168, 183, 128, 23, 89, 35, 161, 141, 147, 36, 50, 91, 78, 114, 109, 66, 182, 116, 7),
    (130, 119, 99, 130, 177, 149, 7, 135, 122, 101, 129, 187, 12, 167, 67, 163, 126, 82, 180, 72, 156, 163, 118, 105, 83, 15, 139, 161, 171, 84, 162, 50, 84, 193, 132, 162, 113, 146, 129, 110),
    (131, 116, 115, 93, 124, 66, 189, 78, 169, 83, 143, 187, 193, 19, 26, 193, 51, 23, 28, 43, 77, 191, 160, 159, 60, 73, 61, 83, 123, 91, 50, 42, 65, 29, 194, 188, 120, 43, 3, 20),
    (132, 184, 179, 65, 82, 69, 37, 41, 81, 185, 145, 175, 25, 87, 116, 45, 99, 2, 147, 66, 16, 108, 2, 19, 44, 50, 191, 171, 133, 6, 2, 51, 56, 144, 13, 193, 113, 161, 124, 199),
    (133, 89, 159, 27, 51, 181, 135, 52, 55, 166, 185, 104, 143, 199, 141, 199, 24, 189, 146, 69, 88, 9, 177, 172, 119, 142, 53, 118, 60, 187, 171, 68, 138, 185, 63, 126, 98, 196, 66, 111),
    (134, 94, 46, 76, 133, 141, 90, 134, 4, 38, 161, 149, 67, 160, 63, 145, 31, 161, 158, 7, 187, 152, 151, 17, 24, 54, 13, 92, 8, 114, 47, 12, 125, 151, 88, 143, 169, 65, 81, 83),
    (135, 198, 102, 181, 38, 128, 44, 158, 17, 13, 4, 66, 124, 114, 27, 101, 123, 17, 112, 153, 197, 42, 14, 46, 72, 127, 94, 187, 169, 40, 18, 114, 140, 169, 109, 116, 67, 134, 51, 62),
    (136, 170, 105, 81, 44, 139, 12, 7, 176, 9, 93, 159, 136, 141, 122, 185, 189, 168, 80, 169, 117, 93, 195, 42, 178, 130, 69, 141, 8, 80, 164, 107, 135, 30, 11, 121, 174, 48, 1, 28),
    (137, 188, 14, 66, 16, 152, 180, 23, 55, 66, 67, 59, 1, 51, 153, 73, 16, 69, 18, 51, 197, 92, 42, 59, 47, 56, 104, 24, 57, 151, 189, 104, 35, 46, 132, 188, 45, 165, 131, 185),
    (138, 36, 164, 92, 30, 13, 50, 165, 149, 100, 31, 198, 110, 161, 29, 79, 58, 13, 174, 142, 2, 85, 26, 102, 113, 135, 107, 199, 111, 103, 6, 116, 153, 120, 121, 84, 82, 142, 74, 4),
    (139, 176, 189, 5, 21, 47, 27, 147, 122, 4, 162, 168, 5, 44, 139, 144, 20, 34, 11, 36, 166, 115, 42, 113, 62, 86, 84, 22, 151, 181, 162, 193, 13, 175, 96, 144, 30, 159, 44, 88),
    (140, 37, 18, 71, 187, 169, 50, 29, 102, 186, 32, 177, 70, 179, 126, 155, 107, 108, 92, 36, 9, 49, 166, 183, 159, 97, 29, 181, 199, 76, 45, 68, 181, 38, 78, 135, 97, 55, 69, 47),
    (141, 147, 147, 5, 189, 183, 155, 69, 27, 89, 17, 176, 90, 168, 109, 43, 188, 148, 166, 101, 186, 19, 22, 147, 71, 103, 120, 117, 133, 193, 56, 6, 6, 91, 150, 31, 81, 40, 19, 7),
    (142, 109, 197, 194, 82, 169, 118, 90, 105, 179, 81, 173, 111, 128, 183, 135, 183, 96, 4, 104, 77, 79, 160, 94, 195, 108, 184, 4, 5, 95, 111, 65, 133, 167, 147, 26, 71, 136, 176, 199),
    (143, 5, 17, 49, 128, 45, 110, 161, 160, 176, 114, 145, 197, 92, 65, 112, 33, 0, 56, 83, 10, 102, 185, 194, 186, 44, 25, 75, 160, 26, 171, 167, 168, 101, 156, 53, 111, 164, 197, 10),
    (144, 195, 42, 122, 142, 91, 175, 48, 149, 84, 5, 110, 182, 135, 26, 193, 123, 133, 188, 100, 143, 161, 179, 41, 4, 59, 40, 175, 88, 141, 15, 129, 148, 168, 47, 164, 87, 165, 59, 153),
    (145, 36, 147, 62, 183, 36, 36, 146, 55, 29, 6, 126, 51, 146, 36, 15, 95, 112, 127, 108, 44, 154, 23, 108, 142, 79, 59, 32, 99, 137, 192, 109, 130, 192, 28, 71, 153, 68, 102, 22),
    (146, 124, 141, 17, 56, 8, 28, 150, 118, 139, 154, 56, 49, 43, 109, 124, 166, 106, 156, 94, 134, 179, 184, 160, 194, 178, 135, 89, 72, 103, 161, 188, 97, 108, 133, 91, 62, 109, 88, 133),
    (147, 192, 22, 193, 159, 174, 55, 70, 75, 132, 128, 69, 49, 142, 12, 162, 77, 28, 128, 161, 119, 105, 27, 176, 151, 170, 199, 147, 164, 117, 136, 66, 132, 58, 124, 99, 78, 85, 110, 38),
    (148, 90, 171, 98, 152, 64, 120, 138, 11, 73, 18, 6, 60, 11, 136, 159, 20, 74, 120, 16, 198, 29, 131, 32, 65, 170, 56, 118, 44, 4, 24, 15, 130, 145, 169, 50, 36, 93, 67, 132),
    (149, 82, 36, 140, 161, 125, 128, 189, 184, 69, 190, 80, 0, 85, 157, 41, 38, 17, 23, 107, 70, 36, 148, 120, 111, 119, 61, 161, 41, 35, 188, 90, 7, 52, 178, 181, 150, 143, 170, 155),
    (150, 126, 146, 24, 0, 168, 24, 48, 151, 107, 52, 37, 118, 18, 23, 198, 12, 91, 43, 28, 44, 65, 140, 184, 2, 177, 119, 101, 43, 114, 28, 26, 116, 38, 139, 197, 154, 102, 100, 49),
    (151, 152, 127, 109, 55, 187, 111, 18, 77, 43, 126, 143, 56, 147, 154, 129, 50, 97, 30, 157, 59, 42, 74, 83, 63, 36, 94, 133, 191, 33, 125, 38, 144, 7, 16, 55, 135, 150, 51, 162),
    (152, 57, 82, 27, 87, 103, 138, 159, 7, 126, 27, 96, 105, 72, 47, 72, 62, 125, 190, 178, 18, 197, 119, 150, 168, 31, 198, 122, 179, 111, 121, 124, 165, 0, 47, 101, 164, 47, 177, 163),
    (153, 28, 9, 30, 44, 11, 168, 189, 131, 199, 181, 46, 119, 148, 39, 35, 159, 182, 176, 19, 188, 75, 47, 34, 194, 112, 43, 7, 12, 161, 117, 146, 47, 194, 128, 40, 35, 22, 146, 196),
    (154, 130, 60, 95, 189, 176, 170, 80, 27, 98, 60, 105, 55, 178, 3, 87, 98, 1, 124, 77, 8, 70, 196, 61, 112, 137, 68, 14, 26, 174, 140, 16, 151, 185, 90, 98, 7, 123, 123, 162),
    (155, 32, 194, 171, 127, 120, 142, 81, 16, 85, 117, 155, 57, 114, 21, 142, 16, 63, 133, 173, 4, 110, 12, 181, 6, 115, 143, 19, 177, 135, 103, 104, 156, 54, 141, 7, 66, 119, 186, 39),
    (156, 10, 56, 14, 80, 86, 21, 100, 165, 55, 197, 7, 96, 5, 95, 20, 94, 199, 181, 105, 194, 79, 105, 124, 160, 5, 153, 16, 19, 176, 99, 191, 21, 6, 198, 148, 104, 53, 65, 121),
    (157, 82, 69, 175, 53, 114, 135, 91, 5, 37, 185, 158, 192, 104, 35, 38, 65, 25, 94, 60, 185, 172, 107, 70, 30, 175, 43, 168, 150, 37, 137, 71, 59, 159, 3, 3, 191, 160, 21, 98),
    (158, 103, 30, 17, 84, 155, 171, 138, 185, 51, 8, 147, 32, 47, 110, 157, 54, 185, 125, 145, 171, 171, 125, 46, 91, 147, 64, 77, 183, 22, 149, 182, 158, 53, 56, 25, 173, 106, 186, 64),
    (159, 1, 135, 87, 198, 33, 56, 15, 123, 183, 38, 36, 97, 162, 63, 28, 157, 157, 89, 85, 150, 2, 147, 181, 142, 147, 31, 186, 35, 17, 9, 90, 36, 113, 119, 188, 37, 27, 92, 30),
    (160, 145, 156, 2, 196, 27, 16, 192, 95, 191, 43, 72, 97, 124, 136, 7, 165, 102, 74, 198, 146, 199, 40, 1, 76, 88, 94, 0, 23, 16, 54, 189, 129, 60, 136, 122, 15, 23, 79, 81),
    (161, 36, 174, 77, 167, 89, 177, 19, 86, 90, 112, 89, 132, 96, 30, 164, 33, 114, 118, 100, 56, 36, 50, 167, 45, 45, 149, 9, 129, 91, 106, 82, 172, 63, 167, 27, 27, 62, 86, 65),
    (162, 42, 42, 60, 167, 26, 169, 168, 155, 60, 26, 6, 74, 185, 174, 173, 169, 68, 81, 36, 30, 72, 3, 29, 107, 86, 188, 35, 142, 167, 2, 100, 145, 143, 163, 182, 99, 110, 179, 109),
    (163, 164, 113, 192, 97, 0, 164, 190, 121, 33, 91, 142, 76, 179, 25, 40, 135, 116, 115, 63, 3, 49, 198, 66, 6, 106, 131, 103, 82, 169, 88, 69, 171, 189, 127, 166, 28, 85, 72, 127),
    (164, 40, 47, 190, 107, 134, 130, 117, 109, 20, 60, 92, 162, 111, 15, 180, 108, 85, 74, 85, 60, 160, 123, 79, 99, 79, 52, 114, 84, 65, 121, 48, 160, 97, 161, 12, 39, 90, 139, 157),
    (165, 29, 159, 69, 128, 132, 49, 110, 70, 120, 181, 74, 40, 133, 109, 157, 175, 194, 122, 11, 50, 120, 11, 133, 73, 85, 185, 130, 124, 63, 62, 197, 5, 40, 90, 132, 128, 44, 12, 161),
    (166, 42, 18, 190, 57, 35, 55, 80, 40, 84, 22, 161, 169, 135, 28, 188, 192, 59, 91, 199, 46, 70, 196, 97, 19, 167, 172, 82, 18, 165, 189, 36, 70, 15, 151, 48, 98, 62, 156, 140),
    (167, 24, 159, 71, 127, 26, 26, 166, 120, 75, 65, 63, 171, 192, 41, 194, 149, 163, 181, 6, 119, 125, 98, 81, 105, 103, 54, 83, 68, 66, 179, 114, 2, 149, 17, 114, 180, 88, 140, 59),
    (168, 155, 92, 120, 122, 96, 170, 135, 174, 79, 154, 138, 79, 61, 54, 190, 78, 80, 102, 52, 42, 153, 132, 47, 100, 105, 141, 145, 43, 87, 82, 130, 144, 97, 193, 66, 124, 173, 54, 167),
    (169, 158, 144, 70, 33, 74, 29, 196, 139, 198, 80, 92, 100, 54, 29, 81, 180, 84, 49, 153, 37, 170, 131, 22, 7, 175, 106, 71, 29, 43, 177, 29, 106, 155, 90, 172, 82, 143, 11, 63),
    (170, 155, 90, 188, 127, 65, 43, 111, 45, 173, 8, 179, 15, 64, 116, 123, 195, 16, 136, 187, 191, 136, 156, 136, 20, 90, 54, 55, 95, 76, 7, 69, 16, 182, 149, 148, 31, 165, 87, 1),
    (171, 47, 172, 72, 125, 167, 191, 35, 143, 44, 90, 180, 67, 5, 183, 170, 149, 68, 76, 55, 86, 124, 119, 82, 145, 83, 72, 198, 103, 80, 20, 35, 153, 46, 50, 7, 92, 17, 13, 43),
    (172, 20, 12, 68, 93, 154, 190, 166, 118, 64, 62, 135, 35, 199, 14, 183, 9, 117, 7, 121, 177, 1, 128, 96, 181, 111, 108, 83, 2, 165, 109, 6, 69, 17, 123, 51, 43, 82, 115, 104),
    (173, 94, 125, 70, 91, 61, 140, 9, 20, 17, 131, 85, 104, 111, 143, 142, 73, 115, 64, 1, 104, 170, 52, 12, 43, 184, 136, 193, 87, 50, 27, 74, 132, 109, 0, 192, 28, 172, 150, 100),
    (174, 73, 109, 136, 11, 51, 9, 147, 13, 73, 160, 180, 51, 199, 138, 156, 197, 9, 95, 167, 73, 120, 92, 148, 100, 157, 101, 37, 63, 34, 46, 40, 71, 14, 127, 36, 80, 131, 0, 36),
    (175, 68, 20, 63, 188, 149, 6, 151, 161, 95, 188, 7, 194, 54, 158, 156, 75, 69, 127, 128, 170, 50, 146, 73, 191, 188, 34, 171, 106, 55, 195, 186, 94, 6, 89, 181, 195, 199, 53, 56),
    (176, 44, 177, 144, 72, 100, 40, 29, 185, 120, 55, 63, 168, 67, 11, 113, 127, 36, 96, 190, 131, 142, 140, 154, 159, 66, 141, 170, 119, 39, 148, 85, 37, 20, 34, 81, 140, 80, 190, 199),
    (177, 50, 199, 18, 83, 193, 91, 7, 89, 87, 24, 98, 87, 78, 130, 71, 16, 23, 67, 164, 66, 8, 1, 57, 150, 115, 158, 56, 53, 26, 32, 129, 81, 21, 57, 23, 134, 65, 106, 26),
    (178, 20, 165, 54, 21, 186, 120, 72, 59, 159, 42, 3, 163, 161, 6, 100, 12, 123, 173, 137, 20, 10, 1, 84, 59, 65, 125, 88, 137, 100, 70, 54, 68, 151, 158, 93, 93, 198, 17, 178),
    (179, 14, 17, 107, 106, 60, 90, 119, 76, 183, 56, 3, 170, 18, 87, 27, 164, 21, 3, 59, 37, 28, 187, 1, 88, 157, 27, 54, 167, 4, 184, 36, 159, 67, 166, 123, 64, 170, 51, 187),
    (180, 78, 159, 49, 170, 178, 22, 38, 129, 130, 133, 109, 42, 43, 86, 165, 114, 11, 130, 53, 196, 117, 113, 167, 106, 141, 47, 48, 192, 44, 130, 55, 67, 96, 72, 160, 150, 27, 89, 49),
    (181, 64, 7, 144, 90, 129, 55, 67, 17, 98, 167, 18, 106, 76, 166, 73, 135, 163, 101, 64, 149, 154, 0, 190, 11, 8, 142, 55, 16, 74, 132, 140, 182, 46, 133, 117, 104, 117, 168, 184),
    (182, 120, 55, 194, 25, 43, 18, 118, 194, 7, 130, 161, 59, 98, 68, 13, 0, 82, 32, 37, 65, 32, 13, 29, 11, 80, 95, 150, 197, 91, 152, 41, 78, 164, 179, 119, 136, 47, 38, 25),
    (183, 186, 61, 84, 32, 145, 135, 72, 166, 106, 48, 48, 166, 50, 33, 32, 182, 86, 39, 115, 66, 187, 126, 109, 99, 16, 18, 70, 109, 131, 104, 153, 179, 120, 14, 11, 14, 100, 56, 81),
    (184, 122, 121, 165, 183, 46, 54, 27, 21, 183, 119, 139, 149, 131, 59, 148, 164, 132, 1, 199, 9, 44, 76, 147, 95, 101, 80, 97, 97, 90, 50, 182, 105, 125, 95, 50, 27, 113, 83, 23),
    (185, 43, 150, 150, 21, 138, 184, 128, 173, 14, 112, 72, 173, 15, 23, 151, 169, 138, 110, 0, 3, 91, 2, 89, 98, 84, 45, 186, 130, 105, 154, 111, 150, 9, 40, 49, 167, 176, 185, 23),
    (186, 0, 96, 41, 18, 56, 121, 131, 84, 185, 84, 188, 100, 186, 141, 34, 170, 107, 102, 140, 191, 15, 159, 187, 113, 48, 113, 65, 7, 182, 135, 172, 21, 17, 164, 104, 61, 13, 108, 158),
    (187, 162, 10, 101, 6, 187, 139, 132, 192, 15, 67, 34, 26, 176, 111, 67, 145, 58, 65, 99, 55, 4, 197, 63, 2, 108, 14, 88, 30, 124, 14, 173, 13, 115, 66, 81, 128, 78, 106, 130),
    (188, 108, 85, 155, 158, 73, 44, 91, 97, 65, 10, 38, 11, 75, 46, 10, 22, 113, 108, 76, 115, 91, 124, 26, 95, 37, 185, 8, 134, 83, 181, 146, 196, 189, 137, 183, 51, 146, 118, 133),
    (189, 35, 124, 2, 163, 178, 83, 131, 114, 77, 184, 187, 133, 48, 141, 170, 37, 135, 135, 90, 190, 148, 16, 17, 105, 38, 107, 33, 172, 191, 197, 32, 80, 178, 152, 84, 9, 50, 96, 3),
    (190, 64, 58, 159, 144, 54, 99, 54, 110, 181, 120, 104, 189, 134, 116, 6, 93, 150, 6, 68, 194, 176, 39, 88, 51, 25, 136, 152, 141, 161, 4, 39, 129, 132, 47, 171, 106, 51, 110, 167),
    (191, 113, 184, 77, 24, 133, 65, 28, 22, 154, 174, 93, 192, 91, 30, 113, 90, 158, 50, 38, 101, 160, 126, 9, 28, 83, 157, 146, 26, 78, 51, 86, 110, 104, 188, 110, 95, 54, 116, 9),
    (192, 25, 186, 96, 192, 42, 175, 17, 68, 114, 178, 148, 150, 126, 18, 48, 47, 148, 154, 44, 109, 47, 156, 130, 144, 62, 131, 30, 96, 145, 51, 9, 44, 135, 180, 138, 108, 94, 130, 185),
    (193, 167, 168, 20, 3, 182, 55, 119, 94, 181, 60, 116, 64, 35, 34, 1, 167, 158, 98, 65, 58, 159, 117, 46, 147, 139, 135, 55, 104, 169, 68, 17, 97, 186, 82, 12, 145, 182, 73, 100),
    (194, 32, 193, 30, 78, 13, 172, 53, 51, 5, 155, 94, 150, 24, 124, 193, 7, 176, 27, 2, 42, 103, 18, 84, 93, 148, 0, 7, 47, 55, 86, 12, 26, 63, 144, 24, 186, 27, 109, 150),
    (195, 27, 67, 9, 44, 176, 19, 110, 113, 127, 11, 77, 145, 49, 73, 22, 172, 50, 5, 99, 15, 103, 23, 146, 9, 151, 129, 18, 6, 161, 174, 58, 149, 42, 160, 163, 49, 147, 65, 101),
    (196, 137, 144, 185, 91, 18, 80, 50, 58, 86, 166, 152, 5, 106, 139, 49, 32, 131, 178, 97, 124, 10, 26, 47, 15, 100, 16, 81, 167, 118, 48, 83, 117, 195, 21, 77, 191, 4, 197, 187),
    (197, 160, 73, 100, 89, 84, 93, 111, 13, 167, 154, 142, 87, 188, 159, 24, 26, 106, 149, 106, 56, 183, 151, 76, 198, 141, 60, 145, 163, 167, 132, 106, 16, 82, 77, 43, 175, 114, 29, 87),
    (198, 165, 55, 179, 82, 55, 40, 94, 83, 65, 125, 11, 23, 149, 14, 123, 149, 12, 45, 52, 28, 152, 80, 33, 19, 81, 83, 148, 16, 168, 125, 165, 192, 194, 80, 184, 82, 156, 102, 158),
    (199, 188, 5, 76, 12, 148, 76, 141, 172, 8, 145, 162, 69, 151, 6, 184, 194, 132, 143, 124, 107, 199, 144, 43, 43, 40, 149, 64, 121, 167, 137, 164, 46, 64, 100, 37, 58, 138, 107, 11);

INSERT INTO T2 (pk, t1, t3, t4, t5, t6, t7, t8, t9, t10, t11, t12, t13, t14, t15, t16, t17, t18, t19, t20, t21, t22, t23, t24, t25, t26, t27, t28, t29, t30, t31, t32, t33, t34, t35, t36, t37, t38, t39, t40)
VALUES
    (0, 149, 48, 31, 28, 78, 154, 142, 28, 66, 12, 154, 130, 193, 16, 60, 187, 134, 13, 36, 76, 62, 119, 86, 161, 131, 26, 160, 184, 156, 124, 56, 191, 125, 99, 121, 51, 30, 99, 153),
    (1, 9, 33, 180, 18, 26, 54, 41, 7, 32, 59, 193, 72, 124, 57, 185, 68, 19, 131, 93, 133, 82, 31, 136, 69, 47, 43, 90, 83, 81, 28, 174, 33, 144, 185, 35, 40, 67, 186, 159),
    (2, 8, 115, 78, 158, 1, 77, 189, 116, 47, 4, 57, 52, 134, 60, 189, 106, 176, 187, 37, 36, 14, 117, 197, 74, 148, 173, 53, 34, 78, 1, 96, 122, 119, 72, 107, 51, 133, 190, 192),
    (3, 49, 80, 175, 36, 15, 145, 37, 196, 130, 18, 97, 155, 144, 127, 144, 146, 170, 173, 5, 49, 62, 22, 194, 52, 63, 52, 146, 103, 157, 30, 160, 193, 10, 80, 132, 120, 72, 63, 141),
    (4, 103, 98, 35, 76, 32, 124, 150, 149, 120, 12, 150, 98, 131, 90, 168, 80, 14, 69, 172, 175, 176, 65, 175, 73, 81, 167, 151, 98, 184, 128, 198, 176, 116, 14, 97, 195, 170, 63, 95),
    (5, 123, 73, 187, 5, 11, 99, 50, 177, 172, 76, 100, 141, 150, 161, 148, 123, 93, 87, 94, 51, 73, 0, 9, 198, 135, 74, 61, 107, 68, 166, 92, 90, 107, 109, 28, 47, 199, 29, 141),
    (6, 134, 70, 72, 116, 106, 196, 72, 112, 139, 57, 187, 160, 51, 180, 22, 39, 68, 145, 72, 139, 54, 184, 68, 174, 156, 32, 76, 163, 26, 156, 96, 137, 50, 53, 115, 63, 9, 181, 82),
    (7, 112, 43, 23, 182, 105, 101, 165, 159, 178, 81, 109, 127, 78, 111, 156, 142, 46, 47, 12, 99, 19, 27, 63, 9, 154, 150, 80, 59, 171, 142, 23, 126, 114, 190, 50, 173, 94, 91, 156),
    (8, 10, 88, 179, 72, 74, 66, 142, 104, 80, 84, 100, 23, 88, 99, 139, 199, 13, 186, 158, 60, 57, 92, 167, 171, 98, 54, 47, 64, 19, 179, 14, 18, 174, 52, 164, 6, 114, 56, 160),
    (9, 126, 176, 84, 71, 126, 92, 105, 125, 80, 84, 173, 159, 16, 130, 26, 73, 186, 194, 199, 26, 163, 193, 17, 5, 125, 134, 103, 42, 184, 82, 183, 36, 69, 109, 129, 125, 159, 67, 194),
    (10, 32, 64, 175, 124, 147, 65, 118, 95, 107, 7, 10, 70, 103, 40, 123, 199, 2, 122, 69, 27, 32, 23, 33, 45, 106, 128, 25, 81, 65, 91, 67, 185, 149, 135, 126, 31, 51, 54, 182),
    (11, 21, 66, 148, 49, 31, 108, 60, 74, 68, 138, 65, 91, 105, 102, 51, 198, 6, 58, 178, 74, 39, 34, 123, 3, 23, 63, 128, 57, 45, 74, 75, 62, 55, 174, 72, 5, 25, 37, 87),
    (12, 160, 117, 34, 130, 99, 131, 83, 147, 183, 186, 100, 142, 75, 126, 197, 131, 132, 107, 70, 122, 64, 57, 40, 13, 122, 35, 140, 41, 129, 196, 136, 38, 141, 2, 179, 40, 129, 72, 0),
    (13, 34, 130, 27, 147, 11, 169, 129, 171, 141, 148, 2, 166, 91, 107, 152, 29, 75, 70, 190, 67, 172, 70, 64, 34, 50, 150, 1, 40, 35, 90, 7, 94, 84, 181, 108, 109, 102, 30, 125),
    (14, 163, 173, 93, 68, 118, 146, 92, 74, 3, 146, 186, 79, 112, 48, 72, 8, 71, 191, 180, 61, 193, 140, 171, 190, 197, 46, 176, 3, 65, 80, 126, 112, 103, 150, 160, 74, 12, 71, 133),
    (15, 69, 110, 103, 79, 101, 57, 158, 11, 193, 137, 154, 71, 186, 41, 199, 196, 8, 1, 16, 96, 172, 87, 181, 107, 45, 16, 114, 83, 26, 136, 170, 102, 103, 44, 122, 79, 197, 76, 110),
    (16, 176, 11, 7, 8, 88, 137, 70, 119, 76, 156, 94, 12, 143, 188, 143, 182, 26, 125, 39, 167, 28, 195, 32, 173, 117, 25, 14, 121, 189, 23, 20, 66, 89, 14, 154, 168, 126, 9, 65),
    (17, 177, 23, 26, 102, 178, 81, 157, 157, 55, 15, 29, 23, 52, 42, 149, 100, 80, 133, 37, 9, 72, 116, 26, 124, 181, 47, 57, 130, 104, 9, 120, 40, 102, 134, 175, 92, 176, 83, 109),
    (18, 153, 86, 6, 24, 132, 99, 2, 82, 147, 82, 173, 93, 94, 82, 5, 99, 62, 152, 115, 3, 83, 53, 193, 90, 40, 19, 1, 184, 10, 197, 75, 19, 79, 6, 48, 106, 62, 34, 163),
    (19, 178, 9, 172, 128, 60, 31, 26, 72, 131, 110, 32, 23, 181, 4, 153, 53, 87, 19, 3, 125, 73, 63, 166, 150, 54, 106, 134, 19, 19, 50, 108, 70, 52, 183, 119, 145, 175, 143, 28),
    (20, 124, 165, 42, 59, 31, 110, 180, 58, 148, 166, 99, 49, 199, 20, 151, 128, 113, 43, 92, 132, 50, 136, 138, 175, 93, 37, 159, 96, 38, 45, 166, 171, 154, 108, 123, 174, 151, 192, 55),
    (21, 97, 8, 88, 101, 47, 169, 62, 195, 123, 106, 123, 167, 36, 164, 166, 99, 0, 51, 143, 85, 64, 100, 39, 38, 79, 117, 99, 162, 114, 186, 153, 13, 183, 157, 69, 46, 21, 164, 100),
    (22, 61, 42, 102, 126, 1, 2, 123, 80, 152, 135, 144, 176, 193, 20, 176, 41, 178, 136, 23, 147, 88, 80, 146, 35, 70, 173, 133, 185, 23, 19, 112, 65, 45, 7, 100, 70, 168, 191, 20),
    (23, 189, 198, 18, 142, 167, 198, 164, 97, 100, 147, 145, 177, 18, 143, 51, 84, 15, 159, 179, 18, 125, 42, 95, 153, 23, 185, 25, 195, 195, 173, 105, 154, 141, 122, 48, 86, 1, 58, 147),
    (24, 190, 178, 121, 171, 54, 1, 159, 151, 151, 113, 161, 125, 156, 131, 50, 126, 178, 122, 5, 132, 0, 48, 42, 190, 171, 77, 184, 46, 114, 70, 1, 68, 149, 69, 159, 9, 20, 132, 101),
    (25, 139, 122, 14, 27, 130, 86, 8, 74, 167, 87, 16, 41, 122, 53, 124, 59, 13, 183, 133, 148, 89, 179, 21, 117, 166, 33, 90, 22, 132, 53, 178, 172, 199, 171, 142, 99, 189, 137, 169),
    (26, 195, 176, 189, 147, 131, 66, 5, 174, 199, 147, 177, 179, 142, 109, 166, 188, 123, 67, 189, 34, 26, 10, 164, 79, 88, 173, 25, 106, 86, 89, 51, 177, 42, 18, 14, 65, 14, 49, 18),
    (27, 112, 172, 196, 66, 69, 46, 154, 29, 2, 147, 27, 130, 63, 141, 4, 16, 173, 75, 132, 145, 120, 22, 164, 1, 123, 40, 164, 179, 0, 9, 118, 124, 31, 54, 155, 25, 28, 197, 131),
    (28, 99, 192, 166, 140, 70, 187, 136, 166, 190, 26, 11, 146, 52, 31, 140, 65, 57, 133, 52, 128, 197, 26, 73, 76, 188, 199, 124, 29, 95, 114, 34, 6, 39, 47, 151, 116, 68, 133, 101),
    (29, 75, 5, 187, 63, 190, 127, 33, 123, 167, 4, 85, 49, 143, 33, 183, 128, 165, 19, 31, 146, 89, 44, 21, 50, 41, 157, 35, 66, 140, 157, 183, 112, 95, 31, 194, 72, 19, 136, 162),
    (30, 148, 92, 3, 183, 24, 54, 177, 115, 63, 162, 199, 171, 88, 90, 127, 117, 41, 87, 64, 57, 128, 86, 119, 43, 43, 24, 138, 174, 197, 197, 59, 194, 175, 99, 85, 131, 87, 59, 21),
    (31, 61, 89, 61, 118, 27, 143, 104, 42, 16, 90, 184, 133, 45, 65, 34, 157, 28, 182, 107, 46, 174, 150, 107, 101, 6, 15, 15, 192, 48, 58, 184, 65, 120, 154, 155, 154, 10, 59, 175),
    (32, 181, 178, 150, 8, 52, 192, 27, 117, 118, 15, 196, 48, 123, 184, 152, 99, 42, 58, 139, 18, 21, 46, 64, 140, 34, 75, 48, 2, 181, 190, 37, 165, 105, 198, 176, 132, 62, 194, 32),
    (33, 159, 39, 194, 24, 94, 117, 24, 185, 181, 70, 165, 169, 146, 165, 16, 69, 193, 71, 104, 195, 168, 51, 75, 180, 100, 50, 125, 185, 120, 89, 32, 172, 17, 135, 126, 14, 107, 49, 98),
    (34, 42, 171, 71, 122, 82, 41, 197, 199, 21, 85, 40, 96, 168, 33, 166, 89, 1, 133, 105, 183, 22, 87, 8, 186, 184, 114, 62, 86, 148, 28, 1, 85, 14, 86, 163, 74, 27, 114, 20),
    (35, 116, 68, 173, 125, 11, 6, 160, 21, 66, 96, 164, 189, 43, 158, 7, 155, 54, 53, 139, 69, 74, 50, 111, 92, 99, 36, 191, 33, 53, 108, 115, 112, 109, 66, 31, 153, 7, 170, 56),
    (36, 108, 73, 127, 92, 62, 189, 95, 162, 87, 73, 151, 105, 192, 6, 156, 108, 62, 169, 152, 156, 134, 85, 158, 174, 62, 119, 140, 67, 148, 140, 197, 70, 168, 147, 191, 151, 54, 138, 145),
    (37, 199, 79, 31, 112, 147, 190, 174, 83, 188, 81, 127, 38, 15, 4, 133, 141, 164, 171, 4, 1, 104, 34, 45, 52, 70, 66, 83, 59, 31, 96, 172, 151, 179, 173, 168, 54, 125, 82, 98),
    (38, 110, 125, 78, 90, 49, 146, 188, 47, 128, 171, 186, 91, 45, 67, 14, 82, 6, 131, 103, 26, 187, 125, 100, 88, 110, 83, 30, 13, 152, 162, 44, 137, 4, 48, 17, 85, 5, 113, 28),
    (39, 50, 28, 90, 111, 108, 161, 103, 43, 46, 93, 92, 192, 73, 142, 132, 19, 101, 20, 196, 169, 51, 171, 32, 89, 190, 82, 43, 188, 34, 78, 40, 15, 60, 120, 28, 12, 91, 188, 136),
    (40, 161, 123, 7, 114, 166, 169, 86, 6, 108, 144, 199, 56, 58, 193, 118, 35, 113, 151, 188, 127, 62, 63, 140, 112, 8, 121, 134, 117, 106, 197, 8, 134, 66, 121, 161, 189, 164, 166, 168),
    (41, 162, 176, 167, 10, 163, 157, 76, 91, 109, 186, 104, 130, 101, 49, 162, 105, 98, 31, 178, 11, 79, 70, 193, 100, 0, 83, 131, 74, 39, 195, 75, 12, 111, 165, 84, 58, 125, 112, 128),
    (42, 134, 70, 33, 117, 143, 156, 171, 127, 116, 126, 111, 48, 198, 195, 172, 149, 170, 158, 177, 197, 132, 125, 113, 22, 152, 183, 164, 137, 124, 119, 121, 58, 13, 179, 141, 42, 0, 95, 71),
    (43, 70, 33, 132, 112, 96, 152, 90, 133, 104, 134, 105, 192, 120, 27, 76, 86, 72, 138, 135, 150, 0, 184, 27, 119, 29, 163, 62, 30, 167, 170, 133, 5, 65, 44, 167, 98, 162, 191, 149),
    (44, 72, 62, 148, 21, 86, 58, 46, 188, 92, 168, 18, 81, 16, 172, 90, 37, 194, 190, 135, 9, 137, 9, 43, 105, 23, 83, 175, 118, 8, 114, 105, 150, 197, 167, 196, 185, 158, 39, 126),
    (45, 0, 185, 70, 176, 48, 48, 160, 155, 3, 114, 87, 84, 153, 60, 157, 122, 147, 90, 37, 43, 183, 101, 196, 1, 186, 133, 193, 92, 118, 4, 170, 20, 21, 135, 77, 16, 132, 19, 65),
    (46, 178, 50, 88, 153, 56, 45, 107, 18, 20, 178, 155, 110, 44, 112, 93, 43, 199, 32, 65, 55, 103, 151, 151, 63, 40, 199, 123, 162, 67, 138, 110, 81, 87, 155, 56, 22, 192, 87, 162),
    (47, 54, 186, 129, 124, 82, 109, 105, 96, 2, 196, 38, 28, 143, 144, 105, 76, 7, 69, 148, 128, 199, 125, 64, 138, 171, 163, 166, 64, 90, 10, 190, 19, 145, 137, 63, 155, 187, 1, 196),
    (48, 132, 131, 107, 109, 148, 164, 197, 38, 39, 139, 154, 181, 118, 55, 129, 23, 54, 62, 133, 96, 2, 2, 111, 148, 55, 94, 183, 129, 61, 125, 67, 12, 178, 40, 199, 117, 169, 24, 4),
    (49, 160, 126, 31, 179, 83, 94, 155, 4, 99, 184, 179, 182, 105, 52, 21, 19, 99, 149, 0, 32, 126, 130, 10, 25, 76, 46, 26, 30, 145, 164, 165, 49, 92, 122, 56, 115, 95, 151, 77),
    (50, 65, 169, 9, 72, 133, 61, 134, 68, 12, 130, 191, 106, 7, 137, 87, 122, 136, 145, 138, 29, 17, 37, 157, 75, 102, 90, 177, 101, 20, 23, 123, 189, 80, 177, 61, 93, 135, 112, 86),
    (51, 144, 37, 121, 105, 158, 32, 7, 187, 160, 8, 165, 120, 193, 193, 166, 113, 111, 25, 105, 142, 83, 90, 11, 125, 118, 37, 24, 67, 16, 47, 114, 174, 25, 172, 100, 158, 107, 38, 44),
    (52, 186, 116, 163, 187, 21, 83, 185, 125, 66, 5, 165, 83, 55, 91, 189, 193, 58, 70, 55, 168, 14, 126, 117, 123, 145, 128, 157, 40, 110, 100, 4, 185, 22, 6, 14, 132, 165, 74, 82),
    (53, 105, 41, 89, 41, 50, 142, 121, 170, 110, 99, 67, 5, 178, 82, 13, 104, 15, 83, 181, 167, 69, 186, 18, 143, 131, 112, 71, 37, 39, 4, 69, 156, 42, 150, 68, 107, 116, 101, 175),
    (54, 173, 117, 57, 28, 46, 94, 135, 193, 68, 86, 46, 123, 33, 65, 81, 169, 77, 149, 9, 53, 32, 168, 162, 128, 28, 72, 190, 61, 100, 97, 136, 195, 94, 84, 3, 147, 175, 188, 150),
    (55, 53, 156, 160, 191, 72, 194, 197, 35, 25, 95, 164, 7, 36, 159, 152, 132, 85, 54, 73, 9, 191, 60, 89, 36, 107, 124, 34, 7, 24, 162, 195, 41, 80, 61, 100, 133, 143, 145, 169),
    (56, 29, 29, 38, 90, 107, 52, 67, 43, 63, 147, 2, 149, 133, 153, 174, 28, 192, 113, 176, 173, 23, 199, 32, 103, 135, 12, 11, 57, 89, 15, 186, 177, 4, 102, 98, 182, 35, 121, 6),
    (57, 43, 71, 30, 132, 1, 83, 101, 197, 199, 167, 98, 50, 133, 29, 183, 168, 0, 93, 159, 169, 1, 70, 180, 139, 44, 139, 15, 175, 139, 39, 106, 150, 123, 140, 190, 192, 51, 60, 11),
    (58, 20, 62, 167, 18, 154, 131, 103, 197, 16, 118, 75, 14, 163, 83, 38, 6, 34, 172, 72, 199, 47, 71, 70, 191, 99, 158, 38, 180, 67, 198, 118, 42, 193, 52, 61, 193, 94, 23, 195),
    (59, 8, 104, 106, 149, 76, 22, 134, 108, 52, 16, 72, 131, 155, 176, 135, 139, 32, 54, 69, 195, 22, 100, 162, 65, 182, 141, 188, 166, 93, 109, 25, 158, 62, 55, 165, 193, 118, 122, 150),
    (60, 143, 97, 178, 183, 60, 103, 101, 147, 86, 46, 171, 149, 104, 115, 19, 121, 24, 12, 5, 148, 8, 10, 87, 44, 144, 101, 173, 196, 133, 43, 168, 28, 129, 77, 48, 103, 110, 86, 110),
    (61, 31, 71, 120, 189, 126, 80, 26, 54, 96, 58, 70, 132, 78, 16, 143, 69, 12, 121, 150, 82, 53, 90, 194, 6, 141, 33, 8, 70, 152, 13, 113, 12, 71, 4, 11, 81, 39, 19, 153),
    (62, 142, 132, 163, 37, 104, 189, 15, 151, 85, 113, 72, 96, 65, 127, 141, 146, 1, 194, 59, 20, 121, 186, 168, 24, 120, 174, 66, 1, 163, 146, 96, 16, 160, 70, 147, 177, 128, 140, 124),
    (63, 138, 104, 149, 19, 96, 160, 88, 116, 115, 199, 67, 88, 132, 80, 193, 96, 14, 152, 62, 28, 13, 115, 195, 189, 144, 153, 24, 109, 21, 157, 186, 144, 118, 81, 0, 99, 113, 157, 188),
    (64, 23, 53, 132, 88, 184, 124, 186, 67, 129, 138, 110, 160, 19, 2, 90, 100, 137, 121, 30, 71, 135, 99, 53, 162, 3, 33, 143, 136, 74, 137, 186, 140, 120, 36, 175, 5, 8, 93, 5),
    (65, 75, 154, 63, 101, 20, 11, 21, 118, 138, 131, 136, 167, 63, 151, 171, 18, 127, 157, 16, 77, 176, 116, 53, 162, 57, 115, 30, 91, 87, 67, 135, 26, 168, 109, 105, 139, 7, 9, 22),
    (66, 159, 28, 102, 180, 53, 33, 41, 112, 123, 102, 112, 49, 173, 139, 147, 50, 73, 90, 79, 45, 28, 55, 161, 106, 83, 94, 16, 176, 180, 88, 1, 68, 157, 29, 25, 154, 105, 152, 29),
    (67, 110, 111, 110, 102, 80, 58, 90, 157, 17, 23, 54, 17, 144, 175, 179, 94, 169, 143, 60, 188, 37, 145, 6, 194, 17, 111, 165, 67, 72, 135, 181, 65, 133, 168, 116, 174, 48, 107, 192),
    (68, 19, 111, 127, 101, 58, 9, 94, 90, 168, 107, 113, 82, 131, 22, 146, 86, 168, 43, 13, 89, 178, 51, 5, 110, 70, 163, 54, 91, 194, 199, 95, 133, 15, 36, 176, 79, 179, 67, 60),
    (69, 32, 126, 196, 105, 18, 192, 180, 26, 4, 104, 151, 53, 65, 52, 99, 44, 48, 147, 43, 159, 53, 162, 2, 169, 17, 186, 74, 12, 174, 85, 38, 108, 178, 25, 64, 87, 175, 165, 171),
    (70, 185, 99, 131, 7, 117, 162, 36, 192, 89, 190, 4, 164, 6, 3, 88, 121, 122, 113, 188, 139, 154, 65, 35, 144, 186, 42, 15, 72, 41, 60, 154, 32, 132, 108, 80, 82, 164, 186, 134),
    (71, 180, 68, 179, 70, 5, 109, 99, 130, 181, 148, 170, 39, 55, 106, 66, 23, 1, 130, 53, 187, 168, 120, 120, 105, 53, 76, 157, 46, 46, 12, 72, 69, 176, 188, 66, 82, 40, 12, 156),
    (72, 20, 159, 50, 99, 104, 172, 96, 120, 35, 75, 53, 124, 35, 22, 151, 80, 70, 55, 89, 165, 90, 143, 116, 148, 26, 72, 22, 37, 111, 117, 139, 28, 127, 62, 29, 107, 37, 50, 111),
    (73, 134, 136, 189, 100, 194, 13, 46, 185, 25, 199, 137, 159, 70, 142, 149, 138, 139, 15, 163, 164, 17, 117, 76, 46, 93, 135, 180, 132, 155, 117, 54, 130, 153, 139, 57, 7, 163, 106, 52),
    (74, 73, 137, 18, 8, 144, 131, 32, 147, 6, 34, 120, 74, 183, 105, 41, 145, 118, 44, 16, 138, 198, 60, 21, 74, 133, 107, 0, 67, 115, 141, 132, 134, 105, 65, 181, 43, 66, 110, 85),
    (75, 81, 139, 168, 93, 139, 63, 166, 33, 22, 105, 75, 81, 24, 35, 89, 60, 80, 116, 104, 16, 177, 36, 176, 156, 66, 188, 72, 198, 117, 92, 148, 173, 173, 140, 14, 121, 164, 44, 58),
    (76, 137, 20, 48, 128, 36, 32, 186, 99, 106, 193, 199, 29, 195, 29, 105, 12, 102, 147, 179, 161, 24, 56, 95, 174, 169, 56, 129, 47, 158, 6, 24, 83, 110, 16, 193, 77, 128, 63, 31),
    (77, 118, 56, 122, 101, 63, 122, 7, 105, 59, 22, 180, 86, 170, 84, 132, 29, 134, 87, 32, 119, 57, 150, 85, 79, 41, 173, 133, 189, 20, 9, 93, 26, 3, 187, 50, 86, 156, 87, 108),
    (78, 178, 184, 140, 183, 16, 116, 30, 154, 137, 88, 121, 97, 120, 76, 116, 88, 0, 156, 70, 9, 148, 61, 176, 92, 40, 60, 189, 117, 38, 87, 156, 116, 45, 196, 198, 101, 65, 96, 173),
    (79, 122, 43, 22, 25, 164, 52, 167, 193, 141, 118, 187, 174, 39, 67, 154, 43, 148, 149, 117, 87, 10, 123, 1, 175, 180, 185, 180, 180, 107, 107, 120, 153, 29, 109, 130, 16, 140, 96, 105),
    (80, 99, 153, 11, 113, 92, 68, 22, 50, 150, 37, 101, 177, 70, 195, 199, 33, 81, 82, 92, 20, 118, 63, 66, 190, 164, 103, 101, 5, 39, 170, 22, 91, 168, 197, 66, 24, 145, 105, 19),
    (81, 44, 133, 146, 75, 92, 70, 16, 198, 54, 179, 141, 25, 23, 155, 151, 48, 54, 126, 125, 187, 104, 189, 112, 75, 11, 44, 32, 91, 84, 69, 130, 105, 182, 115, 109, 78, 105, 91, 102),
    (82, 153, 195, 70, 99, 77, 78, 54, 7, 99, 165, 108, 150, 22, 168, 156, 165, 97, 166, 61, 90, 59, 47, 122, 137, 153, 165, 199, 89, 127, 117, 30, 187, 77, 182, 0, 197, 193, 135, 192),
    (83, 191, 93, 110, 26, 167, 194, 63, 58, 175, 44, 157, 52, 26, 73, 58, 66, 3, 107, 128, 88, 195, 146, 59, 150, 122, 49, 155, 91, 101, 173, 133, 174, 157, 175, 58, 199, 17, 45, 138),
    (84, 86, 33, 184, 77, 125, 182, 182, 21, 72, 62, 34, 150, 183, 45, 15, 22, 157, 117, 104, 198, 34, 117, 189, 193, 10, 76, 159, 131, 43, 85, 191, 102, 68, 130, 22, 36, 78, 67, 38),
    (85, 26, 141, 158, 9, 137, 105, 140, 157, 154, 51, 176, 138, 131, 110, 117, 21, 159, 81, 114, 62, 152, 135, 150, 88, 178, 81, 119, 66, 2, 98, 157, 20, 175, 61, 22, 113, 161, 86, 12),
    (86, 12, 46, 112, 138, 140, 160, 163, 194, 197, 63, 145, 178, 30, 108, 6, 39, 125, 48, 161, 49, 75, 31, 115, 17, 140, 76, 85, 74, 22, 58, 1, 35, 25, 173, 134, 75, 179, 183, 40),
    (87, 162, 186, 64, 131, 21, 21, 45, 173, 85, 125, 192, 121, 184, 177, 74, 154, 125, 32, 110, 72, 78, 142, 65, 79, 66, 24, 161, 55, 14, 62, 139, 106, 71, 15, 79, 59, 8, 1, 181),
    (88, 108, 75, 123, 89, 27, 143, 37, 45, 186, 70, 151, 16, 182, 74, 164, 43, 128, 82, 120, 179, 12, 162, 2, 67, 16, 32, 45, 120, 22, 178, 146, 37, 67, 191, 30, 78, 62, 25, 169),
    (89, 11, 99, 120, 163, 41, 58, 191, 137, 85, 57, 21, 91, 165, 22, 65, 90, 138, 169, 174, 67, 93, 101, 91, 149, 102, 35, 117, 82, 22, 122, 26, 184, 186, 9, 52, 190, 66, 59, 4),
    (90, 58, 75, 32, 164, 69, 119, 167, 34, 147, 177, 125, 87, 88, 43, 25, 160, 25, 94, 54, 173, 171, 172, 151, 146, 67, 35, 156, 121, 24, 142, 123, 64, 107, 188, 83, 112, 69, 64, 26),
    (91, 141, 16, 111, 16, 27, 172, 97, 199, 103, 29, 118, 127, 176, 96, 154, 145, 154, 15, 152, 52, 162, 182, 18, 146, 87, 86, 166, 148, 49, 108, 112, 150, 160, 89, 78, 34, 26, 61, 2),
    (92, 90, 97, 108, 154, 34, 112, 124, 128, 48, 76, 159, 105, 118, 95, 45, 115, 98, 111, 79, 133, 156, 94, 32, 187, 144, 59, 43, 126, 180, 151, 141, 42, 53, 140, 21, 40, 164, 145, 186),
    (93, 187, 45, 103, 154, 123, 66, 24, 129, 177, 75, 117, 193, 60, 179, 147, 114, 31, 158, 138, 121, 33, 60, 65, 74, 85, 163, 0, 101, 170, 163, 154, 11, 75, 56, 56, 92, 35, 12, 104),
    (94, 112, 45, 58, 37, 102, 124, 189, 84, 6, 23, 183, 55, 70, 129, 34, 91, 149, 138, 50, 64, 130, 119, 84, 75, 108, 35, 18, 171, 86, 107, 83, 191, 150, 41, 171, 187, 68, 184, 78),
    (95, 178, 38, 150, 106, 141, 164, 28, 72, 6, 167, 137, 112, 55, 65, 125, 166, 182, 103, 150, 88, 149, 120, 108, 147, 135, 82, 42, 63, 17, 124, 73, 59, 108, 29, 112, 8, 112, 62, 178),
    (96, 109, 119, 60, 54, 96, 142, 127, 99, 66, 61, 101, 63, 120, 167, 189, 93, 188, 191, 63, 130, 101, 26, 114, 58, 163, 6, 132, 101, 162, 13, 99, 6, 192, 105, 148, 9, 96, 8, 81),
    (97, 82, 161, 107, 109, 111, 89, 109, 189, 185, 190, 169, 176, 156, 18, 189, 7, 14, 185, 169, 182, 80, 77, 143, 31, 189, 51, 186, 183, 191, 10, 82, 19, 131, 126, 192, 157, 57, 63, 55),
    (98, 66, 74, 72, 121, 149, 198, 106, 8, 143, 184, 120, 183, 122, 170, 30, 49, 153, 16, 120, 123, 0, 154, 15, 167, 37, 117, 187, 16, 4, 125, 170, 146, 67, 48, 68, 74, 40, 141, 8),
    (99, 32, 164, 40, 138, 43, 143, 109, 113, 31, 158, 100, 17, 11, 196, 22, 158, 78, 13, 56, 52, 196, 197, 21, 142, 156, 184, 81, 80, 78, 185, 60, 41, 54, 27, 183, 156, 88, 192, 7),
    (100, 173, 10, 194, 174, 171, 155, 1, 114, 162, 157, 23, 157, 22, 43, 88, 142, 45, 93, 102, 187, 45, 80, 12, 145, 107, 166, 131, 72, 190, 5, 33, 146, 98, 163, 136, 52, 91, 138, 178),
    (101, 50, 163, 72, 23, 124, 134, 83, 12, 91, 132, 87, 9, 101, 106, 0, 87, 124, 108, 49, 85, 79, 0, 17, 155, 176, 8, 17, 24, 108, 156, 65, 197, 197, 69, 181, 119, 119, 107, 94),
    (102, 48, 39, 176, 102, 28, 26, 186, 119, 107, 123, 77, 71, 50, 36, 168, 83, 66, 18, 141, 96, 29, 187, 107, 136, 176, 50, 109, 76, 48, 33, 140, 11, 158, 14, 81, 184, 130, 177, 51),
    (103, 101, 197, 197, 146, 172, 63, 69, 33, 148, 181, 79, 49, 181, 145, 2, 147, 114, 6, 10, 133, 16, 62, 81, 91, 44, 84, 2, 7, 114, 128, 169, 160, 17, 73, 121, 152, 11, 45, 4),
    (104, 156, 23, 100, 21, 90, 83, 163, 145, 134, 53, 197, 178, 93, 166, 100, 41, 107, 117, 143, 59, 194, 125, 193, 191, 58, 182, 120, 151, 165, 173, 144, 17, 178, 98, 108, 151, 9, 16, 56),
    (105, 151, 63, 59, 63, 140, 48, 149, 30, 73, 12, 31, 75, 158, 0, 135, 147, 117, 117, 80, 99, 58, 80, 129, 94, 131, 81, 16, 1, 151, 127, 39, 73, 171, 126, 87, 35, 167, 12, 155),
    (106, 5, 170, 81, 39, 57, 94, 48, 61, 110, 25, 69, 186, 138, 149, 29, 197, 179, 51, 30, 72, 28, 108, 49, 115, 40, 120, 13, 49, 28, 142, 90, 169, 69, 175, 46, 5, 5, 142, 82),
    (107, 189, 153, 144, 97, 92, 149, 17, 55, 20, 68, 57, 91, 70, 150, 52, 198, 111, 111, 35, 125, 100, 138, 112, 98, 95, 105, 191, 163, 106, 140, 172, 107, 137, 187, 61, 139, 66, 187, 4),
    (108, 174, 196, 43, 50, 20, 12, 7, 196, 142, 191, 176, 140, 7, 75, 9, 154, 48, 24, 42, 101, 9, 162, 192, 27, 102, 91, 43, 21, 79, 57, 174, 56, 159, 20, 21, 50, 15, 183, 46),
    (109, 117, 37, 164, 188, 96, 1, 0, 22, 96, 170, 30, 140, 38, 43, 53, 177, 168, 197, 108, 124, 22, 68, 198, 33, 62, 102, 191, 101, 172, 3, 52, 51, 71, 31, 171, 177, 173, 176, 146),
    (110, 78, 171, 107, 181, 131, 1, 137, 91, 57, 31, 117, 152, 29, 38, 13, 120, 80, 133, 181, 78, 126, 159, 105, 155, 79, 196, 66, 94, 152, 3, 198, 171, 17, 88, 64, 89, 97, 16, 94),
    (111, 1, 27, 75, 5, 165, 61, 132, 149, 113, 176, 151, 143, 2, 74, 120, 165, 87, 85, 89, 163, 121, 71, 145, 192, 94, 163, 39, 13, 74, 87, 146, 57, 110, 145, 100, 60, 16, 175, 173),
    (112, 121, 154, 25, 41, 129, 156, 192, 46, 66, 46, 121, 104, 100, 12, 158, 8, 149, 84, 171, 150, 18, 129, 38, 124, 58, 104, 177, 53, 3, 50, 46, 32, 154, 166, 131, 59, 89, 159, 42),
    (113, 45, 30, 106, 77, 102, 73, 108, 42, 150, 32, 156, 174, 187, 79, 197, 12, 98, 187, 131, 101, 174, 77, 184, 23, 56, 38, 111, 91, 192, 34, 39, 1, 177, 146, 82, 36, 40, 43, 35),
    (114, 180, 118, 79, 24, 22, 88, 138, 59, 119, 180, 100, 29, 56, 116, 159, 151, 67, 0, 85, 27, 33, 19, 81, 3, 118, 117, 82, 13, 182, 89, 68, 82, 181, 32, 18, 88, 2, 160, 109),
    (115, 5, 66, 156, 191, 126, 33, 182, 198, 40, 7, 167, 141, 54, 86, 145, 58, 50, 80, 36, 1, 23, 6, 37, 144, 38, 32, 45, 81, 62, 155, 173, 141, 72, 18, 66, 92, 145, 30, 10),
    (116, 52, 37, 173, 38, 106, 14, 4, 42, 152, 34, 156, 134, 70, 7, 18, 178, 34, 107, 95, 101, 4, 66, 63, 140, 36, 79, 39, 35, 89, 169, 52, 73, 166, 44, 95, 29, 153, 36, 116),
    (117, 115, 54, 14, 125, 22, 75, 42, 138, 29, 118, 163, 185, 150, 78, 97, 188, 189, 74, 89, 193, 178, 174, 168, 175, 97, 91, 136, 164, 118, 146, 155, 180, 195, 68, 170, 72, 44, 80, 6),
    (118, 178, 181, 13, 111, 73, 159, 111, 9, 55, 180, 156, 175, 26, 93, 189, 57, 189, 159, 195, 103, 154, 133, 113, 2, 6, 49, 3, 107, 114, 136, 138, 96, 11, 162, 117, 35, 101, 127, 41),
    (119, 33, 161, 69, 121, 46, 166, 6, 30, 130, 66, 130, 26, 190, 185, 95, 197, 55, 71, 126, 153, 4, 137, 138, 172, 70, 175, 124, 186, 102, 40, 112, 7, 196, 33, 104, 38, 144, 107, 89),
    (120, 78, 125, 155, 150, 2, 84, 83, 175, 85, 86, 120, 63, 4, 143, 23, 153, 134, 82, 151, 106, 189, 91, 20, 80, 36, 19, 92, 88, 193, 130, 170, 143, 68, 94, 10, 47, 181, 144, 119),
    (121, 20, 130, 134, 196, 199, 151, 154, 11, 23, 2, 33, 164, 81, 64, 45, 36, 19, 35, 19, 133, 169, 191, 12, 142, 66, 39, 150, 108, 5, 50, 3, 114, 120, 148, 185, 167, 17, 84, 181),
    (122, 103, 157, 59, 62, 90, 103, 99, 179, 167, 151, 172, 149, 9, 98, 153, 86, 38, 124, 71, 134, 95, 48, 49, 48, 13, 142, 43, 166, 151, 80, 36, 155, 92, 62, 190, 103, 68, 137, 110),
    (123, 45, 70, 81, 78, 159, 168, 65, 114, 177, 30, 120, 128, 177, 24, 74, 122, 16, 57, 178, 99, 143, 14, 70, 161, 8, 186, 86, 167, 130, 29, 101, 104, 172, 197, 36, 34, 168, 130, 69),
    (124, 2, 116, 66, 197, 194, 171, 82, 54, 16, 184, 157, 196, 74, 129, 148, 82, 130, 108, 75, 134, 165, 99, 149, 127, 94, 52, 74, 86, 87, 172, 2, 3, 13, 65, 193, 171, 110, 183, 77),
    (125, 63, 44, 162, 63, 178, 76, 43, 146, 37, 150, 137, 20, 45, 44, 70, 28, 41, 91, 149, 24, 37, 95, 125, 55, 119, 99, 114, 0, 168, 18, 147, 81, 10, 130, 25, 91, 148, 64, 143),
    (126, 166, 27, 19, 75, 90, 108, 59, 2, 0, 55, 106, 175, 178, 128, 22, 61, 143, 156, 85, 196, 190, 42, 117, 55, 54, 195, 23, 151, 148, 146, 3, 54, 7, 99, 41, 85, 21, 133, 182),
    (127, 105, 190, 29, 82, 47, 194, 104, 30, 103, 185, 124, 189, 57, 124, 78, 66, 100, 102, 45, 189, 100, 32, 97, 23, 139, 118, 168, 19, 19, 149, 124, 11, 121, 81, 26, 144, 127, 178, 25),
    (128, 3, 106, 118, 31, 164, 151, 139, 58, 195, 69, 133, 42, 40, 137, 64, 20, 93, 161, 29, 139, 75, 86, 0, 55, 103, 156, 173, 74, 67, 38, 67, 26, 91, 71, 125, 179, 104, 114, 9),
    (129, 176, 112, 25, 72, 124, 195, 48, 135, 90, 65, 117, 84, 49, 199, 101, 80, 0, 145, 81, 118, 51, 63, 79, 109, 174, 4, 72, 109, 168, 29, 3, 63, 41, 156, 101, 86, 59, 16, 139),
    (130, 139, 103, 93, 179, 168, 160, 169, 60, 109, 102, 188, 12, 185, 133, 14, 37, 186, 49, 6, 17, 36, 51, 116, 197, 19, 171, 61, 30, 196, 41, 68, 33, 12, 174, 112, 80, 67, 123, 35),
    (131, 62, 98, 171, 91, 58, 80, 84, 95, 31, 127, 102, 137, 48, 5, 143, 182, 172, 147, 175, 77, 134, 153, 181, 116, 109, 3, 52, 197, 56, 100, 44, 145, 39, 185, 157, 5, 28, 75, 62),
    (132, 22, 139, 68, 116, 154, 102, 42, 181, 80, 13, 133, 66, 29, 131, 173, 150, 161, 67, 33, 27, 174, 159, 174, 23, 25, 75, 193, 61, 43, 161, 56, 155, 1, 30, 0, 116, 183, 29, 48),
    (133, 47, 24, 159, 65, 188, 70, 160, 76, 175, 181, 104, 162, 7, 37, 120, 59, 133, 136, 51, 88, 136, 175, 109, 48, 98, 17, 107, 30, 183, 192, 23, 185, 177, 177, 136, 88, 145, 193, 120),
    (134, 151, 132, 92, 154, 43, 124, 13, 193, 67, 166, 181, 64, 85, 70, 24, 42, 42, 92, 35, 150, 87, 68, 114, 53, 151, 159, 135, 16, 164, 2, 113, 57, 133, 3, 60, 111, 140, 52, 49),
    (135, 197, 88, 136, 24, 174, 109, 182, 131, 156, 14, 50, 47, 95, 195, 170, 154, 84, 3, 67, 155, 90, 49, 181, 190, 119, 171, 43, 40, 137, 36, 175, 150, 111, 173, 173, 66, 39, 103, 188),
    (136, 81, 165, 165, 159, 121, 80, 114, 108, 182, 192, 188, 30, 115, 110, 71, 171, 48, 80, 7, 111, 106, 119, 3, 107, 59, 197, 154, 196, 138, 76, 142, 174, 173, 94, 149, 101, 121, 46, 7),
    (137, 171, 33, 59, 79, 158, 196, 134, 175, 147, 161, 144, 151, 113, 175, 188, 115, 144, 135, 93, 173, 44, 111, 121, 163, 180, 172, 61, 192, 3, 104, 72, 39, 199, 65, 47, 54, 50, 111, 152),
    (138, 102, 198, 39, 71, 132, 141, 147, 195, 61, 95, 193, 184, 31, 198, 123, 149, 160, 56, 29, 122, 0, 166, 144, 133, 82, 146, 107, 104, 47, 107, 186, 24, 85, 99, 104, 11, 12, 162, 94),
    (139, 41, 183, 53, 127, 81, 96, 46, 35, 158, 58, 178, 51, 116, 124, 134, 174, 112, 155, 119, 131, 172, 23, 127, 102, 151, 78, 154, 180, 56, 23, 195, 77, 61, 60, 131, 34, 72, 48, 127),
    (140, 82, 109, 80, 35, 106, 80, 182, 156, 145, 133, 129, 160, 109, 3, 186, 155, 107, 166, 196, 35, 181, 115, 41, 156, 127, 20, 79, 113, 191, 42, 167, 61, 20, 145, 35, 29, 85, 145, 95),
    (141, 10, 189, 45, 32, 141, 13, 2, 22, 48, 156, 41, 74, 66, 141, 81, 54, 112, 98, 149, 153, 170, 96, 70, 119, 157, 90, 47, 120, 180, 195, 82, 52, 0, 148, 109, 151, 189, 36, 119),
    (142, 189, 116, 103, 141, 11, 180, 120, 113, 176, 38, 125, 82, 32, 99, 51, 39, 124, 142, 130, 144, 70, 157, 124, 106, 85, 31, 175, 21, 41, 88, 5, 100, 177, 58, 100, 116, 180, 118, 46),
    (143, 21, 121, 137, 169, 94, 152, 135, 45, 122, 45, 118, 50, 27, 32, 185, 90, 88, 164, 101, 60, 136, 166, 19, 110, 128, 131, 20, 84, 145, 172, 132, 87, 135, 33, 133, 166, 56, 73, 165),
    (144, 186, 60, 18, 154, 70, 0, 17, 191, 142, 23, 111, 58, 29, 179, 177, 168, 168, 123, 66, 146, 77, 70, 76, 81, 90, 176, 68, 4, 132, 19, 56, 166, 8, 175, 136, 55, 34, 71, 146),
    (145, 62, 153, 10, 124, 170, 154, 149, 21, 28, 151, 130, 53, 118, 71, 68, 40, 137, 106, 148, 129, 197, 117, 59, 197, 98, 122, 21, 137, 66, 67, 35, 23, 118, 25, 190, 23, 140, 19, 163),
    (146, 73, 162, 188, 164, 82, 135, 161, 99, 59, 65, 15, 187, 122, 117, 110, 51, 185, 132, 156, 84, 155, 195, 124, 45, 134, 9, 197, 154, 62, 174, 187, 64, 32, 84, 7, 176, 148, 27, 5),
    (147, 114, 25, 191, 166, 134, 182, 9, 160, 139, 45, 69, 158, 35, 33, 34, 132, 141, 115, 117, 146, 31, 194, 135, 53, 64, 135, 74, 30, 9, 183, 123, 163, 27, 138, 16, 127, 57, 29, 143),
    (148, 60, 11, 9, 96, 39, 175, 121, 125, 164, 149, 96, 168, 11, 173, 137, 187, 117, 99, 83, 189, 168, 59, 38, 78, 164, 69, 167, 29, 138, 196, 61, 24, 166, 140, 62, 26, 46, 115, 126),
    (149, 85, 157, 61, 104, 119, 95, 185, 145, 68, 51, 153, 27, 73, 123, 187, 57, 133, 91, 40, 140, 23, 160, 135, 54, 157, 173, 173, 118, 1, 179, 65, 163, 112, 61, 17, 150, 34, 135, 67),
    (150, 9, 193, 52, 130, 80, 187, 180, 64, 191, 122, 54, 27, 119, 17, 148, 99, 13, 11, 55, 132, 10, 107, 34, 45, 143, 69, 10, 98, 126, 120, 80, 160, 170, 199, 88, 101, 31, 123, 145),
    (151, 112, 161, 190, 189, 36, 16, 80, 58, 144, 148, 175, 184, 160, 159, 199, 44, 79, 1, 54, 15, 56, 33, 71, 90, 58, 54, 36, 111, 88, 140, 103, 76, 15, 4, 10, 30, 176, 59, 149),
    (152, 109, 130, 87, 4, 36, 183, 147, 53, 115, 187, 137, 4, 101, 169, 72, 15, 75, 135, 188, 129, 14, 22, 180, 151, 116, 40, 16, 178, 86, 106, 23, 149, 34, 179, 32, 135, 96, 190, 178),
    (153, 32, 166, 23, 149, 188, 18, 187, 17, 16, 111, 133, 191, 6, 47, 34, 47, 6, 41, 123, 85, 143, 196, 52, 12, 148, 177, 96, 20, 124, 61, 2, 106, 77, 193, 180, 198, 67, 174, 71),
    (154, 93, 192, 51, 61, 131, 192, 27, 100, 128, 58, 151, 181, 193, 62, 146, 77, 132, 166, 95, 0, 53, 178, 41, 191, 174, 53, 55, 105, 51, 60, 170, 91, 101, 4, 56, 42, 20, 42, 58),
    (155, 124, 168, 93, 191, 129, 145, 104, 195, 72, 89, 45, 55, 51, 127, 153, 170, 45, 105, 156, 189, 116, 149, 24, 156, 27, 163, 185, 13, 156, 179, 188, 147, 42, 184, 128, 86, 36, 181, 113),
    (156, 105, 59, 99, 186, 104, 143, 85, 40, 58, 175, 163, 131, 42, 135, 108, 140, 124, 95, 154, 182, 94, 158, 8, 181, 107, 64, 123, 197, 90, 13, 76, 27, 133, 180, 61, 123, 165, 43, 192),
    (157, 17, 81, 99, 161, 32, 101, 38, 93, 189, 70, 1, 77, 83, 157, 73, 163, 23, 110, 192, 55, 28, 66, 185, 152, 170, 181, 110, 164, 28, 142, 62, 186, 71, 175, 150, 148, 150, 59, 145),
    (158, 4, 12, 119, 10, 39, 71, 159, 98, 137, 44, 93, 143, 67, 37, 48, 155, 43, 150, 147, 93, 140, 135, 156, 1, 184, 88, 162, 31, 117, 43, 17, 116, 148, 50, 160, 136, 160, 121, 115),
    (159, 121, 30, 55, 164, 36, 151, 74, 167, 156, 136, 185, 193, 113, 85, 169, 166, 173, 16, 29, 22, 124, 112, 93, 94, 98, 105, 12, 140, 175, 104, 54, 155, 42, 18, 66, 132, 155, 180, 145),
    (160, 138, 91, 110, 8, 169, 154, 140, 33, 199, 96, 117, 78, 1, 87, 35, 150, 91, 192, 149, 76, 165, 130, 68, 29, 132, 169, 142, 19, 70, 178, 36, 110, 151, 147, 180, 9, 55, 142, 111),
    (161, 186, 58, 157, 88, 146, 140, 198, 115, 122, 27, 50, 84, 154, 84, 167, 44, 68, 191, 27, 146, 24, 141, 61, 33, 64, 112, 8, 8, 128, 76, 37, 140, 165, 71, 65, 40, 53, 168, 128),
    (162, 69, 60, 55, 76, 156, 163, 34, 162, 32, 98, 148, 100, 196, 7, 56, 84, 125, 164, 17, 137, 123, 27, 184, 191, 120, 72, 71, 35, 75, 66, 189, 89, 45, 11, 112, 126, 130, 167, 179),
    (163, 43, 3, 50, 18, 45, 78, 100, 134, 129, 66, 127, 97, 25, 50, 68, 12, 129, 176, 66, 195, 124, 115, 184, 186, 50, 5, 186, 87, 25, 47, 16, 18, 15, 156, 175, 76, 46, 13, 162),
    (164, 67, 191, 198, 136, 41, 122, 118, 88, 68, 52, 97, 177, 94, 4, 83, 171, 162, 198, 76, 136, 140, 130, 170, 158, 68, 29, 128, 135, 179, 106, 59, 36, 108, 138, 174, 153, 160, 65, 136),
    (165, 28, 47, 57, 30, 178, 133, 170, 113, 84, 46, 74, 26, 38, 158, 43, 114, 45, 22, 75, 133, 178, 175, 109, 32, 193, 48, 192, 57, 104, 135, 188, 161, 82, 178, 138, 192, 180, 101, 41),
    (166, 89, 176, 7, 166, 178, 13, 42, 126, 100, 13, 114, 168, 3, 94, 23, 148, 57, 29, 43, 153, 91, 116, 93, 47, 199, 117, 196, 78, 126, 139, 109, 178, 193, 169, 104, 154, 8, 170, 32),
    (167, 199, 132, 105, 162, 77, 126, 131, 34, 185, 2, 60, 68, 122, 113, 66, 58, 38, 190, 45, 149, 49, 161, 120, 169, 93, 93, 28, 64, 127, 114, 143, 139, 76, 115, 192, 111, 190, 13, 20),
    (168, 25, 51, 74, 169, 37, 178, 160, 123, 162, 44, 35, 133, 21, 133, 93, 148, 123, 23, 41, 100, 39, 134, 46, 89, 8, 78, 75, 84, 74, 3, 61, 179, 167, 169, 75, 77, 100, 29, 55),
    (169, 191, 153, 175, 52, 67, 188, 162, 152, 167, 53, 151, 121, 17, 35, 106, 14, 5, 10, 148, 46, 60, 90, 82, 143, 137, 156, 63, 104, 92, 122, 120, 158, 50, 49, 63, 75, 73, 125, 173),
    (170, 133, 50, 95, 129, 30, 105, 17, 51, 178, 122, 37, 173, 28, 104, 27, 113, 83, 159, 65, 101, 21, 27, 183, 24, 83, 176, 130, 51, 117, 197, 40, 85, 33, 57, 53, 2, 68, 2, 55),
    (171, 91, 18, 58, 160, 37, 116, 155, 15, 193, 106, 62, 125, 77, 184, 87, 119, 171, 118, 26, 153, 195, 143, 51, 35, 165, 174, 177, 152, 34, 71, 164, 10, 118, 90, 8, 142, 189, 168, 164),
    (172, 164, 108, 105, 55, 188, 57, 128, 77, 43, 196, 29, 120, 33, 27, 182, 47, 144, 73, 29, 190, 133, 8, 76, 150, 196, 199, 3, 178, 120, 197, 152, 94, 22, 70, 118, 103, 79, 153, 31),
    (173, 180, 195, 152, 75, 10, 59, 169, 181, 122, 147, 196, 60, 182, 72, 57, 91, 27, 119, 107, 77, 184, 183, 175, 88, 76, 104, 63, 188, 193, 93, 83, 40, 184, 139, 147, 79, 57, 3, 180),
    (174, 165, 21, 37, 161, 6, 62, 123, 161, 64, 93, 0, 160, 66, 38, 154, 51, 142, 20, 9, 48, 23, 170, 76, 103, 85, 28, 29, 32, 99, 185, 82, 21, 77, 0, 12, 176, 174, 184, 101),
    (175, 181, 119, 12, 35, 46, 49, 113, 33, 141, 146, 113, 23, 159, 152, 193, 177, 159, 80, 174, 92, 41, 75, 59, 119, 136, 173, 65, 121, 60, 77, 143, 21, 61, 165, 46, 109, 76, 149, 114),
    (176, 182, 194, 186, 174, 171, 127, 182, 74, 91, 159, 61, 28, 93, 100, 8, 175, 67, 59, 135, 98, 134, 180, 36, 135, 106, 180, 59, 69, 42, 124, 181, 189, 29, 108, 16, 84, 120, 52, 8),
    (177, 50, 57, 38, 146, 155, 170, 179, 84, 150, 16, 137, 0, 60, 169, 44, 102, 37, 172, 106, 178, 113, 70, 48, 55, 109, 20, 56, 148, 18, 31, 155, 37, 55, 45, 53, 76, 86, 56, 41),
    (178, 192, 68, 71, 135, 192, 47, 155, 154, 84, 154, 87, 173, 168, 171, 165, 65, 77, 180, 121, 24, 9, 65, 122, 113, 118, 62, 113, 136, 96, 153, 12, 95, 91, 107, 177, 64, 129, 83, 18),
    (179, 58, 122, 60, 164, 29, 110, 112, 198, 197, 54, 124, 29, 75, 173, 0, 92, 93, 114, 22, 146, 48, 27, 30, 46, 24, 30, 196, 1, 194, 29, 145, 151, 67, 82, 16, 14, 162, 109, 182),
    (180, 47, 173, 17, 14, 164, 128, 108, 40, 169, 39, 2, 78, 189, 150, 22, 195, 57, 171, 177, 35, 116, 58, 105, 49, 159, 56, 166, 23, 21, 190, 52, 99, 159, 145, 14, 54, 138, 152, 128),
    (181, 110, 127, 130, 150, 31, 155, 142, 103, 165, 100, 199, 113, 180, 6, 107, 191, 111, 85, 154, 1, 74, 44, 66, 167, 101, 48, 197, 27, 87, 50, 44, 174, 113, 181, 188, 54, 34, 37, 184),
    (182, 91, 70, 31, 93, 21, 47, 29, 49, 107, 25, 149, 157, 78, 168, 178, 133, 127, 197, 75, 49, 194, 6, 55, 160, 164, 68, 143, 188, 111, 176, 127, 199, 93, 125, 189, 144, 108, 91, 77),
    (183, 124, 176, 140, 167, 128, 129, 96, 58, 57, 172, 111, 120, 155, 135, 95, 116, 177, 157, 185, 63, 9, 75, 195, 124, 138, 19, 132, 15, 152, 37, 8, 149, 77, 21, 90, 119, 10, 101, 74),
    (184, 70, 87, 52, 110, 160, 13, 18, 112, 125, 172, 51, 130, 141, 32, 144, 111, 179, 81, 85, 43, 32, 150, 152, 172, 126, 184, 20, 150, 179, 145, 9, 30, 104, 51, 190, 105, 195, 119, 42),
    (185, 184, 64, 127, 36, 157, 176, 171, 11, 93, 77, 149, 54, 74, 153, 37, 24, 121, 107, 55, 146, 84, 183, 157, 189, 143, 99, 101, 96, 114, 18, 180, 177, 23, 87, 117, 13, 186, 101, 122),
    (186, 178, 65, 156, 141, 142, 98, 7, 149, 136, 87, 72, 187, 2, 126, 141, 115, 34, 146, 40, 62, 174, 118, 94, 53, 45, 109, 194, 2, 57, 64, 41, 29, 114, 74, 186, 47, 99, 133, 187),
    (187, 36, 105, 151, 120, 83, 82, 25, 45, 95, 85, 143, 95, 179, 164, 165, 18, 83, 28, 16, 31, 101, 47, 39, 59, 76, 140, 191, 88, 52, 32, 43, 164, 75, 121, 189, 111, 103, 68, 136),
    (188, 94, 161, 7, 199, 45, 61, 101, 10, 18, 108, 170, 102, 13, 95, 2, 44, 94, 70, 190, 154, 20, 56, 152, 22, 39, 76, 150, 152, 179, 187, 2, 183, 116, 194, 27, 77, 137, 198, 74),
    (189, 50, 2, 6, 147, 107, 108, 57, 124, 109, 156, 4, 56, 5, 196, 78, 187, 170, 158, 46, 109, 182, 123, 0, 147, 92, 30, 196, 195, 65, 173, 178, 8, 4, 111, 65, 68, 113, 100, 49),
    (190, 95, 72, 197, 165, 112, 90, 104, 56, 31, 58, 165, 28, 31, 140, 46, 83, 8, 99, 195, 148, 134, 149, 99, 27, 15, 184, 74, 161, 18, 188, 25, 191, 103, 65, 18, 13, 8, 39, 40),
    (191, 186, 185, 122, 188, 19, 150, 71, 86, 106, 45, 152, 135, 18, 35, 182, 16, 94, 177, 71, 34, 46, 144, 16, 51, 146, 131, 21, 193, 93, 119, 31, 123, 142, 178, 140, 94, 31, 121, 132),
    (192, 186, 132, 69, 199, 152, 8, 199, 57, 149, 7, 156, 137, 126, 163, 83, 182, 163, 190, 158, 36, 8, 130, 105, 48, 85, 117, 81, 122, 67, 177, 49, 55, 132, 73, 86, 128, 130, 28, 48),
    (193, 171, 174, 171, 91, 125, 140, 16, 105, 96, 155, 152, 114, 31, 115, 171, 117, 31, 152, 20, 123, 110, 104, 172, 85, 67, 160, 156, 123, 155, 40, 44, 51, 146, 59, 186, 132, 81, 170, 133),
    (194, 108, 156, 160, 157, 64, 131, 135, 101, 29, 77, 139, 45, 153, 133, 126, 32, 14, 149, 177, 64, 113, 117, 38, 34, 36, 175, 77, 42, 127, 61, 193, 139, 34, 181, 151, 145, 81, 79, 15),
    (195, 192, 149, 166, 52, 3, 63, 183, 160, 78, 54, 118, 156, 197, 45, 131, 75, 113, 92, 77, 164, 36, 8, 163, 142, 112, 4, 79, 12, 142, 121, 53, 170, 25, 129, 99, 115, 34, 25, 12),
    (196, 59, 6, 193, 158, 61, 55, 196, 113, 130, 187, 158, 167, 55, 49, 0, 184, 102, 156, 70, 156, 145, 77, 198, 162, 0, 159, 103, 17, 81, 170, 161, 118, 88, 82, 57, 10, 52, 119, 23),
    (197, 57, 9, 19, 44, 164, 127, 72, 20, 193, 102, 141, 57, 29, 30, 96, 71, 66, 171, 43, 131, 95, 111, 106, 162, 88, 26, 167, 74, 172, 17, 5, 172, 1, 46, 183, 137, 130, 64, 144),
    (198, 114, 151, 0, 40, 89, 120, 11, 90, 12, 10, 70, 122, 184, 65, 1, 28, 75, 115, 138, 105, 130, 153, 150, 89, 63, 99, 114, 84, 39, 161, 48, 17, 51, 44, 108, 141, 119, 174, 41),
    (199, 6, 191, 22, 106, 104, 143, 4, 138, 132, 76, 90, 121, 1, 151, 150, 74, 132, 12, 165, 38, 86, 26, 161, 122, 192, 18, 130, 63, 10, 12, 7, 88, 52, 52, 168, 186, 95, 33, 146);

INSERT INTO T3 (pk, t1, t2, t4, t5, t6, t7, t8, t9, t10, t11, t12, t13, t14, t15, t16, t17, t18, t19, t20, t21, t22, t23, t24, t25, t26, t27, t28, t29, t30, t31, t32, t33, t34, t35, t36, t37, t38, t39, t40)
VALUES
    (0, 85, 60, 34, 81, 118, 27, 141, 31, 6, 58, 152, 36, 173, 104, 97, 94, 71, 51, 160, 117, 178, 116, 162, 41, 152, 156, 37, 186, 119, 5, 159, 103, 61, 92, 187, 94, 12, 92, 146),
    (1, 35, 14, 66, 67, 71, 54, 165, 83, 32, 35, 166, 165, 157, 18, 48, 36, 135, 4, 57, 80, 45, 43, 162, 145, 14, 188, 28, 131, 5, 55, 3, 131, 80, 179, 124, 73, 38, 147, 143),
    (2, 138, 125, 10, 15, 102, 192, 41, 167, 16, 39, 168, 7, 123, 79, 36, 103, 68, 151, 63, 73, 75, 197, 106, 188, 153, 65, 150, 159, 21, 89, 138, 35, 79, 120, 180, 150, 87, 108, 181),
    (3, 48, 100, 9, 142, 102, 168, 94, 69, 130, 44, 127, 28, 116, 33, 66, 19, 56, 18, 16, 187, 109, 39, 37, 80, 60, 143, 182, 164, 38, 105, 135, 131, 15, 58, 3, 76, 39, 70, 131),
    (4, 24, 185, 185, 136, 38, 174, 73, 25, 8, 17, 157, 55, 197, 63, 123, 50, 41, 147, 126, 194, 160, 143, 165, 188, 120, 63, 69, 134, 108, 123, 3, 121, 113, 137, 141, 137, 158, 114, 67),
    (5, 57, 163, 33, 142, 153, 156, 121, 42, 63, 51, 22, 115, 168, 139, 9, 27, 108, 56, 28, 171, 149, 179, 101, 35, 16, 38, 38, 134, 43, 15, 133, 85, 175, 108, 102, 40, 176, 144, 83),
    (6, 41, 167, 63, 10, 154, 58, 93, 89, 193, 20, 186, 69, 165, 112, 101, 179, 196, 37, 166, 34, 117, 10, 97, 181, 129, 1, 99, 113, 132, 92, 93, 160, 180, 108, 124, 66, 16, 70, 61),
    (7, 39, 115, 93, 80, 162, 182, 158, 155, 18, 22, 79, 78, 81, 19, 25, 29, 46, 114, 169, 0, 92, 160, 145, 6, 108, 194, 98, 101, 63, 4, 88, 39, 157, 196, 45, 169, 1, 84, 190),
    (8, 39, 46, 16, 134, 121, 154, 172, 77, 148, 100, 52, 129, 167, 59, 104, 129, 162, 83, 63, 75, 143, 104, 89, 52, 141, 15, 14, 195, 135, 76, 88, 189, 141, 97, 16, 142, 97, 82, 70),
    (9, 165, 49, 82, 149, 144, 172, 187, 76, 94, 144, 138, 147, 82, 184, 53, 70, 36, 143, 43, 45, 68, 176, 197, 127, 105, 60, 103, 185, 129, 69, 167, 137, 100, 174, 59, 31, 13, 61, 0),
    (10, 96, 57, 52, 131, 31, 55, 37, 2, 53, 197, 90, 164, 4, 110, 77, 14, 101, 101, 77, 171, 51, 36, 3, 61, 191, 156, 86, 23, 174, 16, 82, 69, 63, 88, 166, 137, 160, 164, 101),
    (11, 162, 130, 130, 57, 73, 135, 171, 124, 66, 111, 154, 85, 113, 143, 16, 128, 181, 187, 76, 191, 80, 150, 157, 192, 114, 80, 154, 195, 13, 83, 134, 123, 5, 38, 161, 44, 84, 61, 32),
    (12, 79, 150, 132, 99, 28, 17, 111, 113, 126, 156, 77, 69, 25, 132, 188, 195, 56, 93, 46, 64, 92, 140, 107, 71, 12, 69, 103, 100, 52, 11, 103, 87, 84, 0, 47, 164, 90, 98, 180),
    (13, 1, 10, 86, 8, 10, 110, 90, 105, 66, 76, 22, 55, 173, 170, 118, 192, 89, 108, 189, 122, 65, 186, 139, 125, 35, 147, 61, 14, 116, 124, 132, 149, 2, 42, 75, 31, 80, 189, 118),
    (14, 134, 159, 197, 198, 131, 165, 4, 115, 37, 1, 157, 11, 114, 123, 112, 172, 155, 22, 92, 14, 21, 184, 83, 27, 102, 55, 162, 98, 132, 198, 129, 167, 9, 93, 34, 111, 92, 186, 180),
    (15, 175, 61, 35, 181, 161, 135, 15, 96, 161, 146, 1, 130, 27, 61, 122, 160, 100, 186, 36, 148, 177, 180, 156, 77, 38, 153, 183, 18, 110, 83, 11, 161, 182, 118, 147, 93, 25, 129, 145),
    (16, 121, 84, 175, 96, 152, 89, 195, 98, 164, 177, 99, 76, 195, 80, 69, 115, 51, 103, 113, 117, 172, 154, 5, 36, 66, 10, 190, 63, 110, 167, 29, 61, 182, 0, 157, 148, 4, 8, 196),
    (17, 22, 22, 5, 153, 123, 55, 137, 130, 53, 14, 73, 157, 164, 1, 7, 50, 74, 145, 90, 69, 181, 49, 10, 57, 31, 189, 185, 124, 199, 58, 97, 81, 75, 171, 143, 82, 192, 35, 126),
    (18, 68, 71, 152, 157, 134, 145, 30, 124, 28, 81, 186, 28, 49, 24, 0, 85, 106, 76, 80, 58, 105, 120, 29, 193, 84, 197, 138, 182, 122, 87, 82, 55, 189, 156, 128, 187, 158, 184, 184),
    (19, 176, 9, 47, 157, 9, 30, 180, 193, 150, 67, 8, 111, 198, 189, 141, 197, 111, 96, 167, 48, 86, 109, 167, 160, 27, 129, 32, 49, 1, 84, 70, 166, 157, 120, 174, 36, 75, 54, 174),
    (20, 31, 196, 144, 133, 130, 135, 158, 185, 14, 37, 104, 157, 120, 62, 160, 36, 28, 120, 173, 53, 44, 62, 55, 45, 143, 87, 133, 108, 1, 30, 6, 32, 177, 179, 169, 65, 133, 77, 95),
    (21, 101, 151, 135, 102, 117, 55, 154, 85, 58, 44, 154, 51, 88, 168, 181, 48, 147, 89, 104, 32, 88, 154, 105, 121, 51, 144, 111, 47, 1, 56, 104, 53, 75, 138, 169, 45, 187, 55, 107),
    (22, 39, 165, 122, 100, 18, 53, 20, 157, 104, 173, 21, 24, 153, 188, 142, 132, 40, 132, 141, 185, 177, 60, 28, 63, 40, 80, 82, 102, 74, 26, 26, 10, 142, 195, 37, 140, 142, 1, 9),
    (23, 162, 188, 67, 32, 120, 183, 56, 153, 4, 160, 52, 25, 32, 64, 54, 94, 167, 168, 161, 104, 38, 21, 132, 39, 69, 44, 118, 3, 71, 141, 170, 60, 23, 2, 17, 16, 197, 1, 68),
    (24, 33, 182, 32, 11, 138, 36, 51, 130, 155, 29, 97, 120, 111, 145, 69, 38, 71, 188, 169, 67, 49, 118, 167, 10, 107, 144, 102, 0, 71, 59, 128, 79, 197, 74, 199, 78, 195, 16, 158),
    (25, 56, 168, 23, 196, 76, 107, 154, 53, 189, 25, 91, 172, 30, 38, 63, 52, 11, 49, 62, 69, 136, 130, 129, 27, 2, 0, 100, 151, 66, 171, 20, 53, 182, 155, 31, 73, 148, 105, 102),
    (26, 137, 148, 73, 188, 133, 136, 19, 161, 55, 171, 105, 95, 141, 97, 104, 75, 39, 192, 134, 55, 131, 90, 104, 32, 69, 88, 27, 89, 178, 120, 54, 48, 8, 185, 111, 178, 193, 103, 103),
    (27, 62, 5, 66, 134, 9, 198, 18, 19, 35, 19, 72, 73, 187, 55, 136, 122, 31, 79, 155, 122, 115, 190, 75, 147, 179, 60, 11, 46, 159, 52, 162, 51, 87, 79, 170, 69, 186, 199, 181),
    (28, 140, 44, 60, 185, 84, 175, 155, 70, 102, 172, 78, 19, 187, 151, 133, 53, 131, 33, 153, 158, 67, 65, 42, 27, 165, 191, 147, 67, 114, 75, 77, 78, 133, 110, 198, 15, 83, 81, 50),
    (29, 137, 13, 143, 26, 2, 1, 35, 0, 78, 79, 112, 191, 109, 176, 9, 181, 57, 188, 103, 18, 110, 92, 140, 48, 80, 70, 81, 114, 191, 4, 138, 34, 82, 96, 47, 122, 88, 54, 84),
    (30, 134, 11, 193, 117, 145, 193, 131, 140, 114, 41, 90, 182, 190, 172, 151, 168, 38, 119, 175, 98, 35, 164, 60, 77, 58, 111, 1, 105, 37, 5, 26, 53, 104, 57, 124, 126, 93, 49, 169),
    (31, 106, 80, 98, 90, 171, 22, 117, 138, 151, 80, 168, 83, 115, 162, 92, 145, 124, 7, 72, 186, 175, 176, 37, 67, 24, 118, 171, 2, 33, 160, 193, 62, 91, 155, 190, 4, 173, 0, 157),
    (32, 149, 123, 135, 83, 99, 89, 108, 194, 21, 158, 71, 116, 25, 83, 61, 116, 30, 34, 20, 155, 151, 113, 175, 138, 45, 192, 53, 142, 178, 105, 68, 4, 191, 9, 72, 23, 10, 146, 108),
    (33, 154, 7, 65, 183, 153, 71, 30, 137, 140, 6, 82, 58, 166, 108, 186, 91, 163, 126, 104, 90, 36, 147, 180, 25, 6, 172, 39, 119, 147, 3, 2, 177, 99, 52, 177, 52, 103, 197, 136),
    (34, 79, 60, 65, 9, 77, 31, 150, 179, 44, 63, 181, 144, 50, 182, 105, 128, 33, 51, 110, 179, 79, 167, 15, 89, 160, 0, 83, 124, 123, 196, 19, 151, 145, 136, 157, 160, 9, 102, 107),
    (35, 3, 77, 123, 6, 156, 26, 36, 107, 88, 96, 151, 38, 42, 198, 168, 63, 169, 118, 29, 157, 109, 141, 190, 5, 75, 197, 81, 116, 43, 46, 148, 11, 105, 55, 23, 137, 198, 163, 11),
    (36, 63, 111, 17, 110, 51, 29, 118, 139, 126, 110, 184, 139, 58, 157, 121, 148, 184, 141, 77, 7, 129, 2, 186, 19, 47, 11, 167, 165, 123, 89, 78, 161, 99, 119, 31, 169, 12, 139, 74),
    (37, 190, 194, 126, 35, 6, 191, 109, 77, 141, 59, 130, 158, 94, 139, 171, 135, 170, 195, 64, 131, 36, 119, 175, 118, 117, 175, 141, 182, 56, 104, 1, 54, 16, 7, 36, 0, 167, 160, 64),
    (38, 196, 167, 27, 132, 185, 178, 112, 23, 8, 23, 152, 62, 110, 133, 63, 130, 95, 176, 86, 149, 7, 11, 192, 97, 123, 156, 159, 73, 80, 2, 195, 193, 73, 32, 68, 56, 186, 16, 108),
    (39, 196, 135, 75, 184, 155, 71, 63, 36, 148, 47, 55, 22, 118, 187, 81, 44, 29, 33, 156, 115, 104, 14, 89, 170, 174, 66, 146, 80, 196, 173, 128, 124, 44, 101, 29, 19, 64, 199, 187),
    (40, 196, 83, 56, 60, 148, 30, 101, 73, 89, 55, 61, 78, 165, 178, 57, 89, 154, 18, 11, 97, 2, 140, 113, 125, 9, 132, 38, 9, 41, 117, 86, 5, 12, 2, 138, 130, 173, 166, 2),
    (41, 149, 15, 142, 196, 198, 158, 143, 136, 181, 98, 71, 78, 28, 109, 26, 129, 90, 74, 79, 137, 36, 57, 77, 99, 20, 105, 187, 37, 136, 57, 47, 103, 169, 88, 21, 22, 121, 64, 134),
    (42, 168, 148, 183, 193, 77, 150, 159, 180, 163, 122, 184, 68, 71, 6, 166, 196, 98, 53, 22, 116, 75, 76, 74, 178, 143, 60, 141, 93, 89, 159, 74, 104, 102, 136, 185, 177, 166, 129, 79),
    (43, 70, 78, 142, 75, 149, 90, 75, 176, 23, 72, 59, 73, 67, 93, 23, 196, 92, 184, 124, 185, 188, 131, 100, 93, 110, 46, 153, 193, 199, 188, 168, 138, 82, 3, 23, 174, 192, 43, 194),
    (44, 16, 120, 164, 6, 161, 190, 46, 106, 84, 31, 53, 180, 194, 193, 123, 18, 138, 63, 90, 98, 104, 167, 125, 103, 45, 95, 129, 109, 80, 141, 3, 81, 122, 173, 68, 164, 151, 25, 53),
    (45, 110, 53, 115, 37, 132, 187, 61, 91, 62, 0, 188, 71, 120, 4, 37, 18, 132, 18, 48, 159, 99, 45, 102, 181, 194, 93, 126, 109, 0, 140, 169, 197, 81, 88, 175, 81, 119, 19, 9),
    (46, 10, 95, 40, 155, 108, 73, 138, 128, 128, 12, 79, 101, 57, 166, 89, 62, 119, 36, 54, 113, 85, 13, 35, 91, 121, 59, 81, 93, 138, 165, 121, 51, 88, 134, 145, 60, 83, 119, 155),
    (47, 181, 13, 52, 72, 17, 36, 181, 51, 65, 48, 46, 86, 141, 112, 118, 177, 19, 149, 189, 13, 179, 185, 78, 78, 39, 197, 25, 121, 101, 199, 66, 77, 69, 136, 148, 44, 33, 178, 152),
    (48, 20, 18, 171, 197, 175, 76, 84, 156, 56, 83, 132, 137, 144, 0, 43, 87, 72, 150, 190, 118, 13, 179, 89, 32, 98, 72, 194, 136, 117, 191, 96, 177, 21, 64, 89, 119, 40, 162, 34),
    (49, 26, 52, 55, 30, 96, 175, 92, 56, 43, 146, 177, 198, 147, 90, 103, 98, 135, 25, 28, 160, 84, 128, 98, 161, 19, 82, 40, 118, 179, 179, 17, 63, 29, 9, 184, 136, 177, 37, 47),
    (50, 53, 21, 9, 72, 14, 73, 122, 182, 21, 58, 16, 172, 29, 57, 83, 114, 120, 146, 71, 156, 108, 110, 96, 140, 18, 6, 103, 151, 125, 193, 79, 115, 138, 5, 133, 152, 156, 80, 164),
    (51, 30, 52, 15, 45, 151, 17, 85, 180, 138, 24, 119, 118, 116, 60, 121, 2, 155, 16, 105, 107, 45, 155, 147, 144, 196, 154, 143, 156, 72, 32, 42, 151, 59, 120, 83, 14, 134, 20, 138),
    (52, 73, 178, 23, 38, 126, 162, 160, 116, 106, 83, 49, 140, 21, 87, 16, 199, 160, 98, 71, 35, 53, 171, 11, 47, 9, 142, 5, 183, 146, 39, 70, 29, 19, 155, 176, 55, 50, 172, 138),
    (53, 170, 67, 90, 169, 172, 87, 111, 17, 45, 104, 7, 30, 130, 165, 71, 168, 137, 98, 76, 79, 183, 5, 180, 44, 194, 189, 25, 59, 108, 62, 103, 26, 177, 64, 49, 43, 145, 108, 24),
    (54, 50, 177, 77, 73, 166, 198, 145, 103, 162, 18, 187, 45, 14, 70, 51, 131, 38, 43, 4, 70, 96, 37, 56, 3, 189, 62, 33, 152, 8, 71, 24, 98, 67, 32, 24, 62, 90, 132, 107),
    (55, 57, 27, 41, 85, 21, 199, 175, 13, 7, 139, 108, 33, 55, 66, 171, 21, 15, 196, 1, 154, 194, 66, 74, 197, 155, 164, 159, 44, 96, 142, 64, 26, 159, 42, 122, 96, 168, 31, 109),
    (56, 89, 91, 18, 49, 108, 15, 174, 151, 180, 127, 49, 88, 94, 133, 185, 132, 189, 136, 27, 55, 186, 0, 9, 79, 25, 24, 192, 171, 52, 60, 7, 114, 58, 131, 164, 141, 79, 119, 67),
    (57, 190, 94, 20, 48, 1, 135, 192, 115, 83, 194, 194, 147, 127, 39, 117, 199, 82, 146, 49, 108, 24, 27, 170, 129, 44, 109, 37, 46, 164, 193, 60, 100, 93, 15, 14, 137, 58, 77, 43),
    (58, 78, 56, 4, 100, 81, 42, 33, 183, 139, 164, 41, 7, 134, 3, 76, 174, 80, 128, 41, 138, 51, 174, 105, 168, 12, 25, 121, 91, 15, 90, 53, 174, 104, 195, 169, 50, 70, 129, 189),
    (59, 103, 35, 91, 165, 187, 94, 184, 186, 139, 134, 46, 54, 31, 150, 0, 37, 107, 133, 169, 110, 147, 158, 106, 112, 34, 80, 96, 27, 105, 111, 28, 130, 157, 11, 55, 58, 101, 65, 44),
    (60, 159, 151, 141, 4, 57, 144, 46, 66, 61, 51, 52, 96, 57, 186, 165, 148, 49, 194, 189, 52, 61, 14, 77, 192, 122, 78, 100, 174, 25, 118, 85, 103, 92, 66, 152, 163, 63, 160, 194),
    (61, 142, 59, 1, 121, 89, 90, 5, 90, 81, 34, 82, 122, 78, 149, 123, 140, 33, 50, 74, 150, 166, 185, 37, 144, 153, 172, 127, 181, 27, 22, 94, 32, 112, 107, 6, 163, 43, 11, 147),
    (62, 199, 8, 76, 114, 172, 95, 131, 178, 101, 86, 198, 34, 36, 180, 184, 29, 128, 123, 10, 163, 46, 20, 189, 20, 183, 71, 139, 97, 112, 150, 162, 73, 117, 152, 100, 24, 164, 162, 12),
    (63, 150, 32, 62, 77, 117, 146, 6, 53, 0, 51, 121, 91, 155, 118, 156, 56, 114, 81, 82, 188, 13, 106, 119, 136, 77, 158, 139, 75, 192, 25, 178, 129, 187, 0, 122, 169, 69, 49, 122),
    (64, 88, 164, 27, 121, 139, 12, 88, 132, 169, 53, 129, 33, 163, 43, 30, 142, 193, 70, 151, 84, 93, 91, 191, 107, 63, 67, 106, 46, 52, 87, 28, 21, 160, 59, 145, 148, 155, 88, 129),
    (65, 47, 52, 146, 145, 168, 6, 3, 32, 192, 179, 181, 144, 155, 191, 14, 97, 51, 137, 152, 53, 93, 15, 103, 16, 198, 95, 126, 123, 49, 171, 109, 52, 129, 11, 129, 83, 172, 16, 22),
    (66, 27, 133, 132, 80, 77, 91, 29, 184, 69, 164, 80, 119, 139, 170, 169, 64, 136, 120, 63, 17, 141, 97, 196, 113, 10, 192, 199, 121, 41, 133, 59, 126, 79, 51, 16, 135, 84, 46, 147),
    (67, 194, 18, 102, 101, 121, 131, 98, 127, 45, 27, 146, 61, 99, 52, 75, 113, 56, 22, 134, 180, 146, 53, 141, 101, 159, 69, 72, 120, 177, 155, 75, 139, 144, 133, 199, 174, 186, 88, 199),
    (68, 145, 131, 173, 198, 43, 76, 108, 97, 187, 16, 18, 33, 23, 28, 181, 76, 19, 104, 61, 52, 177, 68, 168, 115, 82, 46, 86, 124, 138, 30, 122, 56, 157, 30, 30, 68, 27, 88, 80),
    (69, 176, 27, 91, 87, 122, 97, 174, 66, 106, 164, 140, 37, 143, 103, 79, 126, 99, 155, 164, 170, 189, 92, 150, 117, 123, 70, 198, 169, 27, 0, 131, 60, 138, 171, 12, 29, 184, 137, 75),
    (70, 95, 103, 183, 157, 101, 12, 49, 7, 51, 127, 15, 46, 41, 154, 137, 144, 143, 65, 158, 194, 141, 187, 28, 160, 184, 75, 40, 195, 29, 76, 23, 130, 47, 82, 149, 170, 18, 158, 30),
    (71, 150, 6, 18, 77, 159, 193, 174, 170, 8, 69, 44, 128, 46, 155, 6, 67, 141, 191, 40, 61, 3, 128, 44, 23, 108, 148, 32, 115, 158, 70, 62, 197, 17, 84, 10, 103, 178, 11, 79),
    (72, 80, 149, 79, 90, 77, 43, 29, 20, 38, 185, 67, 113, 39, 17, 36, 142, 113, 182, 153, 65, 83, 50, 185, 136, 31, 183, 10, 131, 102, 18, 116, 130, 25, 105, 27, 145, 36, 178, 168),
    (73, 49, 40, 40, 81, 173, 179, 0, 103, 180, 170, 124, 148, 33, 121, 156, 139, 144, 153, 131, 103, 162, 183, 16, 150, 53, 80, 178, 13, 118, 6, 42, 73, 138, 85, 17, 45, 92, 144, 29),
    (74, 94, 72, 184, 97, 108, 145, 5, 117, 117, 86, 122, 39, 112, 79, 105, 80, 176, 106, 73, 10, 88, 12, 63, 88, 107, 177, 16, 18, 132, 155, 159, 163, 190, 55, 131, 184, 108, 159, 102),
    (75, 111, 183, 25, 66, 179, 126, 2, 1, 185, 96, 70, 140, 165, 76, 171, 100, 178, 78, 148, 20, 118, 56, 140, 151, 145, 144, 33, 91, 30, 93, 75, 155, 118, 26, 128, 29, 82, 192, 137),
    (76, 161, 14, 62, 10, 89, 170, 68, 128, 141, 25, 86, 112, 160, 107, 140, 128, 64, 92, 150, 62, 155, 187, 164, 21, 49, 39, 19, 27, 151, 56, 114, 30, 22, 6, 96, 171, 151, 113, 28),
    (77, 55, 196, 80, 47, 11, 70, 17, 180, 39, 70, 64, 55, 157, 132, 12, 1, 4, 152, 11, 73, 109, 193, 71, 39, 26, 29, 111, 121, 5, 184, 195, 104, 16, 189, 28, 141, 2, 128, 23),
    (78, 6, 92, 67, 145, 59, 196, 74, 148, 34, 3, 172, 31, 100, 121, 24, 37, 57, 50, 114, 33, 104, 10, 26, 53, 15, 2, 130, 83, 109, 25, 81, 16, 39, 141, 124, 127, 39, 184, 150),
    (79, 110, 117, 38, 56, 196, 96, 152, 6, 102, 39, 47, 33, 192, 133, 101, 110, 25, 38, 53, 34, 145, 34, 176, 57, 121, 81, 188, 181, 172, 61, 58, 77, 80, 175, 124, 67, 147, 118, 68),
    (80, 83, 97, 54, 171, 17, 171, 29, 132, 148, 171, 15, 118, 65, 145, 103, 69, 45, 147, 29, 107, 52, 79, 20, 161, 9, 17, 110, 97, 153, 112, 36, 153, 4, 75, 60, 109, 59, 80, 73),
    (81, 37, 160, 173, 59, 87, 4, 169, 67, 1, 117, 195, 14, 106, 57, 132, 117, 105, 139, 1, 35, 56, 94, 110, 158, 158, 9, 130, 42, 172, 64, 137, 52, 9, 62, 35, 22, 74, 31, 135),
    (82, 132, 53, 70, 129, 22, 45, 161, 110, 8, 53, 189, 186, 10, 16, 47, 193, 120, 123, 45, 13, 120, 146, 140, 195, 27, 104, 74, 193, 64, 146, 31, 69, 86, 57, 124, 74, 72, 165, 141),
    (83, 65, 173, 116, 91, 13, 12, 16, 7, 191, 179, 100, 55, 66, 102, 165, 38, 161, 160, 198, 189, 80, 38, 191, 165, 140, 126, 19, 154, 194, 125, 75, 180, 2, 78, 156, 167, 68, 181, 67),
    (84, 28, 146, 151, 95, 79, 160, 34, 197, 101, 23, 16, 146, 100, 66, 185, 53, 43, 190, 11, 7, 143, 45, 63, 81, 3, 38, 147, 22, 159, 75, 60, 1, 192, 87, 116, 61, 183, 62, 1),
    (85, 81, 170, 22, 155, 131, 159, 93, 141, 131, 195, 61, 196, 144, 198, 99, 129, 93, 50, 121, 53, 60, 83, 179, 16, 49, 158, 177, 168, 27, 1, 170, 22, 54, 2, 68, 147, 27, 184, 33),
    (86, 140, 81, 128, 9, 172, 39, 178, 23, 12, 191, 95, 11, 194, 194, 168, 42, 163, 123, 16, 89, 186, 122, 4, 58, 191, 45, 105, 97, 166, 75, 57, 45, 34, 89, 108, 76, 61, 80, 52),
    (87, 63, 168, 4, 153, 185, 46, 133, 53, 118, 153, 66, 192, 34, 174, 77, 145, 92, 56, 182, 19, 101, 104, 134, 187, 76, 9, 194, 72, 179, 0, 101, 123, 58, 174, 166, 159, 68, 23, 93),
    (88, 47, 19, 28, 44, 111, 91, 131, 112, 133, 93, 108, 4, 80, 56, 142, 76, 61, 167, 101, 135, 145, 77, 5, 11, 67, 29, 120, 195, 144, 139, 57, 140, 155, 26, 63, 150, 153, 125, 18),
    (89, 8, 178, 195, 119, 194, 11, 57, 185, 137, 173, 55, 99, 4, 11, 73, 103, 199, 4, 64, 30, 45, 161, 174, 39, 17, 187, 178, 26, 0, 61, 152, 148, 57, 192, 91, 141, 6, 6, 163),
    (90, 167, 111, 13, 147, 38, 124, 160, 25, 170, 132, 147, 145, 157, 155, 68, 117, 95, 171, 190, 132, 19, 79, 190, 168, 199, 133, 30, 198, 196, 116, 135, 181, 133, 144, 175, 140, 166, 87, 8),
    (91, 82, 99, 126, 93, 36, 153, 191, 142, 104, 106, 60, 94, 150, 14, 42, 182, 191, 189, 84, 2, 137, 170, 143, 194, 117, 1, 23, 129, 78, 135, 12, 160, 52, 132, 151, 120, 88, 120, 185),
    (92, 154, 191, 13, 141, 37, 165, 156, 45, 116, 163, 153, 6, 157, 174, 149, 103, 148, 69, 135, 104, 9, 63, 26, 143, 41, 180, 0, 88, 186, 182, 161, 145, 131, 1, 134, 188, 164, 45, 54),
    (93, 147, 21, 156, 145, 37, 175, 19, 105, 100, 75, 96, 37, 1, 56, 83, 46, 70, 90, 192, 173, 115, 120, 164, 150, 144, 195, 50, 60, 58, 68, 104, 82, 179, 24, 107, 72, 139, 43, 103),
    (94, 8, 152, 17, 196, 36, 67, 185, 177, 48, 98, 118, 120, 30, 7, 89, 124, 155, 31, 66, 120, 5, 115, 15, 131, 85, 160, 63, 127, 27, 14, 87, 113, 188, 78, 95, 55, 158, 57, 81),
    (95, 164, 93, 27, 100, 33, 7, 87, 139, 199, 69, 114, 177, 163, 112, 141, 196, 181, 100, 190, 133, 195, 144, 99, 62, 88, 147, 113, 123, 194, 99, 14, 141, 74, 121, 61, 43, 8, 121, 170),
    (96, 160, 77, 3, 189, 155, 63, 186, 158, 186, 169, 167, 64, 100, 173, 126, 118, 127, 174, 0, 194, 63, 31, 187, 127, 179, 137, 147, 182, 199, 157, 72, 57, 10, 121, 178, 26, 64, 47, 57),
    (97, 78, 146, 113, 140, 187, 44, 72, 44, 38, 9, 184, 4, 175, 2, 75, 24, 151, 19, 51, 167, 173, 148, 56, 135, 65, 57, 99, 132, 91, 104, 34, 89, 32, 33, 181, 164, 40, 163, 30),
    (98, 172, 47, 139, 104, 154, 49, 87, 78, 154, 38, 158, 133, 99, 18, 13, 138, 63, 191, 64, 96, 171, 13, 118, 181, 4, 11, 81, 33, 78, 67, 184, 77, 55, 181, 158, 7, 70, 158, 97),
    (99, 143, 80, 70, 4, 197, 196, 40, 135, 126, 192, 141, 73, 64, 95, 180, 21, 45, 129, 125, 15, 25, 48, 152, 37, 117, 143, 135, 175, 39, 155, 107, 113, 36, 84, 143, 144, 126, 153, 19),
    (100, 112, 30, 79, 146, 65, 144, 63, 53, 186, 87, 165, 117, 176, 178, 92, 105, 125, 35, 99, 123, 50, 139, 166, 149, 78, 132, 145, 45, 90, 36, 117, 6, 35, 170, 129, 90, 117, 195, 41),
    (101, 56, 80, 19, 72, 61, 42, 176, 169, 193, 177, 53, 85, 186, 19, 125, 188, 24, 163, 98, 14, 20, 4, 82, 195, 70, 63, 46, 120, 51, 53, 90, 78, 26, 149, 119, 43, 31, 112, 126),
    (102, 13, 34, 114, 46, 2, 160, 22, 87, 128, 154, 79, 174, 42, 143, 69, 37, 199, 145, 143, 110, 22, 190, 172, 133, 8, 11, 104, 179, 180, 195, 40, 34, 82, 65, 181, 58, 15, 27, 43),
    (103, 82, 29, 38, 188, 137, 41, 194, 197, 34, 65, 160, 132, 49, 78, 137, 38, 131, 38, 193, 65, 34, 106, 147, 123, 12, 19, 61, 26, 14, 75, 113, 14, 199, 146, 94, 107, 103, 41, 25),
    (104, 64, 164, 92, 193, 91, 162, 150, 56, 92, 105, 158, 110, 172, 69, 48, 122, 193, 17, 6, 50, 153, 94, 45, 127, 63, 138, 67, 142, 193, 158, 37, 148, 162, 103, 111, 150, 114, 24, 12),
    (105, 55, 169, 155, 172, 162, 55, 34, 165, 148, 11, 78, 59, 25, 114, 197, 136, 54, 148, 155, 48, 40, 49, 48, 104, 97, 143, 114, 99, 80, 50, 35, 116, 91, 66, 168, 199, 134, 104, 85),
    (106, 59, 82, 31, 114, 79, 33, 13, 141, 59, 83, 154, 11, 134, 64, 52, 145, 134, 69, 151, 183, 154, 66, 1, 70, 48, 159, 2, 61, 65, 106, 77, 10, 46, 163, 104, 6, 61, 6, 139),
    (107, 55, 13, 88, 194, 92, 58, 25, 172, 14, 94, 117, 117, 68, 186, 135, 125, 167, 99, 159, 143, 176, 77, 123, 16, 65, 192, 45, 150, 30, 31, 35, 69, 123, 47, 83, 114, 73, 185, 41),
    (108, 179, 127, 167, 198, 146, 156, 138, 83, 5, 198, 160, 1, 85, 190, 64, 28, 102, 45, 164, 20, 3, 102, 60, 177, 125, 0, 83, 18, 187, 71, 93, 189, 24, 80, 65, 184, 96, 177, 197),
    (109, 154, 187, 52, 124, 189, 91, 185, 33, 92, 27, 91, 96, 40, 162, 174, 125, 157, 106, 133, 142, 32, 113, 171, 185, 61, 91, 93, 84, 4, 105, 109, 54, 131, 109, 132, 84, 154, 92, 33),
    (110, 33, 125, 79, 44, 68, 127, 122, 131, 129, 63, 143, 66, 98, 8, 9, 51, 90, 126, 134, 160, 142, 12, 80, 88, 38, 109, 70, 10, 55, 194, 24, 0, 120, 133, 91, 65, 197, 15, 167),
    (111, 148, 15, 127, 66, 138, 49, 26, 57, 153, 72, 115, 115, 147, 106, 157, 71, 78, 170, 198, 30, 78, 35, 39, 62, 27, 167, 136, 119, 13, 188, 145, 97, 26, 182, 32, 96, 79, 5, 44),
    (112, 2, 34, 88, 144, 192, 37, 72, 174, 84, 49, 150, 141, 187, 105, 199, 111, 120, 188, 0, 63, 131, 23, 54, 168, 11, 151, 41, 180, 149, 118, 136, 76, 79, 119, 104, 124, 139, 63, 84),
    (113, 63, 194, 44, 89, 131, 148, 16, 102, 6, 20, 71, 112, 77, 69, 188, 21, 155, 126, 107, 193, 47, 39, 12, 95, 76, 28, 6, 56, 48, 44, 139, 80, 88, 184, 100, 39, 181, 50, 100),
    (114, 123, 141, 186, 72, 142, 35, 188, 180, 115, 184, 1, 126, 187, 195, 59, 114, 82, 105, 136, 163, 59, 123, 13, 90, 84, 46, 45, 12, 145, 189, 70, 5, 129, 9, 186, 11, 64, 174, 114),
    (115, 17, 88, 125, 66, 139, 169, 2, 128, 149, 23, 128, 169, 172, 97, 197, 123, 21, 55, 82, 64, 1, 150, 13, 69, 87, 9, 154, 72, 23, 180, 90, 22, 188, 47, 86, 190, 51, 143, 108),
    (116, 27, 115, 55, 164, 100, 158, 56, 148, 153, 132, 131, 151, 96, 83, 133, 115, 188, 83, 79, 144, 60, 138, 70, 35, 104, 67, 159, 169, 8, 114, 23, 52, 93, 167, 80, 57, 156, 52, 124),
    (117, 178, 188, 161, 121, 126, 55, 173, 144, 138, 45, 32, 124, 143, 11, 36, 119, 113, 56, 144, 2, 135, 170, 163, 58, 42, 57, 154, 74, 30, 30, 187, 170, 119, 102, 50, 159, 124, 14, 74),
    (118, 182, 132, 90, 60, 174, 23, 171, 41, 22, 12, 117, 175, 71, 83, 4, 159, 135, 194, 118, 76, 130, 133, 135, 176, 149, 76, 105, 173, 41, 72, 46, 9, 131, 10, 193, 78, 148, 145, 49),
    (119, 129, 193, 180, 136, 39, 146, 44, 46, 181, 5, 151, 145, 82, 131, 9, 160, 112, 172, 130, 60, 11, 147, 160, 168, 189, 58, 97, 125, 66, 60, 11, 163, 55, 178, 77, 179, 175, 178, 122),
    (120, 134, 153, 50, 134, 120, 98, 149, 151, 40, 62, 78, 18, 72, 129, 132, 152, 165, 52, 193, 96, 86, 161, 71, 159, 188, 119, 52, 116, 120, 181, 73, 137, 49, 121, 107, 197, 60, 43, 194),
    (121, 160, 82, 135, 83, 185, 197, 189, 49, 116, 106, 4, 188, 25, 28, 74, 43, 90, 97, 164, 26, 68, 99, 37, 152, 107, 156, 15, 128, 148, 105, 72, 148, 179, 109, 90, 126, 39, 180, 31),
    (122, 194, 94, 168, 191, 188, 109, 3, 31, 100, 31, 50, 87, 86, 179, 111, 27, 54, 129, 49, 86, 106, 88, 21, 130, 4, 59, 199, 48, 95, 40, 133, 145, 57, 56, 148, 138, 122, 101, 140),
    (123, 127, 140, 81, 63, 12, 193, 68, 136, 179, 175, 58, 145, 135, 123, 170, 91, 184, 62, 97, 38, 2, 68, 76, 183, 120, 57, 37, 191, 35, 62, 127, 22, 141, 168, 128, 11, 15, 165, 61),
    (124, 120, 140, 38, 19, 18, 123, 72, 80, 23, 163, 34, 117, 73, 47, 139, 46, 21, 24, 6, 19, 171, 58, 59, 92, 86, 156, 49, 78, 91, 132, 98, 37, 51, 73, 164, 41, 40, 100, 90),
    (125, 187, 73, 20, 28, 167, 172, 185, 125, 24, 199, 129, 171, 12, 197, 55, 73, 102, 141, 127, 13, 32, 116, 0, 112, 97, 88, 108, 20, 75, 116, 166, 33, 84, 102, 150, 39, 66, 60, 112),
    (126, 169, 64, 135, 171, 144, 30, 43, 128, 110, 60, 172, 45, 156, 12, 102, 181, 95, 113, 159, 123, 43, 86, 93, 195, 165, 66, 80, 85, 108, 120, 153, 196, 186, 36, 30, 88, 138, 14, 10),
    (127, 18, 195, 148, 99, 183, 59, 176, 74, 99, 160, 6, 161, 164, 61, 191, 0, 184, 20, 79, 84, 72, 175, 161, 13, 12, 172, 170, 93, 155, 156, 142, 180, 169, 125, 68, 152, 7, 177, 130),
    (128, 26, 15, 71, 114, 75, 12, 131, 32, 25, 83, 173, 9, 130, 154, 13, 140, 61, 53, 185, 30, 111, 91, 170, 173, 121, 10, 144, 82, 156, 5, 153, 30, 148, 15, 152, 74, 41, 176, 185),
    (129, 182, 171, 65, 26, 109, 133, 154, 49, 177, 7, 129, 109, 190, 7, 123, 142, 192, 100, 19, 68, 182, 193, 171, 63, 105, 131, 155, 78, 15, 110, 55, 117, 18, 85, 96, 76, 178, 190, 64),
    (130, 170, 189, 137, 127, 120, 137, 50, 75, 38, 4, 173, 36, 87, 106, 71, 92, 92, 145, 142, 171, 101, 76, 33, 54, 24, 30, 164, 125, 95, 90, 45, 91, 81, 119, 126, 113, 124, 184, 153),
    (131, 128, 3, 79, 81, 65, 1, 155, 160, 157, 136, 198, 181, 141, 4, 52, 160, 98, 177, 114, 20, 116, 30, 51, 142, 75, 117, 119, 41, 38, 18, 40, 42, 164, 88, 186, 3, 181, 130, 36),
    (132, 85, 77, 38, 26, 145, 101, 20, 8, 134, 159, 39, 10, 45, 144, 102, 155, 186, 112, 165, 198, 84, 110, 110, 106, 44, 43, 3, 183, 53, 140, 104, 62, 189, 158, 135, 68, 143, 101, 141),
    (133, 33, 176, 128, 164, 186, 38, 167, 122, 103, 37, 180, 62, 98, 73, 18, 114, 91, 191, 20, 44, 79, 124, 14, 95, 191, 39, 65, 173, 18, 94, 115, 168, 163, 65, 71, 108, 151, 54, 196),
    (134, 159, 31, 102, 149, 56, 109, 163, 33, 188, 7, 38, 68, 190, 41, 103, 21, 123, 195, 49, 174, 110, 3, 194, 52, 127, 66, 40, 65, 65, 79, 188, 110, 143, 119, 13, 91, 166, 120, 109),
    (135, 188, 166, 122, 112, 155, 134, 185, 110, 147, 52, 41, 25, 67, 133, 14, 7, 131, 15, 148, 126, 180, 151, 176, 0, 83, 106, 71, 95, 113, 146, 125, 127, 12, 26, 14, 28, 50, 13, 29),
    (136, 44, 44, 87, 26, 41, 2, 154, 48, 165, 113, 69, 30, 94, 189, 111, 136, 102, 45, 51, 120, 50, 21, 148, 123, 83, 173, 100, 148, 3, 177, 175, 173, 195, 107, 120, 181, 141, 95, 157),
    (137, 5, 55, 91, 37, 18, 99, 91, 56, 182, 171, 187, 195, 111, 106, 150, 6, 144, 88, 172, 84, 83, 117, 174, 59, 179, 25, 191, 46, 94, 0, 62, 69, 38, 86, 60, 94, 103, 14, 198),
    (138, 16, 42, 113, 152, 78, 125, 123, 80, 161, 4, 75, 147, 148, 70, 189, 127, 183, 178, 178, 110, 193, 2, 55, 117, 169, 134, 14, 32, 166, 193, 136, 59, 153, 140, 179, 111, 44, 174, 109),
    (139, 15, 136, 157, 4, 5, 44, 25, 32, 29, 148, 154, 154, 179, 186, 50, 50, 184, 172, 72, 194, 76, 49, 71, 161, 124, 83, 14, 180, 124, 6, 96, 12, 42, 85, 120, 138, 42, 37, 66),
    (140, 24, 45, 118, 188, 126, 30, 104, 113, 117, 137, 88, 12, 148, 191, 158, 81, 79, 76, 24, 67, 10, 120, 189, 120, 59, 196, 65, 195, 50, 121, 170, 31, 2, 147, 22, 3, 61, 126, 55),
    (141, 182, 71, 81, 179, 177, 153, 139, 118, 182, 81, 137, 57, 194, 33, 147, 52, 135, 72, 86, 125, 64, 176, 156, 77, 44, 99, 51, 6, 128, 96, 108, 67, 94, 125, 172, 41, 154, 122, 137),
    (142, 64, 192, 129, 196, 129, 183, 113, 127, 88, 145, 197, 115, 167, 86, 28, 199, 157, 113, 115, 97, 67, 178, 167, 119, 131, 31, 160, 32, 42, 107, 154, 51, 88, 162, 97, 78, 121, 118, 115),
    (143, 125, 91, 161, 166, 118, 113, 181, 68, 43, 43, 153, 145, 36, 165, 66, 131, 163, 106, 87, 157, 45, 193, 198, 82, 17, 172, 154, 1, 96, 117, 92, 141, 144, 37, 179, 66, 46, 119, 1),
    (144, 95, 102, 168, 49, 169, 76, 157, 25, 85, 58, 132, 158, 77, 26, 164, 29, 174, 171, 35, 175, 84, 54, 59, 84, 45, 39, 2, 134, 47, 75, 106, 39, 111, 26, 86, 79, 110, 107, 83),
    (145, 24, 95, 126, 116, 131, 151, 8, 144, 0, 61, 42, 21, 155, 0, 164, 139, 141, 199, 96, 152, 193, 96, 153, 145, 42, 2, 112, 199, 43, 87, 118, 61, 112, 36, 54, 32, 159, 108, 165),
    (146, 2, 175, 6, 185, 131, 161, 125, 132, 147, 35, 33, 76, 78, 50, 135, 46, 131, 96, 46, 19, 60, 174, 100, 183, 182, 93, 108, 29, 126, 83, 135, 183, 44, 73, 31, 158, 96, 29, 29),
    (147, 68, 66, 88, 23, 131, 8, 54, 104, 198, 168, 197, 29, 169, 131, 178, 151, 25, 100, 60, 170, 88, 92, 77, 143, 34, 39, 45, 46, 62, 130, 148, 57, 54, 175, 96, 172, 123, 58, 196),
    (148, 28, 44, 47, 87, 37, 124, 7, 129, 169, 49, 126, 107, 115, 199, 57, 139, 167, 67, 170, 49, 107, 76, 131, 62, 183, 85, 41, 43, 50, 108, 128, 173, 132, 155, 107, 162, 10, 23, 36),
    (149, 36, 75, 1, 192, 151, 133, 134, 79, 187, 196, 49, 1, 14, 129, 195, 31, 126, 74, 133, 65, 155, 136, 35, 14, 114, 95, 189, 169, 23, 32, 180, 70, 113, 50, 6, 180, 169, 83, 117),
    (150, 103, 161, 189, 197, 18, 96, 148, 47, 161, 97, 157, 32, 179, 193, 97, 60, 95, 123, 26, 73, 31, 148, 3, 57, 72, 162, 177, 174, 36, 19, 114, 139, 42, 14, 30, 21, 65, 27, 1),
    (151, 193, 175, 125, 145, 37, 128, 118, 66, 127, 121, 43, 123, 22, 8, 155, 100, 35, 159, 159, 163, 148, 44, 105, 160, 125, 174, 64, 27, 106, 187, 21, 162, 44, 88, 21, 195, 134, 147, 191),
    (152, 169, 153, 53, 104, 111, 117, 174, 161, 127, 47, 2, 122, 161, 138, 31, 97, 2, 141, 120, 77, 0, 97, 79, 90, 168, 82, 124, 119, 97, 16, 176, 101, 11, 0, 23, 171, 29, 106, 178),
    (153, 76, 109, 198, 190, 63, 190, 143, 28, 139, 119, 140, 65, 37, 179, 199, 8, 14, 55, 159, 5, 188, 133, 37, 191, 143, 39, 112, 71, 16, 95, 48, 126, 36, 114, 127, 0, 183, 155, 4),
    (154, 37, 39, 64, 178, 53, 155, 135, 184, 39, 183, 118, 155, 185, 7, 108, 124, 13, 42, 151, 194, 137, 73, 152, 41, 9, 140, 30, 69, 191, 162, 72, 178, 61, 56, 150, 187, 113, 69, 37),
    (155, 101, 191, 133, 127, 97, 37, 59, 51, 85, 32, 157, 151, 13, 192, 197, 155, 185, 115, 65, 134, 170, 56, 14, 40, 135, 198, 177, 12, 160, 199, 191, 162, 159, 159, 4, 93, 29, 86, 131),
    (156, 166, 29, 138, 147, 169, 126, 20, 46, 59, 93, 101, 101, 119, 55, 65, 8, 71, 187, 103, 135, 167, 178, 153, 170, 127, 30, 154, 171, 107, 134, 199, 113, 56, 110, 14, 24, 162, 184, 100),
    (157, 122, 50, 107, 148, 17, 68, 19, 170, 90, 192, 73, 17, 102, 90, 1, 87, 72, 78, 57, 134, 25, 105, 35, 148, 79, 143, 58, 106, 12, 111, 154, 140, 71, 42, 145, 115, 171, 49, 137),
    (158, 189, 170, 160, 113, 135, 45, 160, 26, 65, 97, 43, 72, 4, 14, 121, 64, 19, 43, 72, 174, 110, 156, 123, 55, 160, 157, 111, 175, 116, 193, 175, 183, 94, 152, 63, 176, 133, 8, 26),
    (159, 144, 186, 21, 105, 117, 96, 99, 142, 69, 68, 91, 131, 48, 97, 46, 88, 180, 103, 195, 90, 17, 108, 174, 138, 73, 155, 176, 183, 123, 49, 50, 76, 34, 104, 170, 78, 52, 80, 86),
    (160, 111, 16, 8, 53, 62, 12, 167, 151, 41, 175, 97, 123, 27, 128, 151, 145, 158, 185, 58, 40, 52, 115, 102, 28, 169, 187, 66, 191, 28, 198, 70, 94, 83, 162, 163, 70, 146, 97, 86),
    (161, 11, 139, 51, 185, 81, 97, 58, 88, 20, 52, 48, 54, 199, 81, 49, 155, 46, 6, 157, 91, 127, 135, 21, 8, 8, 146, 19, 43, 167, 121, 47, 130, 115, 83, 81, 38, 86, 64, 116),
    (162, 176, 83, 135, 32, 165, 98, 192, 48, 77, 118, 122, 77, 146, 4, 163, 133, 158, 135, 63, 118, 95, 28, 100, 27, 7, 103, 159, 191, 99, 80, 24, 67, 7, 95, 114, 180, 40, 165, 97),
    (163, 115, 160, 188, 175, 70, 109, 181, 87, 145, 180, 83, 75, 100, 27, 137, 86, 185, 88, 8, 144, 97, 54, 163, 111, 194, 140, 67, 68, 68, 137, 35, 68, 18, 160, 197, 96, 132, 74, 91),
    (164, 38, 21, 155, 177, 67, 127, 116, 5, 162, 122, 117, 81, 154, 27, 58, 11, 67, 150, 168, 61, 145, 17, 79, 128, 50, 196, 80, 55, 75, 145, 40, 125, 48, 195, 95, 157, 190, 110, 140),
    (165, 120, 138, 135, 12, 168, 56, 97, 164, 91, 125, 191, 76, 72, 171, 21, 29, 192, 59, 110, 92, 168, 114, 26, 197, 82, 148, 34, 21, 103, 72, 110, 98, 117, 6, 140, 51, 102, 176, 154),
    (166, 182, 175, 144, 175, 107, 63, 82, 40, 145, 48, 95, 0, 171, 97, 39, 73, 184, 38, 76, 111, 174, 150, 55, 185, 99, 176, 155, 185, 15, 30, 32, 133, 127, 72, 31, 74, 14, 118, 110),
    (167, 163, 135, 47, 183, 101, 116, 133, 56, 91, 57, 80, 14, 172, 197, 76, 20, 74, 69, 92, 132, 171, 196, 64, 122, 61, 38, 56, 26, 164, 12, 128, 140, 6, 193, 103, 21, 118, 94, 107),
    (168, 133, 13, 125, 116, 139, 144, 65, 47, 34, 17, 35, 110, 25, 148, 10, 4, 25, 4, 66, 141, 116, 35, 70, 23, 171, 75, 78, 181, 159, 85, 14, 128, 175, 119, 5, 35, 122, 84, 35),
    (169, 9, 132, 115, 149, 93, 170, 65, 8, 134, 179, 115, 96, 87, 99, 31, 171, 113, 187, 132, 66, 180, 22, 39, 121, 161, 120, 174, 50, 22, 99, 29, 59, 29, 174, 177, 198, 194, 25, 14),
    (170, 190, 17, 65, 3, 93, 89, 106, 109, 11, 15, 37, 79, 73, 33, 195, 105, 131, 14, 32, 84, 54, 127, 134, 164, 142, 156, 65, 62, 148, 120, 18, 187, 33, 119, 30, 100, 4, 5, 71),
    (171, 168, 120, 10, 137, 99, 49, 183, 158, 58, 194, 110, 141, 78, 70, 118, 10, 28, 109, 76, 50, 11, 144, 32, 24, 135, 30, 76, 156, 41, 20, 180, 138, 169, 10, 177, 67, 196, 185, 171),
    (172, 70, 42, 185, 115, 1, 141, 121, 26, 53, 165, 45, 178, 70, 188, 63, 83, 59, 149, 4, 35, 71, 5, 93, 25, 14, 147, 79, 137, 66, 89, 187, 167, 181, 68, 191, 2, 148, 197, 165),
    (173, 97, 178, 32, 131, 183, 154, 25, 119, 179, 157, 129, 45, 42, 108, 157, 74, 117, 14, 76, 169, 132, 132, 89, 42, 196, 131, 32, 93, 65, 64, 116, 27, 67, 3, 136, 2, 173, 164, 139),
    (174, 147, 16, 56, 7, 115, 96, 122, 199, 116, 10, 51, 136, 193, 9, 47, 159, 128, 107, 123, 67, 34, 57, 137, 154, 142, 146, 117, 57, 79, 39, 51, 110, 43, 96, 55, 178, 160, 80, 13),
    (175, 38, 63, 133, 93, 178, 181, 175, 195, 80, 165, 123, 188, 4, 12, 41, 74, 69, 183, 198, 69, 24, 170, 146, 164, 64, 94, 95, 51, 137, 44, 99, 33, 34, 185, 101, 45, 174, 78, 124),
    (176, 157, 43, 116, 66, 192, 89, 135, 151, 179, 140, 108, 19, 11, 24, 186, 127, 67, 164, 22, 12, 10, 54, 169, 18, 54, 164, 187, 176, 159, 72, 8, 148, 21, 131, 188, 162, 24, 90, 126),
    (177, 68, 107, 141, 59, 0, 73, 76, 113, 95, 99, 38, 123, 1, 183, 154, 114, 190, 78, 90, 78, 162, 73, 58, 10, 124, 137, 26, 75, 141, 127, 100, 68, 125, 127, 131, 34, 170, 34, 163),
    (178, 105, 74, 67, 185, 196, 78, 198, 165, 138, 162, 123, 58, 106, 3, 56, 169, 115, 52, 127, 102, 83, 171, 178, 75, 167, 37, 54, 106, 99, 186, 37, 17, 164, 182, 195, 52, 150, 198, 108),
    (179, 40, 121, 101, 117, 193, 99, 39, 41, 176, 165, 43, 43, 110, 172, 152, 109, 52, 157, 163, 122, 69, 136, 3, 164, 117, 148, 52, 1, 22, 57, 192, 65, 80, 8, 82, 39, 191, 44, 106),
    (180, 119, 139, 37, 140, 147, 1, 134, 195, 1, 47, 96, 23, 165, 7, 138, 2, 52, 155, 31, 131, 50, 29, 138, 29, 107, 173, 122, 141, 112, 106, 129, 72, 195, 126, 48, 72, 183, 20, 129),
    (181, 156, 103, 117, 168, 112, 112, 167, 48, 83, 156, 21, 13, 17, 147, 73, 37, 115, 34, 199, 155, 159, 79, 154, 61, 80, 64, 124, 9, 171, 157, 195, 36, 190, 31, 167, 193, 171, 133, 98),
    (182, 72, 131, 28, 57, 23, 191, 81, 181, 81, 149, 117, 104, 70, 43, 21, 39, 195, 138, 59, 135, 88, 166, 195, 18, 57, 106, 188, 78, 10, 134, 76, 34, 87, 20, 52, 110, 42, 147, 197),
    (183, 185, 175, 80, 0, 25, 123, 156, 20, 169, 18, 57, 52, 116, 78, 105, 118, 81, 158, 45, 44, 35, 13, 31, 183, 144, 35, 199, 172, 7, 73, 25, 110, 148, 60, 199, 196, 6, 48, 79),
    (184, 194, 126, 93, 127, 157, 39, 129, 155, 57, 38, 46, 24, 109, 134, 73, 25, 105, 32, 39, 119, 80, 111, 176, 6, 41, 187, 44, 35, 153, 64, 155, 101, 139, 198, 174, 35, 124, 3, 131),
    (185, 192, 84, 119, 187, 88, 126, 0, 15, 167, 124, 80, 148, 65, 174, 164, 180, 10, 146, 108, 45, 168, 184, 53, 162, 132, 16, 155, 7, 123, 3, 97, 123, 43, 33, 121, 95, 69, 3, 96),
    (186, 41, 117, 71, 125, 86, 124, 189, 80, 37, 50, 121, 185, 3, 15, 72, 127, 52, 71, 23, 86, 185, 56, 187, 161, 192, 139, 151, 106, 31, 156, 133, 5, 49, 71, 92, 68, 5, 179, 153),
    (187, 173, 7, 154, 185, 110, 174, 56, 145, 179, 109, 65, 65, 164, 33, 194, 26, 180, 65, 12, 117, 94, 68, 137, 145, 20, 48, 159, 23, 22, 48, 71, 171, 190, 135, 5, 161, 161, 5, 112),
    (188, 6, 43, 98, 123, 176, 65, 126, 66, 133, 102, 176, 5, 137, 160, 96, 80, 37, 70, 61, 113, 133, 56, 179, 42, 16, 72, 94, 64, 150, 196, 14, 188, 157, 102, 197, 59, 70, 165, 67),
    (189, 145, 54, 129, 134, 152, 190, 149, 125, 199, 136, 154, 124, 12, 162, 27, 134, 76, 173, 74, 125, 80, 186, 7, 149, 55, 20, 98, 94, 113, 155, 16, 174, 44, 165, 4, 191, 147, 24, 71),
    (190, 168, 39, 108, 32, 172, 62, 189, 96, 63, 170, 88, 41, 99, 182, 70, 131, 88, 38, 157, 143, 149, 157, 193, 25, 96, 61, 183, 54, 184, 151, 64, 96, 59, 89, 127, 162, 10, 133, 156),
    (191, 5, 130, 24, 92, 73, 132, 110, 34, 118, 57, 172, 13, 16, 68, 43, 31, 151, 20, 138, 67, 112, 11, 197, 15, 32, 157, 167, 28, 143, 126, 6, 161, 1, 43, 31, 83, 65, 91, 75),
    (192, 39, 127, 39, 136, 109, 4, 36, 68, 146, 48, 160, 119, 197, 188, 167, 188, 108, 157, 42, 130, 155, 124, 8, 192, 166, 14, 137, 175, 130, 48, 2, 147, 124, 143, 25, 32, 198, 10, 177),
    (193, 187, 5, 53, 63, 54, 119, 59, 76, 60, 115, 101, 27, 117, 111, 40, 89, 69, 0, 176, 163, 186, 146, 42, 170, 154, 82, 173, 133, 172, 170, 129, 103, 114, 116, 43, 176, 58, 64, 13),
    (194, 55, 155, 43, 63, 197, 11, 172, 12, 30, 69, 167, 91, 196, 157, 159, 99, 62, 166, 160, 156, 28, 128, 172, 10, 93, 43, 118, 17, 121, 60, 187, 76, 79, 2, 45, 2, 140, 158, 5),
    (195, 21, 171, 89, 49, 77, 151, 110, 25, 32, 62, 29, 102, 118, 14, 20, 161, 135, 105, 34, 191, 102, 132, 85, 102, 165, 68, 72, 198, 50, 141, 186, 181, 73, 143, 108, 29, 106, 57, 196),
    (196, 12, 59, 169, 79, 145, 124, 19, 160, 56, 26, 54, 115, 180, 28, 62, 186, 110, 91, 186, 168, 180, 55, 182, 24, 31, 23, 154, 105, 123, 64, 59, 122, 82, 170, 154, 109, 31, 19, 101),
    (197, 71, 194, 66, 85, 117, 111, 50, 158, 0, 106, 192, 152, 78, 9, 187, 115, 154, 183, 21, 20, 107, 32, 97, 52, 198, 75, 93, 119, 177, 73, 23, 185, 142, 50, 68, 132, 138, 101, 108),
    (198, 165, 126, 106, 54, 62, 7, 99, 95, 2, 50, 3, 108, 53, 151, 102, 96, 73, 127, 165, 83, 9, 102, 51, 181, 47, 132, 102, 83, 122, 120, 165, 132, 117, 131, 110, 198, 107, 67, 106),
    (199, 160, 9, 41, 88, 157, 24, 190, 123, 180, 73, 167, 64, 76, 187, 63, 141, 95, 70, 39, 113, 111, 95, 112, 16, 116, 8, 161, 78, 80, 135, 140, 147, 187, 9, 109, 179, 177, 177, 186);

INSERT INTO T4 (pk, t1, t2, t3, t5, t6, t7, t8, t9, t10, t11, t12, t13, t14, t15, t16, t17, t18, t19, t20, t21, t22, t23, t24, t25, t26, t27, t28, t29, t30, t31, t32, t33, t34, t35, t36, t37, t38, t39, t40)
VALUES
    (0, 90, 22, 123, 181, 112, 3, 164, 179, 155, 135, 47, 27, 198, 64, 18, 37, 23, 30, 119, 92, 108, 161, 42, 192, 143, 119, 164, 68, 169, 182, 70, 93, 55, 94, 59, 71, 116, 38, 110),
    (1, 104, 175, 129, 109, 82, 107, 55, 25, 127, 90, 60, 7, 91, 15, 148, 74, 143, 184, 42, 45, 166, 37, 126, 168, 84, 176, 194, 112, 38, 180, 186, 142, 33, 41, 52, 137, 35, 105, 122),
    (2, 166, 114, 190, 31, 84, 136, 19, 82, 129, 26, 16, 165, 149, 91, 6, 182, 151, 7, 113, 90, 28, 108, 33, 6, 35, 14, 2, 14, 184, 62, 111, 47, 36, 80, 37, 76, 77, 56, 156),
    (3, 84, 13, 21, 123, 50, 47, 172, 81, 132, 60, 196, 89, 187, 195, 30, 169, 152, 144, 152, 130, 8, 35, 49, 27, 87, 61, 67, 171, 159, 126, 67, 113, 92, 25, 48, 79, 171, 138, 112),
    (4, 77, 164, 172, 95, 16, 139, 20, 130, 132, 158, 123, 43, 160, 160, 55, 85, 21, 198, 95, 21, 134, 108, 4, 84, 124, 79, 160, 62, 180, 174, 67, 48, 3, 141, 143, 126, 121, 72, 97),
    (5, 35, 68, 71, 135, 130, 167, 22, 96, 54, 145, 120, 99, 23, 190, 22, 159, 186, 10, 70, 79, 20, 101, 89, 151, 160, 115, 17, 4, 54, 138, 117, 2, 159, 186, 135, 136, 72, 81, 164),
    (6, 127, 192, 169, 9, 116, 199, 8, 35, 162, 75, 99, 195, 152, 12, 139, 109, 140, 85, 129, 152, 189, 94, 4, 109, 184, 41, 101, 33, 60, 18, 149, 154, 7, 93, 98, 112, 22, 149, 101),
    (7, 191, 139, 85, 165, 108, 13, 88, 181, 174, 25, 9, 141, 125, 172, 36, 1, 51, 159, 181, 16, 26, 112, 52, 9, 115, 40, 196, 110, 149, 194, 137, 18, 55, 3, 99, 90, 173, 85, 141),
    (8, 95, 42, 120, 49, 20, 57, 71, 117, 190, 31, 106, 165, 176, 130, 46, 79, 2, 197, 55, 168, 36, 24, 3, 15, 67, 112, 114, 65, 157, 98, 123, 67, 29, 198, 175, 178, 24, 18, 193),
    (9, 167, 105, 177, 103, 130, 103, 124, 96, 175, 65, 163, 109, 49, 109, 126, 116, 5, 154, 153, 118, 135, 50, 195, 193, 99, 58, 134, 74, 67, 90, 71, 111, 54, 187, 112, 156, 31, 98, 110),
    (10, 196, 71, 150, 189, 134, 185, 110, 142, 111, 178, 115, 26, 82, 111, 174, 185, 80, 15, 125, 12, 151, 125, 35, 105, 36, 98, 83, 108, 59, 119, 15, 25, 5, 59, 94, 158, 126, 128, 129),
    (11, 148, 173, 61, 151, 0, 143, 45, 40, 112, 171, 148, 19, 77, 2, 156, 182, 139, 183, 191, 70, 197, 161, 130, 14, 181, 102, 79, 78, 113, 47, 46, 18, 188, 120, 126, 30, 159, 97, 3),
    (12, 4, 188, 174, 21, 135, 77, 2, 100, 99, 168, 147, 91, 151, 61, 56, 83, 93, 82, 73, 172, 7, 15, 95, 159, 53, 151, 159, 82, 126, 163, 106, 152, 73, 148, 197, 76, 124, 104, 61),
    (13, 99, 122, 54, 83, 53, 33, 171, 74, 170, 180, 116, 178, 120, 134, 168, 96, 120, 199, 129, 139, 154, 72, 81, 91, 176, 161, 18, 0, 107, 53, 38, 22, 131, 86, 30, 34, 39, 32, 73),
    (14, 2, 34, 100, 143, 181, 24, 92, 79, 31, 16, 72, 116, 32, 87, 15, 172, 121, 125, 162, 0, 6, 27, 176, 197, 0, 8, 85, 198, 77, 193, 99, 99, 181, 179, 39, 37, 66, 108, 36),
    (15, 61, 10, 93, 96, 93, 29, 133, 130, 71, 186, 79, 60, 140, 34, 171, 17, 149, 149, 107, 64, 150, 148, 62, 92, 195, 1, 113, 130, 106, 17, 64, 54, 187, 156, 50, 169, 188, 39, 120),
    (16, 27, 40, 82, 135, 93, 157, 153, 76, 180, 9, 197, 107, 135, 2, 164, 59, 52, 28, 189, 196, 53, 107, 48, 173, 187, 42, 193, 3, 62, 171, 88, 121, 114, 90, 124, 139, 66, 176, 138),
    (17, 180, 79, 131, 59, 128, 190, 61, 74, 62, 194, 127, 89, 58, 189, 183, 152, 89, 127, 72, 30, 151, 89, 34, 113, 3, 79, 158, 154, 37, 189, 109, 36, 15, 31, 114, 47, 82, 144, 95),
    (18, 158, 197, 41, 3, 143, 47, 83, 17, 130, 30, 51, 26, 153, 136, 0, 159, 32, 132, 37, 62, 193, 122, 162, 137, 54, 183, 152, 28, 184, 5, 189, 123, 149, 173, 22, 71, 45, 190, 157),
    (19, 165, 49, 65, 168, 145, 151, 40, 180, 68, 35, 70, 159, 94, 108, 194, 132, 138, 177, 31, 75, 34, 38, 70, 161, 190, 88, 1, 141, 190, 159, 50, 180, 82, 34, 158, 149, 155, 151, 23),
    (20, 164, 164, 38, 77, 17, 139, 43, 157, 99, 24, 131, 99, 65, 88, 31, 129, 164, 138, 42, 175, 3, 10, 165, 89, 101, 49, 34, 101, 85, 43, 52, 125, 169, 100, 160, 40, 91, 177, 28),
    (21, 0, 51, 62, 31, 122, 53, 17, 27, 151, 120, 153, 14, 67, 165, 133, 149, 166, 13, 68, 11, 168, 195, 117, 69, 2, 5, 69, 98, 48, 85, 94, 177, 156, 81, 88, 195, 139, 187, 21),
    (22, 185, 79, 142, 65, 64, 199, 126, 157, 111, 0, 148, 62, 53, 157, 141, 169, 191, 126, 81, 190, 159, 5, 117, 143, 143, 149, 169, 156, 25, 153, 92, 175, 43, 189, 161, 6, 32, 194, 147),
    (23, 117, 53, 146, 87, 137, 119, 47, 59, 30, 92, 126, 57, 128, 124, 193, 63, 63, 104, 49, 18, 150, 62, 98, 197, 168, 170, 25, 73, 147, 87, 89, 158, 134, 63, 53, 70, 168, 18, 149),
    (24, 123, 192, 85, 95, 49, 199, 73, 119, 54, 162, 170, 98, 118, 108, 102, 51, 15, 196, 144, 53, 29, 126, 95, 75, 155, 169, 77, 37, 60, 17, 7, 125, 25, 146, 8, 154, 0, 187, 178),
    (25, 136, 112, 49, 122, 2, 150, 137, 4, 0, 88, 135, 184, 42, 183, 75, 92, 182, 145, 36, 103, 65, 38, 126, 9, 7, 188, 88, 14, 155, 61, 10, 32, 113, 29, 192, 66, 157, 103, 122),
    (26, 4, 41, 163, 182, 83, 170, 124, 132, 53, 168, 48, 192, 199, 142, 162, 76, 146, 179, 197, 5, 25, 115, 29, 48, 140, 192, 139, 52, 84, 52, 65, 13, 114, 167, 175, 67, 161, 41, 178),
    (27, 142, 166, 104, 112, 100, 139, 58, 175, 48, 148, 55, 118, 128, 86, 84, 1, 98, 66, 194, 182, 43, 42, 177, 49, 86, 115, 137, 196, 102, 62, 90, 21, 31, 29, 144, 169, 191, 7, 108),
    (28, 15, 59, 85, 83, 66, 98, 28, 188, 179, 96, 176, 38, 119, 72, 16, 188, 10, 45, 179, 155, 118, 94, 50, 56, 17, 180, 72, 175, 58, 123, 34, 108, 29, 41, 40, 191, 39, 96, 96),
    (29, 184, 163, 149, 5, 172, 60, 174, 100, 182, 181, 153, 86, 109, 154, 133, 189, 153, 197, 13, 155, 74, 181, 130, 0, 156, 94, 69, 75, 101, 199, 143, 100, 45, 22, 0, 90, 22, 70, 89),
    (30, 133, 23, 115, 137, 175, 79, 49, 52, 164, 24, 180, 172, 182, 81, 163, 9, 179, 180, 101, 152, 124, 174, 94, 26, 108, 20, 0, 15, 102, 25, 40, 110, 195, 157, 84, 84, 102, 101, 20),
    (31, 191, 14, 148, 168, 128, 18, 109, 35, 146, 130, 34, 26, 125, 175, 79, 37, 147, 148, 179, 24, 199, 143, 108, 44, 164, 18, 21, 173, 13, 52, 176, 84, 78, 6, 172, 93, 114, 41, 58),
    (32, 50, 183, 91, 13, 180, 60, 143, 199, 138, 183, 140, 26, 107, 91, 93, 49, 131, 35, 177, 78, 142, 41, 136, 4, 0, 59, 11, 42, 5, 137, 140, 48, 172, 157, 8, 64, 95, 100, 6),
    (33, 32, 123, 132, 185, 89, 187, 193, 173, 16, 106, 19, 174, 28, 59, 51, 178, 13, 96, 80, 169, 190, 32, 79, 80, 160, 119, 133, 51, 90, 186, 159, 145, 32, 154, 152, 87, 26, 171, 97),
    (34, 17, 22, 59, 119, 151, 176, 74, 111, 58, 21, 172, 196, 21, 129, 78, 183, 44, 162, 170, 53, 147, 175, 29, 124, 49, 140, 125, 60, 89, 129, 7, 103, 37, 170, 92, 69, 119, 149, 11),
    (35, 164, 63, 4, 196, 132, 190, 196, 24, 1, 170, 104, 127, 36, 58, 83, 152, 133, 61, 74, 145, 82, 159, 107, 12, 32, 58, 137, 169, 151, 169, 4, 9, 62, 20, 107, 69, 32, 79, 137),
    (36, 82, 119, 46, 196, 117, 190, 74, 144, 146, 57, 2, 189, 142, 114, 196, 128, 192, 2, 134, 74, 143, 103, 177, 69, 84, 137, 133, 9, 25, 59, 23, 7, 108, 80, 42, 2, 137, 119, 171),
    (37, 174, 51, 161, 120, 185, 90, 102, 50, 117, 36, 37, 116, 38, 121, 16, 58, 7, 19, 31, 82, 110, 15, 167, 166, 163, 54, 126, 128, 39, 12, 65, 34, 115, 130, 24, 130, 70, 157, 140),
    (38, 113, 97, 47, 48, 32, 16, 153, 36, 22, 146, 20, 120, 151, 43, 42, 113, 65, 177, 125, 140, 128, 26, 157, 123, 50, 26, 152, 0, 22, 40, 63, 44, 193, 67, 64, 77, 196, 14, 174),
    (39, 48, 30, 86, 0, 119, 196, 79, 88, 70, 103, 47, 150, 49, 42, 65, 15, 29, 182, 152, 184, 122, 118, 1, 132, 19, 156, 135, 194, 179, 122, 1, 8, 92, 95, 71, 82, 28, 130, 169),
    (40, 89, 144, 68, 150, 93, 36, 185, 183, 3, 87, 119, 152, 123, 93, 146, 96, 51, 130, 197, 13, 145, 49, 114, 37, 76, 171, 150, 76, 156, 71, 6, 132, 145, 70, 133, 175, 134, 180, 90),
    (41, 109, 29, 97, 19, 196, 160, 17, 156, 150, 36, 173, 145, 87, 15, 15, 57, 18, 196, 41, 87, 114, 159, 23, 9, 192, 177, 105, 188, 196, 180, 124, 132, 101, 57, 140, 71, 167, 118, 102),
    (42, 78, 0, 14, 15, 81, 117, 81, 119, 160, 163, 161, 10, 151, 35, 171, 193, 49, 189, 114, 95, 34, 165, 121, 21, 25, 84, 172, 120, 82, 15, 6, 90, 49, 43, 135, 16, 80, 58, 32),
    (43, 0, 151, 91, 41, 183, 72, 9, 8, 13, 17, 197, 98, 46, 186, 170, 85, 135, 138, 154, 190, 4, 157, 85, 23, 123, 79, 29, 103, 133, 82, 41, 136, 52, 53, 17, 78, 62, 118, 50),
    (44, 64, 193, 38, 91, 25, 87, 62, 78, 56, 137, 102, 31, 122, 172, 136, 175, 150, 32, 105, 49, 101, 64, 55, 198, 163, 4, 194, 107, 173, 93, 137, 97, 122, 85, 171, 41, 34, 185, 64),
    (45, 171, 140, 159, 123, 80, 24, 178, 198, 22, 65, 15, 82, 130, 150, 158, 166, 160, 123, 126, 168, 160, 79, 125, 122, 16, 73, 108, 172, 176, 1, 48, 93, 52, 89, 1, 21, 68, 15, 49),
    (46, 95, 50, 189, 60, 109, 89, 8, 60, 10, 178, 175, 48, 125, 162, 13, 15, 150, 152, 122, 169, 115, 157, 109, 47, 147, 111, 174, 79, 170, 150, 143, 155, 83, 72, 148, 33, 119, 193, 10),
    (47, 179, 106, 150, 27, 178, 188, 115, 112, 4, 165, 148, 99, 67, 173, 122, 164, 110, 163, 5, 53, 69, 123, 19, 169, 45, 165, 131, 0, 119, 85, 126, 104, 24, 97, 82, 78, 72, 40, 162),
    (48, 139, 0, 78, 152, 180, 191, 176, 53, 169, 60, 85, 92, 10, 2, 129, 12, 144, 129, 123, 133, 67, 61, 136, 22, 42, 134, 44, 3, 125, 76, 66, 179, 128, 109, 143, 105, 66, 161, 80),
    (49, 0, 173, 76, 170, 59, 71, 193, 98, 156, 129, 59, 24, 150, 0, 21, 129, 72, 82, 39, 139, 102, 119, 147, 199, 87, 191, 160, 194, 186, 9, 6, 37, 61, 188, 94, 30, 111, 156, 188),
    (50, 197, 146, 54, 38, 196, 75, 42, 149, 168, 10, 20, 7, 64, 100, 48, 101, 115, 57, 55, 12, 116, 124, 146, 3, 10, 10, 190, 0, 90, 43, 111, 188, 158, 185, 194, 53, 84, 166, 0),
    (51, 106, 91, 175, 34, 192, 64, 45, 120, 90, 184, 39, 10, 142, 190, 88, 140, 105, 17, 115, 135, 5, 68, 151, 26, 39, 75, 82, 95, 185, 138, 75, 3, 58, 156, 191, 78, 165, 26, 137),
    (52, 7, 67, 94, 26, 138, 111, 145, 60, 170, 130, 129, 184, 64, 32, 128, 147, 14, 174, 163, 24, 186, 145, 64, 133, 74, 146, 128, 20, 90, 106, 56, 21, 144, 10, 189, 31, 158, 99, 122),
    (53, 74, 175, 119, 94, 78, 93, 41, 183, 45, 134, 44, 181, 198, 180, 87, 36, 180, 195, 172, 93, 199, 67, 120, 43, 36, 131, 139, 143, 169, 17, 195, 120, 127, 67, 138, 48, 162, 24, 108),
    (54, 63, 146, 118, 52, 162, 65, 76, 188, 80, 154, 116, 98, 127, 124, 33, 170, 153, 86, 14, 177, 63, 167, 170, 127, 165, 159, 85, 55, 121, 102, 14, 166, 22, 22, 193, 93, 99, 34, 75),
    (55, 165, 39, 88, 95, 155, 144, 157, 25, 101, 101, 120, 192, 16, 194, 27, 87, 55, 164, 90, 87, 49, 59, 52, 8, 150, 98, 5, 8, 81, 194, 163, 181, 4, 57, 44, 56, 18, 163, 112),
    (56, 104, 107, 113, 42, 35, 86, 14, 166, 195, 105, 171, 45, 170, 66, 188, 185, 16, 103, 98, 8, 195, 112, 97, 14, 26, 30, 140, 80, 75, 100, 15, 60, 39, 115, 65, 140, 24, 105, 199),
    (57, 62, 178, 157, 137, 44, 156, 145, 164, 66, 144, 78, 37, 106, 7, 163, 64, 169, 177, 172, 61, 93, 31, 138, 73, 110, 123, 86, 129, 126, 51, 139, 12, 29, 5, 134, 126, 87, 109, 165),
    (58, 116, 14, 30, 45, 129, 152, 135, 154, 170, 146, 172, 96, 48, 187, 65, 116, 119, 14, 147, 33, 34, 161, 73, 171, 59, 54, 98, 172, 182, 63, 161, 70, 153, 108, 37, 170, 40, 178, 186),
    (59, 4, 176, 86, 120, 195, 31, 66, 31, 132, 69, 61, 110, 81, 121, 95, 80, 120, 14, 56, 135, 48, 95, 151, 21, 38, 95, 68, 155, 57, 56, 108, 62, 191, 152, 127, 138, 184, 172, 11),
    (60, 80, 43, 15, 150, 39, 148, 8, 60, 10, 6, 167, 82, 3, 142, 66, 171, 162, 34, 74, 106, 130, 88, 76, 134, 99, 156, 66, 58, 66, 59, 150, 151, 130, 169, 129, 101, 164, 197, 47),
    (61, 106, 93, 85, 46, 105, 98, 56, 169, 7, 28, 9, 34, 142, 175, 56, 18, 196, 177, 119, 86, 193, 21, 48, 103, 120, 91, 115, 37, 12, 150, 42, 67, 64, 118, 33, 94, 41, 147, 69),
    (62, 20, 168, 100, 115, 190, 177, 164, 145, 146, 32, 133, 120, 106, 116, 93, 29, 28, 183, 36, 54, 160, 13, 25, 97, 68, 183, 34, 176, 195, 67, 87, 4, 26, 151, 31, 106, 38, 100, 189),
    (63, 3, 38, 2, 172, 103, 29, 34, 19, 162, 43, 43, 41, 117, 151, 99, 72, 170, 118, 102, 145, 110, 167, 96, 81, 29, 137, 170, 11, 94, 50, 111, 163, 150, 67, 106, 184, 107, 182, 130),
    (64, 153, 83, 57, 195, 141, 33, 79, 22, 4, 106, 68, 141, 188, 195, 190, 99, 44, 161, 187, 76, 186, 153, 84, 58, 25, 25, 107, 129, 130, 99, 68, 111, 30, 74, 164, 92, 148, 26, 153),
    (65, 104, 179, 182, 66, 10, 79, 111, 46, 97, 111, 128, 189, 21, 198, 108, 13, 71, 20, 194, 29, 71, 54, 12, 55, 49, 2, 116, 61, 11, 79, 22, 23, 7, 55, 109, 13, 88, 44, 192),
    (66, 52, 52, 51, 122, 62, 62, 187, 104, 194, 145, 127, 146, 39, 121, 15, 11, 143, 1, 159, 191, 41, 50, 54, 162, 77, 49, 101, 108, 191, 9, 170, 58, 92, 91, 103, 60, 33, 15, 121),
    (67, 189, 96, 54, 148, 164, 10, 195, 162, 35, 93, 197, 13, 82, 156, 80, 105, 53, 60, 28, 130, 42, 16, 140, 169, 26, 113, 179, 185, 177, 162, 23, 0, 152, 190, 127, 170, 170, 186, 67),
    (68, 54, 73, 115, 76, 136, 41, 124, 66, 57, 88, 155, 44, 176, 182, 12, 87, 185, 8, 8, 78, 164, 85, 0, 176, 21, 7, 84, 30, 35, 146, 28, 89, 103, 75, 5, 191, 27, 182, 115),
    (69, 31, 66, 62, 55, 88, 199, 154, 6, 40, 55, 77, 6, 156, 111, 185, 90, 125, 9, 41, 76, 182, 115, 30, 104, 69, 33, 159, 168, 32, 112, 115, 117, 31, 144, 103, 115, 94, 139, 43),
    (70, 178, 158, 65, 95, 143, 31, 25, 23, 148, 107, 6, 108, 119, 2, 122, 188, 25, 11, 118, 171, 113, 149, 20, 169, 118, 122, 90, 94, 179, 66, 84, 43, 95, 98, 96, 98, 84, 116, 176),
    (71, 45, 43, 194, 131, 76, 33, 73, 64, 149, 74, 188, 140, 24, 133, 52, 91, 137, 185, 31, 107, 142, 113, 199, 142, 81, 43, 115, 81, 21, 149, 85, 34, 0, 122, 90, 63, 2, 45, 53),
    (72, 161, 61, 78, 42, 87, 62, 87, 80, 126, 116, 121, 39, 38, 81, 65, 175, 176, 147, 84, 180, 160, 156, 164, 109, 1, 56, 6, 113, 156, 103, 175, 110, 166, 151, 92, 179, 32, 182, 87),
    (73, 96, 183, 194, 0, 38, 136, 74, 50, 5, 146, 100, 190, 30, 158, 20, 87, 82, 42, 36, 102, 31, 65, 139, 179, 96, 178, 66, 153, 173, 25, 174, 160, 15, 81, 98, 18, 169, 113, 97),
    (74, 16, 188, 96, 73, 64, 32, 167, 58, 41, 140, 79, 91, 101, 24, 140, 151, 11, 91, 90, 129, 22, 178, 128, 123, 88, 113, 68, 124, 75, 154, 87, 128, 130, 19, 181, 109, 114, 23, 91),
    (75, 32, 35, 85, 65, 10, 145, 71, 179, 180, 119, 188, 192, 114, 102, 76, 192, 190, 32, 8, 130, 57, 35, 64, 155, 37, 148, 174, 117, 157, 138, 185, 130, 28, 84, 14, 132, 198, 149, 145),
    (76, 88, 185, 151, 113, 80, 198, 148, 127, 33, 0, 27, 93, 119, 15, 89, 88, 38, 170, 111, 151, 160, 120, 165, 160, 9, 124, 184, 191, 151, 45, 34, 125, 81, 38, 128, 145, 93, 29, 115),
    (77, 112, 149, 23, 24, 10, 77, 29, 127, 189, 144, 50, 23, 94, 176, 14, 97, 93, 170, 137, 70, 85, 57, 21, 93, 184, 89, 117, 92, 106, 182, 87, 134, 69, 114, 173, 110, 7, 83, 35),
    (78, 45, 79, 191, 156, 21, 44, 64, 146, 193, 47, 48, 5, 186, 66, 66, 95, 92, 121, 10, 190, 66, 93, 68, 49, 110, 65, 196, 163, 36, 82, 17, 119, 13, 24, 12, 192, 72, 97, 163),
    (79, 31, 59, 118, 86, 63, 196, 33, 48, 87, 119, 137, 52, 9, 108, 68, 48, 150, 18, 85, 90, 69, 77, 151, 119, 4, 179, 189, 175, 10, 66, 2, 181, 159, 197, 158, 32, 117, 170, 146),
    (80, 50, 11, 163, 156, 113, 117, 103, 125, 23, 110, 55, 122, 150, 185, 71, 180, 197, 185, 9, 136, 88, 83, 16, 60, 196, 4, 151, 68, 34, 154, 161, 168, 93, 103, 170, 174, 8, 155, 129),
    (81, 91, 151, 62, 191, 119, 48, 88, 53, 80, 185, 90, 100, 30, 165, 96, 153, 173, 166, 137, 199, 195, 170, 19, 29, 136, 8, 140, 17, 116, 85, 43, 82, 170, 109, 67, 107, 101, 33, 81),
    (82, 70, 119, 150, 137, 114, 39, 26, 51, 160, 80, 38, 83, 14, 166, 81, 188, 142, 43, 156, 62, 99, 144, 107, 172, 64, 115, 126, 66, 196, 127, 137, 44, 104, 24, 175, 146, 182, 67, 93),
    (83, 84, 50, 126, 61, 158, 30, 9, 55, 144, 111, 131, 85, 144, 77, 132, 187, 91, 146, 82, 48, 199, 72, 2, 93, 100, 149, 105, 60, 97, 47, 49, 28, 11, 40, 138, 40, 189, 159, 174),
    (84, 37, 34, 90, 166, 151, 169, 122, 1, 116, 150, 53, 170, 125, 139, 181, 60, 34, 149, 17, 164, 162, 37, 130, 194, 92, 19, 174, 66, 113, 42, 118, 83, 121, 169, 104, 47, 5, 193, 117),
    (85, 161, 64, 149, 92, 121, 61, 22, 198, 103, 92, 96, 76, 68, 39, 53, 31, 9, 66, 108, 78, 56, 73, 185, 185, 1, 40, 158, 152, 91, 48, 92, 187, 9, 158, 92, 158, 181, 94, 78),
    (86, 164, 178, 4, 77, 195, 118, 96, 94, 183, 149, 130, 108, 140, 119, 86, 150, 181, 53, 47, 11, 161, 87, 166, 167, 89, 44, 145, 109, 8, 23, 43, 169, 4, 198, 146, 183, 36, 79, 63),
    (87, 166, 0, 48, 169, 144, 173, 62, 195, 77, 157, 160, 2, 70, 100, 78, 167, 187, 81, 180, 171, 130, 85, 188, 134, 125, 2, 68, 180, 16, 65, 24, 96, 184, 149, 39, 112, 101, 112, 45),
    (88, 59, 166, 16, 195, 85, 110, 55, 115, 88, 199, 177, 180, 140, 33, 100, 143, 190, 168, 150, 178, 55, 1, 155, 113, 67, 179, 103, 45, 36, 48, 78, 3, 171, 164, 144, 194, 15, 66, 113),
    (89, 197, 171, 131, 59, 56, 68, 90, 51, 42, 93, 25, 159, 47, 190, 89, 96, 53, 24, 99, 117, 18, 43, 105, 0, 173, 59, 29, 131, 70, 123, 195, 114, 37, 148, 121, 112, 59, 20, 10),
    (90, 53, 125, 40, 120, 140, 122, 41, 109, 26, 10, 63, 74, 1, 41, 90, 19, 199, 160, 38, 187, 45, 173, 7, 183, 89, 15, 66, 98, 65, 173, 67, 95, 149, 19, 21, 73, 142, 81, 166),
    (91, 170, 42, 55, 4, 175, 99, 177, 70, 75, 57, 33, 177, 52, 59, 78, 160, 82, 114, 186, 146, 185, 152, 53, 116, 181, 35, 119, 82, 140, 132, 133, 103, 34, 163, 160, 158, 19, 24, 57),
    (92, 10, 133, 20, 21, 12, 162, 69, 160, 19, 49, 150, 194, 40, 0, 69, 67, 181, 158, 58, 76, 43, 73, 64, 157, 54, 90, 90, 78, 48, 15, 107, 103, 26, 36, 165, 159, 122, 194, 124),
    (93, 90, 35, 61, 75, 137, 135, 129, 27, 40, 167, 78, 58, 5, 33, 178, 154, 79, 137, 8, 154, 87, 171, 4, 80, 1, 114, 176, 60, 50, 69, 176, 80, 104, 41, 66, 85, 154, 4, 12),
    (94, 176, 124, 193, 164, 14, 146, 132, 45, 134, 43, 24, 174, 176, 52, 98, 15, 173, 176, 95, 192, 4, 27, 124, 25, 84, 142, 165, 106, 149, 49, 16, 174, 171, 104, 13, 174, 29, 53, 101),
    (95, 184, 162, 107, 168, 95, 136, 54, 111, 35, 143, 190, 1, 82, 190, 4, 23, 35, 131, 150, 161, 161, 155, 161, 156, 72, 72, 193, 175, 51, 2, 176, 187, 23, 193, 30, 7, 142, 165, 171),
    (96, 121, 20, 44, 186, 160, 53, 52, 197, 170, 170, 23, 184, 75, 31, 29, 44, 30, 67, 115, 168, 115, 101, 69, 140, 49, 35, 11, 59, 149, 114, 185, 90, 125, 25, 173, 55, 174, 97, 116),
    (97, 166, 175, 9, 185, 32, 196, 23, 14, 7, 181, 129, 5, 161, 196, 131, 31, 142, 12, 141, 36, 172, 127, 82, 164, 148, 187, 113, 25, 192, 115, 67, 70, 193, 103, 57, 136, 110, 126, 97),
    (98, 79, 72, 127, 195, 165, 118, 112, 6, 100, 192, 51, 71, 12, 6, 165, 99, 187, 35, 39, 83, 176, 161, 23, 127, 47, 78, 10, 23, 4, 186, 68, 4, 97, 30, 144, 137, 27, 76, 15),
    (99, 36, 8, 126, 13, 83, 159, 45, 21, 24, 56, 63, 56, 21, 33, 33, 137, 130, 16, 100, 86, 192, 187, 121, 6, 192, 108, 62, 43, 40, 100, 139, 156, 46, 179, 126, 156, 198, 19, 157),
    (100, 106, 160, 52, 29, 137, 189, 165, 145, 43, 153, 24, 162, 9, 43, 89, 191, 19, 125, 142, 60, 189, 99, 107, 61, 183, 90, 148, 176, 187, 193, 38, 140, 109, 20, 79, 29, 92, 113, 133),
    (101, 28, 135, 7, 46, 71, 163, 167, 165, 98, 78, 0, 149, 157, 182, 38, 47, 99, 101, 26, 106, 197, 64, 49, 148, 75, 93, 22, 169, 94, 154, 3, 172, 117, 29, 145, 174, 101, 41, 126),
    (102, 11, 187, 115, 97, 66, 78, 178, 112, 198, 134, 191, 32, 173, 113, 116, 26, 179, 168, 94, 161, 83, 58, 89, 122, 123, 129, 50, 86, 155, 37, 64, 79, 196, 89, 36, 132, 110, 32, 168),
    (103, 175, 168, 32, 97, 11, 76, 151, 29, 177, 42, 106, 131, 41, 68, 20, 188, 96, 149, 54, 159, 187, 84, 150, 91, 174, 37, 28, 124, 145, 146, 42, 32, 41, 4, 27, 97, 81, 61, 82),
    (104, 127, 42, 127, 194, 1, 195, 100, 95, 129, 73, 114, 79, 166, 121, 51, 45, 141, 81, 126, 36, 151, 29, 113, 129, 90, 98, 142, 189, 65, 7, 167, 4, 58, 18, 17, 13, 137, 191, 99),
    (105, 69, 27, 75, 3, 132, 147, 159, 87, 152, 125, 7, 169, 199, 113, 137, 45, 102, 176, 166, 17, 196, 121, 188, 179, 178, 55, 99, 101, 151, 21, 158, 139, 137, 124, 62, 172, 56, 5, 114),
    (106, 186, 13, 111, 47, 15, 24, 142, 18, 85, 116, 127, 127, 8, 164, 161, 18, 184, 43, 167, 125, 80, 4, 129, 167, 103, 80, 60, 65, 152, 111, 83, 61, 74, 167, 29, 44, 93, 20, 104),
    (107, 190, 25, 185, 75, 130, 118, 76, 169, 103, 73, 188, 197, 18, 148, 190, 118, 148, 188, 154, 51, 18, 161, 79, 55, 166, 112, 72, 55, 26, 110, 180, 195, 78, 74, 40, 68, 125, 176, 46),
    (108, 179, 161, 145, 110, 5, 86, 46, 61, 30, 107, 146, 125, 182, 130, 130, 175, 77, 189, 77, 123, 175, 0, 142, 144, 96, 2, 25, 4, 75, 158, 151, 52, 156, 23, 119, 78, 167, 18, 138),
    (109, 73, 122, 199, 23, 123, 121, 161, 163, 87, 20, 189, 166, 120, 21, 134, 97, 136, 135, 146, 197, 76, 66, 95, 73, 108, 93, 18, 173, 126, 127, 78, 102, 95, 176, 53, 197, 73, 193, 99),
    (110, 163, 185, 120, 37, 139, 111, 151, 187, 50, 37, 92, 126, 28, 166, 133, 79, 98, 52, 153, 127, 103, 138, 28, 42, 12, 126, 143, 11, 80, 177, 25, 7, 55, 50, 178, 158, 62, 117, 138),
    (111, 198, 128, 78, 189, 54, 77, 60, 153, 185, 35, 115, 15, 61, 4, 168, 2, 191, 154, 189, 135, 178, 142, 61, 3, 69, 142, 134, 85, 64, 177, 69, 106, 67, 30, 21, 31, 93, 95, 165),
    (112, 22, 19, 48, 165, 28, 107, 18, 189, 81, 43, 84, 32, 191, 110, 33, 4, 108, 89, 55, 6, 125, 34, 136, 4, 127, 0, 175, 54, 20, 126, 123, 27, 176, 49, 110, 139, 115, 184, 143),
    (113, 9, 141, 29, 79, 25, 31, 90, 155, 159, 155, 71, 44, 96, 18, 33, 141, 8, 65, 90, 159, 38, 127, 149, 197, 167, 108, 144, 176, 99, 106, 106, 30, 30, 117, 89, 59, 107, 161, 79),
    (114, 178, 17, 108, 5, 124, 40, 54, 82, 134, 192, 43, 189, 149, 137, 133, 14, 98, 199, 66, 45, 70, 132, 159, 102, 148, 46, 54, 170, 152, 175, 183, 152, 188, 50, 112, 190, 135, 0, 99),
    (115, 64, 194, 177, 65, 137, 13, 160, 83, 20, 131, 141, 111, 58, 122, 21, 102, 58, 55, 93, 144, 70, 41, 91, 96, 196, 78, 165, 12, 57, 192, 121, 137, 132, 169, 54, 109, 185, 149, 0),
    (116, 78, 56, 108, 31, 16, 27, 6, 164, 89, 40, 150, 4, 91, 140, 45, 178, 61, 168, 5, 70, 29, 57, 5, 65, 180, 36, 100, 124, 57, 183, 23, 57, 191, 0, 18, 30, 169, 55, 168),
    (117, 106, 155, 105, 115, 98, 176, 71, 197, 170, 103, 20, 149, 98, 61, 159, 193, 112, 167, 146, 25, 69, 123, 28, 70, 69, 110, 78, 168, 92, 174, 184, 19, 16, 108, 39, 129, 70, 24, 123),
    (118, 19, 94, 46, 77, 30, 57, 125, 82, 165, 145, 187, 51, 146, 145, 39, 138, 16, 12, 141, 184, 164, 34, 126, 3, 118, 157, 172, 91, 139, 177, 80, 76, 18, 165, 16, 34, 142, 7, 191),
    (119, 44, 100, 30, 52, 187, 121, 48, 46, 92, 88, 87, 181, 184, 19, 182, 139, 1, 170, 142, 197, 100, 125, 64, 77, 100, 2, 110, 66, 90, 154, 179, 25, 165, 144, 185, 160, 130, 114, 1),
    (120, 80, 153, 141, 99, 46, 179, 32, 138, 35, 35, 124, 105, 91, 189, 79, 33, 117, 121, 183, 117, 1, 112, 31, 159, 130, 196, 187, 114, 59, 194, 108, 122, 36, 29, 146, 5, 97, 19, 53),
    (121, 84, 72, 60, 23, 50, 57, 23, 110, 138, 17, 180, 70, 63, 52, 22, 58, 169, 31, 193, 1, 145, 23, 44, 83, 186, 180, 34, 101, 155, 119, 183, 19, 148, 140, 173, 106, 131, 96, 75),
    (122, 78, 158, 84, 21, 28, 152, 119, 134, 111, 195, 62, 14, 35, 177, 26, 113, 85, 94, 13, 91, 131, 22, 34, 166, 109, 168, 153, 125, 121, 191, 51, 118, 83, 88, 63, 104, 183, 197, 113),
    (123, 25, 172, 51, 10, 124, 127, 116, 13, 130, 77, 87, 136, 148, 26, 15, 121, 166, 162, 109, 172, 69, 110, 164, 46, 71, 1, 125, 93, 148, 147, 183, 115, 40, 77, 175, 33, 83, 13, 68),
    (124, 24, 58, 160, 3, 11, 4, 51, 142, 21, 6, 147, 88, 186, 5, 177, 21, 131, 124, 124, 182, 68, 24, 10, 195, 17, 16, 124, 192, 1, 142, 23, 15, 118, 152, 91, 131, 136, 132, 176),
    (125, 70, 23, 54, 112, 139, 6, 54, 38, 22, 142, 78, 181, 80, 120, 139, 60, 99, 70, 126, 192, 14, 184, 109, 8, 159, 85, 93, 28, 92, 162, 29, 67, 56, 155, 37, 30, 68, 177, 31),
    (126, 139, 85, 47, 189, 82, 66, 134, 167, 90, 78, 188, 78, 107, 168, 121, 68, 80, 89, 140, 151, 45, 19, 52, 99, 159, 147, 53, 153, 182, 69, 71, 189, 7, 174, 152, 100, 63, 19, 173),
    (127, 96, 131, 137, 163, 82, 77, 118, 179, 188, 77, 23, 155, 78, 173, 52, 39, 145, 5, 89, 190, 179, 164, 94, 152, 69, 52, 8, 137, 107, 118, 134, 28, 17, 1, 177, 98, 183, 109, 148),
    (128, 169, 152, 137, 37, 177, 188, 192, 93, 194, 81, 120, 40, 155, 15, 16, 83, 20, 43, 6, 74, 91, 82, 29, 113, 170, 81, 37, 108, 115, 94, 28, 105, 4, 198, 37, 43, 61, 164, 188),
    (129, 46, 107, 13, 153, 136, 110, 194, 66, 3, 192, 157, 3, 63, 85, 24, 66, 69, 105, 62, 51, 97, 146, 159, 82, 124, 133, 28, 72, 146, 119, 70, 47, 166, 129, 184, 197, 117, 15, 172),
    (130, 136, 115, 49, 182, 155, 129, 180, 185, 154, 64, 133, 38, 173, 106, 181, 65, 147, 182, 26, 1, 127, 52, 57, 67, 135, 120, 57, 166, 184, 50, 164, 11, 196, 81, 27, 18, 105, 142, 65),
    (131, 129, 10, 52, 31, 140, 15, 195, 173, 6, 98, 63, 60, 45, 177, 7, 109, 107, 156, 166, 44, 154, 66, 47, 77, 32, 100, 4, 44, 104, 75, 193, 182, 100, 75, 122, 27, 85, 161, 183),
    (132, 117, 162, 21, 39, 124, 139, 74, 78, 38, 149, 110, 103, 29, 11, 129, 120, 123, 146, 157, 150, 161, 117, 170, 42, 26, 94, 7, 13, 109, 32, 77, 93, 56, 98, 69, 110, 25, 189, 149),
    (133, 174, 42, 146, 128, 48, 163, 58, 117, 177, 172, 92, 144, 43, 85, 87, 157, 52, 119, 118, 141, 70, 105, 13, 184, 58, 185, 180, 119, 74, 58, 8, 171, 49, 159, 20, 171, 180, 127, 138),
    (134, 17, 129, 28, 86, 189, 4, 184, 43, 115, 78, 15, 134, 167, 133, 88, 24, 189, 196, 18, 10, 91, 146, 177, 159, 101, 109, 52, 129, 156, 22, 150, 87, 190, 113, 32, 20, 8, 93, 140),
    (135, 110, 192, 33, 91, 49, 104, 81, 88, 44, 146, 54, 8, 108, 37, 64, 108, 145, 186, 75, 173, 161, 92, 191, 164, 64, 140, 77, 179, 156, 95, 143, 94, 162, 14, 64, 82, 31, 196, 76),
    (136, 173, 8, 162, 114, 58, 150, 87, 134, 95, 143, 68, 58, 45, 105, 178, 189, 47, 121, 146, 112, 22, 184, 107, 55, 0, 87, 187, 53, 69, 97, 23, 177, 174, 1, 48, 11, 68, 10, 105),
    (137, 35, 175, 16, 20, 30, 83, 36, 9, 123, 74, 111, 199, 133, 161, 196, 144, 27, 179, 69, 168, 44, 110, 14, 52, 78, 29, 79, 102, 105, 189, 99, 9, 82, 76, 142, 69, 99, 168, 167),
    (138, 27, 91, 128, 103, 118, 100, 157, 147, 155, 118, 53, 78, 155, 197, 63, 87, 176, 158, 104, 12, 99, 197, 92, 120, 24, 47, 187, 178, 20, 113, 26, 28, 110, 76, 147, 55, 146, 72, 93),
    (139, 47, 70, 159, 146, 2, 55, 59, 174, 65, 199, 163, 60, 106, 97, 59, 151, 14, 192, 12, 76, 149, 166, 46, 183, 89, 122, 17, 88, 88, 12, 176, 141, 53, 161, 95, 191, 173, 150, 163),
    (140, 183, 148, 66, 2, 35, 15, 115, 106, 90, 138, 114, 78, 174, 17, 5, 22, 31, 185, 179, 72, 21, 95, 34, 115, 64, 116, 126, 74, 122, 111, 145, 125, 121, 172, 150, 105, 197, 19, 145),
    (141, 65, 164, 158, 71, 30, 7, 107, 140, 6, 189, 193, 15, 175, 184, 26, 156, 103, 2, 150, 35, 141, 135, 36, 196, 167, 194, 8, 163, 157, 106, 93, 31, 7, 24, 134, 100, 147, 173, 63),
    (142, 39, 115, 47, 87, 193, 60, 66, 121, 83, 127, 75, 76, 182, 133, 107, 146, 175, 175, 6, 20, 22, 33, 130, 136, 52, 190, 153, 56, 54, 118, 18, 50, 16, 116, 36, 100, 165, 75, 27),
    (143, 192, 51, 74, 32, 183, 16, 32, 179, 144, 13, 179, 198, 41, 128, 140, 88, 89, 109, 129, 180, 120, 133, 158, 6, 92, 18, 156, 155, 66, 67, 84, 46, 93, 64, 9, 98, 150, 166, 178),
    (144, 155, 78, 90, 124, 42, 98, 112, 110, 138, 106, 110, 30, 150, 94, 91, 53, 20, 101, 158, 141, 197, 129, 21, 117, 66, 129, 23, 30, 141, 96, 102, 35, 26, 15, 155, 160, 136, 159, 96),
    (145, 124, 157, 117, 45, 189, 140, 42, 49, 14, 122, 20, 66, 100, 50, 90, 162, 112, 195, 172, 95, 24, 81, 104, 96, 58, 57, 29, 16, 135, 17, 44, 13, 2, 148, 112, 25, 192, 159, 182),
    (146, 110, 38, 9, 195, 124, 153, 103, 32, 146, 151, 33, 35, 140, 177, 3, 108, 140, 38, 84, 144, 73, 87, 15, 67, 127, 134, 135, 38, 106, 13, 122, 138, 111, 115, 40, 21, 83, 188, 32),
    (147, 112, 176, 177, 156, 110, 63, 52, 36, 6, 7, 179, 163, 2, 57, 152, 73, 2, 98, 146, 50, 174, 13, 88, 28, 40, 130, 98, 145, 106, 188, 112, 54, 140, 58, 146, 128, 57, 181, 75),
    (148, 112, 92, 112, 135, 160, 102, 2, 34, 107, 43, 151, 48, 135, 143, 3, 89, 93, 63, 34, 47, 138, 139, 175, 155, 25, 89, 182, 187, 12, 68, 138, 140, 191, 197, 106, 170, 71, 34, 171),
    (149, 159, 97, 166, 99, 159, 196, 176, 171, 21, 72, 186, 115, 63, 8, 50, 145, 3, 151, 181, 146, 114, 144, 106, 91, 109, 140, 139, 48, 149, 88, 82, 29, 186, 141, 71, 92, 77, 20, 148),
    (150, 146, 11, 120, 89, 84, 11, 75, 69, 20, 152, 168, 82, 13, 5, 172, 33, 28, 145, 42, 181, 61, 41, 18, 176, 114, 39, 95, 11, 179, 119, 84, 72, 115, 77, 77, 159, 19, 172, 106),
    (151, 0, 159, 103, 188, 33, 129, 75, 6, 131, 70, 193, 190, 82, 16, 34, 84, 69, 150, 137, 32, 129, 65, 109, 85, 48, 153, 67, 196, 129, 142, 190, 22, 119, 106, 167, 149, 101, 175, 192),
    (152, 37, 164, 127, 189, 31, 59, 26, 189, 32, 41, 132, 119, 108, 29, 188, 160, 119, 107, 71, 19, 168, 58, 99, 48, 21, 124, 10, 139, 122, 100, 116, 44, 48, 112, 9, 89, 31, 46, 100),
    (153, 29, 119, 34, 166, 162, 0, 77, 154, 73, 103, 122, 51, 60, 29, 84, 136, 13, 86, 63, 15, 97, 136, 128, 22, 181, 116, 195, 23, 62, 68, 88, 33, 180, 42, 90, 120, 83, 52, 48),
    (154, 199, 139, 22, 117, 165, 97, 115, 167, 81, 93, 100, 81, 178, 52, 93, 106, 75, 114, 109, 161, 113, 143, 193, 170, 130, 115, 12, 185, 57, 87, 54, 152, 40, 155, 8, 182, 91, 110, 96),
    (155, 68, 116, 141, 171, 158, 72, 56, 159, 109, 9, 163, 143, 1, 124, 36, 47, 148, 62, 141, 193, 155, 23, 49, 75, 183, 25, 24, 163, 60, 171, 92, 183, 57, 23, 51, 199, 114, 14, 196),
    (156, 44, 1, 162, 77, 16, 4, 106, 151, 21, 79, 46, 85, 175, 133, 120, 92, 140, 160, 86, 135, 71, 57, 176, 33, 188, 193, 116, 88, 34, 46, 173, 63, 71, 65, 130, 108, 13, 50, 32),
    (157, 133, 49, 31, 196, 43, 83, 123, 70, 47, 182, 51, 63, 145, 50, 170, 59, 174, 194, 140, 176, 189, 0, 165, 149, 184, 145, 13, 92, 32, 93, 168, 68, 118, 188, 142, 12, 179, 85, 126),
    (158, 88, 167, 4, 133, 183, 155, 82, 69, 89, 24, 117, 57, 142, 12, 145, 60, 170, 126, 130, 150, 18, 97, 18, 68, 72, 73, 81, 135, 160, 195, 115, 104, 46, 65, 0, 189, 146, 73, 53),
    (159, 84, 25, 191, 1, 82, 65, 49, 58, 58, 110, 97, 172, 155, 64, 121, 158, 170, 91, 7, 36, 141, 98, 113, 189, 37, 83, 139, 67, 0, 11, 85, 199, 174, 178, 141, 40, 173, 76, 38),
    (160, 178, 62, 136, 45, 15, 102, 170, 37, 137, 153, 60, 192, 191, 0, 65, 156, 25, 133, 199, 147, 160, 105, 49, 32, 79, 75, 142, 135, 166, 198, 152, 16, 101, 43, 107, 35, 14, 52, 28),
    (161, 26, 53, 171, 74, 141, 172, 113, 85, 54, 61, 162, 20, 42, 56, 150, 134, 124, 72, 182, 87, 136, 101, 85, 131, 127, 32, 15, 53, 32, 140, 119, 45, 117, 70, 146, 20, 129, 191, 150),
    (162, 72, 156, 88, 70, 173, 148, 125, 4, 50, 24, 29, 160, 135, 4, 37, 3, 104, 15, 13, 45, 189, 92, 184, 160, 159, 114, 168, 195, 20, 87, 54, 4, 27, 21, 127, 100, 158, 63, 76),
    (163, 87, 195, 45, 25, 59, 147, 184, 125, 176, 25, 194, 81, 129, 39, 59, 165, 31, 82, 2, 43, 58, 127, 14, 192, 71, 171, 57, 1, 199, 76, 139, 184, 144, 198, 40, 101, 198, 139, 149),
    (164, 74, 19, 159, 175, 81, 41, 22, 144, 144, 126, 19, 41, 70, 66, 77, 69, 98, 155, 70, 20, 33, 72, 45, 23, 52, 48, 44, 161, 113, 151, 182, 68, 96, 86, 109, 187, 3, 117, 34),
    (165, 51, 57, 171, 47, 183, 94, 173, 160, 32, 77, 34, 93, 185, 1, 146, 43, 182, 178, 32, 1, 76, 140, 150, 89, 135, 72, 48, 167, 125, 96, 13, 22, 75, 128, 42, 133, 15, 144, 90),
    (166, 155, 25, 95, 123, 85, 47, 162, 97, 50, 25, 174, 197, 167, 190, 60, 152, 9, 71, 121, 189, 110, 97, 192, 2, 147, 135, 14, 188, 45, 160, 83, 158, 145, 6, 168, 110, 198, 189, 199),
    (167, 141, 27, 35, 150, 106, 130, 113, 68, 116, 65, 30, 33, 188, 179, 44, 23, 91, 48, 162, 12, 117, 180, 20, 169, 80, 79, 149, 181, 18, 52, 9, 198, 51, 129, 62, 38, 19, 28, 106),
    (168, 66, 19, 196, 120, 128, 174, 67, 164, 191, 182, 19, 168, 160, 162, 106, 144, 143, 169, 181, 142, 178, 31, 151, 162, 176, 113, 159, 114, 115, 124, 58, 85, 189, 126, 13, 148, 14, 116, 21),
    (169, 99, 60, 96, 98, 17, 129, 131, 114, 137, 142, 179, 182, 85, 84, 3, 133, 137, 105, 66, 182, 92, 8, 8, 49, 58, 67, 92, 172, 96, 131, 132, 57, 19, 23, 94, 100, 57, 78, 172),
    (170, 17, 180, 85, 59, 70, 73, 123, 141, 17, 171, 55, 19, 69, 183, 144, 118, 136, 187, 188, 187, 100, 60, 79, 136, 40, 150, 150, 38, 42, 176, 98, 24, 72, 110, 44, 77, 5, 170, 191),
    (171, 133, 77, 27, 128, 129, 92, 115, 26, 117, 44, 80, 42, 196, 110, 143, 99, 98, 138, 134, 165, 162, 48, 161, 122, 79, 103, 125, 61, 16, 47, 30, 151, 182, 88, 3, 31, 75, 190, 54),
    (172, 151, 0, 183, 22, 57, 8, 107, 5, 41, 46, 130, 50, 1, 184, 103, 32, 18, 183, 120, 164, 37, 0, 191, 18, 152, 14, 63, 132, 151, 33, 198, 145, 107, 179, 123, 193, 26, 189, 50),
    (173, 20, 190, 105, 145, 182, 86, 92, 67, 8, 73, 34, 142, 180, 106, 178, 7, 56, 58, 182, 87, 48, 112, 68, 0, 42, 33, 82, 144, 89, 132, 186, 94, 69, 149, 140, 48, 29, 189, 175),
    (174, 42, 78, 16, 74, 186, 199, 76, 89, 174, 0, 91, 123, 178, 174, 75, 141, 93, 63, 45, 150, 189, 189, 172, 175, 27, 96, 181, 45, 36, 128, 146, 70, 143, 146, 87, 191, 61, 37, 88),
    (175, 56, 181, 66, 47, 145, 165, 16, 26, 89, 8, 124, 153, 159, 118, 135, 26, 172, 98, 18, 135, 130, 13, 32, 37, 6, 56, 65, 18, 52, 75, 2, 15, 116, 53, 162, 61, 30, 175, 78),
    (176, 58, 23, 54, 196, 161, 94, 86, 12, 16, 98, 95, 167, 176, 32, 131, 155, 117, 64, 147, 98, 113, 149, 110, 197, 89, 170, 85, 45, 11, 45, 56, 38, 122, 107, 67, 77, 198, 199, 108),
    (177, 158, 187, 82, 142, 52, 130, 109, 8, 61, 125, 158, 56, 117, 176, 123, 164, 162, 30, 94, 118, 71, 180, 64, 43, 62, 38, 79, 177, 194, 91, 98, 131, 13, 71, 17, 51, 42, 0, 69),
    (178, 93, 29, 38, 100, 30, 192, 9, 89, 162, 150, 171, 108, 142, 122, 142, 88, 92, 112, 35, 144, 177, 111, 3, 14, 55, 27, 94, 80, 55, 92, 178, 80, 157, 125, 96, 138, 115, 3, 179),
    (179, 22, 7, 66, 126, 199, 43, 82, 25, 18, 151, 178, 151, 154, 141, 39, 182, 185, 123, 40, 30, 154, 131, 119, 113, 20, 126, 24, 90, 30, 171, 87, 48, 161, 0, 43, 33, 36, 50, 44),
    (180, 11, 4, 138, 130, 121, 18, 18, 61, 85, 134, 184, 102, 187, 86, 163, 183, 19, 23, 30, 24, 111, 49, 112, 182, 190, 40, 39, 84, 106, 50, 24, 97, 128, 99, 36, 164, 100, 129, 69),
    (181, 21, 2, 26, 48, 135, 93, 140, 124, 73, 132, 56, 25, 102, 98, 85, 180, 165, 129, 85, 32, 18, 56, 185, 120, 103, 43, 97, 66, 140, 82, 34, 195, 41, 173, 146, 121, 66, 42, 79),
    (182, 15, 130, 56, 164, 12, 134, 183, 104, 159, 27, 86, 118, 165, 197, 133, 33, 13, 161, 196, 12, 142, 177, 106, 52, 168, 91, 117, 59, 12, 198, 147, 188, 75, 78, 162, 41, 20, 42, 43),
    (183, 15, 118, 121, 142, 87, 195, 18, 62, 126, 98, 148, 193, 132, 106, 99, 45, 6, 172, 198, 35, 197, 30, 53, 126, 43, 148, 85, 90, 81, 167, 162, 56, 55, 10, 170, 154, 158, 43, 18),
    (184, 125, 74, 15, 152, 62, 129, 156, 154, 38, 137, 16, 80, 1, 169, 39, 10, 137, 152, 63, 110, 8, 191, 182, 113, 76, 196, 74, 73, 73, 61, 167, 53, 179, 192, 154, 191, 130, 139, 13),
    (185, 181, 80, 99, 195, 107, 76, 18, 179, 99, 141, 188, 150, 69, 55, 94, 141, 32, 186, 171, 93, 84, 176, 101, 121, 157, 11, 42, 120, 86, 190, 54, 41, 132, 121, 137, 84, 167, 101, 99),
    (186, 35, 22, 133, 12, 153, 128, 91, 198, 178, 150, 144, 121, 125, 93, 45, 163, 166, 128, 118, 60, 125, 96, 59, 157, 21, 37, 15, 69, 145, 47, 133, 184, 65, 96, 35, 149, 165, 75, 29),
    (187, 159, 189, 68, 160, 141, 84, 134, 0, 18, 170, 132, 133, 13, 146, 140, 120, 1, 145, 116, 150, 193, 84, 99, 59, 28, 114, 127, 118, 191, 24, 163, 92, 44, 153, 143, 42, 155, 176, 168),
    (188, 115, 64, 71, 79, 25, 24, 15, 62, 143, 75, 20, 85, 146, 75, 176, 187, 111, 195, 31, 130, 29, 183, 95, 1, 97, 17, 35, 128, 82, 70, 45, 121, 111, 186, 102, 48, 190, 152, 24),
    (189, 125, 38, 91, 41, 18, 137, 168, 7, 148, 69, 115, 71, 11, 76, 102, 151, 30, 161, 192, 37, 8, 123, 18, 59, 21, 168, 194, 141, 132, 187, 165, 22, 28, 83, 12, 41, 199, 109, 34),
    (190, 116, 7, 51, 13, 48, 18, 92, 30, 55, 57, 58, 110, 108, 130, 166, 148, 73, 41, 166, 46, 23, 117, 32, 42, 136, 85, 105, 112, 13, 154, 173, 145, 161, 135, 5, 42, 21, 164, 4),
    (191, 98, 46, 22, 177, 56, 182, 102, 5, 44, 66, 164, 24, 66, 23, 44, 56, 0, 151, 76, 52, 47, 9, 78, 177, 38, 131, 157, 62, 96, 68, 162, 88, 1, 48, 111, 139, 166, 195, 43),
    (192, 73, 89, 113, 77, 86, 95, 162, 43, 83, 147, 8, 177, 23, 70, 38, 13, 53, 29, 147, 32, 68, 106, 189, 126, 73, 5, 160, 129, 78, 191, 55, 136, 43, 89, 74, 76, 74, 154, 16),
    (193, 38, 22, 163, 104, 3, 44, 101, 86, 58, 91, 129, 135, 159, 136, 113, 33, 140, 174, 180, 141, 108, 70, 192, 42, 7, 192, 123, 84, 74, 87, 187, 145, 29, 161, 78, 80, 76, 115, 106),
    (194, 140, 14, 145, 119, 119, 143, 124, 163, 169, 147, 83, 80, 41, 198, 55, 153, 18, 189, 57, 129, 199, 119, 151, 61, 97, 65, 138, 189, 82, 178, 9, 55, 57, 107, 119, 85, 116, 64, 52),
    (195, 180, 27, 117, 122, 162, 75, 120, 34, 81, 87, 64, 62, 159, 4, 57, 105, 39, 81, 50, 137, 148, 197, 102, 163, 97, 26, 131, 72, 106, 47, 187, 123, 115, 135, 86, 115, 135, 96, 148),
    (196, 115, 80, 84, 154, 4, 52, 81, 140, 199, 42, 193, 190, 9, 185, 119, 16, 139, 154, 152, 6, 117, 70, 188, 104, 71, 108, 98, 160, 120, 172, 98, 64, 48, 131, 108, 79, 184, 23, 164),
    (197, 79, 63, 89, 18, 13, 161, 183, 33, 157, 97, 165, 142, 18, 139, 94, 42, 80, 62, 178, 64, 144, 184, 62, 134, 12, 44, 55, 75, 25, 126, 146, 100, 40, 177, 82, 0, 162, 156, 90),
    (198, 146, 28, 82, 115, 135, 191, 98, 174, 163, 163, 142, 149, 184, 175, 149, 105, 23, 127, 3, 2, 115, 189, 90, 103, 113, 140, 179, 116, 53, 114, 109, 193, 151, 42, 127, 62, 88, 19, 191),
    (199, 19, 199, 51, 84, 28, 56, 4, 193, 22, 87, 50, 113, 130, 181, 125, 85, 155, 156, 111, 181, 149, 173, 22, 178, 127, 127, 183, 193, 60, 90, 76, 148, 99, 197, 191, 57, 122, 153, 141);

INSERT INTO T5 (pk, t1, t2, t3, t4, t6, t7, t8, t9, t10, t11, t12, t13, t14, t15, t16, t17, t18, t19, t20, t21, t22, t23, t24, t25, t26, t27, t28, t29, t30, t31, t32, t33, t34, t35, t36, t37, t38, t39, t40)
VALUES
    (0, 109, 117, 156, 74, 96, 44, 188, 85, 122, 197, 1, 69, 54, 154, 158, 20, 183, 55, 28, 193, 183, 78, 36, 28, 62, 18, 117, 110, 161, 72, 186, 73, 78, 93, 179, 63, 130, 180, 45),
    (1, 154, 194, 138, 24, 198, 52, 59, 40, 143, 117, 145, 14, 83, 181, 143, 114, 176, 66, 59, 153, 143, 91, 45, 138, 17, 126, 28, 65, 6, 121, 27, 76, 143, 92, 154, 196, 81, 184, 94),
    (2, 58, 193, 71, 19, 101, 7, 98, 63, 2, 116, 177, 174, 78, 145, 101, 152, 161, 113, 59, 135, 152, 20, 182, 59, 126, 97, 60, 154, 49, 90, 174, 78, 46, 143, 10, 101, 102, 5, 19),
    (3, 198, 63, 56, 21, 140, 86, 56, 40, 183, 138, 110, 198, 5, 171, 146, 191, 11, 45, 178, 170, 23, 168, 94, 158, 36, 125, 40, 112, 108, 158, 49, 82, 161, 31, 23, 59, 53, 42, 119),
    (4, 75, 71, 62, 119, 192, 103, 184, 19, 103, 20, 162, 82, 182, 6, 53, 99, 152, 45, 20, 138, 33, 126, 96, 43, 83, 3, 199, 95, 10, 12, 186, 20, 41, 59, 110, 160, 43, 157, 16),
    (5, 31, 8, 4, 67, 157, 32, 34, 78, 29, 24, 30, 140, 116, 173, 55, 181, 160, 25, 51, 128, 152, 19, 116, 180, 36, 18, 51, 38, 42, 97, 176, 15, 180, 112, 7, 31, 63, 124, 61),
    (6, 177, 65, 68, 45, 49, 79, 27, 173, 66, 26, 78, 92, 137, 77, 23, 147, 132, 146, 92, 148, 155, 138, 173, 99, 65, 150, 14, 164, 21, 194, 1, 176, 78, 15, 127, 36, 98, 115, 145),
    (7, 192, 178, 114, 17, 113, 75, 60, 41, 61, 178, 34, 164, 53, 194, 169, 181, 56, 154, 79, 149, 7, 108, 184, 11, 125, 174, 181, 143, 69, 66, 180, 85, 8, 141, 124, 199, 164, 153, 149),
    (8, 136, 65, 183, 59, 16, 34, 118, 82, 161, 17, 21, 188, 152, 96, 198, 76, 39, 44, 41, 162, 144, 145, 71, 84, 87, 141, 124, 126, 154, 178, 45, 8, 161, 175, 95, 92, 62, 28, 81),
    (9, 120, 172, 148, 16, 77, 127, 183, 173, 51, 104, 5, 153, 147, 157, 0, 69, 40, 145, 82, 118, 5, 61, 21, 139, 59, 130, 95, 18, 150, 100, 72, 148, 113, 110, 199, 98, 127, 149, 95),
    (10, 184, 137, 71, 17, 190, 159, 53, 119, 133, 185, 68, 27, 15, 43, 94, 6, 10, 10, 104, 122, 28, 59, 19, 85, 83, 53, 134, 151, 11, 132, 68, 191, 170, 170, 51, 95, 85, 138, 124),
    (11, 145, 107, 120, 91, 47, 169, 20, 1, 62, 173, 105, 63, 166, 34, 3, 9, 3, 167, 109, 72, 100, 101, 148, 13, 7, 34, 115, 96, 96, 110, 78, 184, 145, 128, 102, 194, 156, 40, 159),
    (12, 103, 151, 21, 137, 197, 197, 108, 124, 174, 154, 184, 175, 65, 18, 94, 32, 149, 154, 120, 98, 198, 42, 53, 78, 43, 49, 113, 194, 190, 155, 78, 159, 14, 48, 86, 126, 161, 69, 143),
    (13, 21, 41, 132, 81, 100, 52, 18, 165, 181, 181, 18, 66, 49, 152, 90, 155, 170, 29, 36, 89, 25, 67, 176, 129, 159, 67, 131, 126, 164, 149, 131, 158, 174, 9, 92, 148, 51, 168, 78),
    (14, 41, 65, 14, 93, 17, 140, 39, 78, 120, 89, 147, 137, 199, 59, 54, 153, 28, 110, 3, 12, 80, 36, 90, 186, 73, 167, 104, 19, 172, 137, 25, 160, 42, 143, 185, 163, 178, 70, 2),
    (15, 46, 57, 135, 28, 12, 113, 84, 190, 37, 8, 146, 149, 171, 192, 140, 90, 73, 18, 91, 156, 60, 118, 47, 132, 190, 122, 163, 31, 13, 176, 7, 9, 39, 25, 98, 156, 194, 6, 155),
    (16, 90, 39, 198, 191, 16, 95, 6, 156, 34, 59, 181, 70, 159, 5, 118, 166, 150, 184, 175, 21, 25, 176, 43, 45, 48, 81, 143, 158, 25, 152, 16, 10, 38, 73, 142, 65, 84, 103, 22),
    (17, 88, 125, 85, 114, 76, 109, 30, 20, 184, 54, 21, 123, 130, 15, 189, 25, 125, 106, 47, 132, 73, 73, 52, 135, 128, 65, 47, 67, 180, 177, 190, 11, 105, 93, 165, 43, 11, 27, 167),
    (18, 159, 140, 106, 152, 154, 116, 115, 172, 183, 45, 28, 171, 190, 176, 181, 53, 74, 73, 175, 21, 51, 6, 68, 103, 13, 15, 160, 113, 117, 130, 15, 183, 107, 29, 24, 112, 193, 35, 42),
    (19, 1, 56, 71, 107, 168, 140, 74, 177, 121, 89, 171, 135, 21, 111, 56, 93, 132, 105, 160, 184, 115, 53, 145, 163, 149, 168, 26, 188, 64, 69, 84, 137, 59, 95, 103, 149, 98, 129, 156),
    (20, 2, 100, 87, 120, 48, 0, 167, 131, 97, 16, 121, 176, 116, 48, 130, 169, 28, 58, 192, 14, 147, 102, 175, 104, 50, 166, 38, 141, 14, 85, 96, 101, 82, 10, 80, 129, 184, 114, 39),
    (21, 17, 8, 81, 104, 125, 64, 72, 167, 37, 71, 157, 151, 99, 55, 66, 52, 175, 63, 8, 59, 167, 21, 77, 12, 16, 10, 63, 163, 93, 128, 184, 59, 134, 61, 101, 196, 44, 42, 146),
    (22, 88, 177, 80, 93, 164, 162, 74, 102, 45, 181, 84, 18, 33, 42, 105, 77, 54, 53, 78, 49, 128, 126, 118, 132, 26, 159, 170, 100, 148, 197, 125, 151, 88, 119, 119, 132, 123, 195, 188),
    (23, 65, 130, 188, 16, 48, 135, 124, 134, 165, 19, 115, 63, 13, 187, 126, 109, 96, 184, 16, 27, 18, 145, 135, 151, 63, 47, 2, 10, 39, 3, 149, 198, 157, 110, 157, 24, 72, 97, 186),
    (24, 60, 24, 111, 178, 71, 128, 101, 62, 92, 58, 62, 109, 25, 76, 2, 55, 28, 59, 57, 34, 52, 152, 22, 81, 92, 126, 57, 90, 15, 186, 88, 164, 110, 125, 52, 17, 114, 95, 28),
    (25, 139, 12, 51, 106, 93, 6, 93, 184, 177, 143, 152, 109, 166, 58, 118, 50, 139, 59, 50, 156, 146, 90, 76, 161, 100, 193, 168, 108, 110, 43, 187, 56, 185, 131, 118, 24, 148, 94, 147),
    (26, 74, 51, 161, 152, 90, 97, 191, 56, 145, 59, 34, 183, 93, 42, 198, 147, 73, 175, 151, 104, 73, 97, 64, 52, 46, 72, 95, 43, 10, 116, 60, 6, 24, 46, 174, 98, 131, 193, 13),
    (27, 114, 71, 147, 120, 114, 168, 132, 36, 101, 55, 137, 24, 187, 98, 116, 118, 138, 135, 89, 145, 117, 28, 55, 19, 185, 107, 29, 165, 14, 152, 101, 154, 41, 118, 199, 116, 13, 82, 20),
    (28, 168, 177, 84, 39, 29, 191, 147, 176, 110, 114, 40, 103, 163, 47, 154, 16, 106, 89, 190, 138, 115, 90, 49, 12, 122, 58, 8, 149, 191, 22, 196, 86, 8, 194, 78, 168, 59, 143, 101),
    (29, 143, 69, 143, 166, 134, 158, 142, 66, 32, 4, 116, 100, 155, 135, 30, 102, 21, 57, 178, 147, 179, 107, 54, 0, 184, 68, 22, 159, 69, 102, 124, 108, 10, 44, 167, 198, 119, 61, 110),
    (30, 166, 78, 134, 134, 112, 195, 13, 117, 35, 137, 69, 13, 53, 33, 78, 25, 82, 174, 2, 49, 82, 197, 198, 79, 131, 128, 182, 5, 11, 132, 49, 176, 163, 172, 158, 149, 144, 145, 183),
    (31, 162, 75, 21, 75, 82, 162, 178, 38, 191, 168, 5, 143, 68, 61, 133, 177, 66, 75, 96, 177, 124, 116, 0, 140, 126, 173, 140, 149, 157, 134, 140, 58, 135, 83, 139, 17, 144, 173, 141),
    (32, 153, 28, 74, 15, 88, 40, 87, 37, 41, 0, 145, 26, 106, 87, 137, 149, 130, 57, 77, 199, 97, 129, 10, 35, 107, 21, 187, 53, 48, 101, 83, 8, 78, 23, 176, 18, 37, 69, 143),
    (33, 55, 4, 2, 169, 163, 121, 60, 162, 130, 82, 197, 137, 150, 0, 30, 166, 65, 96, 73, 125, 10, 162, 151, 136, 140, 118, 175, 68, 108, 190, 144, 183, 3, 144, 102, 177, 52, 32, 102),
    (34, 126, 152, 95, 76, 12, 118, 165, 70, 16, 31, 199, 172, 193, 62, 8, 102, 174, 97, 65, 140, 152, 198, 151, 121, 84, 19, 126, 124, 61, 28, 196, 130, 190, 23, 144, 35, 28, 48, 180),
    (35, 28, 93, 20, 49, 135, 12, 59, 150, 88, 191, 45, 188, 116, 181, 18, 87, 118, 157, 184, 87, 104, 14, 170, 18, 184, 167, 111, 110, 37, 68, 86, 84, 173, 51, 124, 108, 80, 13, 113),
    (36, 16, 41, 161, 99, 11, 64, 107, 11, 12, 57, 120, 131, 91, 71, 155, 138, 73, 157, 137, 183, 67, 136, 74, 82, 186, 147, 38, 50, 142, 62, 163, 161, 188, 43, 143, 189, 165, 160, 73),
    (37, 172, 169, 116, 33, 101, 28, 114, 151, 139, 119, 16, 193, 110, 78, 107, 29, 180, 150, 90, 148, 139, 13, 157, 109, 116, 163, 100, 185, 10, 186, 57, 69, 107, 104, 122, 33, 94, 169, 97),
    (38, 112, 101, 135, 12, 20, 156, 97, 140, 68, 100, 146, 31, 173, 17, 108, 2, 10, 129, 164, 140, 0, 116, 24, 64, 14, 13, 192, 179, 43, 40, 101, 150, 136, 147, 84, 45, 81, 150, 104),
    (39, 116, 73, 44, 118, 176, 90, 167, 79, 132, 73, 84, 81, 21, 40, 130, 125, 48, 122, 31, 8, 113, 104, 140, 138, 57, 30, 16, 70, 75, 47, 176, 178, 197, 194, 105, 88, 183, 199, 89),
    (40, 54, 125, 21, 106, 104, 181, 66, 127, 88, 75, 77, 61, 101, 191, 182, 36, 5, 127, 190, 99, 92, 156, 16, 37, 181, 56, 40, 89, 142, 70, 127, 74, 138, 7, 150, 40, 36, 91, 83),
    (41, 4, 5, 75, 141, 146, 162, 186, 178, 166, 57, 80, 140, 78, 117, 33, 36, 95, 12, 42, 50, 155, 97, 160, 2, 8, 107, 101, 13, 22, 180, 19, 9, 148, 148, 6, 113, 128, 80, 139),
    (42, 102, 138, 17, 25, 83, 184, 130, 191, 71, 190, 188, 43, 18, 21, 71, 184, 93, 37, 50, 144, 184, 126, 185, 73, 193, 67, 142, 148, 169, 123, 36, 45, 189, 43, 151, 113, 126, 158, 60),
    (43, 153, 150, 128, 104, 99, 149, 127, 127, 84, 37, 63, 99, 135, 93, 72, 187, 24, 95, 185, 28, 84, 30, 79, 176, 52, 110, 56, 86, 174, 113, 76, 36, 88, 1, 143, 71, 186, 106, 83),
    (44, 27, 99, 185, 103, 61, 117, 52, 8, 44, 188, 171, 15, 115, 77, 192, 56, 4, 95, 46, 149, 151, 43, 165, 91, 30, 108, 65, 119, 56, 186, 155, 186, 187, 161, 108, 54, 8, 187, 157),
    (45, 60, 9, 116, 181, 6, 42, 85, 30, 40, 93, 124, 125, 189, 193, 172, 33, 113, 80, 65, 85, 120, 9, 114, 4, 69, 174, 154, 7, 126, 137, 21, 176, 118, 28, 76, 91, 103, 19, 11),
    (46, 167, 122, 71, 160, 10, 148, 67, 55, 100, 171, 100, 188, 27, 84, 148, 173, 157, 28, 111, 66, 48, 22, 4, 61, 79, 43, 110, 94, 5, 85, 100, 31, 12, 199, 91, 185, 198, 106, 15),
    (47, 44, 59, 53, 168, 54, 60, 108, 139, 7, 133, 117, 160, 48, 71, 51, 20, 52, 103, 44, 166, 78, 119, 56, 18, 66, 61, 28, 105, 22, 154, 42, 177, 110, 90, 150, 19, 8, 181, 162),
    (48, 164, 127, 135, 76, 159, 0, 37, 117, 17, 131, 117, 177, 4, 129, 106, 170, 129, 164, 14, 184, 125, 103, 31, 69, 130, 183, 169, 199, 25, 13, 64, 19, 98, 79, 179, 113, 15, 152, 20),
    (49, 132, 80, 42, 117, 36, 19, 150, 112, 28, 126, 95, 104, 2, 168, 145, 110, 68, 50, 21, 110, 160, 108, 105, 189, 15, 17, 169, 139, 6, 114, 74, 42, 154, 122, 107, 183, 58, 193, 172),
    (50, 197, 192, 110, 153, 102, 153, 126, 139, 149, 71, 182, 197, 146, 21, 75, 67, 48, 175, 154, 3, 195, 170, 0, 198, 99, 102, 75, 39, 79, 0, 112, 164, 180, 187, 94, 49, 29, 182, 151),
    (51, 149, 51, 107, 38, 1, 111, 158, 158, 48, 128, 165, 160, 191, 42, 198, 198, 143, 131, 119, 125, 152, 37, 61, 119, 79, 53, 180, 3, 44, 133, 192, 80, 165, 110, 78, 155, 162, 3, 165),
    (52, 192, 186, 148, 195, 65, 54, 147, 191, 63, 130, 143, 197, 79, 137, 75, 51, 58, 9, 161, 1, 37, 84, 176, 166, 5, 197, 117, 119, 148, 120, 148, 136, 61, 157, 43, 148, 194, 46, 36),
    (53, 26, 179, 66, 8, 98, 112, 124, 192, 131, 116, 39, 14, 147, 74, 153, 8, 93, 90, 157, 0, 100, 166, 101, 18, 2, 67, 70, 185, 184, 157, 37, 80, 58, 17, 94, 182, 130, 28, 131),
    (54, 40, 141, 44, 113, 27, 55, 188, 16, 123, 38, 20, 197, 43, 114, 196, 128, 54, 125, 33, 9, 95, 150, 121, 104, 89, 37, 190, 60, 51, 191, 47, 65, 116, 22, 162, 2, 32, 157, 158),
    (55, 67, 187, 146, 80, 74, 196, 126, 13, 193, 19, 90, 197, 115, 154, 71, 73, 67, 143, 127, 69, 193, 87, 61, 12, 174, 109, 36, 103, 34, 44, 41, 143, 47, 163, 38, 25, 72, 183, 90),
    (56, 12, 135, 101, 53, 114, 168, 180, 135, 81, 89, 171, 153, 121, 109, 31, 6, 142, 144, 90, 172, 104, 175, 6, 89, 150, 22, 166, 63, 102, 71, 165, 97, 171, 172, 35, 5, 5, 96, 96),
    (57, 114, 161, 110, 92, 36, 114, 4, 141, 55, 0, 146, 82, 54, 20, 96, 83, 54, 34, 43, 172, 98, 144, 108, 197, 178, 191, 132, 103, 82, 12, 147, 27, 156, 14, 35, 63, 97, 175, 138),
    (58, 104, 110, 180, 159, 174, 46, 65, 81, 0, 194, 41, 137, 41, 3, 25, 30, 31, 26, 118, 45, 45, 77, 36, 94, 101, 79, 196, 167, 172, 10, 57, 65, 106, 146, 107, 127, 34, 160, 53),
    (59, 63, 176, 106, 117, 145, 100, 170, 29, 101, 43, 78, 123, 37, 126, 150, 191, 130, 1, 190, 199, 5, 3, 15, 132, 118, 141, 33, 66, 148, 175, 2, 106, 142, 151, 178, 123, 133, 62, 170),
    (60, 178, 50, 65, 38, 4, 19, 89, 29, 69, 167, 155, 153, 79, 171, 153, 39, 147, 49, 99, 161, 169, 140, 87, 116, 11, 59, 128, 55, 17, 113, 35, 23, 29, 197, 176, 6, 140, 166, 66),
    (61, 74, 115, 60, 150, 164, 52, 198, 62, 71, 110, 19, 107, 144, 185, 40, 185, 125, 58, 45, 195, 160, 20, 124, 145, 184, 193, 197, 55, 176, 34, 24, 193, 196, 20, 180, 199, 66, 101, 173),
    (62, 75, 7, 156, 24, 106, 103, 74, 115, 34, 111, 190, 77, 25, 94, 199, 193, 65, 151, 103, 110, 57, 138, 41, 120, 135, 45, 135, 176, 72, 157, 191, 7, 170, 188, 187, 39, 48, 15, 99),
    (63, 127, 38, 94, 186, 179, 92, 131, 151, 136, 167, 189, 117, 181, 20, 155, 104, 102, 118, 95, 26, 40, 30, 49, 34, 191, 64, 42, 3, 128, 0, 199, 123, 197, 67, 132, 137, 32, 199, 158),
    (64, 194, 16, 160, 69, 77, 85, 28, 88, 156, 27, 183, 91, 31, 30, 53, 194, 38, 112, 197, 170, 21, 25, 141, 45, 193, 130, 172, 120, 42, 90, 129, 108, 187, 46, 176, 151, 102, 102, 20),
    (65, 23, 31, 123, 148, 70, 185, 184, 63, 169, 3, 56, 132, 55, 183, 87, 24, 104, 9, 70, 15, 91, 110, 178, 135, 126, 137, 74, 169, 39, 69, 169, 10, 52, 162, 120, 54, 96, 137, 41),
    (66, 61, 60, 85, 53, 159, 69, 191, 122, 24, 192, 179, 73, 114, 146, 119, 188, 145, 135, 45, 93, 24, 194, 144, 108, 175, 190, 26, 140, 34, 190, 162, 100, 107, 197, 182, 163, 69, 19, 98),
    (67, 170, 142, 66, 7, 89, 157, 8, 71, 23, 135, 164, 153, 168, 161, 131, 24, 51, 32, 56, 89, 122, 128, 0, 11, 22, 52, 150, 33, 189, 147, 83, 129, 199, 88, 118, 131, 90, 74, 177),
    (68, 24, 11, 159, 155, 110, 56, 97, 33, 37, 87, 14, 101, 148, 146, 66, 36, 39, 102, 43, 82, 47, 107, 164, 132, 138, 18, 193, 103, 111, 123, 188, 23, 104, 118, 93, 156, 164, 88, 57),
    (69, 118, 15, 159, 156, 180, 118, 130, 117, 153, 74, 2, 70, 47, 55, 31, 194, 36, 50, 101, 184, 54, 67, 16, 7, 84, 104, 162, 122, 168, 117, 122, 50, 126, 1, 19, 194, 92, 65, 104),
    (70, 108, 140, 105, 5, 27, 183, 159, 70, 147, 128, 3, 20, 94, 91, 67, 85, 72, 158, 33, 122, 152, 75, 30, 102, 141, 111, 31, 79, 66, 55, 33, 41, 149, 102, 163, 115, 152, 98, 82),
    (71, 165, 129, 104, 61, 109, 146, 62, 82, 114, 167, 147, 166, 0, 11, 38, 48, 102, 32, 132, 123, 133, 147, 4, 105, 116, 48, 38, 29, 36, 170, 101, 198, 106, 90, 144, 157, 72, 162, 81),
    (72, 88, 194, 176, 197, 78, 59, 91, 182, 181, 136, 16, 28, 161, 90, 4, 169, 152, 7, 149, 113, 64, 105, 149, 52, 48, 14, 18, 177, 90, 110, 145, 56, 83, 195, 33, 96, 65, 124, 31),
    (73, 14, 17, 109, 70, 81, 33, 102, 96, 4, 192, 137, 75, 4, 89, 110, 119, 153, 33, 173, 61, 129, 147, 49, 108, 102, 145, 129, 119, 105, 59, 38, 167, 187, 50, 191, 188, 100, 171, 73),
    (74, 70, 174, 197, 152, 65, 94, 63, 141, 63, 196, 164, 120, 189, 144, 68, 47, 80, 136, 74, 141, 58, 135, 135, 58, 197, 179, 81, 34, 93, 151, 155, 117, 147, 12, 65, 141, 77, 162, 45),
    (75, 165, 71, 30, 44, 116, 112, 13, 91, 84, 155, 74, 140, 159, 56, 51, 139, 161, 56, 174, 86, 151, 168, 184, 1, 35, 83, 26, 192, 76, 35, 35, 97, 2, 37, 36, 101, 49, 80, 95),
    (76, 161, 108, 188, 156, 10, 140, 22, 32, 84, 169, 198, 184, 11, 139, 157, 194, 126, 179, 74, 177, 47, 21, 129, 89, 149, 94, 189, 189, 136, 36, 65, 33, 106, 164, 13, 46, 94, 99, 135),
    (77, 46, 156, 166, 80, 118, 199, 140, 41, 181, 174, 13, 77, 16, 66, 80, 186, 180, 69, 153, 78, 148, 96, 2, 44, 109, 17, 104, 36, 73, 133, 15, 2, 3, 10, 140, 156, 125, 112, 64),
    (78, 35, 104, 61, 88, 122, 99, 12, 169, 19, 157, 32, 140, 104, 36, 100, 51, 117, 180, 46, 98, 87, 33, 184, 86, 93, 168, 59, 189, 181, 183, 77, 8, 31, 181, 165, 7, 16, 46, 38),
    (79, 33, 53, 124, 187, 179, 11, 50, 102, 121, 37, 47, 47, 82, 141, 112, 119, 2, 21, 136, 3, 10, 113, 68, 27, 61, 105, 26, 136, 155, 65, 176, 4, 94, 170, 172, 159, 125, 60, 89),
    (80, 34, 44, 34, 155, 79, 186, 141, 168, 133, 72, 59, 147, 39, 110, 125, 2, 188, 139, 8, 48, 9, 192, 193, 53, 147, 168, 180, 109, 12, 39, 70, 172, 90, 157, 114, 22, 37, 149, 114),
    (81, 187, 163, 91, 120, 34, 89, 190, 107, 133, 61, 14, 112, 131, 46, 52, 179, 135, 171, 10, 125, 193, 171, 18, 29, 45, 107, 20, 8, 107, 105, 73, 122, 23, 103, 193, 190, 43, 66, 38),
    (82, 77, 128, 32, 5, 101, 37, 91, 167, 1, 191, 14, 23, 151, 153, 130, 141, 57, 90, 35, 58, 18, 113, 81, 185, 101, 23, 43, 189, 107, 80, 15, 139, 33, 39, 199, 90, 27, 155, 155),
    (83, 67, 17, 172, 34, 11, 18, 44, 195, 81, 58, 88, 151, 181, 40, 113, 130, 50, 165, 154, 8, 184, 25, 69, 178, 105, 155, 94, 48, 8, 143, 191, 177, 72, 77, 38, 185, 172, 50, 56),
    (84, 39, 87, 96, 86, 76, 179, 1, 16, 129, 96, 161, 55, 40, 58, 17, 42, 192, 41, 149, 95, 199, 152, 11, 2, 81, 140, 59, 142, 184, 93, 31, 77, 105, 90, 69, 163, 143, 38, 188),
    (85, 194, 166, 154, 63, 195, 84, 37, 17, 75, 69, 187, 51, 44, 46, 107, 159, 107, 98, 72, 15, 160, 117, 31, 23, 183, 56, 146, 38, 56, 2, 102, 46, 175, 189, 155, 122, 68, 192, 67),
    (86, 113, 101, 182, 131, 20, 176, 152, 5, 142, 59, 86, 26, 72, 149, 118, 1, 42, 178, 53, 133, 170, 131, 49, 41, 84, 105, 12, 14, 114, 13, 165, 146, 182, 187, 169, 104, 88, 54, 102),
    (87, 127, 198, 147, 42, 76, 80, 45, 133, 25, 144, 133, 76, 29, 106, 143, 174, 67, 189, 80, 24, 169, 81, 148, 17, 59, 47, 177, 186, 113, 198, 75, 172, 174, 144, 92, 180, 107, 114, 144),
    (88, 116, 87, 15, 52, 44, 12, 66, 72, 116, 8, 93, 175, 99, 44, 177, 139, 126, 87, 188, 151, 69, 4, 106, 127, 181, 123, 106, 50, 143, 196, 40, 169, 158, 69, 166, 173, 185, 159, 117),
    (89, 156, 37, 117, 74, 130, 33, 74, 71, 105, 196, 56, 52, 112, 76, 135, 110, 86, 53, 198, 181, 73, 8, 145, 11, 151, 153, 113, 3, 33, 190, 7, 141, 107, 181, 137, 166, 178, 190, 86),
    (90, 54, 195, 62, 152, 182, 142, 127, 120, 173, 166, 161, 24, 100, 177, 177, 120, 176, 62, 86, 94, 178, 167, 165, 47, 93, 159, 18, 54, 167, 118, 62, 179, 18, 118, 79, 142, 113, 57, 125),
    (91, 9, 186, 103, 171, 198, 106, 0, 69, 93, 11, 75, 81, 194, 157, 53, 46, 126, 83, 94, 54, 1, 198, 109, 133, 11, 108, 15, 163, 35, 114, 31, 96, 1, 105, 32, 110, 97, 82, 66),
    (92, 136, 25, 1, 105, 89, 2, 95, 80, 145, 22, 46, 171, 187, 190, 32, 92, 101, 66, 86, 191, 8, 60, 48, 20, 166, 87, 74, 48, 134, 176, 81, 82, 59, 123, 191, 185, 96, 5, 178),
    (93, 170, 3, 128, 126, 178, 166, 176, 5, 151, 111, 26, 35, 13, 5, 38, 70, 17, 166, 7, 35, 134, 117, 69, 182, 74, 132, 151, 52, 55, 23, 87, 161, 64, 144, 136, 14, 90, 5, 195),
    (94, 8, 89, 158, 77, 69, 158, 55, 25, 23, 4, 103, 168, 127, 143, 56, 44, 100, 0, 191, 101, 172, 148, 189, 93, 60, 117, 112, 75, 116, 16, 49, 179, 193, 18, 21, 14, 96, 86, 72),
    (95, 41, 12, 125, 109, 83, 42, 108, 5, 191, 84, 64, 80, 62, 120, 41, 135, 26, 134, 150, 59, 18, 146, 28, 152, 10, 36, 107, 48, 20, 105, 96, 119, 173, 15, 7, 194, 48, 140, 17),
    (96, 148, 105, 31, 7, 68, 37, 170, 199, 194, 35, 32, 91, 142, 181, 0, 146, 131, 0, 182, 37, 57, 166, 113, 17, 64, 121, 62, 134, 12, 35, 1, 178, 188, 78, 99, 139, 80, 150, 66),
    (97, 51, 79, 72, 155, 25, 116, 145, 191, 190, 48, 70, 98, 199, 37, 61, 65, 37, 123, 165, 56, 72, 57, 11, 167, 55, 127, 18, 85, 90, 150, 160, 84, 138, 125, 32, 107, 143, 73, 27),
    (98, 53, 70, 154, 143, 146, 176, 79, 10, 134, 138, 167, 160, 189, 36, 120, 1, 4, 41, 36, 140, 117, 113, 96, 77, 5, 188, 19, 26, 183, 61, 70, 135, 108, 186, 119, 83, 156, 79, 3),
    (99, 1, 32, 186, 49, 87, 105, 154, 17, 55, 112, 89, 105, 47, 18, 154, 26, 181, 177, 74, 53, 68, 4, 184, 174, 169, 71, 131, 102, 186, 8, 87, 155, 28, 30, 153, 75, 70, 179, 58),
    (100, 163, 155, 87, 106, 33, 89, 28, 137, 107, 192, 66, 128, 61, 137, 55, 142, 118, 16, 43, 119, 18, 120, 109, 173, 46, 47, 169, 35, 85, 49, 43, 23, 1, 93, 14, 26, 132, 83, 98),
    (101, 174, 52, 10, 49, 110, 48, 117, 147, 160, 34, 20, 127, 30, 31, 69, 146, 107, 194, 184, 125, 95, 171, 30, 145, 1, 45, 58, 93, 156, 30, 69, 86, 134, 186, 58, 81, 193, 7, 44),
    (102, 183, 128, 185, 8, 128, 26, 38, 83, 117, 31, 155, 72, 135, 49, 19, 75, 167, 32, 174, 92, 174, 110, 144, 147, 188, 190, 8, 140, 19, 163, 1, 162, 151, 10, 32, 60, 134, 148, 88),
    (103, 188, 106, 180, 19, 22, 2, 27, 1, 26, 181, 160, 20, 72, 191, 175, 135, 19, 7, 58, 78, 177, 74, 108, 116, 160, 195, 40, 152, 129, 56, 198, 199, 58, 0, 103, 72, 67, 106, 14),
    (104, 85, 119, 74, 94, 36, 180, 67, 8, 163, 9, 2, 87, 56, 12, 130, 102, 105, 76, 143, 55, 116, 111, 37, 162, 164, 80, 17, 119, 154, 91, 141, 43, 59, 95, 13, 81, 75, 162, 25),
    (105, 168, 78, 119, 95, 145, 102, 69, 52, 175, 92, 59, 112, 14, 38, 74, 132, 80, 159, 46, 131, 105, 181, 182, 78, 189, 50, 133, 139, 96, 183, 57, 19, 85, 119, 146, 182, 169, 125, 19),
    (106, 131, 10, 173, 33, 149, 169, 17, 79, 156, 178, 51, 51, 39, 117, 63, 25, 95, 30, 21, 187, 46, 195, 29, 78, 127, 48, 102, 81, 189, 60, 31, 82, 49, 5, 58, 99, 12, 13, 28),
    (107, 45, 45, 58, 68, 70, 181, 94, 21, 16, 93, 99, 84, 18, 108, 87, 170, 102, 47, 125, 20, 191, 158, 160, 151, 182, 30, 157, 80, 39, 56, 148, 15, 74, 46, 45, 44, 64, 39, 189),
    (108, 43, 150, 13, 196, 44, 120, 103, 34, 63, 37, 31, 143, 109, 137, 132, 96, 198, 119, 196, 82, 122, 183, 107, 127, 93, 159, 86, 19, 33, 173, 166, 58, 107, 103, 59, 183, 145, 146, 33),
    (109, 127, 16, 166, 152, 144, 184, 36, 152, 174, 124, 4, 8, 114, 199, 20, 90, 113, 47, 81, 7, 174, 9, 29, 39, 68, 190, 84, 101, 29, 123, 138, 64, 37, 116, 113, 97, 122, 119, 120),
    (110, 199, 67, 103, 70, 177, 164, 181, 9, 55, 65, 126, 92, 23, 50, 150, 137, 85, 124, 68, 9, 85, 96, 102, 9, 3, 12, 97, 113, 145, 22, 103, 152, 93, 63, 159, 62, 194, 149, 183),
    (111, 120, 174, 18, 138, 57, 65, 181, 133, 189, 169, 165, 142, 120, 57, 74, 13, 29, 30, 123, 31, 31, 193, 93, 148, 63, 186, 178, 183, 87, 89, 198, 149, 150, 178, 13, 84, 33, 168, 83),
    (112, 193, 57, 113, 43, 51, 141, 178, 1, 36, 179, 50, 59, 76, 164, 63, 169, 56, 65, 25, 82, 193, 56, 139, 65, 162, 67, 31, 25, 18, 4, 70, 23, 96, 93, 54, 191, 166, 129, 46),
    (113, 168, 32, 195, 57, 179, 196, 106, 121, 13, 199, 160, 35, 40, 33, 41, 147, 27, 187, 91, 117, 134, 178, 91, 81, 39, 80, 73, 122, 84, 182, 15, 21, 176, 170, 12, 127, 72, 14, 134),
    (114, 108, 106, 79, 92, 149, 85, 136, 74, 16, 168, 58, 100, 173, 126, 10, 108, 62, 17, 31, 84, 178, 47, 187, 97, 73, 154, 138, 105, 19, 156, 180, 110, 188, 17, 77, 22, 156, 35, 155),
    (115, 141, 49, 66, 158, 172, 100, 149, 92, 54, 18, 147, 116, 41, 44, 104, 179, 24, 88, 117, 60, 142, 152, 105, 113, 22, 83, 138, 34, 172, 149, 5, 150, 3, 84, 13, 174, 183, 167, 66),
    (116, 181, 68, 117, 8, 33, 182, 86, 131, 88, 199, 167, 46, 94, 180, 41, 186, 66, 33, 23, 20, 51, 149, 177, 123, 125, 77, 109, 159, 4, 151, 144, 68, 167, 193, 161, 16, 42, 17, 63),
    (117, 125, 109, 67, 24, 143, 128, 103, 117, 108, 182, 162, 160, 136, 194, 71, 130, 17, 197, 154, 135, 23, 198, 37, 7, 1, 61, 154, 135, 144, 156, 34, 102, 97, 143, 189, 181, 15, 133, 102),
    (118, 40, 196, 173, 10, 12, 11, 116, 135, 13, 124, 99, 11, 44, 167, 191, 169, 30, 199, 10, 159, 50, 152, 64, 180, 183, 146, 21, 164, 60, 33, 165, 91, 90, 182, 63, 2, 31, 56, 1),
    (119, 31, 137, 187, 38, 130, 86, 173, 192, 103, 36, 36, 63, 115, 94, 190, 35, 9, 147, 135, 20, 97, 179, 118, 199, 102, 60, 186, 12, 7, 12, 47, 103, 21, 84, 70, 91, 110, 134, 173),
    (120, 57, 22, 147, 36, 166, 144, 137, 62, 67, 163, 9, 30, 151, 180, 86, 70, 68, 108, 160, 6, 136, 21, 117, 72, 62, 151, 192, 109, 119, 68, 160, 157, 70, 96, 92, 45, 43, 7, 126),
    (121, 172, 24, 107, 196, 160, 132, 25, 67, 170, 181, 103, 194, 97, 76, 44, 153, 166, 183, 35, 151, 100, 76, 32, 114, 26, 1, 23, 176, 182, 156, 176, 52, 45, 131, 94, 180, 127, 36, 149),
    (122, 171, 135, 14, 98, 157, 135, 31, 24, 160, 98, 99, 0, 195, 171, 197, 84, 98, 175, 74, 199, 65, 127, 156, 150, 116, 113, 58, 13, 120, 156, 156, 150, 32, 4, 72, 93, 130, 85, 154),
    (123, 175, 138, 168, 94, 196, 6, 123, 197, 123, 186, 52, 179, 124, 58, 139, 118, 169, 6, 93, 47, 146, 160, 97, 4, 131, 92, 150, 189, 20, 61, 155, 82, 108, 182, 11, 167, 14, 132, 50),
    (124, 58, 77, 171, 89, 55, 51, 143, 129, 151, 55, 184, 46, 174, 70, 73, 18, 170, 129, 36, 24, 108, 104, 101, 123, 59, 187, 111, 90, 139, 25, 90, 110, 104, 85, 10, 11, 55, 88, 73),
    (125, 172, 71, 133, 162, 154, 63, 148, 155, 51, 154, 80, 153, 111, 34, 197, 107, 0, 182, 183, 31, 127, 51, 88, 94, 84, 41, 91, 73, 32, 123, 171, 161, 34, 92, 171, 101, 91, 48, 158),
    (126, 20, 25, 136, 151, 18, 46, 194, 118, 163, 90, 141, 183, 195, 127, 159, 83, 138, 130, 144, 188, 26, 146, 123, 41, 170, 97, 91, 61, 34, 135, 128, 189, 92, 86, 113, 38, 92, 134, 118),
    (127, 154, 113, 100, 195, 12, 159, 3, 23, 84, 69, 184, 193, 158, 58, 68, 157, 79, 115, 145, 97, 130, 167, 57, 46, 67, 185, 28, 58, 51, 51, 9, 180, 97, 27, 98, 166, 1, 147, 190),
    (128, 170, 110, 193, 186, 38, 60, 189, 22, 68, 179, 137, 103, 6, 33, 23, 114, 52, 69, 163, 155, 63, 199, 73, 102, 163, 189, 38, 153, 1, 7, 145, 41, 143, 133, 132, 121, 192, 20, 195),
    (129, 67, 127, 75, 164, 14, 181, 137, 146, 110, 195, 95, 48, 41, 20, 157, 32, 199, 155, 181, 33, 79, 98, 125, 18, 125, 119, 142, 57, 124, 92, 56, 159, 79, 108, 48, 30, 172, 128, 172),
    (130, 69, 72, 111, 42, 71, 155, 29, 33, 194, 26, 110, 199, 63, 172, 29, 141, 135, 127, 151, 55, 192, 192, 100, 118, 106, 150, 165, 24, 38, 112, 144, 70, 197, 22, 55, 25, 182, 70, 28),
    (131, 142, 97, 171, 9, 121, 20, 170, 140, 6, 37, 174, 35, 141, 96, 69, 51, 29, 198, 140, 187, 83, 101, 191, 46, 194, 1, 153, 182, 98, 39, 133, 130, 120, 7, 10, 165, 97, 68, 78),
    (132, 199, 154, 151, 109, 138, 54, 15, 79, 4, 148, 177, 114, 195, 101, 90, 199, 100, 130, 8, 40, 73, 141, 13, 101, 195, 110, 80, 105, 39, 179, 39, 131, 105, 6, 30, 163, 162, 1, 143),
    (133, 186, 26, 25, 78, 45, 12, 23, 111, 26, 93, 178, 1, 32, 16, 33, 121, 36, 55, 91, 30, 113, 39, 98, 164, 162, 86, 98, 70, 19, 3, 173, 16, 126, 168, 73, 174, 96, 144, 40),
    (134, 114, 198, 63, 154, 40, 129, 114, 154, 138, 1, 111, 8, 139, 67, 195, 91, 190, 58, 100, 159, 158, 25, 2, 97, 83, 115, 151, 95, 165, 180, 142, 76, 125, 2, 22, 90, 162, 2, 149),
    (135, 171, 27, 135, 185, 38, 160, 98, 136, 168, 104, 184, 189, 44, 181, 7, 126, 187, 128, 5, 197, 171, 114, 13, 134, 155, 65, 50, 57, 100, 138, 33, 190, 95, 16, 6, 55, 137, 65, 194),
    (136, 63, 102, 126, 176, 44, 42, 4, 46, 22, 145, 98, 103, 88, 136, 16, 164, 99, 172, 43, 80, 57, 83, 1, 63, 77, 192, 80, 107, 103, 80, 89, 198, 24, 55, 8, 48, 155, 106, 140),
    (137, 187, 124, 160, 112, 10, 49, 170, 138, 176, 55, 127, 171, 101, 158, 194, 186, 8, 137, 62, 12, 188, 187, 110, 130, 131, 18, 17, 65, 94, 111, 29, 83, 160, 132, 160, 36, 121, 92, 104),
    (138, 198, 6, 172, 15, 171, 174, 88, 77, 137, 167, 3, 190, 6, 109, 166, 122, 143, 78, 194, 139, 80, 146, 45, 192, 190, 64, 61, 88, 100, 173, 138, 112, 142, 133, 190, 172, 20, 2, 186),
    (139, 175, 151, 61, 20, 177, 85, 110, 57, 24, 175, 169, 154, 93, 71, 56, 124, 135, 161, 150, 116, 159, 173, 2, 131, 29, 113, 99, 66, 81, 35, 60, 76, 40, 20, 5, 135, 43, 192, 193),
    (140, 187, 98, 53, 183, 114, 191, 199, 19, 49, 142, 189, 25, 100, 77, 159, 102, 44, 115, 85, 135, 44, 101, 177, 168, 176, 169, 199, 108, 195, 21, 86, 160, 149, 152, 138, 69, 38, 35, 179),
    (141, 108, 163, 6, 16, 20, 101, 10, 197, 97, 31, 16, 90, 15, 182, 69, 181, 61, 95, 62, 178, 106, 89, 20, 194, 65, 139, 59, 60, 155, 17, 179, 171, 102, 182, 23, 143, 99, 55, 46),
    (142, 56, 171, 175, 100, 93, 170, 174, 74, 131, 96, 77, 75, 35, 137, 92, 35, 131, 106, 46, 143, 178, 51, 96, 109, 26, 135, 190, 177, 8, 44, 139, 111, 120, 125, 64, 70, 64, 40, 198),
    (143, 167, 95, 170, 176, 118, 48, 2, 119, 175, 189, 95, 106, 9, 155, 43, 174, 197, 74, 189, 181, 91, 2, 187, 113, 182, 62, 123, 123, 153, 30, 8, 190, 113, 11, 17, 141, 188, 21, 180),
    (144, 115, 187, 152, 26, 22, 198, 144, 68, 138, 90, 146, 153, 143, 111, 15, 25, 32, 27, 37, 106, 87, 55, 186, 6, 56, 103, 122, 33, 66, 118, 121, 178, 159, 3, 186, 169, 39, 43, 164),
    (145, 1, 12, 113, 58, 98, 27, 176, 36, 94, 0, 23, 133, 192, 90, 133, 163, 86, 188, 155, 134, 158, 46, 160, 83, 93, 91, 51, 45, 165, 11, 4, 190, 103, 3, 113, 42, 35, 179, 18),
    (146, 75, 2, 161, 85, 170, 38, 62, 198, 1, 55, 90, 65, 77, 66, 108, 106, 23, 7, 180, 22, 37, 66, 80, 120, 158, 52, 12, 167, 140, 52, 96, 110, 113, 58, 150, 170, 168, 95, 80),
    (147, 133, 23, 2, 181, 187, 73, 1, 140, 1, 100, 13, 117, 6, 27, 64, 111, 24, 155, 171, 124, 55, 188, 20, 161, 127, 126, 58, 163, 130, 136, 180, 104, 49, 187, 102, 95, 116, 122, 56),
    (148, 35, 187, 104, 171, 131, 18, 120, 184, 8, 20, 17, 52, 75, 114, 108, 33, 188, 66, 162, 185, 165, 29, 3, 34, 167, 48, 92, 148, 119, 197, 137, 31, 39, 90, 152, 43, 173, 106, 110),
    (149, 123, 136, 94, 14, 92, 48, 95, 31, 103, 107, 153, 190, 73, 124, 1, 120, 77, 77, 183, 41, 159, 60, 147, 5, 45, 82, 39, 93, 39, 10, 86, 40, 170, 24, 169, 90, 148, 199, 53),
    (150, 150, 89, 58, 142, 135, 124, 127, 74, 29, 49, 145, 129, 127, 41, 85, 25, 104, 125, 53, 101, 152, 198, 50, 178, 190, 175, 22, 147, 1, 3, 40, 20, 54, 7, 64, 109, 79, 44, 87),
    (151, 124, 131, 185, 33, 102, 49, 176, 92, 22, 35, 160, 114, 181, 78, 69, 162, 135, 40, 138, 86, 84, 18, 75, 133, 10, 122, 15, 133, 139, 9, 21, 10, 168, 156, 30, 184, 196, 151, 156),
    (152, 159, 170, 23, 104, 9, 4, 51, 61, 6, 47, 162, 103, 135, 88, 32, 59, 5, 19, 124, 15, 150, 170, 85, 76, 25, 6, 117, 187, 96, 118, 181, 193, 59, 129, 145, 67, 75, 69, 88),
    (153, 40, 21, 136, 167, 125, 36, 137, 90, 104, 87, 55, 98, 121, 27, 81, 20, 120, 138, 107, 145, 167, 10, 71, 149, 144, 125, 160, 66, 186, 91, 111, 42, 158, 79, 102, 148, 41, 53, 172),
    (154, 128, 112, 134, 117, 68, 23, 140, 172, 177, 147, 45, 61, 97, 43, 29, 3, 134, 150, 31, 4, 22, 87, 46, 14, 80, 194, 66, 89, 47, 198, 130, 10, 73, 71, 95, 88, 158, 147, 117),
    (155, 137, 172, 168, 62, 194, 128, 81, 191, 138, 138, 72, 4, 133, 29, 81, 157, 114, 100, 9, 71, 169, 150, 3, 65, 194, 39, 185, 119, 199, 76, 59, 37, 118, 78, 173, 194, 7, 103, 85),
    (156, 112, 121, 16, 4, 199, 178, 142, 186, 134, 63, 84, 60, 25, 148, 186, 66, 86, 193, 20, 4, 145, 113, 199, 23, 80, 1, 127, 136, 77, 100, 67, 157, 179, 56, 45, 154, 11, 70, 23),
    (157, 31, 104, 148, 24, 21, 115, 89, 146, 173, 64, 58, 103, 60, 31, 26, 109, 183, 139, 105, 89, 164, 178, 16, 141, 49, 67, 96, 164, 102, 13, 189, 163, 181, 25, 56, 151, 199, 74, 199),
    (158, 70, 138, 110, 119, 14, 118, 153, 90, 175, 193, 59, 148, 197, 138, 37, 57, 12, 88, 191, 119, 122, 106, 127, 170, 33, 60, 192, 68, 138, 155, 143, 0, 115, 74, 97, 197, 165, 136, 96),
    (159, 49, 94, 171, 19, 107, 170, 33, 191, 103, 23, 176, 53, 157, 198, 190, 163, 119, 183, 127, 32, 133, 66, 118, 5, 119, 178, 156, 46, 158, 76, 87, 80, 169, 109, 111, 199, 81, 63, 163),
    (160, 151, 67, 155, 22, 154, 77, 184, 48, 7, 106, 115, 144, 138, 25, 79, 104, 97, 41, 107, 184, 88, 7, 74, 167, 126, 77, 152, 78, 198, 123, 113, 92, 102, 194, 67, 180, 157, 50, 52),
    (161, 14, 17, 168, 199, 50, 133, 120, 193, 65, 152, 25, 182, 123, 30, 91, 140, 160, 160, 104, 41, 118, 151, 138, 132, 61, 4, 99, 114, 154, 61, 66, 129, 94, 191, 87, 33, 8, 47, 135),
    (162, 90, 156, 170, 17, 85, 176, 72, 106, 115, 185, 64, 77, 129, 179, 88, 142, 124, 183, 19, 74, 136, 96, 132, 94, 133, 49, 177, 57, 123, 183, 175, 13, 89, 102, 142, 50, 60, 70, 132),
    (163, 25, 49, 27, 33, 156, 66, 191, 149, 1, 83, 181, 101, 155, 155, 163, 27, 186, 154, 138, 195, 185, 70, 82, 145, 143, 32, 116, 130, 10, 123, 26, 109, 190, 74, 136, 85, 43, 158, 168),
    (164, 193, 128, 146, 71, 4, 152, 97, 155, 155, 169, 146, 16, 73, 127, 79, 114, 53, 175, 81, 80, 53, 105, 55, 179, 155, 181, 17, 54, 68, 116, 42, 35, 142, 153, 80, 89, 52, 116, 76),
    (165, 44, 158, 196, 164, 184, 167, 116, 158, 105, 33, 112, 67, 133, 192, 24, 176, 35, 5, 136, 65, 83, 126, 134, 82, 124, 131, 161, 4, 107, 178, 163, 52, 133, 121, 164, 63, 162, 50, 113),
    (166, 33, 174, 157, 117, 199, 107, 75, 64, 79, 39, 23, 99, 153, 57, 181, 179, 106, 69, 135, 20, 178, 99, 147, 190, 26, 45, 47, 12, 132, 70, 148, 97, 3, 39, 46, 78, 68, 194, 31),
    (167, 186, 148, 142, 0, 121, 5, 48, 112, 169, 143, 96, 136, 83, 17, 184, 123, 29, 91, 0, 18, 148, 39, 165, 18, 188, 137, 157, 25, 63, 95, 142, 175, 41, 196, 96, 8, 174, 112, 66),
    (168, 156, 195, 189, 181, 192, 8, 123, 48, 194, 104, 33, 158, 6, 50, 164, 40, 194, 132, 120, 15, 47, 139, 112, 172, 82, 68, 35, 105, 10, 161, 32, 24, 145, 67, 194, 92, 136, 28, 151),
    (169, 142, 64, 23, 52, 76, 191, 30, 59, 15, 42, 105, 117, 51, 87, 166, 117, 82, 133, 84, 157, 129, 17, 61, 106, 5, 158, 115, 45, 50, 140, 133, 37, 149, 134, 113, 180, 42, 13, 55),
    (170, 163, 108, 18, 129, 83, 187, 6, 51, 122, 60, 16, 150, 101, 105, 88, 156, 38, 189, 174, 93, 132, 80, 44, 134, 143, 13, 148, 94, 52, 135, 5, 29, 148, 60, 166, 166, 178, 152, 53),
    (171, 63, 16, 142, 29, 114, 7, 97, 164, 165, 95, 97, 17, 191, 198, 18, 76, 45, 93, 102, 183, 68, 52, 23, 30, 34, 54, 72, 191, 59, 3, 124, 157, 139, 87, 127, 42, 135, 157, 87),
    (172, 62, 39, 103, 70, 39, 189, 11, 79, 187, 162, 160, 30, 157, 80, 79, 112, 149, 160, 46, 84, 83, 62, 24, 50, 73, 24, 90, 169, 122, 182, 97, 122, 60, 185, 54, 15, 175, 114, 197),
    (173, 18, 130, 75, 182, 189, 131, 135, 55, 2, 86, 170, 14, 48, 106, 170, 47, 126, 142, 157, 143, 98, 92, 192, 84, 80, 5, 65, 125, 147, 149, 45, 136, 77, 182, 195, 163, 152, 150, 96),
    (174, 127, 167, 100, 69, 37, 5, 5, 3, 181, 174, 84, 49, 165, 175, 69, 84, 60, 83, 153, 174, 39, 11, 145, 177, 77, 167, 179, 187, 52, 70, 21, 191, 63, 198, 124, 11, 36, 63, 177),
    (175, 108, 29, 176, 199, 13, 138, 126, 119, 69, 79, 124, 199, 108, 180, 113, 23, 101, 103, 2, 195, 39, 141, 38, 178, 40, 198, 67, 170, 154, 131, 184, 18, 23, 190, 196, 164, 100, 14, 198),
    (176, 19, 95, 183, 27, 113, 192, 25, 140, 70, 51, 17, 160, 107, 14, 118, 40, 25, 152, 102, 24, 133, 123, 11, 34, 9, 35, 33, 31, 148, 45, 130, 177, 2, 32, 177, 143, 25, 83, 61),
    (177, 45, 45, 66, 108, 197, 165, 178, 7, 50, 74, 150, 38, 180, 14, 31, 86, 106, 76, 183, 121, 7, 13, 60, 10, 176, 30, 182, 111, 48, 159, 111, 30, 8, 60, 12, 102, 141, 8, 132),
    (178, 66, 54, 147, 190, 68, 66, 135, 134, 179, 159, 160, 138, 158, 68, 83, 67, 187, 26, 99, 87, 123, 5, 45, 111, 73, 166, 7, 159, 13, 152, 93, 11, 139, 40, 194, 13, 104, 184, 181),
    (179, 195, 52, 41, 129, 148, 101, 56, 100, 24, 73, 144, 164, 145, 76, 110, 109, 102, 112, 154, 57, 195, 86, 119, 181, 109, 162, 128, 145, 121, 196, 83, 6, 35, 61, 46, 172, 153, 112, 58),
    (180, 96, 163, 78, 67, 10, 160, 100, 52, 17, 27, 132, 133, 42, 140, 149, 51, 199, 67, 92, 195, 62, 170, 97, 84, 151, 100, 133, 167, 167, 149, 68, 170, 58, 140, 100, 93, 111, 28, 185),
    (181, 22, 153, 127, 116, 82, 89, 176, 142, 139, 51, 145, 167, 101, 165, 81, 5, 95, 146, 53, 1, 29, 146, 45, 105, 138, 97, 10, 86, 8, 97, 5, 152, 145, 136, 9, 17, 197, 1, 134),
    (182, 182, 147, 192, 199, 7, 105, 117, 8, 15, 127, 11, 187, 131, 10, 97, 169, 46, 13, 122, 101, 23, 155, 22, 57, 18, 14, 68, 62, 26, 57, 78, 29, 60, 177, 37, 120, 64, 58, 152),
    (183, 12, 33, 64, 116, 16, 137, 42, 40, 166, 107, 78, 16, 143, 55, 25, 123, 124, 186, 171, 114, 120, 161, 96, 101, 177, 113, 123, 166, 24, 38, 8, 190, 139, 42, 160, 133, 138, 9, 74),
    (184, 89, 121, 128, 192, 166, 45, 199, 195, 67, 90, 175, 164, 181, 91, 56, 33, 27, 155, 76, 82, 27, 77, 165, 95, 60, 77, 105, 132, 78, 94, 152, 87, 133, 170, 135, 137, 40, 168, 160),
    (185, 47, 83, 109, 11, 161, 144, 187, 77, 149, 105, 196, 6, 79, 99, 13, 22, 10, 188, 34, 147, 103, 157, 146, 66, 72, 152, 171, 62, 115, 25, 120, 136, 178, 90, 170, 98, 108, 117, 50),
    (186, 142, 15, 30, 27, 28, 125, 46, 140, 98, 76, 60, 109, 9, 58, 131, 29, 136, 126, 24, 3, 30, 64, 151, 150, 194, 51, 156, 146, 33, 20, 162, 176, 102, 35, 3, 58, 13, 10, 86),
    (187, 15, 164, 47, 41, 157, 101, 88, 128, 186, 46, 62, 25, 2, 132, 134, 41, 8, 189, 88, 11, 41, 187, 153, 16, 120, 141, 68, 116, 18, 97, 25, 56, 63, 22, 125, 120, 97, 6, 114),
    (188, 144, 177, 187, 57, 47, 171, 46, 197, 89, 75, 162, 78, 179, 109, 103, 164, 79, 13, 47, 2, 133, 161, 61, 139, 43, 174, 27, 91, 165, 10, 2, 153, 194, 136, 77, 199, 68, 147, 108),
    (189, 65, 164, 15, 192, 52, 16, 154, 189, 99, 47, 49, 2, 43, 188, 63, 142, 102, 4, 91, 123, 138, 62, 163, 70, 158, 39, 57, 46, 40, 133, 102, 132, 21, 83, 64, 25, 161, 59, 168),
    (190, 58, 27, 23, 35, 87, 148, 9, 60, 172, 0, 2, 0, 166, 103, 133, 163, 114, 27, 57, 170, 163, 101, 99, 194, 22, 33, 192, 87, 29, 92, 121, 123, 124, 126, 50, 113, 175, 199, 168),
    (191, 43, 161, 62, 169, 11, 166, 84, 180, 161, 30, 63, 137, 50, 172, 148, 1, 153, 10, 83, 66, 117, 164, 87, 142, 137, 94, 73, 167, 28, 48, 161, 178, 14, 54, 198, 154, 59, 45, 70),
    (192, 129, 110, 34, 172, 74, 144, 185, 173, 31, 124, 188, 46, 164, 147, 107, 167, 7, 167, 53, 138, 111, 108, 157, 100, 189, 75, 42, 111, 116, 93, 153, 64, 179, 23, 186, 96, 66, 50, 141),
    (193, 140, 148, 80, 172, 33, 33, 182, 163, 21, 71, 89, 57, 39, 146, 52, 173, 157, 33, 168, 35, 45, 186, 179, 140, 157, 108, 19, 37, 81, 105, 40, 190, 7, 51, 44, 185, 192, 122, 67),
    (194, 55, 108, 55, 195, 36, 124, 86, 126, 182, 89, 71, 168, 90, 45, 50, 22, 179, 37, 110, 153, 120, 105, 107, 81, 115, 42, 181, 49, 144, 81, 114, 130, 82, 89, 170, 1, 6, 111, 122),
    (195, 186, 19, 63, 22, 190, 64, 53, 55, 198, 160, 160, 0, 194, 79, 83, 168, 10, 24, 167, 1, 166, 78, 36, 37, 59, 4, 112, 82, 79, 106, 45, 16, 32, 39, 142, 167, 157, 129, 26),
    (196, 102, 51, 86, 161, 82, 100, 118, 149, 97, 96, 117, 17, 21, 48, 194, 122, 61, 130, 37, 146, 58, 53, 103, 57, 74, 15, 61, 43, 104, 68, 95, 7, 197, 138, 26, 30, 145, 139, 142),
    (197, 133, 81, 84, 79, 146, 66, 95, 55, 72, 69, 50, 44, 141, 76, 170, 104, 52, 0, 53, 128, 148, 56, 183, 195, 185, 77, 179, 151, 79, 175, 138, 3, 11, 138, 100, 121, 147, 151, 116),
    (198, 15, 78, 128, 21, 36, 155, 104, 125, 183, 14, 46, 74, 113, 190, 108, 103, 185, 138, 40, 54, 183, 39, 70, 12, 38, 32, 138, 152, 0, 13, 45, 50, 111, 162, 58, 156, 13, 95, 84),
    (199, 18, 194, 55, 112, 11, 53, 90, 5, 48, 41, 180, 34, 41, 34, 69, 119, 97, 100, 76, 47, 169, 170, 194, 193, 155, 162, 147, 153, 145, 183, 156, 3, 8, 86, 90, 149, 109, 160, 198);

INSERT INTO T6 (pk, t1, t2, t3, t4, t5, t7, t8, t9, t10, t11, t12, t13, t14, t15, t16, t17, t18, t19, t20, t21, t22, t23, t24, t25, t26, t27, t28, t29, t30, t31, t32, t33, t34, t35, t36, t37, t38, t39, t40)
VALUES
    (0, 150, 155, 66, 21, 113, 129, 85, 56, 105, 141, 111, 159, 114, 142, 113, 195, 19, 89, 190, 184, 138, 30, 7, 183, 166, 118, 82, 19, 36, 170, 76, 148, 76, 170, 127, 10, 38, 73, 187),
    (1, 113, 89, 165, 2, 29, 112, 0, 137, 57, 161, 0, 27, 117, 58, 13, 65, 178, 176, 99, 134, 135, 26, 23, 178, 29, 159, 76, 199, 108, 195, 171, 6, 130, 6, 147, 161, 146, 47, 49),
    (2, 153, 72, 55, 181, 29, 79, 172, 172, 33, 71, 68, 7, 39, 193, 169, 138, 110, 12, 68, 171, 33, 48, 152, 114, 150, 76, 62, 175, 156, 142, 67, 184, 88, 163, 45, 41, 94, 151, 1),
    (3, 25, 158, 37, 135, 196, 101, 1, 13, 111, 108, 199, 54, 74, 162, 30, 16, 64, 108, 64, 43, 83, 8, 138, 4, 171, 107, 55, 22, 67, 86, 190, 20, 155, 34, 142, 110, 5, 16, 84),
    (4, 119, 29, 21, 111, 22, 100, 34, 150, 85, 14, 102, 186, 108, 164, 4, 197, 150, 88, 129, 155, 3, 197, 73, 197, 45, 183, 60, 26, 73, 58, 110, 184, 158, 53, 24, 9, 78, 123, 180),
    (5, 172, 120, 54, 82, 19, 41, 98, 26, 109, 123, 59, 41, 37, 78, 192, 73, 5, 190, 13, 183, 152, 116, 112, 4, 127, 157, 128, 157, 20, 54, 199, 142, 60, 75, 142, 106, 98, 46, 62),
    (6, 139, 191, 58, 160, 90, 93, 157, 127, 39, 60, 63, 59, 34, 126, 116, 72, 6, 13, 57, 93, 190, 100, 78, 53, 196, 12, 178, 122, 175, 159, 148, 75, 69, 105, 140, 118, 29, 28, 108),
    (7, 127, 171, 40, 143, 11, 172, 120, 160, 6, 199, 2, 130, 147, 60, 175, 93, 74, 18, 110, 186, 8, 63, 150, 101, 143, 91, 84, 104, 46, 87, 34, 72, 104, 69, 106, 166, 64, 103, 176),
    (8, 181, 198, 73, 42, 86, 169, 107, 51, 149, 192, 165, 116, 196, 81, 59, 177, 112, 156, 181, 107, 5, 98, 65, 168, 196, 102, 166, 21, 31, 34, 181, 148, 120, 161, 186, 198, 26, 10, 143),
    (9, 149, 27, 168, 185, 75, 191, 77, 26, 127, 198, 26, 163, 43, 31, 144, 54, 120, 192, 35, 90, 22, 77, 126, 62, 28, 28, 55, 79, 91, 179, 129, 82, 76, 9, 122, 54, 189, 26, 95),
    (10, 50, 82, 127, 143, 176, 48, 90, 112, 140, 135, 108, 74, 193, 165, 120, 160, 158, 88, 24, 156, 108, 121, 121, 25, 107, 151, 187, 159, 112, 155, 125, 49, 104, 30, 29, 72, 22, 165, 73),
    (11, 73, 23, 99, 22, 53, 176, 97, 145, 144, 137, 139, 15, 58, 154, 82, 81, 154, 188, 194, 185, 161, 11, 112, 157, 145, 17, 128, 41, 67, 77, 130, 34, 46, 136, 178, 74, 75, 62, 175),
    (12, 59, 10, 14, 15, 80, 140, 64, 1, 111, 69, 45, 119, 95, 131, 152, 76, 112, 127, 153, 163, 186, 138, 139, 112, 150, 86, 25, 138, 182, 182, 25, 65, 19, 114, 105, 125, 72, 174, 79),
    (13, 38, 190, 42, 118, 123, 173, 3, 122, 178, 180, 38, 91, 199, 163, 155, 103, 19, 139, 123, 165, 172, 92, 111, 154, 44, 138, 151, 193, 133, 51, 101, 195, 139, 75, 187, 105, 181, 11, 148),
    (14, 47, 93, 112, 80, 163, 5, 101, 139, 133, 69, 27, 148, 31, 18, 142, 128, 185, 163, 43, 13, 81, 62, 3, 49, 131, 165, 44, 133, 99, 13, 108, 120, 90, 91, 177, 70, 63, 162, 51),
    (15, 80, 19, 106, 160, 163, 150, 54, 18, 114, 134, 146, 153, 15, 71, 82, 95, 177, 1, 64, 56, 37, 104, 94, 21, 86, 145, 172, 142, 37, 96, 9, 63, 78, 192, 95, 187, 70, 194, 131),
    (16, 80, 55, 90, 174, 197, 116, 32, 91, 114, 68, 95, 16, 154, 177, 149, 21, 102, 140, 22, 40, 5, 119, 170, 100, 33, 125, 158, 168, 170, 70, 23, 19, 5, 28, 48, 44, 103, 132, 181),
    (17, 16, 88, 51, 155, 161, 53, 38, 87, 19, 20, 12, 124, 152, 118, 181, 161, 35, 116, 145, 175, 159, 74, 59, 20, 159, 113, 148, 196, 90, 21, 11, 15, 174, 152, 30, 0, 73, 185, 114),
    (18, 6, 16, 192, 22, 1, 157, 87, 140, 127, 103, 163, 31, 104, 11, 35, 120, 136, 80, 174, 131, 56, 83, 88, 179, 77, 23, 194, 68, 115, 176, 12, 76, 18, 111, 8, 158, 25, 35, 47),
    (19, 158, 139, 139, 122, 6, 27, 141, 97, 144, 1, 28, 81, 152, 174, 191, 181, 17, 145, 59, 186, 76, 148, 82, 25, 73, 66, 29, 186, 19, 37, 193, 159, 7, 144, 166, 133, 99, 181, 53),
    (20, 176, 175, 25, 124, 7, 45, 27, 100, 166, 44, 196, 182, 73, 171, 89, 95, 126, 114, 23, 7, 130, 29, 199, 174, 48, 181, 111, 50, 102, 64, 157, 129, 67, 85, 117, 150, 193, 105, 6),
    (21, 98, 50, 16, 199, 174, 83, 189, 76, 14, 13, 51, 20, 124, 33, 108, 42, 18, 125, 139, 148, 140, 134, 58, 138, 180, 63, 74, 144, 54, 70, 97, 109, 80, 8, 44, 103, 35, 121, 74),
    (22, 111, 43, 82, 144, 182, 53, 196, 56, 166, 194, 137, 164, 110, 107, 137, 62, 164, 125, 98, 123, 118, 110, 59, 100, 162, 22, 189, 69, 134, 198, 170, 96, 65, 177, 132, 37, 112, 55, 14),
    (23, 180, 109, 166, 160, 113, 178, 93, 182, 175, 166, 61, 133, 142, 52, 25, 5, 199, 193, 16, 68, 173, 46, 17, 118, 111, 75, 83, 56, 163, 66, 30, 15, 109, 121, 89, 32, 94, 24, 12),
    (24, 84, 116, 140, 99, 114, 140, 9, 186, 151, 174, 133, 55, 103, 133, 140, 191, 173, 155, 199, 168, 59, 131, 163, 143, 82, 166, 49, 70, 113, 36, 46, 88, 128, 101, 54, 125, 121, 80, 88),
    (25, 171, 194, 167, 11, 107, 46, 79, 34, 77, 90, 16, 93, 137, 152, 84, 141, 100, 187, 9, 52, 11, 77, 17, 187, 39, 156, 104, 44, 169, 178, 173, 61, 173, 165, 166, 174, 147, 165, 63),
    (26, 169, 150, 5, 185, 184, 162, 114, 62, 199, 57, 133, 38, 9, 32, 188, 141, 44, 9, 15, 30, 104, 79, 73, 141, 106, 111, 94, 177, 148, 22, 37, 28, 16, 102, 75, 197, 36, 16, 18),
    (27, 178, 175, 45, 56, 158, 66, 41, 175, 84, 188, 144, 26, 100, 146, 179, 47, 175, 91, 35, 109, 11, 28, 18, 155, 181, 153, 98, 61, 36, 41, 144, 125, 104, 67, 68, 94, 48, 117, 128),
    (28, 193, 85, 35, 32, 59, 51, 188, 137, 105, 154, 93, 94, 33, 10, 192, 69, 33, 196, 89, 76, 144, 152, 144, 146, 92, 19, 179, 43, 48, 72, 30, 30, 30, 80, 168, 195, 159, 50, 153),
    (29, 164, 129, 90, 176, 141, 160, 149, 168, 23, 171, 187, 31, 179, 125, 164, 56, 133, 8, 108, 121, 93, 187, 39, 28, 194, 90, 120, 123, 175, 37, 149, 22, 23, 15, 184, 102, 67, 180, 104),
    (30, 62, 156, 125, 77, 110, 112, 23, 44, 180, 78, 145, 100, 171, 21, 57, 142, 48, 2, 161, 55, 118, 168, 195, 1, 46, 16, 146, 142, 185, 102, 125, 19, 31, 149, 41, 81, 84, 118, 162),
    (31, 56, 146, 117, 130, 47, 172, 20, 40, 175, 46, 140, 140, 92, 54, 56, 161, 83, 179, 190, 86, 128, 128, 157, 102, 64, 168, 193, 132, 141, 63, 102, 26, 169, 6, 90, 182, 12, 42, 26),
    (32, 131, 94, 81, 10, 191, 19, 107, 180, 139, 5, 197, 157, 87, 178, 135, 147, 157, 27, 21, 32, 54, 118, 5, 188, 14, 16, 158, 48, 96, 175, 172, 152, 135, 188, 167, 46, 88, 99, 53),
    (33, 158, 173, 23, 33, 148, 35, 191, 87, 88, 64, 152, 84, 193, 174, 34, 195, 157, 185, 49, 136, 6, 85, 174, 192, 19, 166, 69, 15, 91, 11, 149, 183, 177, 172, 88, 184, 100, 169, 161),
    (34, 20, 53, 104, 134, 13, 70, 193, 37, 51, 7, 184, 106, 17, 10, 153, 154, 12, 96, 33, 28, 176, 4, 113, 6, 162, 4, 37, 13, 168, 47, 172, 65, 194, 56, 120, 129, 190, 151, 181),
    (35, 41, 117, 144, 99, 104, 176, 131, 31, 24, 145, 4, 105, 29, 142, 169, 72, 171, 131, 62, 7, 77, 68, 132, 0, 18, 45, 70, 31, 190, 44, 118, 125, 70, 182, 4, 72, 172, 124, 91),
    (36, 165, 97, 183, 143, 169, 41, 129, 102, 75, 180, 132, 170, 100, 85, 177, 173, 34, 184, 144, 8, 151, 192, 8, 41, 120, 50, 194, 55, 2, 181, 99, 184, 148, 128, 97, 37, 116, 55, 73),
    (37, 137, 137, 172, 77, 60, 109, 82, 4, 136, 191, 102, 150, 88, 11, 151, 167, 46, 135, 123, 163, 82, 32, 11, 184, 9, 38, 24, 52, 176, 105, 111, 130, 77, 86, 103, 179, 10, 36, 26),
    (38, 111, 71, 9, 164, 18, 148, 86, 43, 28, 25, 48, 177, 121, 43, 43, 89, 86, 27, 124, 28, 46, 196, 22, 88, 138, 45, 157, 135, 65, 18, 60, 121, 64, 69, 138, 168, 98, 133, 135),
    (39, 65, 183, 119, 150, 90, 62, 134, 126, 152, 5, 45, 96, 110, 7, 39, 185, 140, 0, 84, 194, 190, 181, 72, 146, 121, 146, 51, 20, 186, 153, 136, 187, 128, 106, 175, 80, 139, 88, 32),
    (40, 199, 192, 20, 192, 116, 28, 17, 45, 151, 179, 133, 107, 139, 46, 174, 25, 2, 83, 88, 59, 19, 166, 99, 127, 25, 24, 41, 27, 153, 110, 38, 192, 114, 8, 191, 199, 107, 170, 5),
    (41, 128, 47, 109, 45, 124, 151, 68, 145, 93, 193, 66, 165, 83, 33, 94, 57, 134, 129, 17, 85, 135, 1, 90, 112, 39, 165, 29, 112, 103, 22, 140, 190, 83, 46, 83, 173, 15, 168, 64),
    (42, 158, 81, 10, 41, 127, 134, 180, 14, 187, 148, 54, 101, 122, 6, 89, 61, 57, 105, 144, 184, 57, 57, 129, 145, 44, 16, 115, 54, 113, 97, 138, 166, 154, 48, 106, 137, 45, 180, 113),
    (43, 102, 145, 83, 165, 109, 125, 105, 66, 76, 15, 89, 171, 127, 177, 39, 175, 8, 136, 21, 109, 147, 140, 195, 1, 51, 189, 58, 28, 184, 75, 190, 115, 59, 130, 51, 73, 3, 166, 120),
    (44, 57, 49, 89, 56, 130, 145, 125, 78, 122, 195, 145, 55, 159, 95, 126, 185, 143, 97, 115, 172, 28, 133, 119, 10, 146, 195, 182, 168, 59, 192, 134, 145, 77, 121, 149, 122, 184, 120, 61),
    (45, 102, 194, 82, 134, 145, 65, 173, 79, 36, 118, 186, 192, 109, 88, 6, 85, 2, 71, 113, 102, 127, 45, 120, 167, 88, 113, 173, 123, 42, 46, 172, 108, 11, 136, 167, 186, 122, 86, 166),
    (46, 88, 123, 76, 94, 111, 94, 53, 153, 159, 47, 163, 131, 12, 140, 187, 185, 26, 179, 150, 174, 152, 127, 125, 23, 140, 47, 155, 8, 170, 65, 182, 195, 13, 153, 76, 195, 118, 97, 41),
    (47, 78, 169, 172, 31, 145, 115, 46, 119, 17, 127, 101, 12, 92, 148, 146, 81, 180, 8, 171, 187, 110, 71, 77, 104, 8, 130, 60, 177, 23, 108, 199, 80, 13, 74, 109, 74, 82, 150, 69),
    (48, 113, 22, 10, 100, 85, 96, 196, 40, 145, 156, 35, 29, 162, 97, 135, 199, 60, 167, 93, 80, 179, 34, 134, 127, 181, 98, 92, 167, 187, 59, 108, 142, 117, 18, 73, 169, 149, 92, 11),
    (49, 184, 115, 84, 148, 139, 75, 19, 21, 1, 32, 67, 67, 44, 52, 106, 58, 66, 13, 115, 51, 86, 155, 67, 65, 16, 163, 88, 175, 169, 60, 193, 80, 136, 18, 176, 122, 126, 179, 98),
    (50, 180, 63, 11, 107, 149, 63, 106, 115, 186, 116, 161, 186, 83, 78, 137, 157, 170, 25, 168, 35, 3, 110, 59, 13, 135, 22, 160, 45, 142, 73, 82, 129, 24, 153, 113, 136, 85, 31, 191),
    (51, 116, 12, 189, 24, 113, 152, 199, 90, 115, 188, 25, 4, 44, 165, 178, 195, 133, 195, 167, 194, 21, 66, 160, 143, 183, 113, 95, 67, 80, 127, 78, 52, 126, 115, 140, 63, 13, 178, 134),
    (52, 190, 67, 60, 41, 34, 76, 138, 150, 194, 32, 102, 84, 42, 4, 169, 171, 19, 94, 88, 106, 86, 139, 50, 3, 34, 174, 71, 162, 186, 43, 161, 43, 24, 139, 109, 185, 183, 112, 187),
    (53, 190, 129, 26, 181, 148, 162, 183, 94, 175, 84, 124, 0, 160, 66, 181, 37, 193, 151, 77, 188, 131, 196, 4, 28, 39, 115, 86, 184, 121, 153, 75, 166, 185, 155, 172, 92, 72, 129, 24),
    (54, 1, 88, 88, 9, 115, 10, 108, 81, 156, 125, 15, 53, 193, 122, 27, 168, 3, 139, 137, 120, 135, 79, 119, 21, 124, 41, 51, 32, 102, 11, 126, 67, 38, 125, 140, 121, 166, 193, 182),
    (55, 114, 101, 91, 130, 29, 141, 138, 149, 8, 135, 64, 95, 6, 79, 7, 26, 30, 57, 31, 67, 129, 148, 66, 186, 60, 55, 8, 139, 42, 177, 105, 60, 152, 196, 69, 105, 171, 135, 10),
    (56, 51, 179, 48, 78, 33, 129, 154, 93, 43, 156, 70, 124, 22, 22, 32, 177, 96, 120, 134, 158, 20, 185, 43, 153, 100, 108, 32, 151, 177, 98, 36, 85, 114, 144, 70, 102, 86, 77, 125),
    (57, 197, 5, 195, 150, 86, 128, 190, 129, 130, 108, 4, 124, 14, 43, 193, 3, 185, 157, 158, 77, 86, 85, 196, 66, 121, 41, 194, 145, 23, 32, 68, 111, 142, 174, 86, 125, 92, 46, 81),
    (58, 126, 67, 122, 186, 122, 89, 185, 82, 184, 18, 14, 87, 71, 116, 73, 30, 154, 57, 55, 158, 30, 180, 173, 12, 149, 4, 152, 125, 37, 172, 7, 181, 111, 62, 120, 158, 64, 89, 106),
    (59, 59, 5, 180, 71, 98, 130, 148, 181, 83, 32, 186, 36, 83, 12, 67, 70, 102, 81, 72, 138, 157, 194, 25, 96, 69, 56, 8, 132, 45, 185, 145, 26, 55, 158, 35, 94, 193, 165, 155),
    (60, 180, 80, 62, 47, 69, 135, 31, 59, 123, 109, 73, 75, 126, 17, 184, 111, 97, 0, 167, 60, 125, 51, 189, 39, 73, 18, 145, 51, 139, 103, 69, 67, 135, 150, 22, 191, 140, 24, 132),
    (61, 62, 117, 146, 56, 177, 111, 41, 145, 127, 129, 153, 23, 155, 139, 71, 146, 11, 195, 197, 5, 49, 90, 140, 64, 199, 176, 199, 93, 65, 161, 137, 189, 91, 133, 84, 95, 64, 76, 9),
    (62, 55, 82, 107, 86, 111, 88, 72, 124, 50, 83, 108, 181, 14, 149, 56, 146, 190, 119, 113, 121, 62, 58, 136, 88, 194, 130, 137, 66, 44, 67, 140, 12, 108, 166, 10, 135, 196, 91, 65),
    (63, 159, 133, 66, 164, 63, 174, 115, 4, 160, 89, 63, 180, 91, 185, 72, 179, 9, 78, 17, 132, 196, 186, 107, 78, 104, 91, 194, 171, 153, 69, 99, 21, 117, 90, 44, 40, 121, 162, 190),
    (64, 52, 55, 10, 180, 62, 181, 1, 110, 148, 121, 99, 165, 128, 27, 197, 122, 7, 145, 137, 0, 197, 80, 70, 97, 4, 172, 14, 152, 120, 10, 150, 123, 31, 50, 160, 32, 34, 183, 21),
    (65, 124, 181, 58, 122, 130, 106, 49, 3, 59, 135, 121, 54, 129, 156, 46, 64, 155, 76, 61, 158, 129, 125, 33, 26, 167, 25, 169, 113, 120, 140, 160, 193, 103, 52, 133, 101, 87, 18, 190),
    (66, 117, 131, 193, 90, 148, 31, 15, 40, 118, 117, 109, 28, 14, 88, 60, 97, 135, 27, 125, 117, 29, 111, 52, 123, 184, 98, 72, 61, 130, 164, 173, 63, 108, 57, 26, 110, 60, 187, 26),
    (67, 13, 197, 165, 75, 151, 130, 122, 155, 1, 45, 104, 44, 13, 148, 84, 74, 11, 7, 191, 72, 148, 188, 63, 83, 109, 110, 175, 79, 122, 91, 150, 68, 16, 6, 171, 198, 112, 103, 184),
    (68, 154, 33, 175, 49, 189, 14, 2, 103, 178, 174, 45, 83, 31, 44, 182, 118, 99, 17, 128, 186, 111, 137, 84, 135, 159, 191, 48, 52, 48, 5, 19, 20, 154, 13, 116, 98, 176, 98, 63),
    (69, 41, 188, 190, 86, 125, 25, 170, 131, 7, 24, 118, 198, 140, 108, 149, 4, 164, 86, 130, 175, 4, 86, 46, 111, 79, 114, 83, 24, 153, 8, 32, 70, 99, 71, 91, 138, 55, 98, 145),
    (70, 38, 122, 95, 6, 10, 64, 127, 22, 8, 41, 188, 177, 102, 22, 55, 26, 22, 115, 29, 154, 113, 171, 184, 113, 49, 9, 142, 85, 50, 48, 163, 67, 131, 153, 145, 166, 78, 85, 126),
    (71, 188, 177, 42, 177, 97, 137, 72, 173, 2, 111, 194, 47, 9, 124, 58, 115, 19, 4, 1, 100, 157, 11, 16, 93, 44, 178, 43, 152, 191, 184, 117, 182, 195, 71, 102, 107, 87, 31, 80),
    (72, 135, 170, 6, 46, 148, 48, 103, 2, 9, 127, 75, 124, 91, 49, 105, 2, 87, 90, 162, 136, 7, 85, 41, 116, 116, 29, 126, 199, 77, 123, 74, 94, 133, 31, 164, 42, 138, 67, 181),
    (73, 197, 174, 70, 184, 113, 78, 160, 30, 154, 101, 76, 156, 122, 80, 81, 143, 4, 116, 17, 160, 108, 134, 109, 191, 76, 178, 55, 163, 163, 117, 6, 155, 144, 123, 43, 106, 40, 103, 136),
    (74, 82, 166, 140, 121, 149, 144, 150, 86, 1, 96, 165, 134, 184, 30, 177, 50, 124, 197, 129, 49, 28, 181, 97, 4, 180, 127, 147, 169, 46, 158, 182, 86, 86, 151, 166, 193, 49, 49, 185),
    (75, 151, 87, 145, 22, 110, 25, 52, 163, 52, 155, 27, 14, 140, 14, 132, 186, 192, 164, 40, 147, 37, 137, 197, 89, 91, 29, 148, 31, 60, 116, 171, 114, 72, 78, 145, 117, 36, 2, 13),
    (76, 51, 116, 34, 115, 86, 98, 87, 30, 34, 170, 134, 32, 0, 94, 159, 31, 49, 76, 121, 172, 192, 103, 194, 154, 28, 188, 171, 79, 150, 77, 84, 196, 8, 70, 161, 91, 59, 25, 2),
    (77, 147, 85, 60, 198, 44, 152, 101, 146, 26, 90, 163, 114, 90, 140, 194, 114, 176, 180, 64, 44, 36, 43, 104, 80, 81, 129, 124, 39, 77, 195, 183, 139, 54, 23, 41, 156, 70, 154, 44),
    (78, 64, 11, 11, 10, 76, 50, 43, 138, 45, 2, 12, 89, 137, 140, 168, 120, 46, 139, 32, 40, 18, 189, 130, 10, 170, 76, 9, 57, 0, 148, 152, 108, 69, 121, 75, 78, 84, 45, 10),
    (79, 57, 189, 94, 116, 33, 11, 88, 161, 72, 43, 145, 129, 36, 117, 169, 170, 21, 26, 8, 105, 28, 9, 162, 160, 141, 8, 177, 92, 45, 66, 43, 193, 122, 3, 173, 14, 12, 46, 7),
    (80, 104, 187, 40, 78, 98, 2, 125, 135, 185, 106, 95, 160, 0, 128, 114, 180, 25, 137, 140, 90, 188, 185, 47, 195, 138, 144, 23, 11, 57, 197, 197, 7, 157, 178, 60, 92, 2, 65, 55),
    (81, 154, 40, 137, 26, 11, 32, 117, 43, 157, 137, 22, 196, 86, 27, 129, 179, 48, 35, 102, 111, 80, 118, 105, 77, 171, 167, 164, 93, 100, 36, 57, 118, 79, 170, 194, 119, 70, 93, 53),
    (82, 87, 75, 31, 58, 39, 142, 50, 69, 19, 98, 85, 108, 167, 97, 135, 37, 112, 192, 59, 72, 152, 81, 155, 89, 134, 105, 195, 62, 27, 116, 126, 142, 184, 196, 150, 151, 2, 178, 60),
    (83, 12, 12, 63, 83, 11, 174, 82, 72, 137, 70, 41, 5, 174, 91, 124, 72, 42, 158, 50, 164, 17, 121, 153, 190, 89, 137, 31, 108, 35, 105, 6, 190, 81, 15, 51, 95, 170, 55, 183),
    (84, 64, 134, 126, 35, 100, 6, 28, 91, 94, 131, 103, 105, 161, 58, 154, 20, 50, 38, 113, 53, 164, 75, 21, 173, 118, 151, 70, 150, 120, 15, 166, 183, 15, 29, 103, 175, 135, 123, 155),
    (85, 128, 60, 189, 42, 6, 82, 79, 28, 68, 39, 9, 177, 127, 63, 157, 38, 141, 129, 185, 166, 49, 103, 55, 4, 21, 151, 179, 25, 12, 107, 178, 110, 0, 121, 53, 176, 17, 44, 30),
    (86, 78, 161, 69, 148, 97, 173, 19, 107, 54, 193, 1, 37, 147, 49, 80, 180, 163, 130, 33, 126, 17, 162, 124, 59, 158, 113, 182, 103, 110, 25, 90, 167, 161, 101, 139, 56, 153, 84, 181),
    (87, 186, 54, 153, 112, 191, 160, 104, 129, 79, 76, 162, 48, 50, 7, 90, 87, 162, 138, 104, 173, 6, 101, 135, 27, 39, 173, 164, 142, 79, 148, 166, 162, 12, 12, 180, 14, 65, 106, 115),
    (88, 81, 111, 20, 20, 145, 181, 123, 169, 40, 63, 37, 135, 121, 127, 136, 16, 44, 86, 46, 121, 176, 142, 171, 102, 1, 111, 79, 127, 26, 182, 191, 4, 15, 79, 63, 43, 76, 31, 93),
    (89, 27, 198, 3, 7, 109, 20, 123, 1, 193, 12, 129, 139, 175, 30, 130, 49, 164, 62, 146, 115, 100, 104, 189, 63, 118, 5, 86, 59, 143, 133, 134, 194, 162, 168, 164, 170, 128, 142, 64),
    (90, 5, 180, 50, 61, 143, 77, 188, 167, 10, 135, 148, 174, 92, 73, 59, 10, 110, 45, 13, 32, 28, 180, 80, 60, 13, 92, 156, 46, 119, 12, 184, 74, 173, 65, 42, 158, 117, 179, 85),
    (91, 153, 144, 35, 94, 192, 40, 96, 163, 23, 74, 54, 132, 133, 172, 42, 183, 173, 106, 142, 135, 25, 67, 67, 168, 64, 105, 190, 129, 117, 57, 71, 152, 185, 175, 13, 86, 43, 63, 91),
    (92, 181, 119, 82, 41, 76, 95, 79, 28, 130, 47, 11, 0, 58, 50, 148, 74, 75, 7, 24, 98, 186, 164, 6, 82, 92, 87, 195, 69, 3, 92, 116, 76, 19, 22, 136, 149, 110, 192, 60),
    (93, 153, 80, 152, 160, 54, 148, 111, 90, 35, 159, 135, 84, 52, 29, 26, 192, 163, 1, 114, 67, 130, 38, 86, 25, 70, 23, 84, 9, 140, 63, 64, 69, 120, 135, 16, 19, 176, 79, 175),
    (94, 160, 32, 16, 85, 14, 108, 37, 160, 41, 68, 47, 151, 115, 91, 79, 84, 165, 91, 193, 93, 104, 136, 198, 73, 62, 156, 79, 105, 119, 91, 85, 117, 146, 21, 120, 186, 128, 7, 13),
    (95, 142, 14, 107, 169, 50, 78, 197, 56, 49, 151, 24, 118, 37, 176, 82, 83, 199, 167, 65, 103, 31, 144, 118, 119, 96, 38, 0, 180, 196, 49, 83, 113, 66, 161, 11, 81, 196, 97, 24),
    (96, 49, 96, 175, 42, 34, 103, 28, 90, 20, 140, 167, 198, 136, 186, 196, 87, 45, 8, 193, 74, 147, 48, 81, 108, 42, 188, 68, 55, 46, 72, 187, 163, 121, 88, 199, 18, 166, 162, 37),
    (97, 99, 72, 45, 134, 163, 117, 170, 136, 185, 22, 3, 118, 164, 147, 183, 118, 35, 19, 90, 62, 79, 180, 119, 164, 159, 197, 181, 44, 40, 134, 50, 143, 83, 12, 178, 33, 174, 87, 139),
    (98, 195, 146, 117, 92, 6, 98, 80, 75, 50, 158, 43, 96, 80, 139, 56, 104, 105, 150, 152, 49, 24, 119, 58, 140, 51, 34, 87, 64, 103, 199, 109, 25, 145, 164, 96, 134, 197, 158, 171),
    (99, 106, 172, 181, 160, 191, 179, 28, 73, 90, 169, 130, 50, 96, 64, 132, 10, 7, 171, 84, 72, 188, 74, 83, 36, 126, 71, 111, 41, 79, 175, 63, 161, 188, 149, 171, 172, 113, 69, 120),
    (100, 98, 39, 114, 88, 12, 172, 148, 76, 36, 178, 113, 166, 11, 0, 100, 98, 52, 96, 88, 56, 117, 108, 64, 114, 42, 37, 10, 97, 119, 80, 183, 192, 109, 91, 134, 109, 15, 198, 66),
    (101, 155, 196, 181, 142, 114, 31, 112, 111, 23, 109, 130, 162, 22, 55, 52, 163, 64, 98, 36, 114, 127, 71, 163, 98, 40, 124, 160, 53, 175, 108, 114, 28, 17, 45, 193, 72, 11, 40, 55),
    (102, 152, 39, 61, 195, 134, 1, 0, 181, 193, 185, 101, 135, 0, 179, 24, 68, 58, 111, 43, 175, 100, 100, 183, 64, 131, 54, 64, 167, 109, 168, 189, 193, 46, 21, 50, 163, 75, 128, 115),
    (103, 141, 60, 8, 26, 19, 57, 152, 54, 132, 119, 48, 63, 58, 9, 97, 15, 155, 112, 13, 113, 112, 7, 50, 133, 110, 122, 52, 32, 9, 48, 189, 180, 193, 153, 88, 151, 142, 80, 171),
    (104, 50, 130, 11, 124, 23, 49, 129, 94, 13, 108, 153, 42, 61, 9, 176, 38, 153, 33, 181, 57, 189, 18, 92, 112, 53, 167, 130, 192, 0, 85, 114, 91, 62, 77, 51, 146, 13, 37, 70),
    (105, 111, 90, 151, 55, 72, 116, 22, 100, 136, 84, 86, 39, 112, 27, 133, 163, 162, 168, 94, 81, 28, 106, 33, 102, 184, 66, 179, 94, 199, 110, 105, 27, 71, 1, 159, 146, 72, 21, 114),
    (106, 97, 128, 59, 77, 0, 140, 94, 28, 103, 119, 86, 193, 1, 55, 39, 131, 171, 191, 149, 34, 165, 172, 169, 160, 55, 150, 31, 36, 97, 48, 150, 178, 69, 171, 135, 50, 169, 48, 138),
    (107, 181, 22, 71, 83, 120, 69, 166, 21, 26, 173, 45, 187, 140, 150, 154, 143, 163, 197, 120, 55, 29, 8, 93, 92, 44, 53, 31, 145, 91, 178, 184, 187, 183, 144, 108, 69, 189, 71, 104),
    (108, 186, 98, 160, 168, 192, 124, 34, 28, 172, 17, 72, 47, 49, 168, 157, 176, 92, 86, 108, 11, 98, 119, 171, 60, 111, 125, 144, 38, 135, 145, 36, 192, 35, 125, 26, 32, 100, 89, 178),
    (109, 51, 125, 103, 120, 86, 16, 73, 58, 27, 46, 130, 86, 43, 2, 173, 81, 47, 46, 4, 145, 189, 103, 143, 5, 81, 199, 196, 56, 64, 117, 80, 120, 90, 17, 125, 109, 165, 78, 199),
    (110, 189, 94, 183, 179, 122, 95, 144, 75, 5, 80, 64, 17, 132, 83, 162, 190, 112, 87, 4, 187, 185, 175, 118, 167, 69, 8, 148, 101, 193, 8, 196, 172, 105, 148, 84, 164, 190, 56, 28),
    (111, 158, 97, 153, 185, 118, 13, 113, 136, 129, 160, 8, 152, 93, 44, 85, 98, 169, 166, 11, 10, 74, 38, 48, 10, 24, 132, 78, 34, 190, 143, 191, 6, 3, 3, 81, 121, 189, 54, 165),
    (112, 198, 137, 189, 12, 30, 174, 29, 170, 58, 114, 89, 21, 159, 181, 71, 58, 56, 70, 66, 186, 0, 123, 7, 66, 182, 190, 167, 2, 47, 146, 83, 37, 39, 102, 14, 90, 172, 173, 42),
    (113, 63, 67, 2, 111, 63, 82, 159, 173, 33, 175, 17, 90, 16, 90, 69, 54, 133, 179, 82, 192, 69, 96, 125, 103, 104, 39, 193, 96, 17, 172, 155, 95, 178, 14, 128, 169, 174, 92, 156),
    (114, 178, 29, 155, 181, 118, 156, 178, 187, 15, 198, 88, 1, 80, 92, 186, 65, 139, 63, 7, 144, 68, 48, 39, 144, 139, 122, 69, 55, 91, 109, 30, 187, 41, 188, 171, 199, 15, 56, 50),
    (115, 108, 54, 64, 183, 122, 112, 118, 65, 21, 88, 66, 177, 26, 116, 136, 159, 104, 95, 98, 56, 16, 59, 181, 128, 47, 156, 194, 188, 162, 70, 80, 88, 25, 27, 85, 72, 69, 79, 85),
    (116, 27, 124, 86, 172, 63, 156, 128, 180, 165, 40, 62, 117, 57, 150, 89, 28, 114, 34, 132, 48, 92, 131, 170, 186, 157, 125, 109, 197, 197, 67, 52, 177, 31, 22, 167, 163, 28, 62, 29),
    (117, 15, 91, 111, 104, 112, 71, 149, 136, 43, 142, 161, 12, 102, 2, 111, 54, 125, 108, 134, 82, 110, 154, 59, 124, 112, 123, 5, 76, 37, 159, 126, 146, 17, 59, 49, 7, 192, 81, 53),
    (118, 24, 52, 20, 12, 16, 64, 127, 58, 114, 91, 68, 140, 112, 52, 180, 89, 47, 167, 32, 58, 178, 98, 70, 135, 20, 197, 33, 198, 114, 198, 11, 145, 158, 1, 30, 20, 129, 102, 77),
    (119, 76, 98, 83, 170, 55, 57, 137, 44, 30, 30, 74, 58, 111, 97, 89, 182, 104, 28, 29, 19, 20, 164, 51, 177, 64, 55, 120, 191, 51, 33, 18, 150, 79, 127, 196, 104, 152, 94, 150),
    (120, 24, 151, 199, 128, 41, 104, 4, 177, 73, 162, 140, 186, 189, 154, 199, 94, 179, 187, 48, 5, 102, 9, 96, 50, 191, 129, 186, 121, 159, 183, 102, 108, 17, 196, 150, 172, 173, 87, 155),
    (121, 24, 32, 191, 156, 193, 82, 44, 77, 133, 174, 123, 131, 46, 18, 75, 158, 133, 28, 98, 31, 79, 99, 33, 127, 143, 45, 74, 186, 99, 123, 159, 109, 112, 44, 36, 22, 138, 150, 179),
    (122, 151, 189, 155, 72, 29, 116, 123, 71, 124, 106, 51, 5, 49, 152, 26, 50, 97, 51, 119, 89, 85, 26, 175, 190, 120, 105, 98, 191, 45, 49, 63, 117, 12, 78, 192, 76, 125, 60, 52),
    (123, 94, 88, 27, 68, 34, 40, 114, 68, 194, 34, 190, 184, 29, 175, 19, 82, 20, 177, 44, 29, 54, 36, 142, 104, 70, 6, 168, 146, 140, 66, 152, 132, 121, 155, 119, 8, 1, 92, 69),
    (124, 152, 13, 77, 70, 187, 113, 126, 106, 74, 174, 0, 190, 164, 18, 172, 120, 32, 42, 93, 143, 174, 135, 88, 28, 104, 66, 192, 150, 78, 91, 96, 101, 11, 57, 31, 51, 197, 70, 163),
    (125, 44, 29, 123, 15, 164, 119, 159, 52, 171, 25, 26, 49, 135, 45, 86, 85, 176, 94, 68, 125, 147, 140, 79, 61, 95, 76, 101, 154, 30, 115, 197, 138, 132, 20, 0, 133, 130, 53, 113),
    (126, 177, 194, 20, 197, 119, 179, 32, 22, 44, 51, 192, 198, 169, 181, 193, 150, 48, 66, 73, 50, 156, 35, 68, 105, 106, 181, 53, 168, 37, 154, 136, 29, 78, 133, 190, 54, 58, 178, 22),
    (127, 53, 177, 102, 161, 120, 177, 171, 0, 106, 97, 15, 171, 133, 193, 113, 142, 13, 27, 106, 173, 114, 68, 81, 149, 187, 198, 51, 175, 180, 24, 126, 58, 106, 46, 98, 129, 102, 29, 134),
    (128, 176, 181, 157, 122, 193, 134, 83, 187, 33, 46, 156, 41, 115, 90, 135, 140, 0, 189, 184, 138, 3, 181, 198, 136, 76, 95, 147, 89, 95, 111, 154, 179, 54, 95, 197, 86, 109, 1, 124),
    (129, 164, 174, 13, 148, 159, 9, 198, 47, 20, 8, 45, 89, 57, 184, 31, 117, 10, 117, 116, 196, 19, 107, 197, 104, 187, 105, 0, 71, 137, 71, 154, 47, 43, 197, 105, 39, 182, 131, 185),
    (130, 23, 13, 180, 52, 109, 2, 62, 43, 78, 31, 20, 185, 131, 159, 190, 2, 44, 123, 46, 141, 29, 92, 52, 180, 120, 94, 196, 12, 73, 56, 149, 78, 149, 150, 19, 70, 126, 139, 199),
    (131, 57, 64, 73, 68, 183, 157, 104, 11, 17, 2, 186, 159, 91, 5, 103, 4, 185, 150, 37, 174, 15, 50, 28, 48, 174, 58, 101, 161, 145, 69, 85, 171, 2, 189, 47, 85, 117, 81, 10),
    (132, 64, 11, 173, 157, 39, 1, 55, 186, 161, 57, 64, 19, 88, 121, 128, 80, 116, 85, 43, 6, 193, 64, 107, 170, 93, 107, 79, 170, 60, 6, 154, 36, 197, 193, 140, 25, 128, 91, 182),
    (133, 58, 124, 0, 64, 143, 52, 50, 24, 134, 49, 95, 158, 19, 164, 133, 177, 196, 34, 147, 49, 54, 28, 64, 105, 195, 73, 178, 131, 97, 54, 76, 109, 131, 165, 75, 52, 177, 134, 1),
    (134, 89, 163, 56, 157, 12, 49, 182, 194, 31, 97, 199, 79, 63, 11, 64, 129, 66, 166, 189, 17, 154, 89, 10, 28, 100, 138, 49, 144, 20, 102, 148, 122, 93, 187, 5, 1, 51, 141, 26),
    (135, 90, 11, 94, 48, 121, 178, 29, 179, 87, 98, 187, 59, 22, 59, 73, 153, 131, 21, 56, 188, 37, 9, 36, 157, 0, 38, 101, 199, 146, 117, 178, 93, 157, 110, 49, 20, 172, 174, 94),
    (136, 125, 130, 41, 103, 38, 117, 173, 177, 30, 51, 123, 118, 62, 87, 198, 22, 49, 132, 34, 148, 158, 62, 47, 17, 10, 140, 105, 149, 167, 115, 184, 7, 135, 78, 69, 190, 2, 36, 102),
    (137, 76, 81, 169, 47, 44, 199, 4, 116, 108, 63, 146, 38, 68, 197, 36, 78, 19, 120, 62, 149, 107, 167, 92, 103, 61, 50, 95, 104, 123, 52, 140, 154, 76, 130, 164, 62, 26, 54, 83),
    (138, 149, 116, 60, 42, 111, 190, 36, 181, 130, 187, 188, 170, 8, 146, 69, 96, 133, 81, 130, 141, 97, 98, 170, 181, 162, 175, 87, 94, 48, 122, 170, 54, 96, 153, 89, 33, 51, 39, 65),
    (139, 91, 94, 82, 127, 155, 3, 175, 184, 170, 172, 144, 159, 36, 137, 60, 11, 17, 3, 28, 198, 151, 36, 135, 79, 50, 54, 155, 187, 62, 5, 34, 176, 133, 59, 102, 85, 121, 45, 166),
    (140, 150, 172, 36, 134, 81, 50, 113, 25, 157, 194, 158, 91, 164, 144, 61, 27, 32, 185, 75, 25, 115, 11, 162, 171, 20, 6, 146, 84, 77, 70, 35, 4, 97, 123, 140, 62, 151, 71, 51),
    (141, 11, 11, 149, 32, 112, 29, 107, 118, 68, 72, 77, 66, 101, 53, 34, 99, 21, 88, 31, 188, 196, 4, 46, 126, 82, 194, 115, 97, 152, 177, 85, 162, 24, 15, 31, 77, 106, 88, 135),
    (142, 45, 15, 60, 25, 90, 137, 119, 161, 65, 27, 130, 152, 61, 88, 112, 130, 77, 119, 154, 73, 153, 131, 62, 180, 35, 139, 28, 37, 38, 111, 84, 48, 148, 65, 145, 104, 35, 34, 46),
    (143, 3, 90, 152, 128, 161, 24, 1, 149, 114, 158, 60, 114, 69, 193, 62, 54, 37, 13, 188, 107, 10, 99, 14, 28, 108, 89, 109, 183, 0, 95, 150, 0, 38, 88, 126, 88, 68, 123, 1),
    (144, 16, 184, 53, 76, 7, 49, 32, 101, 65, 123, 193, 55, 192, 8, 124, 26, 148, 47, 180, 81, 123, 102, 50, 79, 92, 16, 16, 129, 59, 88, 146, 179, 66, 42, 14, 34, 44, 95, 24),
    (145, 38, 16, 39, 69, 91, 116, 145, 127, 134, 184, 196, 196, 94, 23, 44, 49, 63, 53, 59, 198, 58, 49, 1, 30, 61, 108, 59, 75, 41, 190, 52, 196, 83, 69, 187, 160, 169, 181, 120),
    (146, 120, 22, 99, 80, 53, 118, 101, 178, 69, 126, 179, 45, 17, 164, 19, 87, 13, 9, 152, 195, 190, 114, 98, 72, 152, 182, 59, 8, 2, 109, 157, 189, 99, 119, 119, 180, 143, 87, 178),
    (147, 119, 153, 45, 182, 166, 148, 148, 35, 16, 86, 184, 39, 56, 23, 193, 183, 46, 13, 144, 143, 172, 177, 133, 8, 141, 31, 51, 12, 92, 63, 57, 31, 26, 101, 76, 144, 156, 187, 7),
    (148, 32, 121, 55, 15, 164, 94, 59, 114, 90, 135, 76, 114, 50, 94, 33, 139, 115, 79, 106, 137, 51, 123, 12, 177, 149, 157, 199, 109, 14, 54, 47, 82, 173, 109, 101, 38, 34, 176, 18),
    (149, 149, 68, 37, 177, 48, 0, 150, 39, 41, 81, 96, 9, 11, 174, 175, 47, 11, 66, 185, 2, 94, 128, 161, 119, 33, 122, 12, 176, 81, 82, 49, 77, 121, 1, 32, 160, 49, 85, 161),
    (150, 67, 8, 160, 82, 178, 26, 21, 155, 64, 66, 39, 136, 43, 169, 163, 38, 104, 52, 33, 121, 164, 1, 175, 145, 184, 159, 30, 31, 137, 119, 184, 90, 137, 21, 24, 16, 23, 69, 197),
    (151, 37, 30, 165, 112, 130, 39, 5, 139, 77, 6, 81, 41, 139, 165, 24, 81, 64, 107, 47, 148, 24, 71, 164, 12, 63, 111, 105, 55, 45, 4, 74, 3, 111, 5, 40, 55, 63, 26, 137),
    (152, 180, 140, 198, 38, 147, 67, 34, 30, 199, 92, 67, 29, 156, 73, 40, 156, 23, 41, 11, 72, 164, 129, 30, 68, 37, 49, 34, 117, 46, 80, 66, 34, 184, 13, 42, 188, 113, 79, 80),
    (153, 21, 121, 14, 128, 80, 64, 32, 183, 178, 125, 57, 195, 2, 68, 91, 16, 159, 36, 54, 59, 196, 147, 102, 107, 56, 141, 0, 173, 128, 57, 111, 22, 155, 93, 46, 7, 20, 127, 128),
    (154, 87, 109, 31, 90, 149, 85, 89, 123, 143, 79, 4, 34, 33, 2, 180, 27, 174, 149, 97, 101, 171, 169, 27, 13, 19, 25, 193, 145, 47, 89, 170, 163, 143, 13, 66, 58, 17, 99, 131),
    (155, 51, 12, 36, 122, 29, 59, 182, 36, 178, 173, 38, 165, 104, 140, 184, 119, 87, 64, 141, 124, 141, 23, 141, 138, 65, 3, 34, 114, 22, 91, 82, 83, 116, 20, 92, 71, 185, 168, 53),
    (156, 13, 89, 107, 5, 129, 119, 24, 117, 137, 195, 167, 131, 22, 162, 89, 73, 43, 153, 166, 160, 103, 141, 143, 169, 113, 36, 138, 19, 134, 11, 68, 198, 18, 78, 35, 64, 140, 5, 129),
    (157, 171, 197, 25, 113, 192, 176, 103, 147, 135, 98, 34, 120, 35, 155, 50, 53, 112, 35, 42, 184, 115, 153, 198, 162, 48, 187, 171, 124, 103, 134, 34, 144, 89, 177, 139, 84, 41, 182, 15),
    (158, 41, 160, 164, 132, 64, 193, 146, 152, 14, 140, 133, 108, 13, 21, 180, 95, 82, 30, 140, 90, 6, 57, 169, 85, 127, 60, 3, 188, 132, 46, 109, 30, 96, 12, 18, 107, 15, 133, 121),
    (159, 32, 24, 7, 20, 94, 9, 195, 159, 172, 45, 55, 102, 156, 134, 12, 84, 179, 2, 65, 133, 132, 52, 16, 144, 184, 102, 71, 136, 31, 12, 141, 194, 72, 3, 63, 33, 117, 57, 177),
    (160, 158, 90, 113, 58, 173, 64, 130, 57, 68, 96, 101, 14, 14, 193, 91, 13, 28, 129, 193, 5, 33, 189, 60, 132, 192, 93, 16, 119, 121, 43, 21, 138, 40, 45, 68, 181, 12, 133, 188),
    (161, 129, 1, 17, 187, 111, 115, 129, 176, 23, 60, 15, 149, 64, 155, 168, 52, 83, 130, 120, 38, 1, 72, 166, 98, 165, 173, 194, 133, 78, 39, 169, 133, 170, 165, 45, 82, 109, 53, 150),
    (162, 58, 199, 110, 24, 33, 43, 117, 140, 164, 179, 126, 7, 142, 47, 34, 76, 146, 37, 142, 172, 106, 74, 69, 20, 81, 35, 106, 70, 52, 6, 97, 86, 104, 171, 100, 180, 17, 124, 118),
    (163, 110, 76, 107, 145, 113, 35, 182, 80, 7, 38, 137, 8, 191, 159, 105, 96, 109, 22, 97, 75, 25, 65, 111, 112, 152, 102, 14, 161, 27, 14, 123, 97, 180, 82, 49, 141, 154, 170, 137),
    (164, 39, 184, 166, 110, 45, 179, 5, 137, 175, 38, 32, 38, 122, 65, 191, 107, 53, 0, 36, 138, 142, 111, 189, 47, 175, 72, 34, 80, 138, 183, 49, 99, 23, 90, 170, 158, 33, 55, 79),
    (165, 81, 12, 183, 65, 112, 76, 71, 3, 110, 112, 119, 163, 153, 164, 69, 132, 142, 67, 74, 60, 79, 125, 138, 22, 72, 71, 68, 115, 63, 124, 67, 159, 149, 31, 66, 7, 124, 164, 138),
    (166, 77, 44, 162, 90, 98, 68, 121, 160, 12, 36, 43, 174, 69, 113, 172, 130, 9, 43, 27, 48, 195, 60, 37, 115, 113, 92, 146, 186, 162, 92, 108, 137, 86, 190, 114, 31, 139, 132, 115),
    (167, 7, 29, 158, 59, 72, 136, 51, 137, 63, 115, 94, 128, 101, 99, 11, 20, 157, 49, 139, 183, 16, 173, 27, 162, 185, 95, 176, 47, 57, 188, 191, 134, 139, 66, 61, 66, 13, 195, 1),
    (168, 80, 146, 163, 155, 75, 27, 190, 152, 163, 66, 42, 24, 116, 102, 74, 18, 193, 112, 174, 27, 16, 39, 13, 114, 52, 168, 91, 129, 166, 194, 101, 92, 26, 108, 12, 72, 63, 65, 21),
    (169, 98, 108, 76, 18, 1, 6, 120, 38, 91, 132, 169, 94, 60, 103, 131, 49, 117, 178, 100, 120, 193, 190, 78, 122, 138, 72, 48, 69, 113, 152, 183, 4, 121, 59, 133, 69, 31, 132, 124),
    (170, 160, 120, 2, 129, 95, 158, 0, 36, 51, 131, 23, 29, 19, 150, 112, 123, 76, 186, 59, 48, 130, 157, 114, 163, 124, 27, 165, 6, 135, 111, 97, 31, 1, 128, 196, 84, 97, 149, 91),
    (171, 0, 184, 96, 174, 146, 79, 42, 132, 118, 174, 85, 12, 154, 71, 161, 69, 163, 67, 155, 187, 92, 176, 83, 30, 6, 140, 50, 163, 196, 154, 141, 124, 161, 121, 152, 132, 103, 59, 116),
    (172, 68, 197, 157, 17, 38, 112, 99, 3, 147, 161, 99, 77, 115, 165, 113, 12, 158, 1, 131, 152, 19, 140, 199, 23, 137, 77, 179, 174, 192, 187, 99, 57, 6, 99, 121, 159, 85, 131, 41),
    (173, 90, 61, 118, 116, 178, 87, 21, 193, 148, 41, 11, 49, 195, 41, 57, 61, 113, 142, 42, 33, 106, 159, 117, 68, 104, 31, 196, 93, 116, 0, 47, 168, 198, 12, 197, 197, 166, 164, 34),
    (174, 5, 177, 112, 122, 114, 143, 55, 156, 91, 65, 120, 42, 136, 37, 62, 151, 135, 199, 27, 69, 193, 108, 9, 192, 152, 150, 79, 32, 29, 65, 137, 157, 103, 152, 189, 133, 169, 167, 174),
    (175, 38, 49, 187, 169, 113, 61, 191, 155, 107, 198, 28, 147, 150, 175, 194, 140, 25, 91, 114, 27, 154, 31, 188, 102, 16, 194, 69, 196, 102, 97, 99, 149, 139, 65, 193, 150, 107, 144, 120),
    (176, 24, 41, 199, 21, 69, 181, 156, 152, 39, 199, 35, 29, 127, 110, 163, 56, 161, 191, 25, 186, 103, 97, 87, 129, 9, 193, 7, 131, 177, 23, 184, 55, 38, 139, 55, 101, 0, 121, 60),
    (177, 144, 98, 162, 107, 128, 183, 172, 9, 140, 149, 95, 94, 147, 153, 185, 15, 112, 116, 142, 44, 187, 193, 171, 107, 173, 73, 167, 153, 49, 176, 138, 176, 133, 199, 186, 53, 140, 190, 96),
    (178, 154, 72, 33, 172, 165, 143, 86, 196, 183, 156, 64, 74, 90, 107, 19, 59, 110, 99, 115, 195, 193, 181, 62, 54, 90, 93, 186, 159, 144, 76, 124, 109, 27, 123, 34, 72, 178, 20, 6),
    (179, 28, 122, 98, 110, 164, 4, 129, 179, 56, 9, 127, 113, 182, 70, 71, 116, 86, 137, 197, 79, 168, 192, 183, 68, 185, 151, 172, 150, 14, 154, 167, 71, 185, 185, 79, 120, 16, 59, 4),
    (180, 1, 185, 9, 51, 113, 117, 104, 135, 194, 23, 125, 165, 130, 83, 110, 56, 38, 193, 101, 193, 92, 134, 6, 9, 125, 133, 131, 14, 126, 0, 166, 137, 47, 164, 193, 130, 164, 90, 171),
    (181, 91, 127, 174, 139, 150, 4, 66, 172, 189, 162, 4, 138, 196, 56, 150, 70, 9, 13, 31, 42, 58, 113, 51, 0, 163, 109, 179, 1, 177, 152, 125, 79, 113, 22, 127, 1, 177, 169, 4),
    (182, 179, 167, 148, 90, 133, 168, 161, 165, 71, 0, 167, 24, 125, 73, 70, 168, 30, 40, 30, 61, 5, 4, 178, 172, 113, 141, 110, 100, 137, 122, 163, 102, 108, 169, 181, 102, 178, 3, 8),
    (183, 116, 23, 135, 153, 101, 30, 117, 179, 82, 67, 155, 158, 65, 128, 7, 170, 107, 82, 70, 7, 148, 105, 103, 5, 76, 33, 158, 62, 34, 51, 19, 106, 90, 160, 101, 12, 83, 195, 5),
    (184, 87, 31, 15, 73, 147, 166, 190, 162, 168, 17, 16, 101, 0, 24, 49, 69, 166, 183, 106, 98, 116, 149, 86, 3, 100, 100, 101, 166, 86, 81, 14, 31, 189, 41, 95, 9, 150, 46, 162),
    (185, 193, 134, 74, 73, 54, 82, 137, 144, 121, 30, 32, 103, 167, 17, 132, 94, 145, 0, 167, 191, 81, 147, 105, 119, 40, 69, 56, 124, 120, 185, 95, 167, 27, 166, 93, 79, 4, 191, 46),
    (186, 3, 143, 47, 73, 18, 1, 149, 54, 13, 169, 167, 176, 70, 119, 22, 55, 80, 191, 198, 115, 125, 2, 134, 132, 134, 32, 182, 23, 59, 181, 67, 62, 70, 102, 150, 39, 160, 50, 83),
    (187, 84, 197, 190, 178, 143, 30, 127, 180, 7, 65, 118, 70, 195, 20, 14, 89, 50, 161, 12, 192, 183, 57, 12, 159, 154, 191, 56, 15, 134, 59, 86, 164, 15, 158, 74, 93, 52, 85, 187),
    (188, 190, 38, 123, 106, 186, 92, 35, 132, 130, 78, 78, 173, 192, 186, 180, 23, 169, 198, 191, 189, 100, 20, 73, 59, 67, 50, 140, 155, 166, 2, 119, 157, 27, 133, 117, 14, 58, 180, 142),
    (189, 63, 14, 36, 33, 29, 133, 168, 81, 150, 138, 8, 85, 191, 65, 137, 67, 130, 175, 180, 10, 197, 173, 177, 128, 165, 122, 35, 26, 131, 108, 128, 35, 75, 5, 51, 28, 34, 125, 94),
    (190, 58, 40, 157, 114, 64, 23, 54, 37, 97, 161, 171, 24, 20, 93, 141, 119, 53, 31, 135, 32, 16, 63, 56, 15, 178, 169, 184, 180, 132, 154, 78, 130, 189, 176, 25, 26, 123, 171, 99),
    (191, 129, 53, 50, 142, 76, 62, 133, 77, 42, 29, 127, 26, 9, 105, 178, 179, 114, 94, 134, 74, 170, 64, 24, 164, 15, 138, 154, 45, 70, 121, 116, 124, 150, 105, 101, 26, 68, 171, 101),
    (192, 55, 8, 67, 175, 45, 79, 116, 176, 126, 117, 112, 164, 81, 109, 56, 33, 3, 129, 35, 61, 135, 105, 26, 171, 178, 94, 12, 197, 138, 60, 86, 83, 182, 39, 175, 192, 51, 127, 126),
    (193, 86, 139, 146, 189, 41, 169, 52, 107, 174, 67, 181, 128, 37, 138, 30, 158, 152, 11, 193, 74, 153, 14, 40, 80, 85, 76, 135, 120, 135, 64, 131, 4, 23, 61, 189, 47, 186, 90, 160),
    (194, 98, 159, 35, 166, 52, 160, 74, 189, 31, 78, 0, 23, 24, 176, 40, 131, 46, 120, 155, 28, 170, 85, 163, 100, 8, 86, 73, 90, 86, 197, 107, 72, 92, 66, 127, 36, 12, 34, 92),
    (195, 80, 182, 132, 185, 12, 58, 116, 30, 17, 87, 33, 150, 142, 128, 160, 167, 0, 76, 146, 133, 184, 129, 174, 64, 165, 139, 24, 126, 28, 154, 103, 102, 13, 89, 103, 65, 68, 1, 182),
    (196, 164, 160, 177, 15, 181, 166, 103, 6, 148, 8, 48, 8, 72, 4, 63, 159, 158, 80, 189, 102, 68, 43, 106, 4, 9, 63, 13, 122, 59, 130, 118, 191, 13, 141, 79, 116, 102, 35, 6),
    (197, 110, 134, 113, 69, 129, 88, 33, 41, 111, 121, 33, 34, 24, 53, 193, 171, 56, 70, 92, 102, 79, 24, 6, 46, 101, 102, 122, 18, 138, 138, 176, 159, 29, 108, 95, 33, 199, 22, 170),
    (198, 39, 139, 120, 76, 74, 98, 24, 137, 17, 84, 121, 151, 139, 111, 6, 165, 175, 106, 153, 172, 148, 55, 120, 141, 107, 27, 48, 186, 16, 148, 111, 78, 46, 133, 42, 166, 91, 88, 154),
    (199, 95, 115, 60, 84, 2, 32, 174, 189, 70, 126, 82, 4, 190, 20, 161, 131, 112, 46, 158, 45, 47, 143, 60, 3, 161, 184, 183, 159, 74, 166, 158, 147, 9, 145, 199, 67, 103, 32, 132);

INSERT INTO T7 (pk, t1, t2, t3, t4, t5, t6, t8, t9, t10, t11, t12, t13, t14, t15, t16, t17, t18, t19, t20, t21, t22, t23, t24, t25, t26, t27, t28, t29, t30, t31, t32, t33, t34, t35, t36, t37, t38, t39, t40)
VALUES
    (0, 94, 17, 173, 50, 77, 54, 65, 181, 130, 30, 2, 5, 1, 91, 79, 82, 155, 84, 137, 6, 21, 198, 135, 130, 4, 142, 142, 23, 125, 139, 29, 128, 66, 100, 120, 131, 147, 5, 152),
    (1, 4, 69, 74, 151, 24, 199, 20, 140, 95, 43, 20, 94, 157, 101, 65, 38, 140, 133, 45, 65, 32, 17, 72, 165, 110, 197, 194, 167, 60, 66, 115, 50, 104, 14, 123, 31, 111, 147, 8),
    (2, 55, 42, 108, 116, 169, 133, 128, 153, 13, 36, 61, 44, 6, 195, 0, 144, 7, 105, 52, 46, 125, 55, 88, 61, 15, 189, 132, 73, 20, 102, 168, 107, 172, 163, 100, 88, 88, 146, 152),
    (3, 82, 56, 172, 60, 58, 108, 22, 187, 65, 78, 39, 31, 1, 29, 69, 55, 133, 38, 72, 175, 124, 184, 82, 77, 81, 43, 143, 180, 44, 24, 130, 130, 162, 183, 166, 37, 86, 4, 168),
    (4, 2, 64, 16, 35, 63, 165, 142, 143, 89, 132, 195, 27, 127, 10, 38, 166, 147, 121, 55, 69, 184, 69, 76, 30, 71, 1, 94, 108, 20, 158, 72, 66, 26, 8, 73, 177, 73, 105, 97),
    (5, 38, 127, 102, 127, 40, 143, 95, 87, 51, 160, 179, 103, 133, 176, 23, 18, 47, 189, 71, 176, 136, 183, 9, 86, 52, 92, 185, 10, 5, 85, 81, 160, 162, 111, 40, 60, 29, 28, 132),
    (6, 96, 90, 161, 11, 43, 33, 89, 173, 189, 167, 175, 133, 31, 129, 141, 43, 25, 22, 146, 152, 198, 138, 175, 54, 160, 177, 164, 20, 121, 182, 111, 22, 186, 87, 184, 185, 145, 130, 169),
    (7, 199, 11, 78, 40, 91, 102, 131, 153, 190, 42, 7, 145, 94, 162, 35, 73, 55, 147, 108, 135, 9, 190, 7, 54, 172, 194, 7, 129, 54, 195, 124, 160, 25, 187, 152, 191, 5, 86, 4),
    (8, 82, 61, 100, 28, 94, 176, 29, 116, 31, 191, 100, 185, 157, 46, 52, 183, 54, 88, 59, 160, 77, 66, 49, 83, 94, 88, 158, 80, 111, 109, 164, 46, 70, 182, 2, 7, 141, 35, 75),
    (9, 93, 100, 168, 175, 1, 189, 16, 198, 153, 162, 115, 180, 105, 44, 65, 161, 133, 46, 185, 83, 162, 70, 6, 2, 160, 133, 60, 78, 72, 51, 148, 175, 128, 43, 135, 156, 170, 7, 20),
    (10, 53, 126, 91, 111, 38, 14, 26, 80, 58, 171, 47, 52, 143, 121, 116, 187, 99, 36, 105, 93, 64, 92, 81, 74, 154, 175, 46, 55, 191, 94, 54, 130, 199, 126, 127, 154, 128, 136, 0),
    (11, 121, 86, 195, 54, 81, 149, 191, 15, 138, 89, 107, 10, 102, 196, 42, 133, 8, 72, 125, 19, 150, 9, 141, 32, 139, 175, 183, 6, 42, 29, 147, 190, 49, 193, 139, 124, 76, 83, 39),
    (12, 118, 171, 129, 10, 8, 117, 127, 165, 99, 42, 92, 183, 128, 13, 127, 105, 69, 43, 150, 36, 9, 30, 72, 6, 188, 159, 122, 9, 101, 157, 20, 166, 156, 74, 56, 1, 24, 32, 49),
    (13, 166, 21, 16, 137, 139, 187, 90, 122, 171, 96, 141, 50, 21, 179, 17, 151, 171, 92, 115, 122, 91, 183, 153, 150, 176, 30, 10, 102, 57, 45, 102, 115, 43, 69, 111, 92, 105, 33, 45),
    (14, 172, 98, 118, 7, 26, 84, 147, 80, 156, 194, 70, 192, 115, 196, 58, 175, 147, 84, 159, 98, 181, 87, 170, 83, 29, 139, 74, 27, 149, 16, 66, 195, 126, 114, 69, 133, 28, 40, 159),
    (15, 50, 185, 8, 167, 173, 167, 185, 140, 119, 166, 31, 67, 87, 198, 47, 188, 99, 15, 97, 136, 82, 96, 173, 135, 122, 73, 178, 121, 100, 55, 169, 23, 175, 8, 160, 5, 46, 28, 160),
    (16, 26, 45, 23, 187, 46, 50, 57, 49, 64, 139, 123, 40, 86, 93, 72, 61, 84, 11, 87, 7, 31, 22, 130, 79, 26, 106, 96, 185, 134, 92, 137, 11, 101, 163, 95, 28, 190, 134, 54),
    (17, 146, 41, 193, 161, 150, 92, 42, 119, 133, 7, 75, 46, 134, 133, 24, 137, 52, 58, 79, 184, 11, 44, 140, 136, 67, 181, 66, 32, 38, 66, 14, 173, 138, 148, 165, 144, 185, 40, 137),
    (18, 174, 88, 7, 179, 54, 145, 115, 11, 27, 159, 77, 178, 50, 159, 131, 108, 196, 144, 38, 13, 188, 159, 38, 133, 129, 163, 28, 115, 58, 95, 189, 157, 25, 25, 141, 120, 20, 125, 156),
    (19, 157, 10, 65, 4, 29, 69, 97, 76, 163, 4, 89, 68, 89, 24, 35, 92, 163, 95, 81, 194, 114, 9, 164, 175, 5, 71, 126, 125, 182, 143, 196, 10, 138, 187, 48, 177, 92, 31, 59),
    (20, 114, 169, 40, 42, 53, 129, 85, 35, 196, 85, 170, 81, 129, 4, 163, 59, 74, 193, 114, 149, 120, 5, 15, 17, 145, 167, 13, 63, 42, 14, 140, 45, 38, 128, 110, 56, 150, 155, 91),
    (21, 85, 193, 110, 28, 99, 147, 180, 7, 39, 110, 6, 187, 39, 95, 136, 102, 181, 176, 104, 94, 77, 199, 159, 198, 163, 145, 130, 176, 127, 141, 170, 97, 72, 92, 13, 174, 180, 192, 171),
    (22, 192, 194, 34, 32, 16, 135, 32, 59, 80, 170, 82, 53, 81, 60, 78, 36, 57, 133, 18, 135, 4, 139, 57, 143, 110, 175, 165, 98, 85, 150, 107, 77, 88, 0, 85, 122, 109, 109, 158),
    (23, 118, 78, 45, 113, 81, 13, 26, 134, 34, 87, 117, 14, 178, 34, 26, 98, 51, 70, 143, 194, 50, 164, 151, 17, 72, 127, 70, 136, 77, 76, 8, 27, 58, 162, 83, 152, 18, 161, 111),
    (24, 31, 157, 43, 173, 117, 98, 133, 128, 112, 104, 30, 95, 145, 174, 168, 53, 139, 78, 56, 157, 124, 69, 122, 145, 137, 163, 178, 168, 33, 180, 69, 134, 91, 163, 182, 50, 32, 125, 136),
    (25, 40, 112, 102, 67, 93, 36, 137, 47, 16, 58, 173, 140, 137, 195, 85, 187, 174, 158, 21, 132, 47, 142, 40, 66, 143, 71, 55, 8, 167, 122, 191, 3, 119, 76, 58, 65, 193, 110, 141),
    (26, 167, 101, 103, 144, 139, 6, 171, 166, 83, 166, 2, 39, 186, 51, 145, 150, 37, 114, 7, 48, 125, 59, 173, 112, 195, 34, 186, 65, 14, 25, 95, 2, 144, 30, 135, 82, 125, 15, 168),
    (27, 106, 6, 152, 166, 115, 7, 134, 177, 44, 197, 53, 93, 47, 174, 79, 38, 2, 79, 59, 134, 77, 4, 71, 2, 153, 24, 61, 30, 171, 78, 130, 126, 105, 128, 137, 36, 51, 52, 165),
    (28, 70, 11, 173, 112, 195, 150, 43, 82, 197, 41, 108, 147, 13, 121, 66, 192, 179, 33, 68, 42, 31, 114, 186, 35, 55, 95, 78, 173, 101, 120, 185, 157, 174, 192, 5, 78, 80, 158, 82),
    (29, 193, 85, 140, 51, 129, 174, 87, 8, 50, 12, 37, 171, 72, 89, 148, 97, 76, 154, 173, 135, 126, 96, 84, 19, 62, 50, 72, 192, 117, 174, 64, 182, 72, 0, 1, 141, 49, 139, 96),
    (30, 17, 192, 61, 11, 198, 12, 9, 133, 64, 68, 27, 106, 192, 65, 129, 147, 39, 97, 157, 1, 186, 111, 153, 46, 67, 86, 125, 30, 92, 26, 194, 143, 179, 176, 42, 6, 31, 160, 187),
    (31, 160, 6, 183, 84, 35, 44, 120, 164, 130, 39, 111, 118, 90, 176, 72, 173, 188, 138, 17, 129, 10, 43, 46, 190, 50, 194, 5, 82, 13, 160, 194, 157, 18, 124, 165, 183, 72, 99, 43),
    (32, 147, 111, 153, 102, 90, 162, 114, 95, 29, 73, 108, 47, 120, 81, 165, 65, 188, 156, 73, 113, 133, 142, 13, 8, 132, 150, 54, 112, 140, 139, 126, 6, 45, 133, 35, 150, 158, 67, 131),
    (33, 7, 130, 124, 6, 168, 81, 2, 49, 106, 76, 64, 121, 164, 199, 118, 165, 16, 41, 3, 3, 72, 193, 154, 81, 136, 181, 39, 199, 20, 149, 36, 32, 4, 172, 114, 115, 64, 124, 114),
    (34, 31, 137, 36, 83, 109, 104, 68, 36, 94, 180, 97, 79, 55, 47, 30, 63, 13, 46, 30, 131, 139, 165, 6, 116, 191, 89, 159, 175, 131, 82, 16, 155, 140, 71, 76, 27, 34, 29, 135),
    (35, 68, 14, 105, 14, 163, 105, 131, 62, 53, 108, 150, 4, 31, 183, 102, 61, 156, 20, 171, 42, 97, 108, 156, 78, 135, 168, 152, 154, 112, 61, 21, 151, 28, 180, 76, 67, 167, 47, 121),
    (36, 61, 67, 27, 148, 121, 179, 162, 58, 183, 40, 21, 96, 48, 108, 41, 75, 161, 48, 100, 154, 174, 48, 176, 164, 64, 114, 189, 52, 20, 103, 1, 18, 195, 122, 18, 161, 9, 162, 196),
    (37, 129, 27, 195, 66, 93, 4, 24, 8, 168, 116, 48, 183, 171, 65, 182, 104, 27, 150, 170, 165, 157, 154, 1, 60, 174, 10, 15, 19, 61, 10, 73, 121, 183, 195, 190, 193, 199, 24, 176),
    (38, 197, 71, 57, 124, 193, 134, 138, 129, 115, 136, 183, 82, 5, 46, 128, 132, 197, 68, 4, 2, 129, 185, 32, 139, 125, 46, 22, 147, 185, 150, 48, 102, 175, 69, 150, 63, 110, 108, 57),
    (39, 152, 137, 110, 110, 14, 119, 19, 53, 156, 185, 92, 44, 151, 60, 101, 125, 180, 19, 13, 134, 122, 126, 60, 1, 105, 199, 30, 42, 33, 121, 150, 89, 165, 79, 87, 148, 128, 45, 153),
    (40, 94, 157, 109, 153, 41, 128, 68, 12, 174, 158, 26, 112, 152, 36, 190, 71, 43, 75, 124, 166, 87, 149, 31, 15, 87, 59, 180, 139, 197, 33, 32, 39, 133, 182, 92, 61, 141, 143, 199),
    (41, 180, 48, 26, 20, 158, 167, 40, 93, 141, 73, 152, 56, 142, 67, 194, 25, 197, 172, 81, 143, 134, 117, 33, 56, 78, 39, 42, 76, 1, 22, 150, 138, 114, 54, 153, 12, 54, 10, 75),
    (42, 33, 4, 151, 164, 144, 71, 175, 68, 127, 2, 173, 162, 55, 31, 2, 140, 198, 70, 112, 59, 44, 138, 96, 151, 38, 77, 9, 172, 169, 98, 121, 104, 88, 165, 60, 141, 139, 172, 161),
    (43, 111, 155, 71, 106, 111, 187, 157, 130, 68, 53, 115, 6, 84, 94, 194, 45, 67, 125, 49, 110, 55, 64, 106, 155, 96, 65, 60, 148, 198, 9, 143, 58, 43, 131, 37, 129, 53, 129, 69),
    (44, 51, 161, 75, 16, 2, 172, 195, 93, 30, 188, 158, 41, 147, 38, 112, 79, 26, 149, 30, 160, 87, 21, 51, 195, 158, 105, 145, 146, 69, 150, 40, 31, 167, 19, 27, 168, 33, 72, 14),
    (45, 36, 142, 17, 6, 52, 114, 119, 7, 90, 134, 135, 190, 133, 192, 11, 98, 81, 92, 84, 9, 120, 15, 44, 28, 196, 66, 153, 135, 95, 139, 192, 185, 177, 160, 19, 71, 156, 136, 159),
    (46, 122, 112, 29, 22, 71, 9, 0, 138, 91, 111, 23, 169, 32, 190, 68, 11, 122, 54, 60, 103, 23, 101, 8, 138, 58, 178, 175, 35, 140, 47, 105, 169, 37, 170, 74, 92, 10, 22, 195),
    (47, 158, 75, 14, 101, 76, 142, 39, 156, 185, 163, 157, 123, 60, 55, 128, 95, 194, 115, 36, 3, 42, 160, 155, 153, 144, 32, 27, 136, 69, 167, 144, 135, 80, 43, 11, 77, 48, 123, 197),
    (48, 101, 10, 110, 40, 175, 165, 103, 39, 92, 21, 151, 186, 4, 71, 70, 94, 12, 176, 114, 164, 82, 46, 62, 133, 40, 141, 54, 40, 84, 10, 107, 192, 28, 50, 28, 50, 73, 148, 191),
    (49, 161, 81, 32, 123, 110, 139, 17, 31, 188, 173, 64, 130, 163, 119, 159, 194, 154, 12, 187, 192, 82, 75, 54, 157, 1, 0, 17, 18, 177, 172, 54, 130, 9, 182, 20, 21, 160, 90, 167),
    (50, 123, 144, 89, 182, 114, 161, 32, 31, 187, 85, 190, 42, 12, 163, 124, 69, 0, 140, 29, 82, 116, 123, 4, 38, 84, 40, 144, 61, 0, 98, 157, 42, 87, 182, 92, 150, 110, 22, 18),
    (51, 95, 176, 157, 103, 51, 189, 148, 195, 41, 0, 154, 171, 174, 94, 166, 37, 140, 115, 76, 16, 73, 137, 0, 191, 115, 74, 49, 58, 92, 55, 199, 184, 177, 102, 116, 170, 42, 67, 151),
    (52, 194, 20, 52, 152, 135, 46, 78, 89, 138, 38, 48, 180, 189, 95, 76, 178, 98, 135, 134, 95, 106, 157, 195, 181, 103, 93, 70, 118, 186, 2, 5, 181, 14, 190, 56, 19, 162, 39, 174),
    (53, 192, 64, 41, 10, 141, 164, 20, 59, 180, 142, 178, 160, 133, 132, 22, 156, 85, 188, 61, 65, 26, 93, 133, 65, 130, 67, 70, 84, 98, 56, 120, 72, 141, 195, 18, 75, 37, 107, 148),
    (54, 81, 78, 150, 6, 31, 173, 190, 10, 106, 25, 63, 121, 63, 82, 156, 145, 156, 142, 38, 175, 131, 11, 124, 144, 91, 152, 140, 79, 41, 113, 109, 23, 184, 161, 11, 2, 127, 199, 70),
    (55, 24, 7, 166, 53, 95, 75, 84, 88, 125, 133, 53, 27, 153, 123, 100, 49, 150, 142, 29, 156, 63, 86, 166, 68, 196, 76, 25, 185, 12, 34, 16, 55, 82, 8, 166, 27, 63, 97, 171),
    (56, 22, 45, 198, 103, 178, 81, 60, 185, 26, 116, 190, 8, 64, 113, 58, 6, 50, 25, 117, 63, 185, 37, 98, 53, 187, 0, 176, 189, 149, 69, 100, 188, 103, 32, 86, 170, 74, 61, 170),
    (57, 63, 159, 63, 148, 168, 95, 109, 42, 179, 141, 75, 10, 188, 191, 115, 37, 183, 172, 159, 138, 64, 18, 98, 114, 31, 42, 107, 21, 35, 115, 50, 162, 166, 114, 171, 5, 135, 177, 31),
    (58, 153, 71, 183, 151, 61, 108, 26, 1, 29, 12, 95, 104, 159, 158, 94, 81, 124, 68, 138, 96, 11, 61, 84, 141, 73, 148, 77, 181, 58, 91, 165, 174, 65, 23, 75, 21, 102, 157, 152),
    (59, 80, 176, 28, 26, 47, 40, 137, 60, 70, 152, 4, 180, 78, 29, 68, 73, 32, 54, 122, 83, 36, 61, 170, 164, 53, 143, 132, 195, 136, 90, 104, 19, 108, 172, 154, 194, 90, 94, 153),
    (60, 140, 165, 144, 92, 95, 50, 46, 31, 7, 134, 137, 119, 184, 120, 83, 179, 17, 5, 27, 186, 62, 13, 76, 150, 171, 181, 30, 166, 26, 104, 186, 64, 183, 88, 197, 107, 75, 162, 72),
    (61, 137, 35, 120, 101, 191, 1, 43, 93, 113, 144, 133, 116, 15, 80, 105, 196, 29, 23, 137, 192, 37, 156, 81, 130, 143, 170, 23, 102, 10, 73, 55, 97, 173, 161, 94, 147, 181, 20, 173),
    (62, 128, 19, 17, 56, 175, 23, 102, 88, 103, 65, 140, 84, 20, 85, 132, 13, 64, 128, 115, 195, 74, 98, 142, 6, 153, 134, 142, 134, 8, 148, 119, 146, 158, 145, 181, 131, 138, 76, 158),
    (63, 8, 32, 185, 71, 16, 184, 133, 54, 39, 182, 183, 32, 140, 142, 15, 1, 37, 98, 41, 18, 46, 142, 38, 123, 37, 166, 9, 7, 73, 158, 191, 90, 99, 182, 47, 124, 104, 118, 63),
    (64, 92, 94, 17, 136, 22, 138, 179, 69, 75, 87, 104, 26, 22, 151, 1, 165, 18, 189, 7, 46, 89, 191, 161, 132, 29, 195, 110, 39, 105, 34, 46, 36, 103, 174, 101, 51, 149, 149, 164),
    (65, 70, 33, 161, 32, 82, 58, 96, 179, 191, 187, 20, 188, 123, 113, 79, 38, 144, 167, 78, 61, 29, 139, 182, 183, 4, 110, 45, 19, 181, 116, 175, 160, 150, 26, 171, 194, 96, 70, 48),
    (66, 56, 23, 182, 31, 10, 175, 38, 112, 101, 137, 1, 53, 181, 143, 97, 106, 1, 164, 142, 65, 132, 195, 66, 69, 79, 87, 177, 176, 175, 169, 19, 122, 181, 121, 162, 178, 74, 77, 51),
    (67, 123, 132, 186, 155, 1, 7, 83, 107, 171, 19, 178, 88, 71, 60, 120, 73, 147, 103, 18, 96, 41, 52, 13, 148, 162, 101, 5, 168, 108, 110, 9, 19, 129, 173, 88, 53, 181, 106, 8),
    (68, 195, 153, 45, 136, 108, 152, 136, 171, 93, 77, 27, 64, 53, 165, 96, 130, 145, 62, 128, 161, 63, 113, 107, 57, 38, 136, 105, 85, 131, 135, 43, 87, 41, 173, 171, 12, 91, 150, 20),
    (69, 113, 58, 189, 84, 39, 178, 189, 100, 61, 123, 65, 67, 99, 170, 31, 40, 53, 18, 104, 82, 3, 116, 68, 184, 29, 184, 72, 183, 152, 69, 49, 124, 131, 18, 185, 59, 79, 81, 127),
    (70, 190, 94, 75, 121, 38, 65, 48, 120, 90, 93, 93, 13, 57, 123, 31, 171, 31, 176, 110, 115, 134, 77, 104, 25, 97, 85, 110, 47, 137, 194, 131, 138, 37, 11, 26, 36, 53, 56, 186),
    (71, 87, 139, 179, 121, 184, 57, 47, 87, 151, 115, 147, 10, 134, 48, 32, 135, 95, 113, 145, 125, 91, 61, 172, 96, 85, 186, 189, 39, 44, 151, 80, 62, 196, 188, 9, 40, 63, 7, 158),
    (72, 168, 138, 115, 22, 197, 91, 66, 174, 63, 151, 163, 32, 68, 43, 3, 153, 9, 19, 198, 12, 134, 157, 73, 135, 80, 171, 30, 83, 32, 67, 0, 37, 34, 16, 88, 195, 105, 53, 83),
    (73, 37, 141, 54, 84, 18, 71, 32, 32, 142, 192, 141, 85, 13, 197, 49, 26, 177, 95, 194, 177, 106, 42, 181, 2, 54, 43, 19, 141, 53, 86, 94, 184, 87, 149, 106, 97, 80, 35, 98),
    (74, 83, 125, 0, 25, 57, 123, 177, 105, 167, 187, 22, 161, 182, 138, 147, 128, 86, 17, 179, 146, 163, 80, 175, 126, 25, 157, 101, 39, 20, 48, 141, 0, 27, 66, 82, 189, 117, 196, 49),
    (75, 178, 47, 75, 167, 164, 35, 20, 157, 8, 191, 139, 114, 86, 59, 97, 183, 5, 182, 173, 108, 141, 163, 4, 52, 43, 139, 79, 179, 20, 14, 85, 181, 126, 140, 89, 120, 80, 149, 27),
    (76, 24, 80, 154, 193, 114, 36, 64, 74, 147, 45, 127, 176, 4, 115, 199, 68, 184, 166, 31, 18, 86, 136, 17, 113, 68, 67, 55, 120, 30, 8, 114, 72, 164, 69, 127, 55, 127, 72, 126),
    (77, 15, 133, 134, 16, 89, 98, 79, 187, 132, 146, 153, 112, 137, 56, 176, 58, 91, 49, 96, 86, 150, 142, 87, 196, 4, 3, 125, 51, 0, 131, 71, 29, 79, 68, 33, 46, 32, 87, 69),
    (78, 86, 105, 129, 169, 60, 60, 46, 156, 16, 11, 54, 94, 6, 3, 138, 199, 160, 95, 92, 83, 39, 33, 147, 47, 1, 110, 170, 194, 187, 146, 93, 146, 70, 150, 166, 78, 169, 103, 22),
    (79, 83, 149, 129, 126, 157, 78, 57, 116, 179, 109, 113, 141, 127, 148, 158, 113, 41, 185, 135, 38, 83, 51, 104, 76, 175, 64, 144, 24, 61, 95, 121, 60, 33, 75, 165, 21, 187, 70, 68),
    (80, 103, 7, 66, 35, 97, 175, 76, 126, 196, 51, 23, 174, 102, 117, 78, 25, 19, 135, 155, 25, 90, 9, 160, 178, 126, 27, 80, 71, 12, 90, 54, 151, 44, 19, 134, 64, 16, 107, 34),
    (81, 172, 34, 32, 141, 74, 153, 145, 14, 110, 32, 170, 101, 82, 51, 197, 30, 48, 40, 159, 190, 75, 196, 63, 37, 84, 46, 172, 30, 180, 31, 42, 110, 80, 152, 49, 120, 161, 199, 196),
    (82, 143, 125, 158, 175, 65, 138, 159, 120, 41, 106, 112, 172, 154, 108, 36, 71, 49, 129, 119, 135, 129, 32, 194, 186, 181, 117, 182, 96, 69, 134, 168, 116, 36, 135, 96, 86, 62, 127, 82),
    (83, 78, 80, 131, 30, 166, 198, 123, 34, 187, 149, 80, 33, 147, 39, 26, 132, 111, 129, 8, 47, 23, 116, 86, 26, 73, 188, 71, 4, 113, 181, 162, 157, 118, 164, 169, 59, 72, 43, 25),
    (84, 161, 35, 199, 111, 11, 2, 110, 145, 120, 152, 10, 126, 13, 177, 36, 71, 192, 195, 17, 36, 88, 175, 193, 37, 12, 34, 9, 188, 129, 123, 130, 176, 54, 68, 198, 98, 151, 75, 95),
    (85, 167, 43, 79, 114, 90, 120, 51, 14, 41, 177, 38, 158, 12, 89, 169, 54, 176, 121, 182, 9, 20, 25, 172, 58, 159, 2, 68, 198, 3, 163, 159, 57, 33, 121, 78, 38, 16, 81, 174),
    (86, 124, 112, 48, 40, 146, 123, 148, 108, 70, 185, 141, 29, 22, 182, 119, 177, 13, 194, 127, 161, 136, 39, 21, 175, 139, 46, 71, 119, 73, 40, 135, 124, 174, 37, 155, 41, 135, 179, 1),
    (87, 56, 199, 100, 168, 47, 190, 29, 62, 89, 174, 28, 41, 183, 191, 52, 121, 21, 13, 124, 125, 8, 4, 19, 121, 113, 139, 185, 108, 3, 82, 136, 56, 156, 161, 87, 3, 67, 18, 110),
    (88, 56, 123, 5, 89, 17, 192, 97, 169, 79, 168, 7, 137, 88, 118, 15, 141, 176, 113, 18, 38, 13, 63, 80, 174, 164, 106, 194, 160, 168, 105, 99, 39, 50, 119, 50, 67, 133, 79, 120),
    (89, 30, 68, 199, 119, 187, 31, 105, 1, 152, 102, 198, 38, 66, 16, 19, 135, 116, 91, 157, 43, 147, 152, 79, 74, 120, 50, 136, 96, 154, 165, 19, 121, 14, 68, 6, 179, 159, 173, 83),
    (90, 135, 148, 121, 62, 134, 47, 142, 98, 125, 75, 132, 161, 34, 11, 141, 48, 197, 25, 139, 140, 90, 163, 181, 166, 146, 115, 175, 87, 83, 143, 169, 154, 94, 115, 45, 65, 63, 148, 83),
    (91, 155, 21, 137, 49, 80, 191, 169, 89, 85, 69, 110, 195, 83, 104, 41, 34, 138, 119, 158, 150, 77, 23, 117, 150, 181, 50, 198, 83, 168, 8, 146, 54, 59, 54, 111, 145, 19, 131, 147),
    (92, 31, 4, 90, 153, 195, 117, 58, 62, 89, 79, 26, 39, 149, 121, 17, 160, 195, 19, 166, 18, 137, 146, 48, 145, 115, 154, 14, 80, 67, 144, 150, 38, 34, 186, 133, 134, 59, 187, 16),
    (93, 32, 41, 48, 96, 166, 83, 45, 29, 0, 59, 127, 11, 119, 133, 44, 99, 146, 91, 135, 157, 50, 107, 168, 106, 24, 71, 17, 67, 19, 25, 51, 28, 68, 80, 130, 36, 169, 166, 156),
    (94, 143, 60, 36, 50, 39, 96, 127, 128, 52, 19, 37, 191, 22, 26, 3, 198, 153, 15, 73, 57, 106, 183, 84, 144, 50, 136, 180, 96, 140, 82, 11, 3, 39, 30, 67, 133, 50, 55, 57),
    (95, 186, 55, 111, 43, 92, 101, 15, 184, 190, 140, 115, 172, 34, 60, 105, 164, 34, 131, 17, 104, 98, 177, 20, 196, 123, 145, 64, 185, 42, 29, 151, 94, 141, 163, 171, 162, 102, 179, 106),
    (96, 125, 11, 64, 148, 114, 138, 151, 36, 103, 123, 36, 82, 78, 62, 59, 180, 86, 114, 192, 43, 158, 5, 22, 149, 58, 157, 152, 70, 149, 43, 23, 92, 94, 119, 150, 45, 118, 53, 146),
    (97, 117, 89, 16, 77, 80, 117, 38, 143, 197, 170, 51, 97, 184, 160, 83, 72, 13, 54, 42, 4, 139, 11, 117, 149, 28, 12, 111, 156, 27, 171, 162, 18, 63, 45, 132, 41, 54, 16, 22),
    (98, 152, 84, 54, 127, 105, 37, 78, 181, 24, 168, 129, 166, 168, 52, 62, 61, 26, 76, 81, 81, 1, 90, 26, 77, 146, 146, 154, 72, 97, 155, 17, 60, 114, 52, 2, 3, 197, 67, 10),
    (99, 164, 82, 101, 77, 183, 180, 37, 133, 9, 179, 1, 194, 16, 60, 78, 30, 189, 70, 106, 48, 21, 65, 88, 65, 130, 169, 84, 110, 77, 138, 176, 73, 153, 146, 17, 149, 32, 43, 25),
    (100, 25, 50, 161, 51, 182, 61, 37, 42, 47, 85, 112, 145, 131, 50, 129, 72, 158, 113, 128, 21, 31, 93, 108, 117, 61, 98, 165, 126, 153, 183, 152, 113, 55, 99, 16, 188, 19, 184, 62),
    (101, 174, 131, 111, 83, 163, 106, 8, 75, 20, 168, 61, 175, 52, 84, 90, 79, 79, 23, 145, 109, 135, 183, 2, 149, 155, 62, 192, 138, 79, 135, 199, 81, 123, 17, 133, 1, 46, 81, 23),
    (102, 9, 177, 133, 42, 162, 93, 177, 164, 134, 106, 36, 95, 133, 45, 48, 186, 38, 156, 125, 147, 93, 105, 73, 137, 90, 10, 8, 126, 14, 52, 30, 44, 128, 125, 167, 90, 43, 168, 125),
    (103, 114, 127, 22, 7, 44, 97, 155, 191, 143, 141, 146, 193, 186, 108, 117, 40, 52, 99, 146, 143, 96, 27, 33, 124, 107, 124, 182, 118, 26, 155, 26, 117, 21, 78, 99, 20, 125, 164, 31),
    (104, 193, 159, 85, 108, 195, 145, 101, 114, 186, 46, 33, 171, 35, 75, 129, 86, 49, 20, 135, 38, 82, 103, 130, 123, 159, 103, 15, 30, 178, 56, 52, 108, 29, 34, 119, 27, 110, 77, 89),
    (105, 132, 129, 11, 183, 21, 114, 5, 22, 148, 106, 81, 151, 50, 100, 180, 171, 136, 6, 151, 105, 174, 2, 74, 151, 83, 107, 10, 76, 111, 152, 11, 39, 64, 165, 137, 171, 8, 121, 111),
    (106, 60, 1, 163, 100, 174, 133, 24, 165, 48, 98, 28, 121, 1, 55, 74, 172, 34, 160, 151, 98, 64, 96, 170, 61, 74, 168, 1, 136, 127, 35, 33, 77, 173, 116, 184, 73, 56, 130, 0),
    (107, 145, 171, 76, 76, 28, 112, 183, 115, 29, 151, 40, 144, 76, 35, 69, 144, 116, 101, 125, 148, 115, 123, 99, 41, 17, 163, 87, 160, 168, 98, 91, 103, 29, 101, 84, 125, 126, 36, 28),
    (108, 66, 126, 125, 174, 193, 19, 84, 158, 144, 107, 26, 131, 185, 79, 157, 194, 183, 32, 105, 60, 64, 94, 175, 24, 13, 33, 140, 115, 132, 24, 113, 159, 129, 56, 132, 57, 81, 109, 134),
    (109, 194, 29, 198, 74, 97, 17, 120, 29, 70, 51, 29, 111, 14, 171, 164, 64, 175, 66, 107, 95, 74, 135, 55, 33, 198, 57, 36, 96, 118, 172, 141, 112, 67, 150, 19, 75, 120, 59, 83),
    (110, 106, 110, 30, 97, 172, 142, 198, 31, 196, 121, 26, 159, 80, 125, 125, 90, 46, 75, 98, 12, 183, 82, 90, 81, 118, 170, 166, 192, 120, 98, 120, 36, 40, 21, 117, 123, 154, 52, 26),
    (111, 151, 91, 80, 184, 1, 89, 27, 117, 151, 57, 0, 93, 20, 68, 166, 73, 152, 63, 5, 47, 181, 70, 100, 46, 60, 52, 66, 147, 36, 9, 166, 104, 57, 40, 145, 12, 115, 197, 48),
    (112, 185, 42, 45, 94, 111, 52, 84, 199, 4, 180, 92, 22, 25, 87, 153, 61, 187, 148, 154, 177, 118, 176, 54, 165, 130, 88, 180, 72, 134, 12, 98, 101, 55, 92, 193, 96, 27, 20, 6),
    (113, 196, 46, 59, 0, 138, 116, 32, 155, 115, 101, 68, 92, 2, 133, 143, 163, 179, 82, 54, 131, 133, 47, 14, 109, 86, 60, 134, 198, 104, 95, 55, 57, 21, 97, 138, 36, 122, 84, 91),
    (114, 191, 133, 105, 39, 194, 192, 151, 83, 168, 73, 183, 84, 159, 131, 30, 36, 116, 3, 188, 193, 84, 45, 75, 143, 28, 5, 50, 182, 125, 163, 60, 158, 185, 159, 9, 101, 42, 43, 159),
    (115, 160, 147, 99, 145, 116, 47, 34, 20, 125, 7, 172, 60, 181, 165, 191, 54, 11, 102, 47, 167, 40, 56, 56, 100, 172, 182, 128, 59, 195, 186, 126, 86, 92, 46, 15, 182, 106, 12, 70),
    (116, 197, 62, 33, 79, 76, 83, 33, 145, 49, 59, 9, 159, 52, 154, 9, 198, 36, 141, 86, 143, 192, 135, 152, 52, 90, 134, 166, 124, 160, 92, 65, 43, 11, 71, 83, 4, 137, 56, 23),
    (117, 84, 153, 69, 91, 106, 12, 43, 65, 52, 126, 187, 58, 50, 168, 24, 87, 140, 6, 102, 47, 191, 53, 120, 30, 182, 47, 22, 20, 52, 71, 54, 177, 39, 54, 147, 20, 180, 56, 79),
    (118, 142, 163, 108, 144, 168, 157, 57, 167, 144, 32, 40, 0, 72, 20, 76, 7, 19, 97, 88, 29, 22, 97, 172, 139, 151, 39, 165, 194, 13, 187, 150, 181, 150, 80, 183, 109, 148, 163, 101),
    (119, 8, 29, 99, 125, 107, 189, 85, 77, 61, 104, 27, 108, 172, 48, 16, 159, 111, 51, 163, 164, 192, 14, 135, 148, 23, 26, 114, 178, 195, 16, 112, 46, 100, 82, 1, 20, 193, 140, 159),
    (120, 2, 6, 116, 178, 125, 163, 113, 58, 138, 163, 127, 199, 80, 33, 111, 59, 57, 163, 140, 76, 86, 163, 94, 89, 188, 34, 6, 1, 198, 127, 153, 30, 152, 130, 176, 86, 195, 149, 22),
    (121, 123, 134, 55, 104, 95, 142, 167, 34, 159, 59, 181, 51, 67, 11, 150, 123, 197, 146, 55, 181, 188, 19, 28, 184, 39, 117, 68, 20, 102, 123, 146, 174, 97, 38, 28, 20, 73, 9, 2),
    (122, 34, 57, 60, 107, 192, 29, 4, 121, 11, 73, 69, 144, 11, 22, 127, 19, 109, 107, 186, 193, 38, 66, 147, 185, 14, 193, 3, 86, 128, 138, 43, 136, 83, 45, 150, 10, 181, 74, 162),
    (123, 102, 127, 73, 128, 42, 48, 64, 83, 30, 52, 82, 57, 125, 37, 114, 199, 8, 193, 187, 12, 22, 118, 150, 143, 20, 4, 66, 183, 145, 149, 57, 80, 192, 198, 113, 182, 130, 181, 161),
    (124, 155, 28, 58, 17, 5, 154, 145, 15, 150, 125, 13, 54, 153, 41, 187, 39, 112, 57, 120, 154, 143, 0, 5, 110, 14, 151, 187, 134, 44, 53, 37, 42, 90, 40, 39, 35, 177, 110, 165),
    (125, 55, 189, 68, 22, 6, 30, 98, 36, 181, 132, 171, 108, 95, 123, 136, 34, 19, 173, 73, 4, 84, 12, 42, 122, 177, 176, 2, 170, 152, 113, 79, 188, 121, 178, 144, 106, 49, 112, 8),
    (126, 52, 162, 12, 60, 153, 147, 133, 5, 167, 183, 122, 63, 42, 90, 136, 50, 107, 83, 114, 199, 4, 41, 39, 11, 97, 101, 148, 12, 88, 86, 113, 129, 165, 75, 116, 155, 7, 120, 46),
    (127, 164, 132, 35, 148, 193, 46, 60, 3, 94, 58, 125, 16, 151, 52, 137, 69, 198, 144, 14, 164, 103, 141, 70, 14, 147, 107, 75, 120, 34, 158, 37, 97, 172, 184, 8, 140, 52, 1, 175),
    (128, 94, 73, 26, 102, 188, 25, 196, 60, 105, 134, 76, 158, 114, 143, 39, 34, 7, 117, 164, 189, 187, 115, 105, 101, 34, 191, 57, 177, 119, 131, 193, 129, 134, 134, 20, 39, 55, 114, 14),
    (129, 53, 159, 83, 136, 96, 66, 108, 58, 33, 110, 5, 63, 68, 97, 47, 126, 147, 76, 32, 41, 107, 138, 135, 48, 86, 75, 98, 12, 70, 26, 59, 132, 181, 194, 113, 85, 177, 99, 23),
    (130, 177, 134, 146, 188, 166, 56, 76, 104, 67, 157, 7, 24, 114, 83, 1, 191, 104, 141, 171, 136, 39, 76, 59, 27, 50, 30, 197, 37, 68, 0, 117, 70, 9, 16, 127, 118, 55, 144, 1),
    (131, 150, 193, 14, 184, 2, 40, 153, 28, 60, 78, 164, 33, 199, 179, 62, 69, 91, 86, 193, 180, 32, 196, 42, 47, 74, 147, 73, 33, 146, 99, 106, 76, 83, 104, 87, 6, 120, 133, 156),
    (132, 101, 80, 88, 79, 44, 52, 115, 146, 131, 168, 42, 53, 40, 36, 154, 115, 134, 137, 36, 138, 162, 172, 181, 99, 143, 81, 7, 64, 59, 61, 194, 17, 82, 165, 105, 14, 36, 123, 144),
    (133, 0, 91, 29, 3, 176, 99, 109, 93, 107, 122, 159, 78, 11, 144, 165, 58, 20, 70, 189, 80, 69, 6, 66, 152, 104, 60, 68, 139, 2, 67, 65, 113, 146, 54, 150, 47, 8, 67, 151),
    (134, 119, 58, 152, 155, 96, 36, 172, 196, 26, 62, 86, 123, 182, 104, 106, 146, 166, 52, 141, 2, 136, 17, 122, 194, 37, 70, 55, 98, 148, 12, 86, 34, 82, 103, 28, 33, 87, 135, 162),
    (135, 89, 157, 174, 175, 129, 99, 3, 18, 4, 97, 82, 24, 59, 35, 57, 195, 89, 68, 130, 4, 128, 64, 3, 53, 53, 24, 57, 28, 16, 166, 113, 65, 48, 162, 190, 136, 99, 199, 166),
    (136, 173, 140, 135, 0, 103, 148, 38, 23, 31, 26, 37, 25, 143, 64, 131, 142, 158, 194, 128, 6, 198, 16, 49, 125, 141, 148, 56, 123, 160, 59, 117, 33, 91, 66, 54, 120, 80, 132, 160),
    (137, 16, 156, 84, 123, 116, 174, 166, 0, 55, 21, 23, 32, 167, 129, 65, 89, 184, 110, 141, 176, 84, 77, 186, 0, 117, 158, 48, 160, 8, 81, 101, 85, 141, 112, 3, 69, 70, 181, 120),
    (138, 61, 187, 7, 122, 46, 62, 171, 74, 173, 71, 112, 92, 85, 19, 39, 158, 130, 123, 19, 35, 36, 18, 139, 85, 153, 44, 105, 37, 17, 74, 164, 138, 93, 128, 195, 153, 142, 39, 123),
    (139, 190, 192, 134, 198, 169, 108, 176, 110, 77, 77, 62, 66, 180, 123, 71, 126, 4, 135, 25, 72, 35, 82, 17, 79, 38, 19, 23, 53, 192, 79, 117, 55, 178, 136, 15, 60, 185, 173, 62),
    (140, 6, 15, 171, 84, 21, 49, 50, 104, 8, 7, 4, 161, 87, 89, 176, 108, 179, 20, 94, 113, 104, 16, 178, 39, 75, 174, 64, 73, 50, 16, 129, 113, 170, 93, 116, 2, 170, 169, 1),
    (141, 62, 24, 146, 121, 13, 95, 84, 45, 197, 81, 28, 60, 54, 72, 16, 136, 188, 77, 20, 53, 112, 80, 107, 111, 163, 99, 57, 131, 179, 8, 50, 164, 197, 91, 38, 198, 76, 44, 188),
    (142, 153, 117, 120, 184, 48, 165, 15, 171, 140, 143, 88, 135, 141, 95, 103, 171, 181, 161, 175, 199, 79, 120, 157, 28, 160, 116, 121, 121, 72, 135, 38, 184, 113, 97, 120, 155, 130, 69, 180),
    (143, 23, 160, 40, 77, 108, 192, 32, 6, 164, 146, 83, 67, 78, 113, 86, 60, 93, 36, 130, 76, 37, 152, 190, 107, 0, 89, 17, 4, 147, 170, 77, 199, 76, 147, 16, 153, 95, 63, 57),
    (144, 25, 10, 43, 174, 199, 29, 174, 156, 140, 48, 91, 142, 194, 149, 25, 158, 151, 87, 63, 195, 91, 189, 29, 81, 83, 132, 174, 74, 156, 193, 57, 72, 89, 79, 141, 49, 125, 25, 155),
    (145, 22, 91, 48, 125, 39, 62, 112, 24, 83, 112, 13, 9, 108, 118, 96, 155, 178, 34, 148, 120, 54, 72, 14, 170, 170, 124, 176, 97, 142, 146, 167, 36, 181, 114, 15, 172, 179, 199, 50),
    (146, 182, 38, 37, 101, 174, 53, 83, 123, 157, 107, 163, 33, 36, 37, 120, 185, 18, 160, 0, 165, 50, 101, 144, 133, 160, 97, 157, 77, 64, 121, 77, 9, 50, 120, 28, 153, 196, 179, 191),
    (147, 6, 1, 17, 165, 117, 96, 134, 188, 119, 36, 137, 195, 58, 140, 107, 163, 36, 65, 158, 150, 2, 119, 47, 0, 117, 144, 1, 175, 59, 164, 81, 75, 110, 20, 97, 112, 37, 6, 186),
    (148, 69, 119, 105, 194, 177, 136, 60, 16, 18, 48, 2, 146, 129, 89, 179, 195, 47, 60, 10, 55, 34, 19, 147, 70, 52, 70, 156, 162, 125, 78, 193, 59, 43, 73, 96, 56, 41, 140, 155),
    (149, 112, 18, 3, 162, 182, 148, 19, 14, 158, 13, 152, 99, 122, 45, 163, 143, 25, 33, 109, 13, 146, 173, 144, 69, 156, 197, 31, 90, 93, 113, 167, 109, 93, 24, 40, 146, 160, 138, 62),
    (150, 41, 86, 155, 173, 4, 34, 140, 41, 166, 87, 24, 151, 42, 102, 192, 113, 74, 123, 142, 75, 22, 184, 109, 92, 136, 1, 13, 22, 125, 97, 152, 77, 154, 30, 103, 41, 146, 134, 124),
    (151, 16, 162, 159, 187, 111, 97, 44, 70, 62, 128, 98, 193, 19, 50, 42, 89, 4, 110, 68, 93, 199, 146, 149, 81, 88, 109, 127, 25, 177, 109, 94, 152, 82, 68, 165, 142, 174, 58, 126),
    (152, 11, 64, 30, 71, 66, 0, 199, 101, 29, 166, 148, 95, 57, 175, 147, 19, 39, 174, 3, 98, 15, 188, 25, 55, 196, 81, 125, 101, 101, 97, 92, 198, 106, 6, 190, 58, 146, 188, 48),
    (153, 157, 89, 2, 55, 101, 184, 114, 158, 152, 189, 106, 7, 123, 94, 154, 65, 150, 154, 190, 184, 104, 31, 34, 32, 133, 6, 40, 9, 197, 134, 51, 140, 129, 153, 169, 45, 0, 35, 100),
    (154, 160, 66, 187, 111, 71, 37, 150, 33, 44, 1, 42, 109, 3, 152, 199, 34, 96, 184, 51, 25, 40, 164, 110, 56, 159, 33, 21, 171, 38, 60, 130, 13, 85, 84, 175, 97, 6, 84, 128),
    (155, 48, 138, 43, 109, 94, 0, 108, 9, 36, 72, 117, 147, 191, 159, 163, 67, 144, 48, 143, 199, 125, 156, 196, 97, 155, 116, 127, 80, 48, 74, 17, 139, 127, 133, 44, 85, 77, 161, 75),
    (156, 162, 198, 73, 30, 85, 84, 59, 154, 168, 176, 74, 23, 69, 88, 35, 135, 116, 152, 18, 16, 163, 8, 157, 179, 71, 6, 155, 17, 162, 33, 181, 132, 175, 149, 35, 134, 43, 155, 159),
    (157, 96, 64, 141, 71, 1, 82, 178, 197, 185, 65, 115, 180, 138, 88, 10, 128, 56, 3, 108, 48, 8, 27, 171, 121, 24, 51, 47, 137, 13, 151, 173, 103, 50, 75, 27, 174, 185, 151, 75),
    (158, 191, 59, 14, 124, 176, 146, 61, 110, 87, 21, 101, 71, 190, 112, 150, 63, 173, 129, 34, 51, 77, 50, 75, 46, 143, 4, 178, 174, 97, 104, 6, 101, 30, 58, 30, 31, 175, 90, 66),
    (159, 183, 152, 147, 175, 178, 160, 15, 59, 82, 117, 23, 56, 190, 146, 180, 48, 153, 162, 84, 15, 124, 161, 176, 195, 95, 93, 157, 158, 42, 84, 117, 163, 118, 160, 127, 68, 126, 124, 32),
    (160, 115, 54, 145, 44, 27, 178, 72, 13, 103, 57, 44, 48, 108, 152, 41, 98, 177, 11, 60, 144, 128, 140, 110, 22, 38, 91, 54, 139, 167, 6, 32, 46, 183, 174, 174, 80, 132, 40, 178),
    (161, 168, 190, 136, 33, 48, 55, 102, 42, 135, 89, 179, 126, 152, 186, 46, 188, 120, 97, 186, 141, 104, 179, 25, 147, 33, 168, 148, 196, 69, 161, 69, 198, 63, 97, 15, 189, 117, 172, 0),
    (162, 116, 26, 126, 26, 98, 177, 12, 105, 164, 195, 97, 127, 36, 41, 167, 138, 87, 6, 157, 5, 56, 60, 120, 152, 177, 161, 40, 126, 119, 165, 145, 131, 115, 153, 53, 51, 139, 168, 138),
    (163, 132, 55, 62, 103, 143, 78, 133, 83, 27, 152, 29, 13, 26, 23, 166, 84, 138, 16, 100, 1, 36, 75, 132, 153, 91, 29, 89, 16, 60, 131, 83, 187, 93, 196, 76, 35, 67, 194, 15),
    (164, 1, 74, 59, 2, 77, 45, 82, 72, 113, 196, 140, 69, 110, 116, 112, 36, 134, 77, 153, 97, 12, 179, 36, 99, 195, 125, 40, 146, 105, 43, 153, 191, 166, 170, 94, 173, 102, 98, 141),
    (165, 71, 56, 45, 182, 175, 95, 54, 178, 195, 38, 91, 114, 125, 17, 15, 100, 186, 115, 177, 178, 31, 64, 34, 164, 123, 96, 184, 118, 122, 155, 67, 139, 48, 7, 89, 133, 71, 157, 165),
    (166, 107, 63, 166, 82, 62, 197, 64, 55, 139, 169, 184, 138, 110, 59, 197, 27, 185, 184, 11, 127, 96, 50, 147, 185, 192, 24, 96, 70, 52, 94, 14, 109, 163, 37, 147, 99, 190, 41, 2),
    (167, 6, 168, 2, 56, 105, 125, 22, 178, 111, 64, 37, 159, 5, 172, 169, 163, 6, 171, 88, 34, 108, 10, 139, 103, 152, 72, 195, 5, 194, 97, 88, 185, 89, 120, 99, 151, 131, 7, 185),
    (168, 4, 185, 75, 140, 58, 50, 52, 77, 49, 49, 181, 121, 196, 144, 71, 71, 80, 104, 31, 164, 106, 119, 13, 113, 158, 12, 73, 5, 108, 118, 152, 75, 148, 108, 62, 113, 28, 184, 136),
    (169, 90, 186, 158, 142, 24, 76, 169, 94, 141, 161, 139, 135, 32, 22, 41, 129, 135, 167, 6, 28, 101, 86, 44, 134, 120, 4, 51, 179, 7, 185, 129, 120, 127, 101, 37, 25, 72, 166, 121),
    (170, 108, 34, 178, 116, 162, 163, 170, 34, 196, 186, 89, 10, 146, 55, 75, 30, 107, 102, 148, 142, 93, 33, 25, 16, 186, 22, 119, 105, 1, 129, 132, 158, 138, 18, 185, 111, 74, 21, 155),
    (171, 186, 89, 51, 28, 101, 89, 124, 82, 0, 61, 164, 122, 41, 175, 29, 16, 104, 46, 74, 103, 15, 195, 80, 69, 195, 85, 6, 156, 109, 23, 101, 121, 161, 125, 186, 178, 187, 72, 165),
    (172, 14, 59, 151, 133, 164, 45, 15, 115, 61, 108, 160, 63, 64, 70, 68, 107, 50, 112, 10, 33, 34, 87, 140, 39, 36, 194, 40, 72, 108, 147, 11, 6, 99, 153, 142, 169, 158, 48, 192),
    (173, 51, 103, 151, 163, 28, 57, 1, 29, 197, 137, 24, 194, 192, 150, 74, 175, 83, 36, 156, 149, 102, 29, 184, 119, 73, 189, 8, 19, 75, 71, 150, 136, 53, 72, 6, 47, 157, 56, 117),
    (174, 62, 137, 150, 72, 93, 171, 177, 149, 192, 49, 156, 43, 95, 96, 97, 145, 3, 44, 82, 158, 56, 43, 45, 33, 80, 102, 28, 90, 169, 131, 154, 106, 84, 125, 151, 129, 89, 70, 19),
    (175, 188, 142, 146, 191, 116, 163, 52, 113, 150, 123, 50, 114, 130, 180, 3, 100, 86, 107, 95, 37, 111, 146, 54, 163, 197, 164, 109, 7, 4, 75, 10, 28, 147, 197, 161, 138, 134, 88, 4),
    (176, 76, 181, 116, 48, 61, 107, 78, 76, 70, 13, 140, 33, 123, 78, 10, 143, 125, 141, 35, 24, 22, 71, 24, 152, 106, 58, 21, 2, 34, 9, 122, 110, 42, 98, 158, 140, 196, 178, 94),
    (177, 71, 143, 98, 29, 75, 129, 126, 197, 120, 109, 41, 150, 102, 66, 107, 42, 64, 179, 53, 173, 178, 21, 169, 177, 8, 146, 83, 118, 123, 15, 63, 2, 185, 144, 143, 16, 151, 13, 99),
    (178, 144, 172, 112, 92, 131, 92, 108, 91, 8, 64, 87, 156, 178, 34, 77, 129, 187, 86, 0, 86, 32, 169, 179, 122, 135, 35, 22, 177, 185, 16, 121, 7, 38, 67, 159, 53, 45, 145, 162),
    (179, 55, 102, 78, 137, 66, 78, 39, 70, 90, 141, 43, 5, 151, 181, 68, 18, 132, 58, 131, 182, 112, 160, 169, 140, 61, 6, 41, 18, 105, 3, 99, 177, 199, 33, 79, 41, 126, 25, 56),
    (180, 159, 96, 11, 32, 78, 79, 73, 66, 124, 160, 13, 31, 196, 177, 128, 126, 4, 30, 68, 186, 32, 12, 184, 133, 102, 71, 14, 154, 85, 116, 16, 142, 135, 43, 191, 111, 137, 35, 66),
    (181, 71, 163, 133, 10, 144, 42, 71, 6, 108, 159, 53, 112, 133, 0, 73, 118, 3, 97, 157, 37, 130, 107, 178, 153, 115, 29, 99, 44, 147, 137, 154, 147, 153, 95, 23, 16, 155, 87, 199),
    (182, 5, 150, 54, 133, 3, 184, 155, 173, 95, 68, 27, 59, 199, 55, 15, 18, 184, 99, 131, 18, 59, 149, 185, 91, 169, 90, 183, 186, 149, 176, 167, 53, 135, 182, 61, 106, 153, 36, 106),
    (183, 75, 99, 13, 6, 177, 55, 166, 142, 47, 10, 54, 84, 3, 11, 171, 44, 100, 132, 128, 11, 155, 34, 119, 63, 112, 165, 167, 110, 12, 97, 34, 3, 12, 99, 36, 144, 170, 133, 9),
    (184, 124, 171, 196, 52, 112, 31, 193, 91, 87, 24, 15, 195, 132, 149, 88, 107, 141, 56, 180, 174, 143, 90, 52, 196, 144, 74, 198, 89, 121, 163, 163, 88, 145, 134, 41, 62, 56, 150, 5),
    (185, 103, 94, 117, 97, 86, 91, 95, 102, 25, 126, 140, 78, 72, 190, 103, 133, 79, 104, 70, 184, 75, 88, 12, 6, 6, 33, 118, 1, 48, 110, 39, 73, 76, 85, 173, 158, 87, 33, 42),
    (186, 80, 171, 133, 103, 45, 17, 126, 128, 83, 140, 4, 86, 42, 78, 186, 25, 76, 74, 76, 193, 190, 33, 9, 76, 166, 182, 59, 188, 42, 123, 1, 45, 136, 14, 177, 88, 28, 117, 53),
    (187, 96, 33, 42, 133, 166, 191, 26, 112, 197, 123, 175, 196, 100, 104, 73, 127, 169, 127, 3, 85, 194, 144, 72, 157, 94, 75, 175, 118, 174, 157, 151, 102, 21, 163, 8, 189, 95, 33, 173),
    (188, 171, 74, 147, 28, 72, 59, 49, 21, 35, 83, 94, 135, 117, 126, 95, 101, 18, 44, 98, 141, 55, 160, 156, 51, 163, 73, 131, 191, 76, 63, 26, 105, 31, 29, 7, 103, 148, 120, 132),
    (189, 100, 172, 112, 17, 50, 157, 22, 91, 127, 65, 172, 11, 154, 45, 58, 173, 94, 172, 20, 20, 127, 22, 165, 42, 121, 106, 146, 65, 196, 169, 51, 174, 26, 139, 100, 50, 140, 17, 42),
    (190, 86, 127, 60, 60, 57, 6, 34, 100, 115, 195, 83, 147, 193, 163, 151, 11, 140, 167, 43, 149, 120, 18, 52, 169, 100, 157, 195, 11, 176, 128, 192, 119, 106, 151, 90, 23, 85, 173, 39),
    (191, 166, 66, 167, 145, 16, 102, 141, 139, 108, 14, 62, 60, 79, 37, 121, 166, 120, 166, 130, 130, 26, 111, 169, 120, 49, 191, 148, 176, 143, 13, 175, 114, 45, 91, 108, 54, 30, 141, 165),
    (192, 128, 118, 3, 56, 12, 40, 96, 29, 82, 192, 108, 65, 32, 187, 135, 92, 62, 104, 11, 160, 171, 109, 192, 114, 176, 159, 170, 68, 178, 155, 114, 181, 198, 146, 139, 147, 163, 182, 0),
    (193, 96, 46, 109, 57, 61, 90, 172, 97, 52, 20, 121, 36, 124, 110, 171, 100, 151, 160, 7, 170, 113, 97, 26, 168, 124, 123, 176, 58, 167, 89, 60, 0, 195, 175, 96, 79, 167, 1, 195),
    (194, 133, 183, 124, 192, 7, 74, 145, 127, 37, 137, 86, 188, 135, 39, 52, 128, 144, 92, 129, 0, 154, 101, 136, 64, 86, 176, 177, 178, 188, 57, 59, 19, 189, 58, 23, 89, 49, 132, 86),
    (195, 178, 3, 195, 1, 75, 141, 100, 61, 167, 169, 91, 92, 13, 145, 171, 29, 81, 15, 64, 13, 150, 119, 173, 71, 115, 71, 28, 72, 177, 93, 174, 196, 94, 169, 173, 6, 16, 84, 147),
    (196, 9, 91, 29, 194, 51, 60, 176, 129, 67, 11, 138, 45, 68, 64, 28, 185, 192, 96, 185, 25, 143, 29, 186, 84, 15, 195, 43, 94, 7, 112, 124, 146, 148, 0, 32, 163, 193, 13, 36),
    (197, 10, 194, 194, 165, 190, 25, 38, 110, 4, 113, 171, 169, 154, 150, 164, 199, 199, 12, 105, 78, 50, 174, 112, 124, 159, 172, 86, 179, 66, 100, 83, 163, 39, 170, 175, 3, 198, 64, 2),
    (198, 94, 60, 163, 183, 27, 139, 11, 94, 119, 134, 103, 167, 108, 51, 89, 19, 74, 189, 77, 17, 67, 186, 125, 128, 154, 25, 163, 7, 197, 12, 64, 55, 107, 45, 85, 196, 96, 53, 98),
    (199, 40, 143, 55, 113, 194, 59, 27, 151, 88, 194, 47, 111, 189, 40, 163, 82, 98, 74, 93, 150, 64, 138, 81, 120, 102, 17, 190, 193, 34, 18, 87, 88, 43, 101, 128, 42, 107, 136, 139);

INSERT INTO T8 (pk, t1, t2, t3, t4, t5, t6, t7, t9, t10, t11, t12, t13, t14, t15, t16, t17, t18, t19, t20, t21, t22, t23, t24, t25, t26, t27, t28, t29, t30, t31, t32, t33, t34, t35, t36, t37, t38, t39, t40)
VALUES
    (0, 142, 133, 73, 27, 162, 154, 169, 175, 75, 61, 104, 47, 187, 193, 42, 34, 94, 40, 81, 72, 58, 48, 149, 41, 133, 139, 136, 57, 123, 197, 195, 39, 73, 146, 85, 46, 195, 80, 23),
    (1, 28, 139, 112, 73, 195, 176, 177, 30, 33, 8, 159, 44, 179, 12, 162, 111, 174, 118, 91, 169, 148, 182, 71, 158, 127, 69, 140, 89, 136, 16, 183, 64, 197, 39, 150, 145, 147, 61, 142),
    (2, 157, 76, 113, 88, 170, 105, 150, 57, 1, 51, 199, 24, 194, 149, 175, 181, 171, 88, 39, 192, 110, 51, 84, 134, 161, 17, 102, 8, 121, 44, 10, 189, 165, 97, 183, 68, 115, 81, 21),
    (3, 179, 77, 65, 36, 48, 30, 94, 169, 39, 153, 138, 68, 76, 105, 100, 48, 2, 135, 36, 6, 120, 182, 83, 134, 53, 40, 42, 162, 79, 187, 123, 178, 83, 62, 30, 169, 88, 85, 7),
    (4, 146, 180, 81, 171, 143, 171, 8, 141, 45, 120, 56, 176, 2, 193, 142, 120, 138, 114, 135, 54, 103, 100, 104, 175, 147, 135, 57, 182, 41, 171, 125, 26, 52, 40, 46, 195, 50, 10, 160),
    (5, 168, 38, 120, 162, 118, 77, 58, 51, 86, 125, 0, 53, 4, 4, 117, 140, 160, 100, 95, 143, 16, 174, 84, 106, 42, 173, 6, 26, 76, 0, 150, 127, 107, 128, 68, 128, 36, 163, 69),
    (6, 33, 95, 13, 167, 30, 65, 189, 69, 11, 10, 34, 17, 171, 148, 79, 175, 145, 60, 199, 171, 122, 158, 111, 90, 184, 129, 174, 180, 175, 131, 29, 20, 145, 90, 197, 188, 180, 64, 135),
    (7, 199, 107, 34, 105, 6, 107, 194, 111, 174, 100, 108, 80, 140, 84, 61, 75, 194, 87, 70, 6, 115, 123, 170, 127, 162, 64, 129, 189, 14, 176, 167, 136, 44, 102, 165, 87, 153, 53, 69),
    (8, 128, 111, 161, 175, 142, 72, 53, 75, 24, 109, 34, 92, 29, 73, 166, 68, 130, 40, 80, 120, 88, 13, 8, 150, 1, 176, 190, 37, 114, 184, 18, 11, 187, 137, 185, 43, 114, 21, 129),
    (9, 157, 187, 2, 148, 162, 70, 166, 0, 123, 129, 91, 107, 122, 159, 48, 149, 123, 110, 84, 34, 128, 71, 192, 23, 40, 170, 157, 152, 10, 120, 69, 184, 162, 187, 57, 65, 193, 95, 73),
    (10, 177, 164, 56, 40, 77, 23, 136, 39, 160, 38, 77, 4, 135, 1, 188, 199, 65, 78, 175, 110, 194, 85, 163, 88, 184, 142, 30, 143, 55, 150, 187, 140, 2, 119, 53, 194, 34, 129, 71),
    (11, 96, 108, 181, 57, 118, 181, 44, 98, 34, 10, 17, 198, 125, 107, 168, 160, 176, 49, 18, 129, 176, 138, 60, 122, 2, 83, 22, 89, 108, 132, 134, 33, 83, 174, 53, 85, 80, 176, 14),
    (12, 27, 1, 44, 67, 42, 87, 77, 148, 76, 107, 143, 54, 150, 91, 174, 4, 82, 77, 4, 127, 66, 59, 120, 146, 180, 29, 167, 88, 4, 135, 138, 14, 167, 129, 90, 97, 191, 165, 58),
    (13, 113, 80, 147, 120, 81, 82, 150, 67, 83, 37, 166, 196, 61, 147, 101, 11, 7, 14, 79, 28, 108, 157, 103, 162, 12, 21, 21, 91, 178, 100, 59, 53, 140, 155, 133, 0, 156, 182, 12),
    (14, 16, 193, 110, 35, 145, 6, 154, 140, 191, 182, 131, 134, 95, 7, 171, 171, 102, 170, 72, 141, 2, 62, 172, 30, 175, 14, 84, 0, 85, 115, 62, 77, 71, 34, 118, 195, 28, 63, 101),
    (15, 132, 24, 59, 153, 46, 43, 133, 144, 193, 165, 157, 125, 173, 153, 47, 158, 153, 109, 9, 98, 43, 140, 166, 44, 133, 31, 171, 15, 73, 187, 23, 65, 142, 156, 183, 109, 169, 49, 155),
    (16, 15, 49, 85, 84, 163, 104, 197, 170, 91, 68, 73, 150, 152, 161, 50, 69, 56, 102, 76, 116, 184, 100, 123, 67, 172, 105, 43, 8, 20, 78, 169, 117, 26, 93, 124, 153, 55, 116, 65),
    (17, 98, 36, 106, 63, 48, 33, 177, 44, 121, 118, 64, 82, 195, 195, 82, 158, 56, 136, 58, 145, 40, 143, 52, 67, 88, 142, 94, 82, 106, 1, 29, 68, 194, 122, 6, 153, 45, 105, 79),
    (18, 116, 42, 193, 149, 173, 168, 103, 172, 113, 118, 174, 121, 20, 40, 101, 0, 80, 148, 24, 2, 197, 136, 136, 24, 189, 72, 161, 193, 96, 11, 49, 1, 124, 120, 46, 132, 136, 28, 177),
    (19, 9, 69, 193, 24, 179, 46, 7, 128, 133, 161, 92, 188, 71, 114, 69, 58, 73, 194, 76, 62, 73, 104, 67, 110, 107, 43, 133, 163, 155, 144, 180, 51, 176, 95, 99, 54, 37, 161, 60),
    (20, 170, 184, 50, 149, 153, 171, 73, 71, 80, 76, 29, 121, 184, 136, 47, 81, 21, 149, 134, 9, 136, 113, 46, 10, 199, 10, 38, 152, 8, 6, 47, 197, 75, 9, 199, 153, 88, 57, 126),
    (21, 120, 41, 27, 2, 155, 182, 81, 38, 8, 150, 176, 163, 199, 30, 176, 155, 8, 174, 77, 198, 101, 95, 74, 131, 86, 79, 183, 19, 41, 82, 16, 34, 141, 59, 71, 155, 75, 143, 100),
    (22, 62, 187, 95, 180, 86, 111, 44, 102, 17, 46, 13, 11, 154, 14, 25, 109, 181, 96, 24, 193, 168, 124, 150, 23, 80, 29, 22, 137, 129, 175, 36, 183, 44, 133, 66, 127, 146, 17, 139),
    (23, 101, 137, 60, 17, 187, 131, 118, 103, 6, 82, 100, 67, 107, 112, 51, 74, 0, 13, 144, 54, 26, 100, 90, 102, 174, 20, 83, 71, 122, 89, 27, 148, 5, 104, 46, 53, 112, 112, 153),
    (24, 88, 67, 57, 3, 183, 33, 81, 151, 32, 99, 78, 176, 66, 93, 54, 51, 197, 59, 62, 71, 189, 173, 140, 185, 134, 73, 17, 161, 102, 130, 175, 156, 60, 108, 101, 138, 7, 82, 130),
    (25, 191, 185, 177, 39, 181, 112, 134, 97, 55, 71, 150, 43, 10, 4, 94, 128, 35, 75, 48, 104, 19, 189, 39, 175, 97, 75, 141, 133, 144, 2, 119, 53, 178, 33, 139, 78, 135, 109, 136),
    (26, 85, 163, 160, 62, 50, 171, 67, 31, 46, 19, 114, 184, 159, 30, 159, 95, 124, 58, 104, 31, 170, 108, 171, 148, 44, 48, 95, 67, 39, 30, 115, 110, 28, 100, 54, 142, 65, 188, 119),
    (27, 150, 188, 94, 106, 87, 34, 9, 199, 180, 195, 146, 155, 134, 163, 80, 0, 198, 6, 80, 177, 146, 195, 46, 175, 128, 90, 161, 85, 34, 24, 123, 18, 70, 153, 184, 4, 64, 115, 83),
    (28, 5, 87, 122, 96, 190, 0, 52, 131, 53, 92, 81, 123, 151, 56, 73, 171, 65, 134, 55, 141, 57, 56, 52, 174, 165, 90, 100, 137, 119, 134, 83, 28, 1, 125, 158, 3, 22, 21, 97),
    (29, 79, 18, 141, 22, 42, 58, 120, 1, 151, 110, 195, 92, 140, 108, 89, 174, 181, 162, 133, 155, 69, 130, 141, 115, 72, 70, 96, 146, 146, 55, 164, 154, 176, 54, 57, 158, 52, 140, 145),
    (30, 84, 129, 194, 41, 88, 96, 161, 62, 81, 116, 145, 139, 124, 142, 92, 103, 155, 72, 194, 193, 136, 82, 95, 187, 80, 129, 117, 174, 118, 112, 68, 131, 176, 63, 77, 193, 118, 30, 101),
    (31, 114, 161, 199, 107, 115, 109, 166, 192, 161, 178, 190, 175, 121, 137, 15, 65, 117, 102, 158, 118, 140, 74, 41, 89, 157, 185, 176, 188, 73, 152, 75, 33, 59, 83, 66, 74, 29, 111, 51),
    (32, 74, 14, 35, 122, 105, 45, 144, 61, 51, 11, 67, 63, 24, 151, 140, 90, 156, 55, 117, 120, 134, 89, 100, 62, 84, 27, 12, 198, 81, 126, 117, 13, 47, 65, 166, 14, 8, 127, 97),
    (33, 18, 190, 46, 136, 96, 133, 133, 158, 179, 57, 41, 110, 192, 31, 5, 6, 179, 94, 102, 184, 81, 102, 15, 182, 199, 146, 103, 89, 80, 142, 23, 22, 66, 73, 99, 60, 19, 10, 54),
    (34, 97, 199, 121, 132, 186, 147, 132, 156, 65, 176, 180, 127, 76, 115, 88, 156, 39, 162, 66, 106, 58, 196, 108, 112, 39, 70, 110, 41, 117, 161, 11, 122, 113, 83, 148, 154, 188, 52, 185),
    (35, 27, 71, 77, 20, 178, 142, 40, 102, 0, 4, 32, 31, 57, 50, 23, 151, 164, 140, 40, 74, 126, 54, 3, 115, 57, 148, 166, 135, 74, 192, 73, 67, 126, 32, 39, 104, 60, 163, 110),
    (36, 52, 123, 74, 198, 21, 173, 51, 171, 95, 196, 66, 127, 20, 16, 132, 79, 54, 70, 122, 151, 172, 1, 153, 57, 166, 195, 84, 83, 89, 122, 148, 52, 111, 77, 48, 52, 115, 112, 67),
    (37, 8, 154, 154, 153, 4, 59, 144, 81, 139, 7, 122, 114, 18, 151, 6, 55, 129, 102, 21, 185, 182, 134, 98, 177, 62, 48, 179, 38, 86, 126, 157, 11, 20, 199, 32, 80, 67, 193, 7),
    (38, 197, 102, 132, 48, 17, 182, 3, 6, 89, 108, 123, 88, 15, 172, 52, 107, 145, 122, 124, 165, 90, 184, 40, 50, 190, 168, 149, 13, 82, 136, 174, 38, 187, 180, 85, 7, 87, 62, 182),
    (39, 92, 198, 139, 29, 74, 152, 130, 121, 158, 99, 25, 171, 156, 12, 184, 161, 41, 134, 164, 141, 46, 176, 177, 142, 83, 52, 174, 144, 148, 55, 152, 72, 195, 173, 126, 58, 130, 76, 16),
    (40, 40, 169, 131, 120, 91, 191, 139, 8, 27, 143, 181, 171, 31, 162, 38, 40, 73, 171, 196, 148, 34, 176, 93, 155, 27, 91, 123, 146, 83, 61, 119, 96, 23, 78, 169, 70, 160, 110, 121),
    (41, 164, 134, 57, 155, 165, 194, 124, 28, 192, 6, 192, 83, 109, 1, 61, 59, 164, 183, 109, 75, 145, 107, 37, 32, 117, 165, 159, 81, 169, 114, 43, 117, 89, 83, 183, 174, 74, 97, 115),
    (42, 91, 38, 58, 154, 174, 24, 70, 52, 195, 43, 133, 190, 89, 61, 146, 115, 155, 131, 23, 66, 192, 169, 82, 147, 18, 127, 88, 67, 144, 145, 111, 34, 145, 180, 31, 184, 28, 107, 135),
    (43, 7, 26, 27, 183, 129, 83, 109, 58, 30, 91, 164, 122, 157, 135, 163, 29, 149, 96, 64, 20, 7, 59, 133, 93, 19, 197, 59, 181, 2, 101, 130, 120, 41, 34, 63, 11, 102, 186, 52),
    (44, 19, 78, 37, 15, 102, 199, 140, 160, 63, 107, 97, 6, 67, 48, 84, 14, 27, 64, 184, 119, 190, 5, 109, 84, 119, 16, 155, 98, 70, 54, 69, 103, 52, 92, 181, 159, 61, 86, 157),
    (45, 84, 69, 153, 75, 114, 26, 61, 171, 37, 174, 49, 47, 28, 177, 83, 22, 40, 72, 150, 171, 120, 197, 130, 43, 151, 122, 86, 46, 24, 131, 50, 132, 41, 123, 0, 68, 45, 176, 111),
    (46, 131, 162, 148, 32, 105, 83, 36, 143, 184, 90, 93, 191, 29, 20, 56, 139, 177, 122, 74, 199, 172, 168, 118, 172, 177, 130, 138, 114, 153, 151, 169, 20, 145, 157, 101, 137, 198, 162, 162),
    (47, 28, 94, 14, 41, 115, 29, 56, 134, 157, 20, 113, 6, 110, 99, 164, 126, 195, 25, 149, 156, 51, 72, 5, 175, 169, 0, 183, 21, 170, 130, 82, 110, 96, 89, 195, 158, 156, 44, 70),
    (48, 162, 196, 152, 187, 23, 79, 91, 199, 100, 103, 173, 34, 186, 25, 91, 115, 122, 99, 17, 195, 118, 152, 178, 34, 46, 30, 37, 33, 6, 178, 130, 117, 173, 109, 18, 45, 117, 123, 104),
    (49, 47, 110, 116, 157, 14, 170, 152, 123, 159, 119, 198, 167, 128, 106, 156, 159, 62, 177, 167, 4, 163, 101, 13, 171, 138, 100, 89, 141, 146, 196, 97, 174, 141, 22, 125, 95, 174, 112, 3),
    (50, 93, 119, 96, 81, 136, 162, 127, 118, 29, 140, 138, 78, 160, 127, 55, 140, 73, 104, 174, 46, 100, 24, 168, 63, 163, 43, 114, 32, 91, 186, 118, 130, 65, 44, 110, 179, 150, 21, 13),
    (51, 140, 110, 27, 38, 27, 177, 76, 52, 143, 184, 67, 48, 148, 39, 61, 26, 29, 25, 81, 74, 31, 41, 74, 102, 97, 19, 130, 63, 68, 148, 154, 61, 133, 35, 163, 162, 184, 15, 130),
    (52, 9, 162, 28, 78, 195, 12, 22, 178, 146, 27, 185, 163, 31, 106, 31, 111, 54, 23, 69, 193, 55, 162, 159, 177, 131, 100, 192, 93, 196, 173, 43, 50, 93, 76, 70, 132, 191, 184, 163),
    (53, 195, 105, 27, 189, 138, 5, 32, 28, 177, 145, 137, 78, 57, 119, 77, 24, 164, 124, 175, 194, 89, 164, 155, 170, 140, 11, 103, 100, 98, 156, 23, 9, 129, 143, 94, 149, 181, 8, 143),
    (54, 119, 178, 23, 128, 181, 69, 24, 115, 27, 13, 95, 135, 11, 25, 140, 143, 178, 82, 64, 62, 185, 145, 101, 189, 86, 27, 77, 188, 132, 194, 5, 75, 103, 42, 187, 32, 42, 58, 198),
    (55, 40, 39, 46, 160, 44, 77, 157, 78, 137, 9, 62, 22, 36, 80, 129, 150, 107, 48, 135, 144, 161, 154, 171, 23, 41, 142, 106, 30, 26, 149, 191, 80, 127, 125, 85, 155, 71, 68, 84),
    (56, 23, 190, 151, 166, 76, 36, 99, 104, 19, 132, 131, 82, 89, 53, 152, 45, 173, 167, 126, 28, 101, 104, 44, 146, 44, 179, 187, 104, 35, 97, 176, 76, 101, 146, 96, 148, 58, 52, 185),
    (57, 1, 121, 122, 89, 71, 38, 126, 127, 88, 97, 167, 194, 29, 182, 184, 56, 169, 52, 89, 25, 191, 118, 184, 160, 168, 152, 39, 22, 121, 158, 144, 78, 45, 98, 147, 15, 73, 8, 158),
    (58, 29, 41, 169, 115, 51, 27, 120, 40, 170, 144, 49, 11, 81, 97, 176, 164, 61, 119, 180, 189, 97, 18, 7, 4, 63, 10, 55, 53, 81, 33, 164, 99, 144, 72, 104, 86, 135, 73, 108),
    (59, 127, 134, 192, 91, 75, 130, 61, 90, 12, 188, 75, 41, 16, 166, 18, 144, 103, 98, 16, 99, 13, 145, 156, 127, 51, 46, 63, 199, 113, 195, 177, 99, 118, 57, 78, 179, 16, 130, 110),
    (60, 193, 126, 58, 135, 157, 65, 56, 88, 86, 47, 151, 85, 137, 157, 115, 30, 176, 38, 62, 56, 111, 13, 66, 91, 195, 67, 191, 67, 154, 98, 141, 96, 40, 189, 158, 38, 108, 166, 10),
    (61, 177, 147, 144, 79, 54, 147, 91, 9, 90, 135, 104, 158, 48, 86, 79, 71, 90, 165, 136, 86, 86, 155, 24, 87, 119, 199, 83, 124, 110, 123, 185, 3, 58, 72, 195, 143, 55, 134, 173),
    (62, 45, 182, 177, 64, 52, 94, 76, 199, 177, 39, 163, 61, 160, 41, 84, 147, 117, 4, 181, 118, 175, 19, 56, 46, 42, 157, 121, 2, 48, 117, 81, 197, 117, 90, 42, 186, 113, 153, 143),
    (63, 51, 170, 179, 96, 32, 189, 73, 15, 76, 159, 38, 73, 6, 74, 97, 117, 69, 94, 188, 190, 98, 73, 109, 178, 68, 101, 58, 3, 57, 6, 78, 143, 152, 147, 49, 35, 124, 17, 50),
    (64, 9, 113, 154, 9, 9, 109, 142, 159, 84, 48, 177, 8, 140, 195, 82, 142, 100, 15, 64, 121, 196, 99, 138, 73, 160, 11, 29, 1, 71, 156, 178, 102, 25, 50, 180, 121, 16, 114, 47),
    (65, 73, 149, 189, 127, 140, 49, 106, 91, 18, 17, 80, 119, 11, 51, 66, 116, 90, 57, 148, 168, 51, 47, 116, 67, 133, 187, 63, 138, 111, 155, 27, 165, 80, 196, 129, 33, 175, 144, 25),
    (66, 40, 74, 197, 165, 6, 78, 110, 105, 41, 179, 102, 45, 41, 17, 61, 55, 127, 139, 187, 23, 151, 107, 132, 181, 46, 126, 55, 73, 37, 31, 174, 54, 56, 73, 91, 52, 121, 90, 63),
    (67, 170, 7, 173, 74, 169, 134, 134, 120, 195, 110, 163, 76, 79, 95, 130, 117, 197, 149, 31, 195, 17, 102, 111, 61, 124, 96, 199, 40, 64, 39, 123, 44, 151, 162, 181, 98, 145, 176, 76),
    (68, 162, 142, 159, 182, 127, 186, 116, 64, 88, 22, 120, 94, 73, 82, 21, 108, 196, 140, 135, 123, 12, 172, 63, 161, 32, 5, 91, 103, 176, 122, 19, 178, 175, 53, 100, 130, 31, 131, 68),
    (69, 192, 111, 30, 24, 101, 72, 22, 159, 197, 93, 70, 8, 73, 108, 35, 156, 137, 97, 161, 195, 50, 74, 78, 32, 56, 41, 145, 190, 8, 176, 186, 62, 105, 1, 122, 178, 55, 197, 107),
    (70, 185, 1, 150, 176, 111, 150, 198, 71, 87, 172, 82, 165, 3, 98, 88, 116, 189, 189, 26, 40, 105, 17, 98, 45, 141, 106, 84, 52, 89, 78, 155, 16, 128, 190, 36, 159, 116, 121, 127),
    (71, 122, 60, 150, 113, 100, 119, 42, 38, 45, 52, 8, 79, 10, 87, 19, 46, 148, 114, 37, 102, 163, 16, 153, 73, 8, 156, 33, 98, 139, 94, 173, 196, 56, 183, 92, 119, 175, 109, 0),
    (72, 111, 192, 22, 115, 155, 101, 189, 192, 118, 21, 77, 193, 109, 134, 121, 184, 155, 19, 164, 70, 163, 152, 88, 143, 81, 168, 112, 145, 55, 168, 79, 90, 165, 119, 23, 105, 113, 152, 159),
    (73, 39, 197, 148, 12, 169, 98, 74, 167, 1, 54, 21, 52, 6, 134, 194, 44, 136, 98, 78, 179, 141, 163, 76, 36, 11, 155, 118, 195, 77, 129, 171, 160, 70, 112, 70, 80, 191, 174, 119),
    (74, 147, 66, 137, 187, 126, 144, 135, 195, 60, 72, 198, 138, 10, 86, 187, 197, 40, 124, 174, 8, 20, 112, 198, 182, 193, 145, 138, 155, 71, 105, 141, 93, 65, 126, 48, 90, 168, 149, 57),
    (75, 66, 133, 82, 34, 81, 32, 148, 50, 188, 40, 171, 3, 19, 114, 21, 185, 112, 77, 151, 49, 151, 71, 33, 137, 181, 69, 196, 125, 80, 139, 35, 5, 97, 57, 105, 42, 164, 198, 121),
    (76, 61, 148, 139, 35, 142, 122, 131, 81, 175, 119, 146, 117, 162, 194, 38, 8, 115, 19, 199, 122, 40, 136, 20, 8, 93, 22, 21, 147, 155, 85, 33, 134, 38, 164, 33, 91, 13, 170, 84),
    (77, 32, 189, 181, 12, 188, 149, 40, 92, 141, 191, 81, 188, 171, 176, 83, 196, 9, 173, 183, 14, 11, 116, 180, 17, 190, 108, 151, 91, 167, 189, 155, 47, 119, 67, 178, 50, 90, 196, 120),
    (78, 132, 131, 165, 141, 91, 14, 165, 65, 47, 144, 156, 18, 125, 38, 131, 160, 135, 38, 199, 102, 127, 39, 168, 13, 46, 99, 45, 23, 9, 90, 174, 124, 113, 117, 196, 52, 149, 129, 35),
    (79, 6, 104, 189, 157, 45, 193, 190, 193, 66, 81, 155, 192, 83, 173, 142, 142, 47, 165, 120, 125, 86, 34, 11, 102, 170, 26, 99, 99, 174, 140, 36, 130, 145, 25, 9, 51, 180, 17, 32),
    (80, 46, 25, 29, 51, 22, 85, 95, 96, 131, 25, 40, 23, 120, 189, 6, 197, 116, 165, 35, 114, 83, 150, 119, 191, 185, 43, 56, 49, 132, 21, 29, 86, 88, 7, 140, 18, 129, 33, 186),
    (81, 180, 100, 172, 65, 146, 50, 168, 22, 127, 55, 171, 23, 84, 190, 115, 184, 197, 198, 53, 199, 109, 17, 72, 111, 31, 73, 7, 99, 170, 6, 61, 160, 173, 112, 138, 87, 7, 197, 142),
    (82, 175, 61, 36, 165, 155, 137, 194, 195, 75, 168, 50, 162, 118, 6, 168, 50, 12, 84, 148, 3, 90, 177, 111, 143, 86, 103, 154, 26, 186, 88, 163, 175, 164, 156, 27, 73, 92, 192, 57),
    (83, 76, 138, 64, 162, 113, 73, 176, 42, 178, 62, 89, 174, 69, 164, 133, 71, 160, 82, 38, 37, 112, 108, 154, 126, 105, 3, 116, 143, 154, 75, 155, 114, 180, 124, 114, 99, 194, 22, 83),
    (84, 77, 6, 153, 63, 74, 59, 78, 80, 94, 135, 40, 199, 49, 18, 16, 147, 198, 192, 168, 67, 19, 123, 34, 14, 105, 144, 199, 120, 87, 52, 105, 67, 180, 35, 34, 73, 46, 59, 113),
    (85, 132, 80, 197, 35, 97, 192, 72, 89, 64, 114, 176, 11, 147, 55, 109, 183, 150, 162, 166, 157, 103, 186, 37, 117, 121, 32, 49, 106, 56, 91, 196, 32, 45, 124, 163, 116, 5, 90, 123),
    (86, 36, 126, 75, 38, 110, 136, 114, 38, 50, 190, 27, 57, 110, 32, 64, 96, 74, 75, 1, 24, 186, 13, 147, 164, 10, 48, 58, 54, 191, 195, 110, 109, 34, 136, 112, 33, 38, 53, 173),
    (87, 51, 47, 67, 35, 57, 88, 8, 58, 107, 191, 101, 81, 11, 167, 24, 112, 102, 119, 87, 187, 179, 160, 119, 0, 85, 188, 3, 54, 182, 143, 107, 182, 147, 177, 101, 139, 164, 13, 9),
    (88, 193, 122, 196, 86, 116, 153, 164, 70, 92, 102, 145, 116, 65, 184, 197, 157, 79, 172, 151, 46, 73, 135, 93, 90, 174, 167, 89, 78, 65, 3, 163, 31, 133, 89, 65, 113, 177, 166, 127),
    (89, 131, 104, 186, 69, 185, 78, 173, 155, 86, 186, 119, 12, 7, 125, 158, 39, 3, 11, 172, 61, 19, 102, 12, 161, 141, 84, 185, 184, 2, 7, 172, 199, 168, 164, 89, 14, 165, 46, 167),
    (90, 126, 174, 108, 95, 126, 88, 9, 158, 40, 162, 130, 82, 111, 193, 144, 70, 21, 25, 166, 29, 29, 54, 64, 100, 141, 117, 125, 183, 150, 62, 64, 93, 30, 125, 55, 170, 2, 23, 58),
    (91, 161, 82, 67, 76, 100, 147, 62, 128, 128, 166, 143, 127, 86, 145, 29, 99, 102, 56, 142, 126, 2, 184, 197, 166, 27, 157, 101, 117, 174, 188, 121, 25, 115, 100, 31, 26, 55, 37, 198),
    (92, 150, 8, 6, 56, 56, 17, 117, 139, 111, 52, 101, 3, 87, 125, 184, 74, 114, 138, 46, 191, 5, 158, 195, 113, 44, 7, 44, 184, 69, 106, 148, 81, 63, 157, 16, 33, 180, 184, 86),
    (93, 145, 74, 181, 71, 107, 80, 88, 13, 80, 153, 32, 86, 73, 185, 131, 106, 171, 3, 131, 113, 125, 170, 177, 185, 189, 131, 150, 192, 165, 51, 191, 95, 146, 169, 60, 147, 171, 153, 56),
    (94, 68, 142, 23, 103, 48, 143, 148, 28, 34, 153, 139, 174, 121, 125, 169, 21, 194, 105, 110, 190, 151, 102, 171, 12, 19, 82, 63, 10, 7, 198, 16, 62, 102, 102, 174, 159, 97, 81, 26),
    (95, 62, 104, 95, 175, 40, 158, 28, 172, 15, 126, 127, 186, 108, 187, 62, 19, 38, 160, 164, 152, 63, 30, 110, 110, 170, 132, 154, 144, 58, 9, 145, 31, 162, 98, 154, 83, 82, 97, 41),
    (96, 105, 29, 21, 47, 26, 159, 164, 109, 26, 94, 58, 77, 178, 27, 157, 4, 15, 82, 158, 47, 92, 53, 156, 98, 144, 125, 159, 17, 73, 159, 40, 44, 136, 129, 69, 100, 198, 134, 42),
    (97, 154, 35, 61, 37, 40, 102, 135, 122, 83, 54, 83, 57, 156, 197, 26, 80, 168, 120, 145, 103, 60, 23, 56, 0, 125, 47, 73, 169, 83, 145, 5, 11, 49, 32, 20, 70, 155, 3, 168),
    (98, 28, 69, 135, 145, 145, 91, 100, 127, 192, 198, 27, 80, 112, 145, 167, 3, 94, 136, 80, 133, 193, 119, 61, 83, 87, 71, 32, 98, 108, 91, 161, 20, 190, 113, 191, 64, 118, 186, 189),
    (99, 75, 111, 113, 68, 16, 168, 163, 7, 134, 153, 76, 141, 94, 153, 102, 88, 94, 134, 111, 43, 27, 59, 139, 150, 38, 62, 77, 146, 39, 171, 111, 129, 123, 80, 157, 39, 115, 109, 160),
    (100, 145, 154, 82, 118, 98, 92, 150, 61, 162, 60, 129, 27, 135, 163, 19, 18, 22, 108, 72, 51, 78, 172, 143, 137, 188, 23, 40, 143, 128, 73, 139, 98, 147, 4, 172, 119, 195, 103, 72),
    (101, 120, 50, 127, 155, 77, 50, 56, 40, 139, 96, 153, 3, 46, 74, 106, 80, 173, 189, 137, 123, 117, 115, 197, 84, 62, 41, 10, 76, 106, 38, 6, 177, 192, 133, 153, 98, 190, 119, 90),
    (102, 196, 32, 37, 159, 51, 62, 99, 73, 133, 17, 110, 69, 75, 48, 82, 103, 36, 136, 36, 20, 131, 100, 14, 121, 9, 41, 88, 149, 52, 40, 139, 88, 83, 82, 20, 52, 107, 26, 145),
    (103, 45, 118, 70, 70, 169, 54, 34, 78, 106, 125, 141, 99, 135, 143, 32, 155, 12, 92, 46, 125, 47, 175, 158, 95, 10, 16, 29, 63, 188, 116, 169, 59, 21, 196, 152, 191, 72, 116, 26),
    (104, 14, 158, 78, 7, 74, 91, 154, 6, 58, 17, 33, 110, 141, 7, 142, 38, 40, 45, 85, 20, 160, 160, 97, 172, 137, 186, 159, 84, 5, 120, 10, 70, 92, 198, 74, 194, 129, 93, 72),
    (105, 145, 9, 189, 49, 72, 36, 13, 79, 139, 196, 55, 31, 100, 121, 29, 199, 129, 67, 199, 113, 143, 135, 98, 137, 160, 153, 176, 105, 107, 176, 141, 72, 137, 62, 17, 59, 97, 145, 61),
    (106, 116, 28, 43, 167, 192, 174, 55, 70, 27, 168, 18, 102, 116, 41, 142, 173, 140, 199, 165, 62, 61, 7, 43, 55, 59, 98, 130, 131, 96, 72, 6, 86, 111, 191, 194, 42, 4, 92, 19),
    (107, 70, 88, 110, 106, 45, 168, 132, 156, 130, 30, 170, 114, 46, 34, 161, 112, 119, 177, 129, 181, 17, 81, 99, 11, 142, 112, 177, 96, 81, 164, 121, 187, 15, 77, 98, 19, 9, 88, 119),
    (108, 166, 53, 128, 176, 103, 39, 20, 105, 198, 180, 124, 27, 181, 2, 16, 190, 195, 101, 129, 90, 110, 89, 17, 23, 59, 159, 22, 19, 13, 36, 69, 64, 20, 18, 156, 126, 3, 16, 178),
    (109, 188, 174, 98, 8, 89, 96, 76, 89, 147, 188, 111, 48, 12, 198, 69, 165, 159, 197, 84, 160, 148, 41, 50, 143, 123, 110, 130, 138, 112, 92, 120, 60, 199, 45, 42, 164, 154, 94, 159),
    (110, 167, 24, 151, 93, 31, 181, 49, 193, 21, 101, 61, 50, 39, 38, 94, 113, 23, 139, 150, 91, 113, 6, 69, 21, 12, 99, 77, 185, 145, 91, 57, 191, 87, 159, 15, 17, 147, 6, 8),
    (111, 47, 67, 61, 183, 18, 125, 17, 80, 140, 56, 147, 191, 193, 31, 190, 187, 130, 116, 3, 175, 71, 147, 168, 6, 196, 64, 29, 145, 165, 39, 23, 80, 95, 116, 47, 74, 175, 157, 193),
    (112, 20, 84, 67, 190, 115, 41, 157, 69, 38, 52, 172, 97, 193, 157, 45, 199, 73, 44, 67, 142, 52, 24, 24, 183, 150, 156, 159, 71, 38, 124, 168, 58, 159, 194, 8, 34, 10, 134, 73),
    (113, 84, 16, 70, 23, 149, 126, 4, 178, 147, 156, 93, 118, 143, 66, 17, 85, 195, 16, 141, 2, 175, 44, 137, 24, 15, 148, 75, 136, 175, 39, 119, 133, 1, 43, 108, 91, 179, 109, 21),
    (114, 17, 43, 135, 168, 19, 66, 3, 146, 151, 162, 188, 122, 148, 140, 134, 145, 128, 163, 55, 182, 192, 24, 66, 33, 161, 7, 27, 8, 34, 165, 189, 178, 165, 130, 110, 17, 178, 37, 190),
    (115, 61, 32, 172, 171, 92, 27, 96, 72, 150, 183, 155, 109, 87, 168, 86, 76, 3, 36, 165, 197, 63, 180, 30, 94, 54, 92, 0, 21, 124, 78, 74, 126, 49, 188, 145, 169, 54, 67, 27),
    (116, 171, 42, 183, 70, 41, 83, 12, 19, 30, 91, 146, 135, 177, 128, 32, 157, 66, 178, 39, 101, 175, 177, 20, 199, 150, 180, 137, 8, 132, 176, 27, 19, 80, 59, 95, 155, 78, 172, 169),
    (117, 193, 65, 8, 178, 112, 7, 145, 76, 50, 174, 2, 64, 105, 27, 24, 177, 166, 83, 10, 4, 173, 46, 57, 115, 131, 88, 68, 115, 107, 113, 23, 187, 130, 85, 116, 156, 198, 156, 76),
    (118, 181, 16, 144, 65, 18, 18, 84, 178, 114, 185, 47, 144, 191, 47, 95, 174, 8, 150, 158, 192, 30, 30, 75, 90, 70, 174, 161, 172, 14, 184, 55, 9, 176, 180, 151, 179, 67, 128, 39),
    (119, 198, 109, 177, 63, 66, 123, 123, 94, 103, 162, 43, 144, 42, 187, 48, 190, 16, 58, 59, 31, 150, 45, 100, 83, 11, 76, 74, 17, 37, 10, 181, 122, 170, 156, 118, 6, 115, 140, 0),
    (120, 181, 143, 156, 31, 88, 99, 54, 57, 196, 35, 73, 16, 104, 116, 115, 28, 91, 123, 35, 163, 38, 118, 99, 156, 23, 67, 81, 157, 114, 106, 182, 1, 98, 139, 68, 128, 117, 172, 110),
    (121, 115, 178, 89, 180, 121, 49, 101, 111, 31, 186, 197, 39, 191, 94, 120, 39, 140, 147, 28, 129, 56, 165, 197, 105, 128, 75, 100, 10, 114, 188, 150, 73, 44, 162, 193, 89, 26, 95, 32),
    (122, 191, 81, 174, 162, 51, 142, 74, 55, 67, 64, 137, 128, 59, 94, 139, 187, 22, 193, 24, 141, 66, 185, 73, 5, 95, 102, 44, 11, 99, 41, 96, 87, 145, 71, 130, 123, 163, 21, 105),
    (123, 85, 187, 105, 17, 81, 60, 183, 14, 78, 171, 66, 65, 96, 172, 142, 127, 52, 150, 195, 15, 129, 193, 142, 119, 4, 7, 108, 64, 23, 89, 51, 115, 15, 125, 51, 182, 63, 7, 132),
    (124, 198, 97, 189, 4, 54, 85, 76, 62, 60, 96, 167, 49, 57, 103, 99, 98, 151, 135, 70, 3, 42, 146, 23, 33, 16, 87, 28, 102, 41, 71, 182, 189, 118, 161, 68, 150, 186, 17, 97),
    (125, 156, 12, 195, 161, 38, 92, 134, 172, 1, 160, 152, 39, 63, 197, 64, 0, 184, 183, 108, 92, 143, 187, 163, 109, 20, 45, 19, 148, 105, 77, 58, 57, 135, 45, 76, 58, 100, 160, 55),
    (126, 76, 115, 157, 62, 111, 45, 88, 0, 146, 103, 177, 83, 62, 102, 171, 126, 59, 151, 127, 111, 104, 27, 92, 149, 9, 43, 65, 182, 77, 164, 97, 62, 40, 182, 69, 170, 61, 69, 139),
    (127, 165, 86, 108, 146, 122, 68, 150, 134, 164, 0, 48, 116, 167, 6, 110, 65, 62, 85, 169, 0, 190, 32, 120, 161, 167, 59, 32, 80, 57, 24, 81, 39, 183, 41, 85, 171, 21, 160, 99),
    (128, 176, 197, 17, 8, 32, 21, 22, 0, 166, 179, 24, 55, 146, 123, 75, 150, 87, 168, 153, 51, 45, 23, 189, 134, 80, 43, 108, 134, 37, 90, 0, 195, 185, 80, 136, 16, 21, 85, 92),
    (129, 29, 55, 35, 124, 26, 7, 8, 20, 134, 185, 131, 181, 17, 34, 0, 75, 153, 19, 159, 143, 111, 71, 95, 116, 94, 71, 191, 25, 4, 166, 47, 96, 122, 173, 119, 7, 176, 104, 43),
    (130, 12, 186, 84, 96, 159, 71, 170, 20, 175, 107, 55, 194, 128, 156, 27, 55, 67, 117, 173, 35, 47, 21, 67, 145, 79, 134, 184, 71, 56, 25, 22, 107, 125, 32, 137, 141, 34, 1, 30),
    (131, 32, 43, 157, 17, 59, 78, 67, 133, 48, 27, 61, 73, 19, 133, 20, 160, 28, 9, 89, 152, 23, 142, 6, 158, 144, 38, 199, 64, 56, 163, 100, 135, 35, 109, 77, 93, 49, 50, 60),
    (132, 70, 121, 86, 179, 115, 2, 171, 11, 88, 97, 56, 12, 199, 128, 33, 3, 196, 65, 41, 120, 71, 193, 131, 97, 59, 39, 162, 31, 13, 177, 35, 193, 32, 167, 133, 121, 182, 197, 199),
    (133, 56, 157, 70, 159, 51, 129, 153, 88, 196, 136, 8, 149, 139, 134, 13, 195, 109, 64, 129, 9, 103, 24, 120, 94, 32, 125, 97, 119, 85, 81, 119, 114, 25, 154, 176, 6, 151, 67, 173),
    (134, 34, 142, 108, 102, 168, 86, 93, 173, 39, 147, 102, 118, 21, 92, 40, 85, 9, 97, 69, 176, 162, 139, 87, 161, 153, 38, 88, 111, 109, 167, 52, 40, 117, 102, 37, 178, 59, 66, 97),
    (135, 148, 164, 190, 165, 55, 92, 117, 167, 115, 43, 72, 27, 6, 52, 127, 124, 198, 106, 51, 149, 153, 173, 106, 1, 49, 95, 106, 33, 52, 6, 25, 171, 24, 86, 95, 72, 185, 197, 72),
    (136, 17, 143, 38, 142, 108, 172, 36, 98, 143, 12, 160, 31, 17, 92, 119, 49, 3, 108, 23, 137, 129, 24, 198, 24, 72, 79, 46, 90, 189, 8, 161, 150, 33, 161, 35, 93, 155, 68, 15),
    (137, 44, 3, 189, 37, 25, 22, 72, 101, 190, 7, 167, 31, 51, 34, 76, 110, 73, 121, 157, 45, 35, 17, 161, 13, 91, 152, 92, 22, 18, 54, 161, 151, 196, 91, 53, 0, 173, 27, 88),
    (138, 60, 130, 196, 71, 160, 153, 107, 78, 53, 6, 46, 190, 122, 34, 79, 21, 57, 59, 177, 151, 34, 95, 20, 71, 41, 156, 61, 52, 137, 92, 3, 168, 199, 183, 110, 84, 156, 92, 159),
    (139, 19, 106, 128, 126, 124, 106, 50, 81, 82, 67, 30, 186, 70, 128, 110, 30, 54, 144, 135, 43, 145, 6, 1, 132, 120, 144, 116, 107, 154, 118, 159, 199, 159, 109, 173, 193, 196, 122, 43),
    (140, 99, 197, 23, 148, 13, 92, 96, 50, 85, 88, 89, 176, 139, 176, 118, 194, 194, 85, 92, 160, 142, 38, 72, 158, 61, 189, 49, 117, 12, 105, 168, 67, 11, 7, 138, 49, 102, 143, 177),
    (141, 61, 131, 96, 152, 149, 174, 68, 30, 2, 126, 30, 160, 106, 139, 153, 107, 5, 168, 73, 171, 35, 116, 44, 86, 101, 40, 0, 189, 196, 74, 167, 42, 32, 29, 66, 188, 192, 156, 110),
    (142, 76, 187, 46, 57, 93, 7, 107, 180, 157, 66, 96, 111, 29, 72, 24, 199, 193, 196, 16, 182, 190, 136, 49, 93, 105, 73, 47, 181, 144, 81, 87, 4, 30, 121, 125, 141, 14, 42, 106),
    (143, 148, 144, 89, 168, 146, 72, 90, 75, 173, 35, 74, 51, 9, 97, 93, 46, 79, 64, 46, 53, 141, 64, 143, 156, 133, 175, 93, 62, 145, 13, 189, 43, 183, 36, 128, 100, 34, 51, 129),
    (144, 166, 105, 165, 56, 49, 131, 100, 79, 178, 62, 46, 178, 104, 28, 193, 12, 166, 21, 159, 146, 41, 11, 19, 41, 90, 28, 158, 63, 112, 81, 100, 52, 20, 94, 132, 31, 195, 129, 102),
    (145, 7, 190, 102, 54, 38, 172, 77, 51, 172, 36, 53, 79, 88, 128, 199, 142, 144, 186, 79, 7, 20, 38, 5, 188, 42, 140, 142, 65, 74, 68, 63, 190, 194, 180, 171, 155, 26, 130, 172),
    (146, 183, 152, 48, 170, 70, 175, 167, 174, 31, 60, 75, 12, 166, 130, 64, 117, 183, 139, 141, 95, 71, 160, 166, 22, 185, 31, 10, 50, 69, 68, 173, 73, 140, 114, 150, 145, 14, 119, 54),
    (147, 67, 25, 27, 3, 119, 174, 96, 178, 148, 31, 131, 72, 96, 12, 10, 61, 58, 17, 71, 82, 30, 197, 116, 154, 197, 102, 52, 89, 151, 188, 185, 31, 189, 163, 17, 97, 20, 179, 44),
    (148, 84, 103, 192, 48, 85, 158, 182, 19, 103, 18, 176, 97, 4, 186, 139, 48, 141, 69, 99, 80, 59, 1, 107, 61, 174, 16, 104, 126, 173, 169, 75, 179, 50, 86, 4, 31, 67, 22, 176),
    (149, 68, 112, 149, 30, 175, 161, 132, 192, 176, 95, 196, 86, 150, 110, 141, 2, 192, 164, 14, 125, 177, 75, 33, 90, 44, 125, 107, 25, 65, 52, 172, 72, 149, 186, 195, 73, 145, 115, 10),
    (150, 79, 23, 155, 119, 70, 68, 183, 23, 69, 79, 190, 32, 138, 194, 148, 141, 195, 147, 64, 153, 47, 198, 43, 137, 15, 137, 4, 43, 3, 15, 26, 159, 126, 169, 87, 95, 35, 45, 5),
    (151, 102, 75, 180, 17, 164, 82, 125, 79, 179, 67, 152, 5, 51, 129, 131, 6, 10, 80, 150, 97, 33, 100, 165, 1, 129, 155, 44, 135, 18, 185, 66, 64, 142, 85, 66, 14, 102, 177, 81),
    (152, 134, 60, 82, 104, 99, 4, 195, 173, 142, 47, 169, 104, 62, 183, 80, 120, 76, 189, 91, 121, 28, 190, 24, 198, 189, 67, 71, 154, 191, 67, 192, 167, 96, 182, 58, 23, 83, 151, 44),
    (153, 132, 154, 197, 58, 92, 176, 130, 136, 187, 145, 14, 189, 71, 145, 114, 193, 20, 162, 33, 57, 73, 112, 17, 78, 7, 9, 196, 71, 156, 150, 110, 109, 127, 190, 86, 134, 48, 55, 69),
    (154, 163, 158, 131, 97, 24, 69, 70, 129, 14, 80, 93, 182, 40, 175, 145, 164, 7, 123, 5, 109, 186, 147, 98, 45, 18, 65, 130, 5, 127, 51, 80, 69, 170, 177, 199, 168, 52, 162, 133),
    (155, 129, 41, 28, 67, 39, 30, 55, 146, 148, 70, 109, 12, 42, 110, 162, 68, 186, 176, 34, 86, 94, 196, 141, 103, 66, 96, 54, 2, 185, 0, 196, 137, 182, 107, 183, 126, 55, 85, 158),
    (156, 134, 150, 179, 84, 124, 0, 78, 122, 5, 118, 193, 113, 45, 92, 146, 19, 159, 128, 107, 138, 114, 10, 42, 185, 96, 119, 168, 19, 65, 111, 167, 141, 110, 180, 137, 144, 181, 16, 8),
    (157, 114, 96, 25, 133, 188, 115, 62, 46, 72, 167, 0, 92, 26, 165, 156, 43, 39, 118, 127, 10, 112, 147, 124, 175, 121, 154, 104, 130, 189, 97, 72, 161, 66, 190, 183, 148, 94, 36, 59),
    (158, 166, 72, 77, 24, 25, 70, 129, 135, 180, 84, 98, 23, 139, 180, 152, 195, 195, 192, 46, 69, 107, 122, 41, 189, 17, 1, 171, 173, 179, 74, 58, 115, 165, 117, 39, 4, 65, 198, 171),
    (159, 133, 2, 64, 154, 104, 95, 196, 34, 109, 97, 57, 111, 199, 81, 147, 153, 107, 173, 197, 112, 24, 93, 116, 142, 175, 69, 3, 25, 192, 58, 46, 73, 48, 153, 69, 76, 141, 25, 134),
    (160, 39, 6, 13, 126, 144, 67, 37, 116, 44, 90, 163, 172, 178, 155, 61, 5, 66, 9, 128, 140, 104, 116, 20, 182, 1, 126, 35, 15, 175, 186, 77, 117, 132, 190, 45, 3, 29, 57, 184),
    (161, 5, 139, 160, 112, 25, 101, 190, 75, 168, 188, 59, 89, 129, 50, 26, 5, 136, 102, 112, 25, 51, 136, 37, 199, 112, 35, 30, 72, 192, 99, 90, 89, 128, 40, 137, 135, 47, 189, 73),
    (162, 48, 137, 94, 186, 47, 112, 104, 86, 45, 43, 123, 183, 170, 161, 141, 78, 169, 182, 175, 135, 110, 69, 21, 28, 109, 23, 74, 79, 13, 176, 193, 193, 37, 89, 181, 188, 161, 197, 95),
    (163, 0, 152, 81, 30, 149, 73, 60, 57, 118, 6, 156, 125, 191, 0, 75, 86, 189, 118, 196, 183, 50, 114, 97, 26, 171, 35, 60, 5, 141, 83, 89, 172, 113, 30, 99, 48, 68, 179, 33),
    (164, 183, 28, 43, 85, 160, 63, 36, 48, 51, 122, 39, 57, 88, 162, 139, 66, 160, 196, 78, 158, 146, 198, 81, 100, 144, 54, 15, 22, 10, 10, 63, 46, 11, 82, 165, 116, 177, 72, 198),
    (165, 32, 169, 121, 159, 194, 191, 144, 7, 88, 20, 165, 106, 198, 142, 166, 107, 20, 131, 18, 41, 149, 127, 116, 138, 190, 169, 189, 121, 122, 26, 15, 117, 135, 20, 113, 59, 60, 191, 19),
    (166, 25, 104, 15, 78, 156, 111, 6, 72, 131, 34, 197, 106, 37, 24, 127, 32, 109, 152, 172, 49, 99, 92, 199, 157, 80, 43, 135, 138, 37, 124, 0, 156, 197, 177, 93, 159, 75, 129, 190),
    (167, 111, 4, 175, 36, 121, 11, 95, 119, 47, 171, 185, 88, 178, 177, 137, 192, 5, 63, 26, 114, 54, 40, 5, 86, 121, 53, 166, 144, 114, 146, 12, 113, 14, 145, 159, 101, 37, 195, 20),
    (168, 178, 129, 5, 151, 113, 147, 87, 124, 45, 158, 157, 190, 180, 58, 125, 29, 158, 66, 69, 98, 28, 96, 66, 80, 41, 40, 13, 73, 81, 24, 103, 199, 169, 192, 74, 44, 134, 37, 6),
    (169, 85, 180, 193, 102, 162, 39, 188, 190, 72, 110, 183, 107, 12, 43, 120, 167, 36, 74, 25, 146, 3, 33, 141, 185, 22, 97, 170, 148, 102, 105, 12, 78, 59, 58, 24, 79, 145, 184, 178),
    (170, 163, 132, 72, 29, 158, 90, 137, 180, 30, 93, 58, 97, 188, 0, 32, 79, 106, 8, 27, 171, 191, 27, 157, 54, 80, 196, 12, 185, 18, 135, 31, 37, 78, 116, 47, 128, 119, 126, 139),
    (171, 164, 104, 22, 23, 71, 13, 160, 85, 160, 148, 20, 144, 21, 194, 120, 38, 96, 6, 185, 180, 167, 109, 78, 134, 83, 187, 70, 175, 129, 194, 120, 36, 47, 187, 34, 85, 21, 178, 89),
    (172, 113, 125, 109, 57, 85, 4, 127, 6, 163, 62, 147, 73, 82, 155, 136, 154, 184, 82, 64, 68, 115, 26, 128, 95, 176, 164, 153, 11, 27, 8, 194, 3, 188, 20, 160, 32, 87, 62, 42),
    (173, 170, 112, 10, 104, 49, 40, 155, 12, 151, 66, 129, 130, 138, 114, 182, 5, 53, 57, 42, 128, 96, 29, 0, 49, 56, 177, 135, 41, 71, 69, 199, 177, 9, 125, 63, 183, 165, 75, 198),
    (174, 181, 25, 58, 35, 157, 122, 178, 153, 92, 192, 33, 194, 80, 32, 127, 157, 157, 193, 198, 107, 156, 40, 182, 43, 41, 48, 111, 120, 76, 133, 73, 73, 131, 53, 189, 22, 175, 18, 90),
    (175, 189, 101, 163, 2, 71, 81, 163, 123, 112, 44, 93, 75, 186, 47, 50, 82, 2, 66, 71, 116, 173, 170, 8, 122, 137, 114, 196, 152, 179, 75, 18, 94, 26, 92, 149, 67, 129, 55, 116),
    (176, 24, 36, 195, 12, 104, 69, 95, 37, 29, 84, 135, 198, 100, 82, 73, 114, 131, 162, 77, 195, 38, 126, 45, 129, 24, 182, 144, 39, 24, 183, 11, 125, 42, 32, 101, 128, 134, 8, 34),
    (177, 46, 150, 65, 54, 32, 83, 116, 71, 139, 85, 33, 78, 127, 10, 149, 199, 14, 97, 95, 191, 165, 96, 80, 51, 110, 163, 166, 136, 127, 129, 117, 167, 146, 89, 0, 63, 192, 151, 98),
    (178, 36, 10, 85, 29, 149, 7, 19, 28, 148, 117, 168, 75, 0, 32, 185, 14, 132, 28, 89, 148, 52, 104, 48, 102, 45, 121, 152, 179, 159, 100, 80, 196, 164, 2, 31, 183, 60, 92, 199),
    (179, 91, 165, 189, 60, 67, 36, 22, 5, 68, 139, 133, 81, 149, 155, 159, 34, 121, 85, 2, 20, 48, 183, 89, 198, 184, 32, 94, 0, 73, 164, 179, 74, 70, 134, 129, 84, 182, 138, 117),
    (180, 199, 148, 161, 147, 171, 163, 146, 75, 44, 144, 146, 67, 139, 155, 170, 155, 164, 1, 146, 131, 6, 149, 164, 197, 68, 159, 10, 92, 83, 134, 69, 31, 7, 35, 2, 118, 111, 27, 148),
    (181, 25, 120, 11, 50, 110, 170, 47, 114, 198, 117, 52, 0, 8, 78, 21, 62, 189, 154, 88, 180, 38, 86, 156, 60, 164, 85, 13, 128, 162, 33, 87, 84, 90, 62, 122, 110, 191, 13, 147),
    (182, 158, 51, 21, 144, 87, 96, 195, 89, 139, 150, 170, 77, 62, 197, 83, 88, 59, 169, 108, 170, 138, 36, 73, 31, 185, 33, 155, 121, 149, 6, 171, 155, 116, 18, 140, 10, 194, 125, 51),
    (183, 42, 8, 46, 55, 33, 174, 177, 32, 105, 12, 126, 56, 26, 147, 125, 171, 173, 38, 128, 143, 51, 184, 102, 155, 123, 74, 84, 16, 21, 138, 68, 89, 36, 97, 174, 90, 185, 72, 150),
    (184, 175, 141, 89, 0, 64, 40, 132, 63, 165, 138, 67, 16, 26, 18, 88, 3, 138, 86, 176, 77, 137, 108, 56, 19, 106, 116, 48, 114, 104, 163, 23, 50, 131, 13, 49, 15, 47, 159, 126),
    (185, 196, 129, 70, 85, 92, 101, 187, 32, 171, 33, 85, 135, 109, 161, 79, 60, 142, 3, 173, 169, 80, 170, 57, 197, 165, 25, 9, 68, 7, 76, 143, 177, 132, 181, 14, 86, 134, 56, 144),
    (186, 117, 178, 145, 168, 57, 57, 160, 170, 91, 56, 50, 84, 154, 102, 187, 31, 23, 30, 10, 162, 197, 160, 33, 101, 109, 183, 195, 106, 98, 192, 122, 45, 133, 5, 141, 61, 119, 146, 149),
    (187, 172, 176, 2, 71, 173, 64, 45, 188, 192, 190, 138, 136, 104, 111, 96, 145, 195, 82, 2, 62, 110, 45, 189, 36, 131, 119, 151, 86, 198, 3, 192, 187, 182, 105, 50, 59, 4, 45, 57),
    (188, 97, 159, 34, 158, 156, 196, 59, 51, 147, 48, 99, 131, 69, 139, 10, 154, 155, 103, 15, 17, 5, 94, 199, 45, 45, 172, 109, 30, 66, 118, 136, 64, 38, 22, 104, 139, 36, 105, 32),
    (189, 45, 66, 71, 115, 127, 53, 10, 178, 2, 166, 88, 46, 120, 169, 14, 42, 173, 10, 169, 26, 131, 5, 167, 160, 16, 129, 32, 139, 140, 195, 175, 107, 69, 87, 1, 63, 141, 57, 42),
    (190, 30, 183, 182, 37, 110, 52, 5, 59, 131, 194, 49, 51, 20, 128, 198, 150, 105, 95, 98, 148, 150, 62, 55, 68, 155, 86, 150, 195, 92, 51, 190, 110, 37, 57, 100, 161, 157, 149, 83),
    (191, 144, 114, 140, 121, 133, 108, 150, 96, 13, 105, 41, 170, 170, 192, 57, 141, 135, 48, 185, 92, 80, 120, 199, 1, 85, 57, 24, 152, 9, 122, 57, 170, 90, 89, 127, 37, 28, 53, 72),
    (192, 167, 65, 77, 174, 164, 136, 151, 54, 112, 32, 18, 75, 139, 152, 166, 111, 37, 141, 99, 196, 44, 98, 21, 97, 151, 143, 115, 4, 144, 64, 115, 77, 126, 18, 35, 160, 123, 71, 1),
    (193, 9, 136, 185, 61, 116, 159, 88, 160, 91, 19, 46, 15, 9, 135, 126, 129, 119, 8, 137, 186, 139, 58, 168, 134, 12, 58, 99, 135, 106, 83, 118, 19, 157, 153, 150, 149, 17, 118, 15),
    (194, 80, 102, 109, 98, 1, 193, 135, 13, 152, 86, 194, 192, 94, 147, 164, 30, 87, 22, 91, 160, 113, 172, 31, 54, 101, 99, 87, 198, 18, 73, 92, 44, 122, 71, 6, 140, 79, 140, 76),
    (195, 134, 83, 123, 163, 57, 158, 145, 63, 106, 80, 114, 164, 34, 184, 165, 83, 12, 87, 62, 70, 4, 93, 191, 149, 71, 140, 169, 126, 37, 133, 167, 171, 193, 2, 145, 87, 137, 150, 174),
    (196, 105, 23, 154, 92, 109, 94, 127, 170, 61, 4, 2, 43, 109, 88, 38, 12, 192, 129, 199, 161, 60, 13, 116, 102, 123, 78, 57, 46, 138, 46, 147, 145, 171, 197, 55, 1, 181, 107, 99),
    (197, 129, 72, 126, 167, 182, 4, 115, 88, 84, 113, 24, 152, 7, 182, 137, 103, 2, 149, 20, 151, 7, 10, 57, 104, 161, 31, 60, 87, 22, 84, 84, 131, 39, 104, 22, 180, 147, 99, 67),
    (198, 18, 186, 147, 195, 31, 162, 57, 99, 151, 166, 14, 198, 24, 198, 183, 111, 175, 68, 185, 193, 109, 144, 15, 99, 69, 182, 152, 78, 78, 88, 47, 12, 126, 31, 15, 155, 36, 44, 61),
    (199, 78, 151, 122, 156, 178, 94, 48, 83, 105, 132, 195, 170, 163, 143, 44, 22, 76, 150, 172, 175, 42, 13, 62, 175, 25, 46, 61, 97, 70, 190, 193, 132, 10, 172, 109, 146, 12, 196, 36);

INSERT INTO T9 (pk, t1, t2, t3, t4, t5, t6, t7, t8, t10, t11, t12, t13, t14, t15, t16, t17, t18, t19, t20, t21, t22, t23, t24, t25, t26, t27, t28, t29, t30, t31, t32, t33, t34, t35, t36, t37, t38, t39, t40)
VALUES
    (0, 144, 150, 85, 157, 154, 159, 56, 82, 129, 42, 129, 191, 176, 109, 130, 194, 101, 22, 178, 160, 195, 123, 187, 37, 44, 87, 151, 152, 137, 146, 8, 55, 108, 31, 186, 11, 47, 121, 183),
    (1, 148, 48, 131, 81, 143, 110, 47, 143, 133, 25, 21, 127, 24, 23, 162, 10, 109, 46, 98, 90, 111, 69, 174, 157, 54, 55, 171, 93, 31, 97, 73, 190, 74, 107, 116, 181, 121, 99, 182),
    (2, 177, 155, 40, 16, 192, 42, 95, 29, 45, 72, 195, 106, 73, 150, 52, 151, 190, 118, 155, 184, 159, 105, 53, 71, 38, 21, 73, 22, 134, 43, 188, 191, 47, 145, 131, 161, 197, 157, 128),
    (3, 6, 89, 7, 170, 159, 33, 180, 146, 33, 151, 196, 81, 63, 106, 9, 12, 61, 9, 123, 97, 162, 18, 193, 190, 182, 40, 184, 54, 176, 109, 89, 144, 81, 150, 67, 131, 44, 45, 148),
    (4, 150, 163, 60, 72, 14, 108, 197, 11, 85, 49, 194, 130, 62, 21, 181, 24, 19, 190, 157, 177, 10, 139, 164, 170, 167, 64, 138, 163, 84, 194, 157, 134, 172, 151, 123, 163, 167, 165, 191),
    (5, 19, 54, 137, 164, 80, 101, 10, 111, 172, 100, 102, 57, 97, 186, 125, 34, 128, 172, 78, 75, 117, 65, 43, 7, 60, 118, 34, 51, 22, 187, 85, 149, 71, 184, 199, 5, 83, 71, 169),
    (6, 148, 190, 23, 176, 54, 57, 146, 117, 170, 11, 53, 96, 104, 154, 92, 144, 30, 103, 137, 16, 138, 16, 137, 42, 41, 35, 2, 112, 24, 110, 180, 48, 87, 76, 6, 106, 132, 74, 178),
    (7, 119, 56, 189, 197, 99, 152, 142, 181, 108, 112, 13, 98, 199, 106, 131, 92, 187, 147, 37, 146, 81, 25, 127, 186, 175, 192, 89, 122, 142, 112, 106, 39, 76, 27, 18, 64, 40, 19, 2),
    (8, 113, 38, 105, 79, 135, 144, 79, 198, 150, 31, 25, 110, 91, 59, 86, 46, 2, 7, 54, 133, 1, 114, 106, 82, 1, 75, 154, 189, 72, 179, 153, 112, 46, 161, 59, 98, 6, 31, 116),
    (9, 80, 174, 144, 48, 77, 57, 162, 57, 50, 65, 189, 77, 189, 81, 195, 68, 54, 77, 167, 149, 158, 132, 46, 143, 113, 175, 132, 105, 13, 56, 61, 99, 119, 77, 133, 2, 5, 139, 125),
    (10, 183, 38, 32, 114, 127, 139, 195, 71, 48, 130, 121, 194, 10, 178, 25, 184, 33, 197, 118, 175, 129, 41, 41, 85, 51, 69, 36, 23, 132, 136, 167, 140, 156, 128, 60, 183, 143, 172, 42),
    (11, 119, 164, 187, 81, 135, 20, 170, 62, 29, 18, 148, 130, 171, 2, 51, 80, 118, 4, 151, 72, 83, 94, 138, 9, 38, 114, 120, 4, 68, 156, 16, 8, 163, 6, 6, 11, 147, 38, 86),
    (12, 182, 79, 52, 38, 21, 99, 164, 132, 101, 29, 186, 132, 115, 8, 125, 163, 90, 181, 104, 175, 146, 183, 157, 74, 7, 41, 181, 26, 100, 160, 2, 14, 86, 107, 130, 115, 166, 81, 89),
    (13, 82, 112, 1, 61, 56, 175, 46, 27, 56, 11, 101, 36, 7, 125, 123, 95, 147, 3, 92, 117, 22, 84, 99, 111, 141, 181, 49, 99, 194, 43, 192, 54, 77, 110, 189, 53, 140, 150, 79),
    (14, 64, 75, 55, 115, 20, 176, 192, 52, 7, 153, 34, 112, 113, 111, 162, 84, 199, 80, 68, 86, 90, 4, 96, 23, 182, 4, 25, 71, 144, 161, 94, 170, 66, 165, 51, 45, 75, 84, 119),
    (15, 4, 82, 77, 139, 89, 38, 95, 158, 60, 5, 119, 173, 109, 35, 73, 11, 142, 175, 188, 13, 134, 187, 133, 37, 161, 176, 149, 31, 61, 124, 117, 185, 187, 39, 189, 173, 76, 42, 33),
    (16, 92, 33, 119, 86, 107, 148, 163, 77, 166, 69, 3, 146, 155, 43, 26, 114, 141, 101, 45, 67, 66, 148, 13, 65, 106, 37, 80, 162, 16, 9, 69, 133, 199, 186, 138, 180, 58, 124, 67),
    (17, 29, 88, 21, 35, 15, 57, 187, 159, 71, 126, 112, 121, 170, 60, 75, 13, 189, 67, 76, 10, 189, 6, 124, 189, 172, 48, 38, 196, 35, 147, 177, 173, 48, 60, 6, 11, 20, 40, 93),
    (18, 41, 110, 129, 188, 106, 70, 12, 168, 22, 22, 63, 196, 121, 184, 91, 125, 50, 82, 184, 125, 97, 83, 25, 185, 12, 179, 6, 124, 141, 167, 83, 46, 34, 72, 161, 54, 113, 78, 20),
    (19, 17, 121, 14, 172, 59, 13, 95, 151, 72, 194, 140, 9, 130, 9, 19, 151, 2, 1, 128, 120, 0, 54, 123, 130, 179, 86, 133, 90, 66, 92, 81, 69, 107, 126, 169, 121, 89, 98, 106),
    (20, 96, 56, 95, 27, 107, 190, 130, 36, 87, 52, 152, 143, 51, 118, 112, 159, 97, 83, 14, 101, 70, 55, 150, 194, 166, 61, 26, 164, 65, 126, 157, 143, 139, 21, 105, 50, 61, 44, 0),
    (21, 46, 85, 26, 118, 105, 28, 40, 110, 10, 154, 105, 46, 114, 23, 155, 1, 114, 40, 183, 77, 98, 40, 122, 191, 97, 82, 105, 107, 11, 128, 172, 100, 57, 182, 160, 175, 9, 40, 198),
    (22, 194, 198, 117, 98, 141, 81, 199, 69, 154, 24, 166, 11, 154, 167, 185, 103, 159, 160, 190, 81, 103, 44, 74, 169, 19, 19, 51, 35, 89, 119, 73, 0, 34, 169, 12, 100, 167, 188, 102),
    (23, 92, 78, 172, 52, 189, 129, 138, 109, 70, 186, 172, 8, 15, 79, 179, 47, 102, 187, 42, 116, 94, 175, 1, 152, 27, 29, 182, 180, 150, 168, 34, 66, 190, 15, 133, 4, 55, 86, 171),
    (24, 54, 42, 42, 99, 27, 92, 46, 173, 28, 120, 97, 78, 151, 28, 172, 34, 30, 188, 65, 145, 95, 177, 167, 159, 151, 195, 98, 19, 157, 126, 182, 161, 184, 170, 189, 51, 161, 64, 108),
    (25, 62, 74, 140, 27, 128, 9, 153, 142, 166, 134, 163, 97, 19, 100, 172, 115, 153, 66, 99, 101, 188, 6, 120, 55, 69, 42, 161, 159, 115, 39, 178, 15, 30, 56, 91, 93, 40, 106, 144),
    (26, 199, 26, 186, 55, 36, 185, 130, 4, 120, 173, 43, 167, 115, 61, 114, 71, 19, 174, 80, 55, 92, 158, 82, 47, 76, 17, 46, 83, 113, 74, 15, 63, 138, 160, 117, 93, 19, 184, 48),
    (27, 163, 37, 123, 168, 197, 139, 122, 155, 139, 47, 174, 184, 5, 190, 177, 167, 116, 153, 125, 44, 131, 6, 9, 43, 25, 162, 78, 3, 50, 159, 4, 30, 171, 17, 3, 14, 198, 120, 27),
    (28, 76, 154, 36, 15, 90, 185, 127, 109, 15, 85, 53, 7, 130, 24, 44, 89, 52, 186, 4, 167, 185, 54, 32, 159, 142, 95, 59, 71, 73, 156, 101, 108, 22, 164, 133, 103, 140, 51, 197),
    (29, 167, 171, 178, 65, 147, 137, 122, 97, 27, 50, 26, 81, 131, 181, 110, 73, 51, 101, 6, 90, 177, 197, 10, 135, 122, 53, 20, 39, 53, 80, 160, 103, 55, 77, 95, 44, 133, 78, 81),
    (30, 27, 168, 46, 77, 114, 47, 14, 65, 105, 193, 184, 17, 106, 27, 191, 117, 149, 55, 58, 45, 113, 27, 82, 9, 170, 155, 24, 49, 137, 0, 27, 23, 90, 198, 0, 180, 187, 189, 50),
    (31, 82, 6, 0, 68, 193, 73, 10, 64, 166, 59, 79, 89, 52, 88, 61, 55, 83, 184, 179, 5, 165, 47, 47, 26, 94, 67, 198, 16, 55, 199, 196, 168, 86, 111, 164, 71, 144, 28, 35),
    (32, 19, 138, 6, 138, 129, 142, 45, 46, 162, 84, 178, 124, 197, 68, 90, 6, 106, 15, 195, 58, 126, 138, 196, 173, 157, 143, 69, 158, 135, 56, 13, 153, 43, 93, 89, 166, 21, 52, 16),
    (33, 118, 89, 178, 149, 179, 84, 103, 160, 92, 160, 92, 107, 78, 14, 123, 33, 165, 19, 7, 17, 31, 112, 180, 117, 104, 156, 167, 158, 148, 170, 49, 78, 27, 15, 181, 58, 128, 117, 165),
    (34, 153, 165, 42, 195, 162, 91, 187, 121, 150, 48, 39, 0, 20, 58, 103, 196, 139, 164, 181, 135, 32, 156, 53, 20, 197, 115, 58, 178, 171, 47, 79, 158, 115, 64, 36, 124, 18, 158, 66),
    (35, 134, 137, 25, 23, 38, 33, 81, 161, 192, 136, 124, 170, 84, 161, 45, 41, 24, 140, 9, 166, 132, 193, 56, 180, 127, 128, 40, 145, 0, 153, 189, 198, 63, 70, 87, 89, 119, 118, 120),
    (36, 131, 137, 47, 84, 7, 129, 66, 123, 55, 82, 38, 51, 0, 155, 135, 172, 3, 143, 114, 0, 172, 83, 25, 13, 100, 35, 147, 120, 182, 96, 177, 105, 56, 154, 4, 157, 58, 45, 155),
    (37, 162, 13, 7, 75, 20, 134, 181, 110, 148, 26, 82, 28, 186, 147, 162, 16, 2, 103, 8, 181, 117, 71, 173, 30, 64, 15, 4, 80, 48, 69, 129, 104, 32, 148, 7, 169, 187, 194, 39),
    (38, 86, 63, 39, 147, 80, 126, 114, 163, 149, 174, 150, 69, 110, 3, 78, 198, 122, 137, 131, 17, 96, 51, 136, 143, 37, 48, 88, 58, 80, 87, 66, 141, 74, 13, 35, 176, 125, 161, 47),
    (39, 68, 48, 164, 171, 167, 41, 5, 14, 142, 163, 45, 37, 10, 132, 25, 99, 199, 28, 82, 99, 190, 22, 163, 169, 87, 39, 88, 68, 52, 90, 64, 39, 152, 194, 21, 181, 138, 180, 172),
    (40, 35, 166, 156, 148, 92, 110, 171, 148, 14, 175, 62, 189, 16, 18, 196, 105, 122, 125, 138, 69, 10, 117, 31, 162, 116, 144, 170, 183, 63, 188, 173, 154, 197, 188, 54, 111, 199, 103, 173),
    (41, 153, 11, 155, 114, 78, 103, 166, 170, 75, 43, 53, 122, 33, 118, 108, 21, 140, 36, 131, 108, 42, 191, 154, 29, 174, 144, 136, 173, 83, 91, 11, 126, 114, 142, 187, 147, 78, 62, 47),
    (42, 60, 177, 95, 150, 97, 58, 6, 7, 27, 132, 164, 20, 18, 111, 7, 41, 90, 120, 195, 125, 147, 195, 181, 112, 191, 2, 74, 116, 157, 72, 173, 111, 85, 112, 25, 50, 71, 14, 101),
    (43, 9, 47, 9, 156, 102, 163, 182, 84, 57, 25, 52, 59, 144, 81, 168, 175, 154, 111, 199, 96, 149, 115, 78, 111, 190, 83, 190, 139, 123, 88, 74, 113, 11, 76, 81, 118, 80, 139, 161),
    (44, 39, 155, 79, 118, 37, 38, 87, 115, 67, 15, 162, 47, 61, 122, 33, 100, 81, 149, 24, 184, 196, 15, 97, 23, 113, 128, 167, 80, 5, 149, 119, 167, 119, 176, 5, 197, 81, 53, 87),
    (45, 119, 60, 141, 128, 143, 149, 189, 164, 106, 192, 100, 20, 93, 53, 14, 147, 162, 93, 62, 60, 111, 133, 95, 50, 64, 137, 23, 146, 37, 83, 115, 32, 22, 171, 79, 151, 169, 117, 186),
    (46, 3, 123, 7, 89, 178, 151, 0, 39, 86, 162, 191, 11, 130, 186, 175, 138, 20, 176, 29, 2, 166, 175, 58, 55, 139, 77, 60, 145, 199, 103, 186, 96, 187, 188, 44, 69, 23, 27, 144),
    (47, 33, 22, 163, 89, 137, 168, 63, 166, 177, 40, 31, 82, 10, 193, 101, 125, 60, 105, 163, 77, 111, 70, 79, 125, 168, 123, 124, 78, 93, 30, 117, 23, 132, 92, 8, 45, 28, 44, 34),
    (48, 42, 122, 22, 5, 176, 74, 21, 142, 123, 20, 182, 22, 183, 48, 44, 0, 51, 186, 127, 163, 97, 16, 9, 9, 199, 121, 132, 57, 22, 148, 18, 112, 99, 197, 151, 1, 27, 34, 37),
    (49, 46, 65, 48, 149, 153, 164, 180, 16, 85, 68, 154, 173, 111, 130, 0, 33, 56, 28, 103, 15, 30, 33, 79, 91, 134, 30, 188, 185, 61, 32, 46, 106, 64, 30, 176, 115, 166, 18, 99),
    (50, 147, 19, 55, 51, 178, 82, 34, 32, 181, 151, 161, 89, 155, 0, 7, 106, 33, 112, 2, 22, 198, 168, 152, 197, 132, 6, 67, 57, 56, 78, 15, 74, 13, 150, 195, 100, 47, 25, 43),
    (51, 132, 110, 90, 9, 141, 3, 119, 34, 139, 9, 112, 53, 115, 127, 193, 125, 109, 63, 98, 31, 102, 47, 117, 136, 189, 185, 151, 103, 154, 85, 180, 2, 199, 184, 86, 110, 186, 38, 178),
    (52, 54, 176, 100, 194, 2, 173, 49, 47, 101, 110, 48, 15, 94, 166, 157, 122, 95, 12, 58, 10, 42, 54, 120, 116, 134, 84, 26, 92, 118, 114, 30, 98, 94, 197, 74, 155, 41, 33, 166),
    (53, 71, 39, 135, 5, 128, 60, 34, 194, 14, 54, 113, 88, 23, 111, 75, 186, 187, 67, 73, 161, 125, 57, 163, 102, 91, 68, 162, 82, 40, 0, 179, 101, 161, 132, 158, 17, 134, 39, 6),
    (54, 92, 77, 151, 117, 0, 146, 125, 147, 165, 132, 141, 55, 125, 26, 54, 50, 138, 28, 71, 121, 158, 62, 170, 44, 113, 164, 19, 169, 28, 13, 78, 101, 170, 173, 116, 58, 198, 126, 146),
    (55, 166, 108, 164, 31, 169, 197, 39, 64, 47, 141, 103, 9, 117, 178, 146, 97, 153, 22, 173, 141, 182, 32, 127, 159, 16, 170, 47, 88, 159, 114, 30, 107, 60, 187, 63, 105, 41, 103, 147),
    (56, 21, 68, 109, 193, 187, 119, 142, 46, 79, 56, 3, 171, 142, 102, 67, 186, 153, 112, 100, 158, 46, 41, 101, 137, 132, 81, 60, 88, 141, 72, 99, 105, 184, 107, 106, 62, 59, 56, 127),
    (57, 87, 124, 53, 42, 112, 87, 184, 34, 2, 73, 105, 5, 171, 180, 68, 9, 185, 41, 0, 143, 24, 98, 13, 175, 130, 69, 52, 41, 142, 141, 32, 46, 162, 179, 177, 193, 22, 85, 94),
    (58, 114, 77, 153, 17, 124, 102, 198, 3, 95, 141, 156, 39, 71, 107, 185, 180, 39, 42, 178, 72, 19, 78, 129, 119, 111, 48, 159, 191, 38, 147, 168, 65, 71, 14, 17, 61, 73, 186, 30),
    (59, 51, 12, 30, 124, 187, 132, 99, 174, 69, 78, 90, 182, 15, 122, 71, 41, 60, 40, 85, 93, 152, 118, 118, 185, 52, 19, 44, 155, 149, 71, 90, 89, 49, 58, 175, 99, 72, 5, 51),
    (60, 57, 183, 172, 3, 125, 53, 67, 35, 124, 102, 95, 25, 138, 22, 69, 109, 181, 72, 108, 146, 13, 15, 22, 111, 1, 124, 173, 108, 146, 88, 154, 116, 69, 11, 67, 192, 60, 81, 34),
    (61, 175, 59, 95, 115, 56, 186, 119, 9, 179, 24, 53, 65, 64, 199, 46, 139, 108, 147, 161, 191, 35, 143, 50, 197, 157, 196, 187, 93, 10, 148, 17, 41, 32, 105, 103, 80, 133, 31, 61),
    (62, 47, 69, 51, 156, 172, 190, 45, 74, 65, 2, 99, 175, 121, 181, 69, 192, 169, 75, 25, 122, 42, 14, 173, 173, 38, 166, 64, 132, 71, 198, 36, 123, 198, 77, 174, 32, 94, 130, 160),
    (63, 32, 142, 124, 141, 77, 173, 12, 180, 18, 140, 6, 145, 133, 6, 32, 61, 131, 72, 153, 172, 33, 181, 62, 73, 147, 36, 127, 38, 34, 120, 66, 34, 180, 170, 28, 148, 163, 125, 47),
    (64, 75, 128, 158, 167, 28, 68, 74, 44, 122, 29, 6, 3, 135, 40, 29, 185, 158, 33, 76, 107, 118, 124, 77, 77, 171, 61, 37, 53, 78, 67, 125, 196, 18, 113, 96, 134, 146, 169, 93),
    (65, 152, 164, 108, 168, 62, 149, 167, 29, 99, 145, 177, 14, 38, 13, 177, 71, 157, 127, 120, 172, 13, 195, 83, 5, 147, 54, 160, 113, 53, 135, 64, 125, 91, 82, 58, 107, 145, 90, 62),
    (66, 31, 1, 149, 86, 68, 124, 45, 42, 72, 40, 82, 55, 44, 162, 142, 158, 82, 67, 114, 65, 186, 140, 76, 198, 128, 187, 149, 13, 72, 23, 84, 66, 69, 123, 122, 47, 55, 153, 199),
    (67, 13, 199, 130, 84, 157, 21, 162, 134, 48, 79, 43, 30, 87, 163, 135, 101, 64, 47, 37, 191, 162, 113, 38, 127, 195, 195, 156, 24, 18, 158, 49, 112, 157, 19, 116, 144, 112, 29, 140),
    (68, 44, 38, 36, 58, 133, 39, 146, 190, 72, 168, 169, 5, 65, 101, 166, 62, 115, 76, 152, 148, 97, 25, 188, 114, 178, 99, 197, 99, 97, 3, 173, 143, 142, 197, 82, 66, 131, 119, 187),
    (69, 1, 47, 143, 21, 122, 158, 166, 96, 125, 13, 3, 34, 55, 144, 81, 175, 114, 60, 178, 155, 164, 31, 195, 185, 64, 172, 30, 122, 110, 83, 172, 84, 88, 78, 33, 103, 159, 113, 146),
    (70, 179, 40, 145, 26, 61, 24, 190, 151, 117, 197, 194, 32, 177, 123, 17, 181, 105, 65, 161, 164, 92, 9, 88, 17, 176, 63, 137, 172, 61, 90, 62, 106, 62, 179, 106, 66, 74, 121, 13),
    (71, 11, 110, 158, 182, 63, 118, 64, 33, 103, 51, 172, 126, 168, 13, 140, 45, 130, 5, 145, 19, 40, 139, 88, 125, 191, 53, 139, 33, 196, 189, 145, 8, 15, 126, 90, 165, 195, 189, 72),
    (72, 93, 87, 172, 124, 9, 58, 31, 183, 98, 27, 101, 100, 173, 10, 27, 71, 4, 2, 122, 54, 87, 39, 3, 82, 39, 141, 80, 57, 19, 128, 146, 198, 186, 76, 160, 7, 61, 182, 199),
    (73, 42, 51, 127, 136, 13, 60, 144, 78, 88, 138, 146, 123, 101, 13, 20, 72, 145, 149, 55, 142, 99, 111, 117, 133, 106, 76, 78, 122, 187, 0, 122, 85, 119, 23, 39, 171, 164, 184, 101),
    (74, 161, 32, 78, 91, 156, 150, 12, 195, 147, 32, 76, 84, 39, 33, 181, 112, 26, 181, 100, 124, 132, 157, 34, 182, 108, 190, 50, 70, 137, 132, 40, 36, 68, 166, 24, 51, 177, 107, 146),
    (75, 0, 20, 178, 5, 185, 64, 170, 88, 140, 18, 31, 131, 12, 93, 3, 157, 81, 85, 180, 152, 77, 181, 157, 189, 174, 107, 174, 166, 151, 136, 69, 95, 134, 18, 88, 118, 78, 189, 112),
    (76, 193, 1, 27, 147, 172, 57, 10, 111, 159, 191, 102, 83, 160, 64, 54, 166, 110, 168, 71, 15, 6, 83, 144, 114, 82, 118, 118, 139, 182, 193, 31, 66, 134, 149, 53, 58, 124, 145, 153),
    (77, 77, 3, 108, 64, 116, 46, 16, 53, 113, 159, 134, 125, 10, 126, 44, 26, 148, 116, 55, 34, 180, 48, 123, 124, 193, 0, 181, 146, 22, 22, 48, 120, 63, 174, 164, 95, 54, 127, 131),
    (78, 31, 173, 103, 105, 111, 194, 190, 181, 88, 109, 36, 110, 143, 102, 15, 133, 61, 107, 142, 167, 150, 167, 68, 89, 119, 104, 67, 80, 135, 2, 99, 44, 120, 136, 82, 86, 6, 27, 163),
    (79, 13, 129, 193, 161, 111, 57, 176, 105, 106, 33, 187, 141, 122, 128, 155, 182, 112, 87, 170, 37, 124, 174, 197, 145, 133, 41, 37, 197, 163, 195, 163, 69, 151, 105, 10, 130, 164, 22, 189),
    (80, 96, 53, 181, 58, 173, 185, 138, 148, 139, 169, 183, 31, 90, 101, 96, 191, 157, 136, 161, 114, 57, 151, 30, 1, 81, 119, 104, 9, 186, 189, 143, 48, 130, 148, 20, 21, 17, 133, 65),
    (81, 2, 7, 159, 95, 126, 11, 124, 50, 29, 177, 36, 89, 32, 36, 192, 58, 74, 190, 146, 120, 132, 55, 171, 26, 3, 3, 95, 169, 136, 125, 110, 178, 119, 8, 146, 33, 1, 42, 50),
    (82, 140, 39, 63, 89, 56, 161, 94, 73, 158, 8, 80, 113, 199, 163, 188, 98, 105, 13, 60, 93, 124, 183, 13, 153, 74, 185, 100, 98, 164, 54, 163, 47, 106, 81, 14, 59, 42, 91, 83),
    (83, 44, 145, 190, 72, 142, 64, 11, 181, 73, 162, 69, 114, 0, 148, 30, 140, 176, 102, 88, 127, 58, 107, 11, 108, 40, 33, 188, 44, 111, 12, 23, 193, 173, 59, 195, 54, 4, 127, 44),
    (84, 149, 102, 42, 198, 148, 59, 34, 196, 176, 119, 144, 120, 32, 167, 74, 93, 18, 141, 26, 79, 50, 184, 13, 94, 35, 188, 154, 14, 77, 161, 42, 172, 105, 174, 24, 173, 198, 52, 94),
    (85, 176, 24, 169, 12, 104, 137, 147, 184, 2, 21, 121, 57, 175, 153, 182, 90, 194, 59, 165, 53, 86, 114, 124, 12, 6, 102, 37, 193, 161, 98, 40, 55, 125, 194, 30, 35, 40, 125, 23),
    (86, 67, 16, 139, 68, 73, 33, 103, 125, 179, 53, 15, 40, 83, 194, 143, 6, 175, 124, 135, 1, 199, 133, 142, 138, 36, 1, 128, 111, 132, 126, 71, 53, 60, 122, 165, 118, 183, 179, 188),
    (87, 24, 65, 37, 46, 160, 199, 43, 188, 168, 165, 40, 39, 57, 170, 27, 23, 73, 86, 103, 18, 2, 196, 32, 188, 2, 11, 186, 82, 12, 105, 98, 86, 128, 178, 75, 145, 156, 49, 84),
    (88, 126, 118, 59, 88, 191, 111, 9, 198, 3, 164, 75, 79, 49, 159, 61, 115, 36, 133, 69, 156, 97, 191, 181, 87, 142, 153, 18, 168, 166, 144, 187, 36, 2, 171, 197, 55, 188, 131, 181),
    (89, 153, 193, 99, 28, 187, 121, 0, 192, 92, 64, 105, 38, 22, 158, 147, 70, 120, 103, 55, 44, 134, 183, 144, 32, 168, 3, 45, 140, 81, 172, 4, 175, 101, 121, 132, 116, 24, 69, 101),
    (90, 115, 153, 159, 28, 42, 58, 71, 5, 147, 5, 31, 44, 121, 13, 22, 32, 62, 168, 97, 67, 166, 131, 78, 49, 189, 53, 42, 85, 45, 145, 13, 92, 126, 92, 185, 131, 117, 181, 135),
    (91, 141, 36, 66, 197, 31, 173, 34, 55, 158, 158, 58, 54, 8, 27, 192, 133, 38, 46, 192, 111, 92, 101, 108, 170, 1, 157, 114, 21, 145, 61, 56, 17, 1, 92, 130, 160, 13, 144, 10),
    (92, 174, 10, 92, 175, 109, 71, 62, 161, 100, 90, 66, 43, 14, 198, 145, 15, 142, 150, 194, 132, 195, 147, 176, 21, 82, 45, 26, 47, 198, 17, 143, 63, 102, 45, 11, 176, 172, 186, 85),
    (93, 99, 71, 5, 115, 91, 78, 33, 103, 72, 177, 130, 126, 61, 7, 23, 117, 25, 36, 194, 74, 48, 19, 90, 74, 84, 14, 144, 180, 34, 101, 9, 135, 116, 37, 180, 97, 42, 90, 119),
    (94, 195, 101, 132, 54, 184, 41, 174, 48, 148, 181, 8, 87, 190, 52, 66, 2, 189, 84, 85, 162, 80, 104, 17, 30, 48, 27, 29, 19, 159, 125, 1, 81, 69, 151, 84, 186, 21, 53, 178),
    (95, 8, 196, 194, 153, 69, 10, 70, 182, 95, 99, 15, 63, 53, 64, 161, 115, 58, 153, 62, 27, 18, 89, 183, 139, 20, 130, 103, 131, 57, 118, 104, 85, 163, 145, 90, 39, 3, 141, 65),
    (96, 8, 155, 39, 105, 93, 78, 76, 123, 48, 45, 50, 120, 21, 133, 56, 99, 55, 149, 148, 118, 156, 188, 131, 112, 10, 1, 110, 117, 116, 136, 123, 148, 172, 119, 197, 70, 106, 70, 184),
    (97, 0, 105, 188, 41, 66, 60, 23, 9, 150, 28, 194, 121, 140, 36, 51, 148, 110, 153, 135, 30, 151, 25, 33, 129, 130, 41, 73, 70, 87, 20, 42, 39, 117, 99, 31, 47, 81, 32, 163),
    (98, 176, 11, 88, 172, 175, 159, 195, 144, 65, 37, 125, 187, 82, 87, 176, 102, 162, 73, 105, 26, 100, 89, 74, 33, 124, 168, 55, 94, 92, 139, 73, 106, 53, 49, 72, 16, 4, 12, 62),
    (99, 24, 15, 41, 161, 132, 60, 164, 20, 10, 179, 86, 59, 186, 10, 13, 131, 84, 43, 74, 177, 65, 88, 0, 85, 37, 143, 160, 19, 84, 9, 118, 138, 9, 44, 13, 140, 125, 79, 89),
    (100, 182, 130, 158, 42, 27, 72, 31, 169, 127, 8, 5, 55, 173, 97, 164, 181, 187, 3, 15, 19, 33, 174, 183, 27, 185, 159, 68, 153, 136, 172, 142, 179, 26, 138, 129, 107, 169, 159, 156),
    (101, 121, 87, 76, 126, 176, 56, 116, 55, 147, 93, 89, 33, 117, 2, 29, 174, 28, 174, 191, 16, 35, 74, 63, 149, 148, 19, 157, 181, 55, 176, 14, 121, 161, 100, 26, 85, 104, 128, 59),
    (102, 199, 28, 170, 168, 164, 22, 98, 58, 149, 57, 62, 70, 145, 119, 80, 108, 3, 197, 144, 117, 21, 123, 32, 107, 81, 26, 33, 78, 179, 4, 141, 157, 175, 154, 100, 161, 119, 129, 41),
    (103, 44, 95, 89, 23, 15, 173, 127, 61, 54, 137, 90, 29, 154, 41, 114, 109, 124, 159, 52, 131, 93, 82, 167, 84, 195, 155, 97, 179, 100, 75, 192, 80, 49, 106, 62, 58, 75, 128, 189),
    (104, 120, 113, 25, 13, 196, 93, 129, 70, 132, 36, 193, 50, 36, 108, 190, 17, 147, 147, 30, 149, 187, 112, 50, 26, 103, 34, 195, 123, 174, 108, 186, 46, 75, 143, 74, 106, 186, 115, 77),
    (105, 174, 180, 70, 51, 37, 185, 22, 28, 174, 27, 113, 185, 119, 195, 41, 34, 18, 132, 159, 124, 13, 68, 126, 187, 163, 94, 162, 187, 156, 95, 29, 83, 159, 42, 131, 199, 95, 100, 56),
    (106, 157, 38, 177, 60, 191, 13, 79, 128, 67, 77, 88, 141, 106, 71, 81, 172, 178, 10, 71, 46, 190, 142, 190, 175, 188, 10, 190, 165, 37, 113, 190, 70, 188, 113, 101, 60, 54, 178, 71),
    (107, 15, 56, 196, 177, 98, 51, 162, 47, 99, 40, 161, 175, 14, 124, 20, 127, 35, 139, 174, 27, 153, 151, 114, 157, 34, 181, 7, 2, 165, 194, 32, 49, 80, 191, 179, 56, 194, 131, 93),
    (108, 167, 179, 157, 81, 197, 101, 103, 83, 179, 24, 23, 94, 96, 93, 0, 66, 123, 198, 41, 115, 180, 124, 112, 73, 8, 38, 132, 172, 95, 52, 41, 171, 149, 106, 165, 167, 84, 169, 2),
    (109, 177, 68, 85, 127, 144, 57, 161, 42, 173, 131, 47, 185, 21, 163, 117, 178, 173, 41, 113, 198, 162, 191, 81, 152, 73, 113, 121, 51, 69, 49, 109, 177, 102, 16, 191, 141, 80, 187, 59),
    (110, 176, 102, 185, 13, 119, 44, 23, 120, 102, 199, 170, 95, 64, 138, 125, 49, 105, 198, 150, 199, 152, 137, 186, 154, 195, 168, 18, 13, 55, 147, 40, 128, 8, 47, 78, 69, 156, 179, 120),
    (111, 51, 84, 146, 119, 132, 27, 179, 82, 94, 15, 40, 30, 1, 131, 131, 199, 181, 145, 151, 107, 41, 7, 96, 35, 136, 120, 88, 145, 157, 157, 143, 23, 80, 96, 184, 101, 134, 29, 95),
    (112, 20, 71, 91, 53, 157, 97, 46, 74, 79, 187, 162, 87, 193, 51, 129, 50, 81, 16, 35, 139, 72, 160, 63, 113, 187, 21, 95, 175, 189, 52, 172, 102, 157, 174, 126, 130, 139, 83, 101),
    (113, 158, 105, 147, 74, 172, 85, 136, 3, 84, 117, 134, 159, 188, 35, 110, 62, 66, 159, 79, 128, 147, 59, 130, 124, 111, 184, 154, 50, 6, 170, 38, 119, 71, 196, 146, 182, 68, 52, 105),
    (114, 10, 82, 79, 127, 159, 24, 71, 162, 191, 45, 184, 174, 54, 138, 46, 26, 43, 111, 81, 80, 62, 9, 53, 35, 111, 157, 94, 187, 74, 52, 141, 140, 53, 158, 179, 191, 137, 85, 188),
    (115, 109, 70, 21, 146, 119, 199, 132, 193, 4, 98, 68, 170, 151, 130, 78, 138, 129, 138, 135, 188, 85, 136, 106, 161, 131, 173, 65, 133, 195, 60, 193, 110, 175, 2, 95, 16, 123, 187, 10),
    (116, 127, 66, 126, 124, 100, 115, 37, 193, 143, 164, 35, 121, 109, 19, 16, 105, 70, 21, 166, 142, 177, 178, 168, 168, 30, 67, 127, 146, 52, 36, 67, 186, 146, 82, 37, 80, 182, 188, 65),
    (117, 181, 170, 6, 132, 33, 30, 154, 35, 111, 48, 42, 15, 110, 32, 0, 68, 106, 10, 180, 160, 154, 90, 175, 120, 69, 54, 85, 145, 25, 105, 17, 184, 68, 55, 98, 35, 40, 119, 138),
    (118, 96, 55, 68, 154, 155, 108, 163, 5, 131, 4, 110, 174, 51, 188, 83, 136, 156, 95, 179, 185, 74, 58, 46, 149, 98, 191, 123, 10, 90, 143, 78, 48, 182, 153, 165, 16, 192, 124, 143),
    (119, 118, 39, 42, 83, 124, 123, 70, 101, 79, 18, 148, 98, 80, 195, 32, 49, 101, 172, 163, 17, 168, 48, 40, 73, 110, 50, 48, 174, 69, 199, 171, 172, 49, 191, 164, 63, 173, 186, 147),
    (120, 74, 2, 116, 77, 2, 128, 85, 157, 69, 163, 128, 0, 173, 15, 77, 169, 108, 54, 162, 142, 23, 46, 31, 137, 176, 139, 12, 107, 141, 116, 13, 111, 172, 168, 5, 32, 103, 166, 72),
    (121, 86, 101, 8, 66, 46, 11, 35, 184, 115, 137, 84, 113, 117, 68, 78, 150, 62, 43, 154, 1, 161, 166, 116, 63, 174, 177, 98, 69, 84, 175, 150, 141, 196, 26, 1, 98, 84, 113, 64),
    (122, 11, 142, 72, 55, 33, 114, 9, 59, 90, 31, 6, 150, 161, 186, 149, 168, 169, 148, 66, 57, 110, 45, 35, 199, 19, 57, 14, 18, 50, 81, 66, 109, 127, 198, 60, 0, 100, 157, 97),
    (123, 187, 61, 77, 122, 26, 165, 91, 87, 14, 94, 43, 69, 186, 33, 127, 116, 4, 131, 196, 122, 168, 6, 136, 50, 95, 159, 76, 145, 154, 174, 197, 17, 159, 89, 110, 14, 161, 146, 26),
    (124, 150, 173, 19, 199, 188, 164, 189, 178, 58, 43, 18, 47, 131, 147, 112, 102, 181, 169, 132, 63, 43, 132, 131, 97, 76, 99, 100, 28, 90, 120, 15, 127, 37, 174, 11, 173, 39, 44, 50),
    (125, 115, 77, 114, 155, 197, 127, 181, 113, 110, 165, 121, 77, 98, 182, 109, 77, 62, 28, 98, 171, 155, 189, 146, 87, 184, 59, 66, 47, 59, 168, 65, 117, 42, 68, 185, 187, 135, 176, 196),
    (126, 187, 176, 122, 9, 151, 41, 73, 139, 186, 123, 2, 1, 193, 106, 72, 147, 168, 160, 122, 186, 173, 143, 55, 130, 55, 99, 168, 24, 36, 97, 18, 134, 14, 63, 160, 131, 187, 131, 110),
    (127, 93, 172, 48, 123, 47, 48, 188, 176, 153, 29, 196, 16, 33, 79, 8, 123, 147, 149, 160, 33, 152, 8, 114, 192, 144, 21, 8, 103, 29, 152, 66, 192, 9, 136, 19, 13, 145, 195, 175),
    (128, 197, 139, 175, 42, 117, 152, 154, 94, 163, 115, 51, 130, 60, 142, 104, 32, 74, 2, 12, 44, 177, 28, 165, 119, 173, 176, 103, 110, 37, 122, 167, 129, 130, 32, 180, 37, 119, 50, 135),
    (129, 32, 12, 159, 111, 159, 169, 117, 117, 4, 199, 191, 155, 22, 92, 195, 54, 78, 124, 140, 189, 91, 122, 7, 175, 78, 84, 14, 198, 179, 52, 180, 44, 51, 153, 163, 159, 2, 182, 57),
    (130, 53, 183, 49, 14, 189, 145, 152, 95, 198, 74, 145, 105, 182, 176, 125, 95, 16, 196, 50, 147, 72, 71, 57, 147, 173, 175, 17, 173, 154, 140, 61, 190, 134, 41, 24, 185, 105, 184, 15),
    (131, 183, 4, 188, 72, 182, 57, 1, 198, 15, 21, 78, 182, 99, 60, 173, 29, 166, 55, 185, 175, 82, 186, 188, 198, 50, 146, 58, 77, 51, 147, 171, 81, 147, 27, 39, 81, 192, 105, 175),
    (132, 130, 81, 157, 138, 128, 33, 91, 27, 42, 160, 18, 163, 11, 48, 21, 137, 102, 133, 68, 28, 121, 10, 41, 21, 165, 102, 181, 67, 3, 95, 59, 50, 97, 116, 130, 67, 10, 25, 20),
    (133, 72, 74, 158, 92, 181, 61, 155, 5, 111, 177, 57, 136, 54, 17, 123, 12, 58, 129, 81, 72, 139, 181, 190, 125, 97, 91, 24, 90, 189, 46, 71, 53, 168, 79, 40, 158, 110, 52, 184),
    (134, 194, 94, 115, 92, 70, 102, 153, 173, 67, 77, 84, 136, 2, 93, 117, 187, 58, 35, 179, 149, 60, 147, 94, 187, 98, 162, 124, 79, 104, 137, 90, 43, 164, 95, 34, 88, 186, 103, 76),
    (135, 35, 54, 126, 61, 84, 68, 58, 71, 120, 154, 6, 178, 72, 176, 24, 50, 125, 163, 14, 79, 55, 158, 148, 115, 103, 182, 55, 108, 65, 132, 3, 113, 52, 61, 168, 122, 111, 41, 180),
    (136, 70, 98, 184, 129, 137, 115, 50, 123, 54, 8, 10, 48, 30, 193, 7, 173, 140, 158, 175, 72, 160, 154, 25, 2, 182, 134, 108, 23, 186, 61, 100, 167, 87, 99, 136, 85, 128, 151, 124),
    (137, 42, 79, 35, 95, 3, 106, 130, 129, 194, 136, 142, 94, 151, 179, 57, 12, 5, 59, 87, 75, 125, 105, 86, 138, 154, 24, 48, 84, 146, 30, 44, 122, 40, 94, 78, 112, 55, 44, 89),
    (138, 100, 66, 166, 70, 167, 157, 133, 11, 34, 36, 168, 22, 80, 95, 160, 192, 55, 107, 84, 157, 20, 75, 52, 158, 167, 93, 23, 189, 107, 158, 184, 58, 1, 185, 130, 24, 13, 74, 196),
    (139, 27, 16, 39, 142, 39, 14, 36, 78, 177, 106, 176, 127, 42, 178, 84, 165, 194, 4, 131, 97, 133, 179, 98, 79, 37, 191, 148, 102, 185, 45, 159, 36, 45, 144, 138, 85, 158, 186, 110),
    (140, 25, 32, 64, 91, 111, 87, 116, 80, 79, 141, 111, 125, 34, 23, 61, 17, 104, 8, 58, 136, 50, 197, 51, 12, 66, 195, 142, 23, 197, 147, 9, 106, 31, 148, 56, 19, 133, 85, 160),
    (141, 62, 174, 70, 182, 17, 176, 120, 140, 161, 158, 170, 155, 103, 4, 135, 194, 109, 158, 34, 138, 133, 64, 122, 162, 52, 18, 61, 3, 142, 151, 130, 51, 148, 119, 52, 195, 188, 86, 135),
    (142, 169, 104, 62, 188, 33, 119, 178, 170, 171, 44, 195, 5, 59, 131, 12, 95, 18, 197, 98, 41, 25, 177, 131, 24, 0, 14, 145, 34, 7, 115, 7, 72, 38, 99, 187, 14, 188, 114, 140),
    (143, 19, 52, 106, 91, 127, 129, 33, 161, 156, 16, 66, 151, 76, 49, 135, 138, 175, 2, 133, 110, 108, 16, 96, 4, 24, 132, 175, 148, 143, 0, 75, 28, 184, 176, 23, 108, 80, 115, 142),
    (144, 53, 113, 0, 67, 158, 154, 110, 184, 3, 22, 132, 76, 104, 130, 100, 103, 63, 193, 180, 138, 181, 176, 152, 80, 87, 172, 22, 19, 134, 180, 89, 76, 24, 164, 47, 58, 78, 43, 14),
    (145, 86, 126, 84, 78, 91, 157, 59, 184, 105, 30, 50, 111, 37, 108, 132, 64, 75, 160, 166, 79, 142, 134, 177, 185, 48, 100, 165, 82, 95, 104, 184, 143, 161, 126, 29, 179, 84, 9, 155),
    (146, 52, 73, 79, 166, 173, 29, 18, 89, 135, 110, 62, 144, 137, 43, 58, 160, 86, 17, 63, 119, 22, 74, 4, 46, 79, 102, 135, 111, 82, 0, 40, 181, 139, 15, 168, 10, 139, 11, 148),
    (147, 40, 71, 131, 97, 115, 141, 96, 99, 175, 19, 113, 41, 130, 195, 169, 159, 157, 20, 29, 115, 127, 181, 116, 145, 164, 96, 84, 83, 196, 128, 34, 99, 86, 98, 175, 27, 43, 113, 196),
    (148, 174, 87, 59, 30, 36, 25, 104, 0, 88, 130, 41, 33, 87, 116, 94, 60, 19, 58, 196, 40, 69, 16, 118, 127, 2, 174, 33, 41, 18, 42, 65, 65, 152, 185, 179, 147, 190, 182, 27),
    (149, 109, 182, 42, 106, 105, 114, 121, 66, 15, 165, 158, 128, 12, 50, 93, 114, 145, 92, 164, 21, 184, 147, 196, 179, 101, 139, 56, 97, 163, 8, 43, 86, 115, 52, 187, 188, 44, 7, 44),
    (150, 178, 120, 197, 161, 119, 196, 113, 53, 70, 69, 109, 183, 82, 69, 20, 72, 163, 79, 191, 62, 173, 156, 62, 175, 67, 75, 66, 113, 186, 169, 113, 28, 6, 128, 0, 57, 84, 166, 171),
    (151, 145, 22, 147, 52, 79, 40, 177, 160, 59, 24, 148, 160, 54, 112, 105, 90, 39, 139, 165, 174, 90, 163, 26, 174, 40, 129, 83, 10, 7, 59, 158, 144, 95, 147, 69, 124, 65, 171, 179),
    (152, 100, 25, 127, 90, 113, 95, 169, 190, 171, 41, 147, 53, 86, 141, 126, 73, 101, 187, 93, 142, 153, 48, 20, 146, 107, 56, 155, 154, 5, 14, 46, 0, 144, 94, 156, 69, 26, 77, 23),
    (153, 72, 170, 72, 103, 172, 63, 161, 73, 24, 27, 185, 163, 105, 139, 199, 21, 2, 3, 147, 192, 134, 132, 33, 42, 16, 137, 26, 38, 6, 13, 66, 145, 61, 111, 42, 197, 44, 151, 9),
    (154, 8, 169, 132, 72, 106, 193, 153, 82, 122, 130, 185, 85, 43, 41, 184, 176, 105, 118, 159, 129, 127, 176, 198, 148, 13, 142, 125, 100, 5, 74, 124, 25, 192, 88, 122, 145, 178, 146, 112),
    (155, 103, 33, 58, 173, 82, 84, 135, 188, 137, 80, 147, 60, 177, 178, 129, 50, 78, 195, 50, 149, 131, 42, 65, 1, 147, 73, 130, 109, 193, 23, 46, 123, 142, 47, 172, 57, 96, 88, 101),
    (156, 47, 120, 177, 38, 69, 190, 190, 85, 182, 106, 107, 163, 125, 9, 39, 28, 27, 53, 199, 190, 118, 44, 144, 156, 145, 15, 108, 68, 167, 57, 75, 49, 103, 188, 186, 121, 124, 197, 186),
    (157, 182, 190, 55, 157, 194, 109, 143, 44, 184, 175, 51, 57, 61, 104, 79, 10, 192, 145, 102, 9, 146, 166, 53, 81, 14, 150, 56, 155, 139, 177, 176, 100, 124, 37, 80, 133, 95, 127, 142),
    (158, 29, 176, 186, 143, 39, 79, 102, 46, 44, 119, 32, 16, 151, 164, 22, 190, 198, 38, 178, 189, 183, 138, 74, 80, 153, 144, 161, 161, 96, 47, 121, 100, 111, 192, 133, 115, 95, 143, 198),
    (159, 30, 182, 106, 2, 107, 151, 54, 78, 75, 136, 13, 146, 58, 174, 121, 190, 67, 96, 160, 148, 28, 2, 61, 160, 14, 53, 6, 17, 51, 187, 117, 75, 122, 181, 199, 133, 74, 131, 84),
    (160, 184, 150, 13, 20, 97, 32, 63, 11, 197, 83, 158, 132, 154, 57, 24, 126, 31, 31, 175, 11, 61, 107, 103, 92, 196, 146, 122, 130, 192, 195, 133, 108, 135, 94, 16, 179, 36, 43, 152),
    (161, 8, 24, 18, 53, 21, 34, 11, 61, 96, 148, 1, 23, 147, 19, 135, 166, 196, 178, 191, 27, 127, 185, 192, 149, 117, 69, 179, 53, 162, 6, 107, 101, 33, 127, 43, 129, 135, 119, 11),
    (162, 87, 176, 194, 23, 87, 25, 155, 179, 197, 194, 160, 120, 147, 107, 81, 198, 71, 80, 0, 38, 162, 35, 60, 89, 157, 99, 90, 31, 132, 189, 98, 158, 20, 116, 47, 180, 86, 138, 67),
    (163, 124, 112, 9, 133, 170, 44, 142, 35, 65, 33, 82, 4, 132, 198, 177, 112, 161, 171, 135, 49, 68, 150, 5, 16, 39, 3, 188, 33, 7, 184, 81, 179, 174, 93, 54, 62, 62, 108, 78),
    (164, 194, 169, 125, 70, 88, 174, 71, 183, 198, 145, 19, 156, 154, 87, 26, 177, 86, 6, 172, 37, 99, 23, 53, 36, 122, 181, 197, 197, 38, 181, 117, 163, 103, 100, 187, 159, 128, 67, 137),
    (165, 150, 139, 59, 124, 47, 25, 13, 123, 133, 71, 77, 121, 120, 40, 134, 94, 134, 46, 115, 88, 137, 17, 62, 130, 80, 132, 156, 65, 181, 82, 193, 18, 159, 54, 72, 183, 91, 59, 56),
    (166, 151, 187, 103, 82, 9, 171, 109, 111, 150, 71, 13, 104, 163, 113, 147, 118, 180, 17, 32, 120, 184, 179, 7, 117, 45, 23, 25, 2, 54, 64, 122, 58, 101, 189, 28, 117, 140, 109, 91),
    (167, 106, 63, 160, 129, 74, 103, 103, 134, 117, 74, 148, 23, 17, 4, 88, 56, 192, 142, 33, 83, 115, 60, 155, 160, 196, 56, 16, 89, 177, 53, 120, 188, 196, 12, 63, 36, 193, 156, 129),
    (168, 67, 67, 80, 79, 180, 77, 134, 62, 37, 146, 31, 57, 41, 9, 130, 183, 133, 70, 143, 30, 140, 96, 75, 23, 182, 8, 40, 180, 99, 184, 86, 144, 142, 64, 164, 3, 196, 78, 67),
    (169, 134, 131, 105, 147, 105, 43, 184, 74, 196, 146, 187, 159, 183, 90, 152, 158, 75, 97, 32, 23, 112, 63, 155, 123, 138, 166, 174, 141, 3, 73, 154, 98, 179, 193, 185, 162, 157, 16, 90),
    (170, 172, 78, 156, 134, 180, 192, 96, 156, 184, 139, 160, 89, 45, 125, 158, 134, 116, 144, 79, 68, 190, 118, 57, 9, 112, 70, 180, 157, 189, 84, 135, 178, 17, 36, 199, 104, 58, 13, 49),
    (171, 179, 16, 132, 145, 114, 186, 178, 99, 89, 89, 117, 130, 92, 55, 138, 137, 59, 2, 96, 125, 82, 129, 156, 137, 66, 113, 168, 189, 39, 67, 31, 174, 68, 93, 176, 83, 158, 18, 125),
    (172, 86, 18, 33, 102, 67, 40, 160, 100, 80, 80, 6, 116, 121, 186, 45, 109, 170, 115, 187, 104, 11, 43, 22, 37, 166, 180, 130, 3, 107, 119, 165, 102, 107, 18, 83, 105, 154, 188, 40),
    (173, 179, 84, 77, 60, 60, 119, 88, 192, 187, 61, 6, 196, 84, 185, 97, 99, 73, 34, 9, 119, 61, 70, 150, 48, 144, 39, 43, 50, 146, 87, 70, 11, 36, 87, 198, 89, 94, 101, 123),
    (174, 85, 43, 36, 75, 186, 111, 107, 165, 161, 24, 177, 41, 151, 145, 74, 36, 136, 1, 72, 171, 37, 167, 10, 163, 194, 150, 54, 104, 18, 189, 159, 13, 162, 179, 25, 198, 38, 192, 158),
    (175, 102, 91, 195, 54, 16, 59, 45, 141, 173, 169, 84, 59, 31, 92, 111, 196, 22, 128, 179, 61, 21, 14, 48, 146, 83, 62, 183, 100, 54, 48, 28, 169, 19, 101, 126, 146, 142, 59, 88),
    (176, 22, 44, 97, 58, 94, 116, 23, 184, 129, 92, 139, 88, 115, 182, 4, 94, 70, 136, 35, 184, 192, 102, 54, 22, 67, 41, 9, 64, 137, 28, 62, 21, 174, 113, 66, 165, 158, 166, 152),
    (177, 135, 2, 90, 199, 73, 141, 69, 56, 189, 86, 137, 140, 126, 71, 164, 181, 115, 179, 44, 157, 195, 112, 102, 64, 79, 20, 77, 97, 87, 192, 10, 76, 13, 119, 63, 152, 123, 14, 88),
    (178, 2, 30, 18, 16, 128, 113, 94, 192, 136, 177, 198, 131, 37, 166, 73, 10, 110, 181, 152, 4, 5, 124, 147, 145, 141, 75, 180, 155, 114, 23, 82, 23, 74, 35, 41, 50, 40, 18, 60),
    (179, 167, 183, 146, 188, 195, 10, 12, 133, 19, 14, 179, 4, 171, 112, 36, 122, 195, 41, 64, 53, 192, 10, 137, 66, 142, 162, 59, 65, 33, 176, 90, 147, 144, 58, 41, 99, 181, 157, 145),
    (180, 116, 165, 24, 160, 21, 35, 69, 109, 186, 123, 32, 41, 90, 118, 118, 89, 34, 83, 168, 61, 127, 150, 46, 116, 116, 75, 62, 52, 61, 60, 44, 2, 80, 65, 169, 83, 191, 94, 55),
    (181, 57, 145, 153, 172, 38, 86, 96, 48, 92, 35, 145, 13, 135, 120, 111, 75, 179, 185, 21, 10, 122, 49, 101, 153, 10, 71, 66, 79, 28, 72, 199, 194, 73, 196, 108, 85, 163, 22, 27),
    (182, 176, 180, 193, 63, 154, 93, 10, 25, 9, 127, 119, 76, 155, 191, 99, 71, 29, 137, 35, 181, 135, 6, 83, 120, 56, 3, 177, 162, 90, 163, 136, 39, 121, 28, 61, 53, 65, 105, 119),
    (183, 123, 140, 19, 108, 186, 66, 198, 14, 4, 59, 13, 73, 57, 46, 117, 123, 25, 129, 24, 178, 4, 158, 74, 73, 7, 41, 181, 65, 185, 198, 112, 150, 13, 197, 41, 110, 174, 19, 30),
    (184, 116, 13, 50, 51, 53, 110, 197, 87, 174, 50, 105, 120, 35, 113, 63, 193, 1, 113, 188, 142, 114, 32, 184, 98, 188, 137, 105, 89, 42, 24, 175, 19, 37, 32, 13, 8, 192, 148, 168),
    (185, 140, 64, 130, 164, 40, 4, 194, 21, 115, 98, 86, 161, 176, 106, 59, 199, 71, 45, 1, 184, 27, 9, 107, 107, 146, 60, 147, 14, 130, 167, 176, 140, 79, 1, 5, 143, 190, 56, 196),
    (186, 152, 75, 96, 148, 57, 191, 51, 60, 112, 48, 118, 118, 64, 167, 83, 162, 141, 30, 116, 119, 191, 22, 120, 52, 78, 157, 189, 21, 163, 197, 99, 179, 29, 5, 198, 167, 25, 186, 83),
    (187, 7, 15, 9, 84, 160, 17, 80, 78, 179, 25, 100, 77, 123, 70, 21, 143, 19, 106, 87, 80, 116, 178, 9, 108, 142, 113, 175, 191, 42, 43, 98, 139, 175, 111, 29, 163, 126, 24, 120),
    (188, 183, 159, 141, 56, 193, 83, 23, 30, 168, 139, 7, 58, 17, 134, 96, 139, 77, 61, 146, 51, 39, 33, 131, 99, 137, 128, 177, 187, 45, 2, 55, 94, 92, 198, 105, 135, 195, 172, 187),
    (189, 91, 167, 129, 102, 86, 158, 68, 34, 99, 58, 142, 190, 22, 155, 18, 170, 141, 141, 133, 58, 33, 108, 158, 104, 118, 99, 113, 120, 163, 177, 88, 161, 145, 43, 112, 196, 165, 44, 30),
    (190, 6, 29, 38, 25, 172, 100, 142, 96, 48, 67, 128, 111, 174, 130, 34, 190, 155, 63, 100, 51, 69, 154, 46, 81, 155, 129, 41, 10, 65, 7, 68, 178, 104, 50, 111, 89, 47, 86, 182),
    (191, 115, 87, 86, 24, 14, 22, 11, 113, 62, 56, 78, 155, 121, 11, 70, 195, 166, 153, 141, 128, 101, 15, 142, 71, 61, 111, 127, 51, 99, 107, 113, 63, 100, 187, 77, 19, 71, 128, 52),
    (192, 157, 192, 152, 110, 100, 170, 141, 17, 7, 74, 130, 140, 104, 16, 93, 38, 149, 5, 13, 74, 41, 79, 106, 6, 102, 154, 147, 52, 107, 131, 5, 67, 63, 113, 63, 62, 120, 157, 150),
    (193, 177, 27, 31, 148, 94, 27, 198, 129, 175, 128, 135, 142, 8, 6, 185, 49, 65, 132, 170, 107, 1, 145, 56, 32, 198, 131, 109, 29, 125, 140, 72, 23, 10, 174, 75, 90, 66, 63, 68),
    (194, 140, 112, 171, 97, 74, 85, 121, 192, 88, 158, 87, 5, 110, 187, 90, 4, 114, 176, 128, 154, 86, 102, 40, 114, 88, 134, 142, 198, 142, 14, 18, 77, 15, 104, 80, 8, 115, 150, 167),
    (195, 25, 76, 110, 97, 105, 156, 42, 76, 35, 149, 112, 159, 198, 13, 118, 141, 187, 3, 123, 80, 80, 142, 70, 70, 14, 172, 79, 52, 80, 84, 82, 3, 158, 30, 7, 175, 15, 142, 29),
    (196, 154, 35, 121, 60, 137, 46, 68, 174, 155, 52, 21, 31, 23, 175, 61, 94, 24, 173, 142, 186, 30, 103, 34, 154, 78, 63, 113, 157, 66, 188, 121, 99, 124, 27, 66, 72, 84, 11, 123),
    (197, 119, 103, 74, 55, 77, 102, 133, 154, 95, 81, 150, 77, 87, 191, 105, 165, 26, 158, 80, 175, 86, 141, 22, 196, 115, 166, 16, 16, 66, 158, 55, 196, 113, 97, 157, 7, 33, 188, 53),
    (198, 165, 67, 199, 134, 40, 199, 45, 20, 175, 40, 71, 87, 18, 11, 4, 6, 168, 158, 101, 180, 29, 167, 159, 1, 27, 169, 27, 149, 150, 46, 172, 123, 150, 150, 100, 167, 29, 55, 23),
    (199, 145, 71, 125, 192, 171, 38, 27, 194, 149, 127, 49, 51, 173, 89, 93, 39, 147, 17, 161, 176, 182, 92, 176, 132, 128, 110, 125, 171, 78, 37, 15, 182, 61, 52, 107, 158, 117, 89, 56);

INSERT INTO T10 (pk, t1, t2, t3, t4, t5, t6, t7, t8, t9, t11, t12, t13, t14, t15, t16, t17, t18, t19, t20, t21, t22, t23, t24, t25, t26, t27, t28, t29, t30, t31, t32, t33, t34, t35, t36, t37, t38, t39, t40)
VALUES
    (0, 179, 39, 17, 152, 168, 136, 142, 59, 88, 99, 12, 163, 159, 35, 62, 143, 101, 94, 171, 15, 8, 21, 103, 89, 180, 95, 197, 108, 182, 17, 158, 11, 55, 189, 0, 87, 92, 144, 88),
    (1, 180, 190, 94, 107, 51, 74, 64, 134, 37, 79, 14, 57, 38, 88, 146, 135, 124, 64, 44, 87, 183, 19, 66, 193, 26, 0, 107, 0, 125, 77, 170, 198, 53, 41, 161, 93, 121, 109, 188),
    (2, 172, 48, 42, 25, 132, 87, 184, 179, 144, 176, 196, 102, 149, 57, 79, 109, 163, 189, 127, 57, 154, 195, 26, 198, 164, 115, 54, 136, 68, 150, 22, 36, 11, 44, 114, 72, 122, 83, 187),
    (3, 27, 65, 48, 99, 120, 17, 180, 42, 54, 180, 178, 147, 131, 190, 102, 82, 179, 46, 36, 69, 103, 102, 101, 97, 89, 12, 118, 173, 160, 61, 120, 61, 15, 13, 21, 140, 140, 188, 6),
    (4, 36, 188, 152, 67, 79, 21, 186, 61, 36, 12, 57, 96, 136, 74, 19, 69, 6, 123, 119, 29, 131, 179, 92, 73, 161, 147, 132, 138, 28, 62, 121, 117, 164, 56, 134, 193, 175, 44, 100),
    (5, 121, 17, 22, 110, 196, 168, 59, 65, 192, 28, 27, 41, 5, 18, 1, 131, 5, 60, 79, 108, 185, 33, 90, 90, 74, 194, 160, 116, 117, 162, 196, 162, 120, 102, 152, 100, 96, 45, 107),
    (6, 134, 107, 158, 70, 6, 57, 41, 94, 24, 174, 188, 196, 63, 135, 109, 81, 180, 25, 164, 145, 132, 125, 3, 145, 167, 122, 155, 121, 44, 171, 174, 111, 126, 40, 17, 156, 69, 76, 138),
    (7, 167, 44, 189, 138, 66, 173, 13, 45, 100, 105, 195, 81, 100, 94, 149, 163, 161, 113, 79, 57, 21, 158, 44, 104, 68, 54, 62, 29, 187, 147, 65, 117, 106, 142, 152, 47, 131, 49, 186),
    (8, 13, 158, 67, 23, 24, 171, 11, 161, 36, 62, 107, 16, 22, 180, 5, 37, 27, 1, 88, 74, 134, 13, 60, 103, 180, 22, 113, 53, 2, 47, 66, 119, 93, 80, 160, 141, 52, 192, 58),
    (9, 121, 153, 138, 98, 128, 35, 127, 52, 119, 184, 172, 141, 75, 183, 163, 4, 160, 24, 52, 158, 155, 27, 167, 89, 31, 58, 138, 9, 165, 144, 11, 184, 58, 74, 106, 115, 186, 109, 54),
    (10, 58, 194, 134, 40, 107, 132, 3, 153, 26, 112, 45, 190, 182, 155, 160, 174, 82, 183, 109, 42, 19, 150, 157, 180, 47, 115, 120, 57, 122, 193, 81, 141, 156, 81, 89, 111, 107, 40, 95),
    (11, 167, 14, 166, 128, 168, 92, 139, 31, 130, 9, 51, 166, 107, 49, 121, 188, 136, 72, 91, 128, 100, 19, 60, 91, 116, 126, 8, 142, 132, 171, 62, 70, 138, 166, 190, 57, 33, 111, 17),
    (12, 165, 121, 181, 170, 111, 133, 143, 189, 6, 111, 109, 176, 12, 113, 128, 99, 37, 19, 180, 19, 112, 154, 4, 187, 92, 27, 65, 118, 101, 54, 185, 17, 137, 104, 13, 193, 131, 106, 35),
    (13, 85, 155, 115, 26, 183, 86, 102, 58, 77, 60, 36, 116, 178, 50, 14, 17, 148, 193, 16, 150, 163, 116, 16, 149, 170, 36, 8, 101, 172, 19, 167, 164, 32, 192, 6, 27, 156, 139, 3),
    (14, 33, 7, 81, 66, 66, 62, 187, 147, 32, 24, 173, 5, 16, 27, 61, 57, 82, 23, 36, 128, 194, 34, 115, 156, 77, 148, 30, 139, 81, 118, 2, 48, 195, 20, 15, 22, 175, 120, 48),
    (15, 99, 136, 163, 42, 185, 130, 24, 112, 5, 101, 195, 62, 129, 177, 197, 152, 101, 144, 199, 91, 33, 165, 47, 93, 81, 94, 186, 27, 189, 36, 141, 188, 103, 10, 154, 60, 86, 132, 74),
    (16, 56, 94, 124, 129, 170, 103, 199, 108, 131, 8, 141, 153, 93, 73, 18, 51, 36, 184, 27, 161, 94, 180, 170, 116, 27, 29, 77, 116, 25, 118, 20, 148, 38, 123, 78, 179, 53, 165, 72),
    (17, 88, 158, 119, 146, 94, 136, 58, 194, 97, 191, 40, 19, 53, 2, 27, 119, 31, 133, 101, 44, 144, 190, 161, 57, 106, 116, 107, 136, 139, 119, 172, 13, 121, 108, 140, 58, 36, 94, 43),
    (18, 21, 25, 0, 76, 185, 139, 136, 45, 78, 81, 148, 87, 169, 139, 41, 161, 151, 124, 3, 189, 152, 170, 149, 137, 118, 152, 89, 177, 84, 24, 127, 78, 76, 8, 78, 70, 131, 51, 52),
    (19, 161, 58, 31, 97, 104, 99, 75, 106, 142, 16, 116, 34, 166, 161, 163, 118, 84, 178, 116, 3, 163, 113, 108, 143, 144, 62, 181, 32, 68, 44, 150, 128, 129, 81, 158, 3, 129, 94, 151),
    (20, 64, 190, 87, 179, 3, 148, 55, 116, 68, 107, 180, 8, 190, 119, 72, 66, 141, 182, 67, 54, 197, 173, 99, 18, 22, 181, 139, 80, 197, 137, 24, 72, 48, 105, 194, 22, 75, 132, 80),
    (21, 63, 184, 52, 174, 146, 34, 73, 26, 39, 60, 119, 5, 70, 167, 77, 198, 132, 93, 17, 176, 102, 122, 52, 157, 73, 91, 14, 58, 64, 66, 9, 130, 190, 61, 59, 54, 106, 86, 0),
    (22, 144, 37, 61, 82, 172, 159, 66, 87, 173, 135, 65, 89, 100, 99, 48, 131, 165, 84, 99, 125, 132, 133, 4, 124, 86, 89, 50, 106, 92, 196, 180, 70, 117, 18, 7, 145, 128, 184, 181),
    (23, 124, 12, 131, 69, 142, 104, 142, 22, 179, 121, 61, 36, 2, 31, 182, 85, 191, 199, 124, 153, 25, 80, 176, 32, 14, 51, 80, 86, 146, 54, 68, 76, 116, 114, 125, 109, 40, 3, 139),
    (24, 162, 21, 99, 147, 109, 66, 166, 119, 111, 115, 14, 12, 66, 122, 2, 44, 32, 111, 55, 33, 27, 66, 3, 117, 58, 68, 134, 20, 10, 107, 174, 76, 44, 194, 7, 14, 119, 194, 191),
    (25, 16, 91, 80, 18, 97, 65, 57, 21, 40, 100, 190, 96, 15, 73, 194, 102, 186, 29, 26, 151, 138, 140, 0, 10, 170, 149, 154, 140, 84, 108, 169, 194, 120, 94, 182, 105, 76, 106, 38),
    (26, 151, 19, 84, 84, 160, 138, 64, 63, 163, 31, 112, 123, 182, 134, 39, 193, 91, 70, 16, 157, 55, 40, 188, 108, 48, 54, 135, 62, 74, 177, 67, 135, 138, 21, 68, 154, 90, 144, 36),
    (27, 0, 85, 126, 198, 113, 31, 112, 37, 28, 82, 9, 148, 158, 116, 85, 10, 20, 111, 168, 13, 110, 4, 11, 140, 156, 162, 194, 90, 49, 162, 147, 134, 115, 170, 148, 48, 103, 148, 109),
    (28, 156, 42, 37, 171, 139, 199, 55, 187, 64, 87, 191, 77, 34, 1, 95, 58, 128, 169, 136, 18, 197, 8, 16, 103, 78, 91, 152, 143, 148, 33, 154, 142, 178, 68, 19, 121, 197, 37, 32),
    (29, 28, 75, 63, 33, 192, 31, 169, 158, 147, 86, 24, 12, 5, 17, 51, 140, 103, 33, 161, 15, 182, 34, 145, 180, 197, 192, 56, 66, 141, 27, 83, 195, 194, 91, 148, 10, 164, 127, 161),
    (30, 60, 97, 89, 181, 42, 38, 47, 19, 20, 17, 171, 85, 30, 183, 45, 7, 11, 72, 86, 63, 109, 22, 92, 62, 134, 43, 107, 15, 118, 145, 88, 182, 185, 145, 85, 40, 36, 64, 129),
    (31, 101, 177, 163, 41, 28, 10, 85, 88, 74, 191, 55, 20, 185, 143, 75, 66, 182, 79, 34, 88, 160, 114, 167, 99, 55, 120, 81, 134, 8, 132, 100, 56, 155, 101, 127, 41, 132, 67, 153),
    (32, 121, 35, 65, 170, 94, 14, 99, 96, 160, 119, 137, 31, 15, 199, 121, 37, 50, 48, 110, 106, 182, 187, 171, 101, 96, 54, 8, 100, 51, 194, 160, 199, 105, 140, 78, 137, 6, 170, 63),
    (33, 164, 12, 11, 164, 12, 120, 104, 132, 92, 69, 186, 55, 46, 81, 26, 68, 180, 40, 198, 99, 142, 97, 108, 123, 144, 35, 72, 177, 154, 193, 89, 16, 25, 131, 171, 109, 120, 188, 82),
    (34, 42, 34, 66, 85, 54, 51, 172, 188, 105, 53, 152, 138, 41, 177, 27, 83, 27, 187, 135, 175, 199, 197, 84, 198, 183, 46, 88, 136, 153, 39, 86, 102, 105, 29, 64, 179, 8, 86, 15),
    (35, 170, 44, 154, 10, 121, 195, 95, 14, 61, 148, 55, 21, 173, 19, 11, 110, 181, 4, 173, 132, 33, 177, 184, 170, 158, 79, 16, 19, 36, 82, 8, 161, 138, 51, 165, 46, 137, 91, 96),
    (36, 198, 186, 21, 187, 101, 196, 154, 144, 116, 47, 116, 147, 184, 87, 43, 37, 87, 122, 93, 174, 142, 15, 71, 163, 117, 180, 16, 118, 87, 148, 176, 186, 12, 9, 189, 43, 63, 169, 97),
    (37, 197, 158, 171, 183, 6, 136, 53, 150, 114, 12, 134, 34, 143, 102, 53, 14, 196, 82, 185, 180, 154, 83, 110, 11, 42, 17, 7, 23, 118, 6, 33, 120, 42, 90, 92, 46, 3, 104, 48),
    (38, 156, 64, 134, 135, 105, 50, 167, 141, 182, 177, 164, 147, 181, 14, 41, 129, 192, 127, 176, 155, 107, 107, 17, 22, 175, 184, 170, 140, 151, 156, 143, 9, 132, 126, 81, 11, 2, 56, 98),
    (39, 164, 21, 174, 128, 136, 83, 102, 156, 153, 121, 134, 196, 5, 143, 135, 48, 97, 179, 0, 146, 123, 36, 85, 88, 82, 169, 41, 101, 158, 119, 43, 61, 178, 127, 20, 135, 58, 22, 168),
    (40, 174, 180, 7, 53, 108, 70, 80, 151, 50, 65, 98, 20, 69, 23, 82, 28, 171, 61, 154, 72, 159, 33, 16, 23, 175, 47, 192, 64, 152, 34, 81, 141, 162, 153, 25, 121, 128, 175, 84),
    (41, 140, 199, 22, 197, 50, 133, 136, 140, 133, 116, 157, 155, 2, 128, 121, 119, 93, 1, 141, 110, 64, 135, 83, 181, 61, 154, 141, 98, 162, 94, 181, 59, 12, 85, 123, 126, 174, 109, 85),
    (42, 16, 164, 21, 67, 183, 150, 89, 14, 182, 73, 0, 44, 112, 47, 51, 24, 167, 195, 74, 126, 148, 95, 86, 102, 17, 41, 18, 26, 192, 46, 57, 59, 79, 76, 2, 192, 5, 81, 35),
    (43, 166, 165, 144, 65, 117, 73, 114, 85, 126, 87, 74, 151, 127, 106, 75, 169, 18, 95, 39, 13, 50, 153, 50, 65, 150, 84, 159, 165, 174, 131, 79, 78, 199, 52, 111, 147, 191, 115, 47),
    (44, 145, 150, 153, 123, 185, 63, 5, 98, 183, 19, 125, 69, 46, 54, 79, 33, 157, 175, 21, 176, 130, 137, 21, 154, 174, 131, 187, 18, 159, 75, 81, 173, 119, 175, 55, 28, 0, 192, 185),
    (45, 135, 170, 42, 0, 34, 121, 123, 109, 185, 171, 91, 15, 190, 161, 196, 52, 45, 141, 106, 141, 156, 155, 42, 61, 140, 132, 26, 151, 152, 66, 102, 128, 142, 71, 42, 2, 69, 3, 168),
    (46, 3, 100, 150, 121, 73, 86, 170, 20, 85, 78, 46, 125, 158, 68, 70, 16, 47, 64, 32, 94, 178, 72, 83, 111, 52, 39, 12, 12, 147, 5, 63, 168, 139, 107, 135, 25, 78, 10, 199),
    (47, 166, 92, 163, 158, 34, 192, 43, 108, 133, 173, 47, 24, 54, 199, 160, 195, 12, 5, 164, 104, 6, 75, 159, 39, 95, 139, 105, 16, 45, 89, 142, 75, 20, 102, 52, 98, 195, 3, 145),
    (48, 138, 16, 158, 94, 9, 130, 147, 163, 89, 91, 28, 184, 116, 84, 142, 24, 31, 86, 54, 181, 61, 97, 105, 107, 5, 100, 163, 108, 124, 166, 86, 141, 78, 180, 112, 124, 142, 27, 26),
    (49, 189, 118, 13, 157, 87, 45, 86, 91, 102, 136, 64, 19, 66, 178, 16, 116, 194, 84, 112, 181, 74, 174, 23, 4, 94, 184, 104, 93, 32, 137, 191, 44, 87, 128, 192, 178, 12, 30, 98),
    (50, 47, 47, 189, 100, 42, 65, 126, 57, 65, 169, 36, 145, 138, 8, 160, 145, 157, 74, 42, 198, 29, 198, 190, 137, 7, 191, 99, 161, 76, 185, 44, 6, 29, 35, 186, 160, 157, 124, 104),
    (51, 178, 190, 98, 76, 152, 14, 110, 133, 60, 12, 124, 150, 68, 193, 70, 86, 86, 196, 61, 34, 43, 181, 88, 178, 121, 35, 143, 176, 129, 69, 108, 187, 6, 186, 166, 193, 100, 116, 124),
    (52, 188, 15, 129, 130, 132, 150, 182, 50, 112, 124, 123, 182, 131, 107, 53, 25, 166, 83, 47, 64, 189, 93, 50, 171, 88, 13, 7, 179, 92, 67, 27, 181, 46, 91, 92, 11, 101, 173, 69),
    (53, 159, 142, 6, 111, 15, 32, 33, 53, 16, 96, 183, 55, 76, 94, 116, 6, 169, 112, 109, 65, 3, 162, 66, 14, 6, 59, 52, 139, 95, 60, 177, 47, 108, 167, 112, 30, 38, 100, 165),
    (54, 10, 32, 94, 59, 2, 65, 65, 100, 3, 197, 114, 48, 128, 174, 150, 34, 184, 54, 31, 151, 68, 163, 17, 67, 53, 136, 104, 112, 156, 79, 28, 199, 179, 87, 41, 70, 58, 160, 157),
    (55, 188, 183, 196, 67, 79, 54, 195, 2, 36, 143, 172, 83, 71, 74, 67, 154, 13, 29, 172, 101, 5, 42, 74, 87, 170, 10, 103, 147, 5, 196, 43, 150, 62, 69, 69, 156, 140, 38, 108),
    (56, 118, 199, 180, 51, 74, 93, 57, 32, 134, 27, 46, 68, 29, 140, 106, 65, 87, 57, 157, 85, 53, 114, 77, 30, 38, 109, 3, 131, 163, 3, 157, 78, 130, 158, 52, 153, 156, 178, 129),
    (57, 63, 153, 164, 98, 61, 117, 101, 100, 186, 130, 165, 97, 106, 72, 96, 81, 165, 44, 1, 8, 0, 64, 126, 85, 23, 192, 52, 164, 130, 9, 82, 157, 181, 39, 198, 78, 134, 28, 192),
    (58, 193, 119, 167, 62, 73, 135, 15, 2, 199, 137, 86, 188, 112, 89, 12, 197, 138, 14, 85, 154, 55, 49, 73, 0, 62, 52, 191, 57, 63, 175, 35, 124, 98, 68, 77, 28, 5, 184, 12),
    (59, 17, 19, 15, 16, 183, 195, 133, 37, 124, 157, 27, 44, 54, 137, 36, 127, 110, 64, 180, 32, 106, 2, 28, 196, 114, 179, 90, 154, 45, 26, 117, 39, 142, 36, 94, 40, 33, 144, 197),
    (60, 168, 91, 46, 108, 183, 88, 76, 107, 57, 57, 104, 14, 33, 57, 133, 155, 96, 96, 82, 158, 131, 165, 149, 135, 58, 26, 126, 187, 79, 75, 158, 80, 197, 103, 98, 140, 88, 156, 71),
    (61, 21, 2, 179, 122, 181, 144, 167, 137, 96, 30, 84, 45, 91, 106, 77, 81, 84, 64, 32, 138, 180, 23, 193, 16, 27, 62, 190, 163, 187, 199, 142, 72, 24, 113, 102, 45, 130, 127, 28),
    (62, 65, 92, 165, 144, 57, 19, 65, 188, 110, 2, 116, 34, 167, 47, 134, 125, 97, 126, 117, 181, 29, 40, 131, 135, 166, 33, 19, 83, 16, 127, 88, 160, 21, 194, 120, 136, 137, 105, 85),
    (63, 185, 113, 143, 135, 120, 1, 175, 64, 188, 125, 175, 105, 78, 144, 23, 39, 0, 135, 183, 162, 16, 30, 7, 102, 21, 86, 132, 80, 174, 63, 46, 134, 142, 99, 135, 188, 84, 82, 148),
    (64, 179, 190, 76, 26, 156, 42, 34, 177, 65, 45, 2, 172, 43, 41, 39, 194, 12, 1, 24, 189, 5, 97, 143, 81, 179, 75, 7, 153, 13, 112, 161, 126, 61, 65, 43, 5, 53, 11, 104),
    (65, 110, 19, 13, 22, 94, 152, 145, 5, 10, 28, 47, 16, 67, 143, 88, 172, 42, 158, 51, 14, 58, 60, 4, 32, 103, 29, 86, 29, 37, 31, 58, 69, 163, 65, 105, 94, 159, 196, 104),
    (66, 64, 121, 69, 164, 84, 127, 44, 116, 24, 77, 118, 57, 32, 173, 149, 150, 71, 12, 181, 86, 25, 175, 154, 63, 179, 121, 39, 193, 76, 190, 124, 33, 48, 59, 156, 49, 88, 17, 110),
    (67, 143, 86, 117, 53, 63, 188, 131, 184, 72, 30, 99, 53, 168, 179, 7, 172, 180, 37, 64, 182, 189, 173, 129, 61, 128, 8, 120, 11, 92, 124, 35, 174, 139, 185, 180, 175, 41, 156, 149),
    (68, 143, 67, 101, 63, 187, 186, 58, 69, 62, 75, 110, 38, 36, 142, 108, 96, 92, 146, 28, 17, 59, 20, 178, 10, 23, 15, 163, 112, 170, 162, 178, 170, 52, 42, 17, 163, 60, 185, 81),
    (69, 36, 172, 189, 109, 82, 100, 147, 37, 78, 80, 113, 133, 188, 36, 140, 59, 138, 112, 145, 51, 170, 58, 49, 168, 172, 38, 41, 103, 109, 123, 125, 196, 75, 130, 46, 167, 46, 44, 95),
    (70, 193, 115, 20, 104, 99, 30, 83, 128, 33, 108, 126, 118, 82, 121, 117, 195, 59, 54, 165, 167, 126, 118, 25, 70, 46, 197, 50, 112, 45, 168, 134, 97, 27, 15, 20, 172, 77, 96, 130),
    (71, 152, 177, 88, 1, 142, 93, 158, 93, 158, 42, 30, 159, 130, 84, 59, 137, 36, 182, 168, 83, 105, 63, 6, 100, 175, 87, 9, 125, 71, 85, 38, 16, 116, 193, 74, 93, 104, 103, 149),
    (72, 145, 96, 74, 32, 109, 66, 27, 87, 136, 76, 55, 20, 157, 57, 167, 141, 125, 33, 171, 83, 44, 142, 178, 58, 27, 181, 96, 184, 31, 141, 158, 1, 173, 10, 21, 198, 121, 17, 119),
    (73, 127, 33, 140, 42, 39, 193, 113, 91, 78, 104, 87, 80, 76, 61, 170, 199, 39, 124, 169, 22, 135, 21, 29, 148, 97, 118, 119, 156, 93, 59, 16, 18, 196, 19, 183, 123, 41, 14, 81),
    (74, 181, 146, 76, 195, 32, 69, 41, 96, 143, 32, 27, 100, 108, 115, 117, 93, 195, 144, 198, 54, 151, 152, 101, 91, 110, 101, 125, 103, 81, 27, 196, 78, 148, 124, 115, 141, 2, 65, 32),
    (75, 185, 124, 119, 59, 98, 103, 13, 182, 169, 54, 140, 121, 194, 169, 164, 9, 108, 89, 47, 174, 93, 33, 23, 96, 185, 90, 10, 130, 69, 17, 44, 186, 161, 11, 111, 181, 118, 188, 97),
    (76, 40, 184, 124, 187, 198, 131, 150, 85, 126, 45, 85, 158, 59, 13, 47, 117, 138, 127, 155, 78, 23, 106, 93, 178, 101, 95, 163, 137, 118, 88, 190, 180, 18, 43, 62, 119, 80, 21, 103),
    (77, 160, 103, 11, 167, 38, 3, 140, 39, 43, 123, 189, 17, 152, 158, 154, 31, 169, 99, 7, 196, 17, 175, 121, 58, 114, 96, 6, 140, 23, 187, 155, 157, 144, 79, 162, 199, 46, 43, 126),
    (78, 42, 123, 195, 174, 99, 120, 100, 164, 70, 148, 109, 160, 112, 53, 32, 146, 84, 24, 78, 28, 195, 4, 98, 153, 125, 6, 112, 53, 32, 152, 10, 186, 38, 51, 69, 176, 163, 24, 27),
    (79, 147, 70, 113, 36, 137, 183, 74, 95, 144, 5, 182, 143, 178, 21, 27, 156, 161, 154, 123, 75, 10, 54, 25, 73, 36, 40, 167, 72, 134, 153, 155, 14, 122, 85, 59, 169, 21, 44, 82),
    (80, 132, 73, 70, 82, 136, 21, 51, 108, 50, 57, 180, 147, 133, 17, 103, 92, 96, 140, 121, 153, 170, 130, 10, 116, 170, 115, 20, 185, 168, 112, 117, 154, 199, 120, 124, 142, 65, 115, 55),
    (81, 68, 173, 87, 163, 45, 109, 62, 16, 76, 194, 111, 177, 133, 102, 176, 183, 14, 171, 130, 52, 167, 195, 142, 31, 85, 57, 45, 7, 163, 76, 180, 185, 73, 96, 117, 118, 56, 91, 84),
    (82, 132, 113, 51, 135, 75, 112, 181, 30, 72, 128, 185, 90, 140, 15, 5, 10, 42, 8, 53, 81, 12, 161, 195, 7, 148, 76, 102, 179, 24, 100, 84, 62, 111, 85, 6, 101, 76, 117, 118),
    (83, 157, 134, 152, 173, 107, 13, 106, 104, 36, 90, 100, 182, 143, 101, 83, 87, 4, 106, 47, 5, 156, 118, 77, 98, 61, 88, 8, 109, 198, 149, 80, 33, 175, 169, 124, 5, 153, 99, 138),
    (84, 149, 106, 72, 121, 57, 178, 112, 30, 33, 26, 59, 160, 19, 76, 101, 80, 164, 53, 164, 13, 196, 21, 168, 74, 74, 160, 109, 41, 80, 113, 149, 110, 49, 155, 13, 155, 40, 101, 114),
    (85, 192, 57, 30, 131, 190, 53, 54, 25, 16, 78, 32, 94, 165, 46, 109, 169, 188, 77, 195, 52, 62, 36, 131, 156, 93, 111, 35, 157, 96, 107, 39, 57, 33, 117, 151, 46, 106, 172, 166),
    (86, 17, 62, 12, 190, 185, 95, 195, 37, 138, 94, 90, 93, 163, 43, 156, 162, 64, 24, 4, 107, 107, 190, 71, 70, 130, 123, 66, 146, 52, 34, 138, 151, 119, 125, 18, 166, 57, 119, 156),
    (87, 70, 176, 51, 158, 131, 1, 134, 151, 50, 163, 52, 145, 51, 199, 186, 29, 17, 17, 186, 0, 130, 193, 33, 119, 192, 15, 192, 64, 33, 152, 30, 23, 96, 144, 124, 186, 131, 197, 128),
    (88, 86, 119, 30, 20, 76, 4, 88, 190, 18, 67, 103, 167, 55, 88, 39, 113, 148, 31, 149, 32, 84, 159, 190, 182, 179, 162, 180, 92, 68, 29, 136, 97, 185, 125, 85, 118, 88, 114, 143),
    (89, 52, 42, 66, 46, 31, 103, 183, 37, 68, 30, 122, 151, 133, 38, 168, 30, 173, 0, 148, 88, 16, 76, 143, 78, 102, 72, 164, 127, 135, 78, 183, 77, 154, 136, 129, 74, 165, 49, 123),
    (90, 91, 78, 10, 187, 157, 181, 154, 75, 126, 84, 68, 64, 75, 152, 35, 28, 21, 15, 82, 75, 105, 5, 184, 103, 184, 65, 129, 29, 94, 24, 167, 85, 154, 175, 4, 106, 171, 173, 93),
    (91, 97, 151, 26, 79, 43, 15, 196, 185, 100, 63, 141, 90, 119, 99, 168, 151, 108, 103, 73, 120, 176, 180, 184, 8, 191, 183, 45, 62, 104, 138, 25, 149, 39, 137, 137, 123, 187, 118, 134),
    (92, 175, 102, 141, 182, 47, 109, 127, 61, 83, 189, 149, 147, 121, 13, 83, 190, 194, 168, 4, 199, 83, 190, 79, 9, 70, 159, 174, 138, 199, 184, 66, 99, 1, 169, 110, 9, 156, 136, 188),
    (93, 21, 101, 9, 143, 85, 195, 182, 97, 47, 72, 37, 68, 111, 112, 31, 67, 32, 40, 62, 174, 167, 92, 164, 137, 21, 187, 153, 144, 65, 39, 39, 173, 198, 136, 5, 98, 170, 67, 22),
    (94, 18, 115, 89, 30, 26, 51, 8, 26, 26, 51, 31, 93, 93, 45, 131, 24, 82, 12, 183, 164, 105, 137, 68, 15, 56, 132, 51, 130, 29, 63, 183, 2, 81, 144, 133, 185, 41, 126, 160),
    (95, 121, 87, 40, 26, 115, 130, 89, 121, 143, 93, 184, 36, 139, 159, 5, 181, 93, 7, 175, 47, 75, 57, 155, 136, 25, 152, 42, 43, 110, 32, 147, 62, 84, 126, 26, 36, 48, 2, 73),
    (96, 102, 120, 55, 93, 31, 92, 83, 50, 158, 25, 79, 122, 118, 144, 118, 195, 76, 198, 131, 43, 99, 36, 127, 57, 31, 174, 167, 171, 98, 58, 71, 39, 178, 58, 53, 173, 70, 43, 51),
    (97, 156, 42, 154, 125, 18, 75, 62, 187, 50, 52, 70, 61, 175, 78, 169, 155, 182, 77, 69, 1, 11, 91, 27, 80, 115, 181, 9, 14, 186, 5, 169, 20, 145, 134, 167, 24, 186, 7, 188),
    (98, 118, 168, 65, 53, 88, 111, 179, 178, 166, 41, 190, 88, 157, 85, 103, 181, 124, 138, 97, 161, 159, 168, 144, 93, 69, 145, 78, 54, 84, 66, 6, 183, 199, 196, 88, 105, 22, 65, 47),
    (99, 137, 40, 36, 184, 118, 85, 149, 71, 178, 165, 185, 154, 82, 97, 188, 137, 146, 99, 118, 127, 167, 49, 42, 32, 78, 94, 167, 4, 115, 64, 29, 19, 119, 43, 52, 157, 107, 148, 182),
    (100, 30, 38, 177, 67, 124, 115, 22, 30, 148, 154, 149, 146, 50, 108, 2, 115, 19, 112, 61, 128, 14, 135, 156, 128, 132, 106, 192, 83, 157, 136, 109, 168, 99, 75, 77, 26, 107, 50, 186),
    (101, 60, 45, 147, 45, 23, 103, 162, 62, 6, 10, 198, 139, 138, 24, 64, 131, 83, 82, 27, 17, 163, 81, 151, 35, 36, 90, 100, 33, 102, 175, 9, 193, 54, 111, 178, 16, 43, 2, 144),
    (102, 199, 132, 88, 6, 116, 63, 62, 115, 111, 88, 53, 31, 175, 128, 27, 163, 105, 65, 92, 99, 13, 30, 16, 55, 96, 57, 153, 161, 100, 2, 102, 160, 91, 151, 25, 156, 93, 114, 177),
    (103, 199, 166, 126, 151, 44, 36, 81, 32, 88, 1, 199, 75, 72, 194, 92, 106, 69, 102, 52, 25, 194, 159, 108, 158, 43, 40, 64, 52, 63, 61, 103, 157, 32, 109, 153, 162, 118, 56, 64),
    (104, 32, 97, 136, 56, 129, 24, 165, 137, 197, 147, 13, 187, 35, 86, 100, 109, 66, 88, 71, 115, 90, 186, 14, 125, 91, 145, 138, 122, 76, 8, 69, 80, 57, 91, 149, 64, 89, 180, 137),
    (105, 118, 16, 86, 150, 191, 44, 153, 144, 58, 162, 130, 93, 194, 196, 151, 75, 30, 101, 88, 154, 79, 141, 145, 138, 126, 97, 28, 52, 173, 150, 127, 32, 112, 151, 24, 86, 193, 56, 33),
    (106, 138, 65, 111, 52, 38, 69, 24, 53, 112, 114, 43, 173, 86, 111, 119, 193, 189, 91, 70, 187, 142, 97, 91, 169, 31, 82, 198, 195, 40, 26, 186, 92, 46, 109, 145, 91, 198, 118, 77),
    (107, 0, 126, 197, 115, 194, 103, 153, 80, 169, 38, 174, 67, 6, 112, 29, 146, 163, 122, 149, 64, 67, 11, 94, 26, 167, 135, 81, 73, 125, 196, 136, 60, 194, 51, 113, 7, 169, 56, 142),
    (108, 36, 100, 25, 153, 188, 9, 27, 190, 10, 198, 121, 196, 185, 153, 44, 92, 27, 36, 3, 162, 181, 153, 127, 186, 81, 107, 129, 65, 41, 183, 90, 83, 48, 113, 48, 162, 185, 87, 35),
    (109, 4, 19, 193, 9, 136, 189, 197, 197, 82, 159, 57, 148, 14, 109, 132, 12, 78, 193, 113, 188, 6, 99, 108, 167, 9, 148, 57, 146, 146, 150, 149, 56, 189, 183, 11, 68, 170, 44, 35),
    (110, 105, 182, 41, 30, 17, 136, 60, 83, 138, 114, 157, 144, 122, 74, 76, 148, 84, 147, 20, 18, 131, 168, 156, 13, 154, 86, 197, 63, 113, 39, 104, 85, 82, 108, 30, 11, 109, 28, 97),
    (111, 170, 116, 105, 24, 82, 88, 32, 187, 118, 103, 104, 99, 7, 130, 104, 17, 187, 189, 4, 180, 161, 192, 21, 0, 93, 174, 35, 54, 102, 68, 172, 113, 98, 31, 87, 101, 106, 83, 90),
    (112, 144, 72, 14, 174, 10, 33, 194, 88, 25, 126, 77, 99, 167, 176, 86, 148, 71, 1, 54, 42, 126, 44, 195, 109, 18, 157, 99, 167, 61, 138, 153, 52, 132, 79, 77, 171, 48, 93, 86),
    (113, 82, 106, 198, 152, 43, 85, 81, 169, 155, 26, 145, 190, 87, 45, 195, 111, 184, 45, 126, 81, 23, 15, 186, 71, 191, 196, 174, 13, 77, 145, 55, 0, 78, 53, 164, 47, 82, 133, 82),
    (114, 10, 79, 112, 15, 83, 147, 47, 190, 59, 165, 52, 84, 77, 168, 112, 98, 171, 138, 6, 4, 59, 127, 26, 136, 124, 157, 10, 103, 154, 123, 174, 175, 150, 105, 45, 104, 167, 189, 131),
    (115, 111, 115, 168, 52, 83, 67, 11, 171, 149, 186, 34, 54, 161, 158, 80, 183, 152, 130, 118, 112, 52, 196, 144, 62, 18, 50, 62, 91, 104, 114, 188, 51, 169, 9, 54, 147, 155, 166, 152),
    (116, 126, 22, 186, 39, 90, 13, 187, 170, 34, 80, 37, 15, 58, 49, 58, 86, 4, 60, 33, 161, 178, 94, 157, 182, 150, 68, 119, 158, 177, 68, 159, 84, 187, 178, 190, 164, 126, 92, 24),
    (117, 184, 95, 159, 199, 191, 165, 88, 165, 49, 192, 154, 109, 176, 44, 21, 93, 8, 135, 91, 66, 52, 95, 5, 33, 68, 150, 127, 112, 27, 151, 59, 22, 28, 190, 13, 34, 117, 163, 99),
    (118, 83, 180, 197, 197, 177, 163, 75, 196, 172, 89, 154, 187, 109, 108, 94, 74, 51, 185, 96, 179, 71, 68, 82, 74, 124, 197, 92, 35, 131, 171, 55, 190, 191, 119, 83, 85, 6, 130, 120),
    (119, 194, 183, 44, 58, 99, 173, 96, 118, 78, 134, 164, 117, 132, 113, 9, 98, 124, 72, 156, 182, 83, 104, 169, 163, 1, 35, 149, 92, 41, 74, 184, 152, 178, 89, 37, 195, 190, 27, 149),
    (120, 117, 55, 152, 108, 158, 56, 5, 189, 195, 145, 128, 17, 52, 138, 40, 110, 75, 199, 77, 172, 174, 183, 102, 9, 123, 42, 173, 36, 97, 132, 44, 67, 48, 128, 131, 74, 113, 55, 32),
    (121, 83, 26, 117, 182, 65, 82, 10, 17, 3, 111, 198, 82, 86, 172, 24, 177, 3, 51, 44, 131, 181, 42, 5, 99, 91, 49, 157, 108, 140, 83, 78, 107, 108, 6, 126, 103, 115, 83, 159),
    (122, 60, 16, 62, 94, 85, 137, 116, 0, 143, 35, 20, 194, 160, 106, 71, 72, 16, 150, 96, 30, 65, 121, 138, 197, 77, 129, 148, 147, 78, 80, 127, 196, 176, 198, 38, 79, 121, 106, 158),
    (123, 20, 95, 128, 43, 122, 141, 195, 125, 49, 124, 182, 151, 70, 154, 114, 103, 97, 186, 174, 117, 8, 178, 51, 198, 53, 129, 41, 186, 99, 14, 6, 38, 3, 58, 188, 42, 75, 71, 102),
    (124, 194, 2, 61, 127, 0, 46, 157, 84, 81, 68, 98, 169, 185, 111, 56, 147, 87, 5, 2, 101, 93, 193, 158, 194, 26, 54, 155, 146, 132, 185, 150, 102, 175, 11, 101, 42, 30, 124, 140),
    (125, 25, 190, 153, 191, 118, 55, 77, 113, 91, 101, 24, 192, 118, 146, 26, 120, 9, 82, 75, 156, 62, 76, 135, 142, 65, 138, 177, 68, 16, 19, 20, 60, 109, 5, 182, 199, 180, 169, 136),
    (126, 189, 156, 162, 130, 87, 179, 49, 32, 72, 41, 10, 50, 102, 93, 86, 157, 117, 8, 150, 159, 183, 181, 165, 122, 1, 165, 166, 107, 150, 81, 198, 156, 92, 94, 170, 60, 48, 198, 114),
    (127, 190, 115, 43, 62, 104, 168, 2, 164, 26, 151, 44, 187, 152, 9, 89, 143, 112, 108, 190, 197, 146, 39, 134, 191, 85, 118, 91, 125, 124, 157, 125, 90, 54, 12, 93, 97, 68, 23, 176),
    (128, 165, 142, 59, 179, 17, 38, 107, 50, 70, 134, 58, 162, 10, 192, 7, 14, 185, 118, 100, 165, 133, 98, 154, 80, 120, 93, 154, 199, 163, 120, 38, 81, 18, 166, 64, 84, 7, 55, 37),
    (129, 109, 142, 29, 172, 34, 174, 166, 167, 30, 47, 133, 132, 156, 104, 52, 159, 105, 14, 10, 134, 70, 145, 50, 1, 176, 118, 85, 125, 32, 57, 90, 18, 49, 196, 109, 58, 170, 87, 149),
    (130, 96, 33, 193, 43, 142, 181, 126, 100, 93, 136, 190, 133, 126, 41, 87, 116, 194, 14, 115, 41, 79, 2, 89, 49, 16, 102, 198, 31, 108, 188, 109, 189, 161, 166, 16, 65, 87, 28, 11),
    (131, 133, 146, 151, 149, 157, 137, 2, 172, 183, 189, 194, 11, 7, 159, 195, 105, 14, 19, 154, 127, 120, 120, 28, 153, 17, 32, 19, 71, 26, 28, 182, 38, 129, 180, 108, 94, 24, 86, 106),
    (132, 79, 125, 48, 75, 27, 154, 102, 68, 68, 143, 51, 147, 186, 65, 136, 82, 143, 122, 66, 55, 37, 14, 196, 100, 141, 125, 93, 36, 90, 151, 65, 85, 152, 165, 42, 125, 129, 198, 10),
    (133, 93, 136, 175, 156, 136, 34, 115, 8, 171, 159, 153, 51, 36, 27, 75, 110, 12, 197, 127, 137, 57, 93, 114, 131, 96, 89, 107, 160, 31, 95, 7, 17, 74, 27, 2, 55, 41, 30, 38),
    (134, 122, 126, 46, 174, 66, 152, 76, 186, 85, 54, 80, 37, 64, 126, 50, 13, 79, 52, 124, 185, 100, 16, 53, 73, 42, 140, 114, 101, 94, 38, 15, 29, 0, 183, 104, 94, 44, 187, 26),
    (135, 47, 88, 22, 1, 7, 11, 47, 118, 13, 127, 187, 23, 160, 127, 4, 6, 186, 105, 49, 162, 170, 151, 122, 27, 61, 10, 161, 146, 74, 90, 80, 43, 100, 39, 169, 159, 14, 108, 105),
    (136, 106, 132, 128, 69, 148, 155, 60, 87, 78, 7, 20, 50, 180, 37, 154, 51, 65, 193, 19, 75, 133, 55, 194, 147, 57, 124, 69, 152, 42, 109, 79, 93, 41, 172, 153, 131, 103, 126, 71),
    (137, 190, 94, 134, 47, 68, 145, 127, 185, 68, 133, 137, 35, 20, 166, 70, 161, 121, 192, 195, 120, 32, 95, 35, 171, 31, 112, 94, 147, 133, 36, 106, 39, 144, 188, 81, 128, 72, 65, 13),
    (138, 162, 162, 140, 97, 30, 127, 23, 197, 90, 153, 135, 147, 126, 70, 144, 196, 137, 29, 122, 131, 121, 16, 160, 159, 30, 142, 16, 37, 63, 33, 115, 34, 175, 51, 48, 145, 156, 62, 87),
    (139, 166, 150, 40, 161, 4, 196, 85, 158, 35, 176, 20, 121, 179, 118, 143, 166, 121, 64, 23, 17, 180, 101, 61, 102, 192, 192, 39, 180, 181, 157, 127, 28, 172, 143, 34, 199, 31, 12, 165),
    (140, 130, 46, 183, 153, 58, 164, 160, 79, 148, 98, 191, 170, 19, 193, 33, 66, 94, 57, 149, 195, 49, 107, 87, 37, 21, 72, 54, 49, 91, 27, 55, 96, 198, 141, 131, 132, 157, 113, 118),
    (141, 131, 117, 172, 129, 111, 24, 103, 124, 83, 56, 6, 17, 13, 108, 134, 90, 28, 175, 120, 27, 125, 122, 192, 22, 74, 51, 122, 181, 156, 28, 4, 107, 38, 50, 46, 186, 126, 58, 136),
    (142, 132, 57, 47, 70, 139, 91, 149, 114, 184, 115, 194, 147, 14, 175, 59, 66, 125, 146, 142, 186, 78, 99, 34, 129, 27, 42, 44, 81, 165, 148, 56, 137, 141, 38, 82, 161, 184, 57, 2),
    (143, 19, 115, 100, 91, 197, 177, 39, 128, 27, 37, 2, 8, 194, 182, 167, 23, 23, 88, 41, 149, 63, 72, 139, 132, 130, 99, 2, 178, 23, 139, 3, 62, 99, 36, 74, 12, 80, 43, 91),
    (144, 114, 151, 99, 34, 128, 25, 158, 133, 180, 126, 126, 1, 77, 172, 99, 83, 15, 105, 169, 104, 22, 77, 171, 138, 21, 110, 153, 118, 167, 28, 174, 73, 94, 12, 105, 186, 181, 32, 112),
    (145, 172, 5, 189, 45, 188, 20, 148, 141, 119, 110, 1, 55, 153, 6, 104, 153, 161, 123, 87, 138, 84, 2, 90, 70, 38, 38, 72, 35, 131, 61, 65, 146, 176, 22, 56, 123, 142, 155, 78),
    (146, 31, 74, 67, 27, 196, 75, 72, 27, 62, 165, 131, 144, 109, 115, 20, 117, 113, 85, 116, 37, 147, 69, 126, 45, 139, 15, 87, 55, 35, 130, 155, 142, 130, 84, 154, 22, 8, 51, 190),
    (147, 18, 25, 11, 134, 28, 153, 63, 12, 127, 49, 18, 148, 139, 113, 59, 7, 195, 163, 182, 7, 70, 14, 68, 112, 127, 23, 120, 132, 13, 184, 32, 101, 149, 80, 61, 126, 107, 39, 190),
    (148, 55, 181, 51, 67, 10, 14, 176, 127, 192, 185, 60, 163, 25, 130, 41, 95, 165, 121, 66, 185, 134, 23, 13, 177, 155, 92, 64, 152, 23, 85, 15, 123, 181, 34, 105, 33, 121, 159, 191),
    (149, 59, 92, 92, 48, 30, 55, 189, 161, 156, 176, 189, 52, 85, 46, 80, 42, 179, 22, 150, 166, 182, 125, 12, 48, 76, 198, 11, 48, 151, 46, 108, 163, 35, 21, 35, 41, 62, 11, 186),
    (150, 176, 103, 112, 4, 123, 115, 175, 83, 53, 15, 144, 182, 8, 123, 164, 84, 155, 110, 167, 131, 181, 147, 130, 149, 0, 83, 102, 47, 141, 188, 150, 162, 56, 142, 92, 87, 20, 170, 86),
    (151, 167, 170, 69, 151, 58, 78, 53, 195, 183, 48, 186, 49, 5, 62, 54, 135, 128, 146, 106, 47, 68, 74, 176, 31, 96, 192, 121, 138, 131, 114, 59, 188, 66, 143, 147, 193, 174, 138, 39),
    (152, 85, 91, 72, 118, 91, 85, 105, 144, 36, 41, 166, 73, 66, 83, 94, 55, 145, 63, 61, 120, 122, 46, 15, 64, 127, 118, 120, 108, 68, 2, 44, 68, 133, 166, 7, 103, 172, 177, 34),
    (153, 109, 128, 38, 11, 0, 173, 121, 77, 97, 36, 195, 173, 150, 129, 105, 107, 113, 185, 26, 90, 62, 12, 185, 72, 153, 198, 74, 93, 29, 84, 36, 83, 19, 139, 4, 123, 180, 22, 20),
    (154, 104, 0, 75, 64, 38, 33, 189, 99, 185, 58, 117, 14, 23, 31, 4, 19, 173, 183, 142, 47, 168, 119, 68, 2, 45, 20, 3, 110, 192, 131, 13, 117, 45, 47, 69, 54, 96, 17, 153),
    (155, 13, 3, 72, 100, 190, 1, 51, 86, 163, 31, 126, 6, 55, 102, 193, 65, 43, 134, 141, 142, 173, 171, 94, 109, 129, 55, 138, 175, 162, 13, 133, 14, 64, 57, 198, 159, 137, 88, 134),
    (156, 7, 108, 136, 135, 157, 18, 49, 123, 174, 101, 129, 176, 178, 6, 39, 198, 37, 40, 146, 52, 116, 188, 168, 14, 71, 46, 62, 71, 129, 190, 64, 52, 14, 78, 48, 12, 79, 171, 163),
    (157, 41, 75, 4, 198, 157, 66, 192, 44, 131, 46, 174, 168, 50, 181, 116, 97, 63, 106, 27, 182, 1, 84, 8, 118, 79, 112, 173, 122, 105, 97, 183, 75, 150, 43, 85, 91, 137, 47, 77),
    (158, 11, 184, 30, 190, 58, 175, 161, 9, 6, 128, 93, 38, 4, 171, 22, 78, 142, 193, 50, 15, 115, 199, 151, 120, 135, 171, 191, 193, 154, 174, 122, 16, 189, 79, 22, 63, 66, 142, 16),
    (159, 164, 27, 98, 77, 97, 1, 111, 37, 145, 70, 168, 21, 156, 32, 10, 107, 141, 60, 53, 147, 111, 84, 171, 144, 40, 17, 66, 199, 160, 78, 179, 97, 172, 158, 69, 91, 149, 44, 82),
    (160, 120, 102, 64, 68, 174, 36, 137, 197, 182, 28, 158, 17, 70, 65, 68, 157, 64, 19, 197, 46, 121, 182, 129, 189, 109, 96, 121, 163, 53, 73, 100, 147, 14, 189, 98, 149, 114, 34, 151),
    (161, 22, 128, 149, 171, 1, 148, 173, 49, 185, 114, 106, 12, 177, 49, 122, 138, 128, 138, 178, 108, 65, 23, 10, 0, 43, 100, 141, 19, 40, 0, 180, 170, 136, 68, 117, 118, 140, 47, 153),
    (162, 57, 71, 84, 49, 6, 70, 191, 143, 35, 34, 143, 131, 141, 190, 20, 154, 24, 66, 83, 70, 121, 164, 182, 184, 167, 96, 32, 97, 130, 100, 70, 194, 74, 54, 28, 172, 158, 48, 125),
    (163, 179, 70, 26, 118, 20, 111, 194, 118, 24, 187, 141, 191, 139, 165, 153, 139, 139, 170, 182, 168, 114, 79, 74, 182, 59, 154, 20, 99, 93, 177, 167, 92, 29, 84, 69, 100, 170, 140, 101),
    (164, 59, 111, 196, 169, 136, 84, 73, 91, 135, 12, 30, 75, 92, 113, 149, 5, 16, 20, 43, 68, 136, 23, 60, 41, 117, 185, 188, 167, 33, 99, 148, 161, 62, 33, 35, 17, 25, 44, 99),
    (165, 63, 67, 136, 174, 114, 51, 179, 114, 142, 45, 27, 86, 25, 73, 94, 150, 158, 190, 105, 196, 165, 178, 101, 176, 124, 93, 112, 122, 184, 65, 105, 157, 104, 110, 132, 54, 44, 40, 71),
    (166, 47, 118, 132, 0, 130, 71, 96, 148, 58, 63, 68, 110, 79, 192, 70, 77, 58, 60, 195, 8, 93, 66, 129, 117, 92, 13, 80, 159, 35, 160, 119, 66, 188, 94, 185, 193, 177, 113, 88),
    (167, 112, 81, 110, 100, 74, 110, 161, 84, 23, 120, 119, 191, 87, 8, 87, 115, 157, 197, 107, 166, 187, 24, 100, 173, 183, 25, 27, 36, 125, 45, 67, 159, 182, 142, 139, 178, 64, 108, 38),
    (168, 184, 92, 178, 65, 167, 44, 79, 194, 1, 91, 170, 39, 138, 123, 1, 26, 185, 163, 7, 190, 68, 102, 11, 18, 181, 100, 153, 159, 117, 83, 60, 92, 136, 33, 34, 172, 5, 86, 99),
    (169, 11, 101, 56, 160, 195, 22, 68, 45, 197, 33, 76, 67, 50, 191, 38, 15, 5, 77, 94, 54, 163, 184, 101, 176, 170, 64, 172, 10, 149, 195, 142, 152, 40, 165, 64, 79, 131, 199, 185),
    (170, 26, 67, 171, 120, 74, 131, 73, 118, 16, 175, 178, 137, 40, 100, 28, 72, 46, 176, 148, 28, 20, 89, 170, 139, 5, 63, 82, 110, 118, 17, 164, 180, 12, 30, 105, 86, 129, 112, 193),
    (171, 32, 29, 57, 94, 128, 83, 166, 40, 110, 190, 8, 22, 186, 92, 170, 3, 187, 18, 129, 11, 48, 53, 108, 198, 196, 16, 182, 113, 127, 195, 74, 77, 168, 13, 113, 58, 49, 89, 176),
    (172, 182, 166, 136, 87, 89, 107, 49, 102, 9, 176, 73, 77, 161, 134, 172, 151, 41, 182, 87, 49, 85, 128, 62, 176, 193, 148, 66, 88, 117, 168, 190, 59, 20, 66, 193, 118, 149, 119, 63),
    (173, 148, 156, 44, 124, 35, 49, 106, 92, 64, 109, 171, 132, 147, 90, 10, 180, 23, 94, 22, 191, 182, 87, 73, 55, 113, 46, 147, 174, 135, 32, 36, 112, 178, 34, 42, 91, 71, 144, 33),
    (174, 65, 145, 28, 120, 121, 130, 155, 132, 105, 43, 150, 81, 50, 145, 55, 130, 50, 65, 3, 107, 32, 20, 120, 115, 135, 68, 111, 108, 180, 187, 151, 95, 12, 142, 6, 78, 173, 110, 53),
    (175, 101, 176, 92, 52, 31, 147, 50, 23, 151, 190, 149, 107, 30, 147, 175, 152, 192, 8, 52, 108, 144, 195, 39, 60, 187, 48, 7, 189, 170, 163, 198, 169, 141, 195, 61, 184, 198, 164, 61),
    (176, 122, 70, 39, 112, 148, 176, 52, 154, 137, 9, 184, 72, 155, 110, 144, 129, 76, 190, 61, 68, 19, 125, 143, 30, 181, 174, 79, 21, 179, 79, 19, 41, 10, 150, 94, 175, 176, 104, 143),
    (177, 65, 41, 162, 10, 142, 37, 25, 36, 190, 141, 114, 117, 113, 178, 157, 76, 97, 164, 7, 78, 26, 163, 66, 94, 110, 41, 126, 48, 141, 30, 15, 21, 72, 10, 199, 187, 103, 46, 16),
    (178, 180, 114, 71, 54, 166, 122, 18, 127, 188, 38, 107, 69, 102, 168, 19, 157, 152, 119, 82, 96, 135, 100, 47, 1, 154, 61, 29, 137, 39, 110, 100, 85, 2, 96, 5, 54, 88, 132, 85),
    (179, 13, 165, 21, 98, 154, 187, 12, 2, 116, 80, 17, 37, 85, 2, 138, 189, 160, 176, 124, 60, 54, 26, 35, 30, 87, 151, 61, 161, 31, 151, 93, 137, 3, 157, 157, 46, 45, 56, 65),
    (180, 16, 42, 65, 60, 40, 120, 130, 151, 132, 26, 65, 30, 108, 98, 92, 57, 31, 115, 64, 23, 7, 197, 70, 176, 58, 3, 74, 133, 188, 169, 60, 98, 73, 139, 120, 93, 33, 20, 150),
    (181, 164, 123, 158, 90, 106, 182, 150, 97, 91, 60, 103, 113, 7, 64, 63, 92, 48, 186, 144, 143, 54, 36, 154, 182, 58, 65, 197, 59, 56, 108, 58, 125, 170, 134, 29, 168, 75, 110, 73),
    (182, 43, 186, 102, 45, 58, 16, 165, 156, 114, 39, 148, 122, 96, 196, 114, 177, 79, 115, 25, 66, 172, 47, 189, 145, 114, 148, 182, 101, 73, 178, 93, 6, 34, 54, 36, 94, 3, 32, 120),
    (183, 190, 49, 92, 102, 196, 109, 6, 162, 171, 171, 188, 50, 34, 87, 139, 103, 134, 52, 184, 162, 101, 114, 0, 183, 87, 197, 174, 13, 52, 48, 147, 62, 90, 59, 61, 125, 186, 163, 186),
    (184, 135, 168, 157, 112, 86, 90, 76, 159, 21, 187, 77, 178, 137, 86, 181, 2, 4, 39, 140, 88, 110, 112, 99, 150, 77, 84, 123, 156, 29, 12, 78, 65, 137, 92, 180, 196, 123, 3, 82),
    (185, 173, 27, 33, 5, 190, 68, 75, 112, 20, 11, 175, 82, 157, 141, 45, 0, 8, 193, 126, 61, 57, 63, 106, 166, 72, 54, 96, 53, 160, 99, 197, 82, 158, 115, 103, 70, 180, 196, 176),
    (186, 199, 104, 17, 151, 101, 116, 82, 14, 3, 195, 2, 29, 78, 123, 70, 177, 198, 45, 194, 9, 176, 129, 123, 16, 6, 190, 78, 53, 145, 34, 78, 100, 123, 62, 140, 158, 170, 81, 155),
    (187, 147, 161, 66, 142, 7, 5, 93, 192, 104, 62, 119, 150, 100, 192, 91, 74, 22, 73, 195, 67, 67, 30, 148, 97, 92, 123, 184, 44, 26, 197, 92, 1, 71, 87, 179, 96, 60, 106, 1),
    (188, 48, 184, 35, 143, 46, 82, 151, 19, 57, 94, 36, 101, 162, 163, 108, 88, 72, 130, 178, 180, 154, 132, 121, 105, 178, 71, 90, 102, 75, 97, 179, 45, 175, 8, 25, 156, 137, 193, 51),
    (189, 188, 153, 76, 164, 59, 195, 132, 25, 120, 20, 158, 54, 175, 18, 182, 155, 195, 30, 158, 164, 3, 54, 86, 111, 102, 26, 100, 5, 159, 144, 89, 96, 22, 191, 197, 87, 4, 134, 16),
    (190, 165, 120, 154, 136, 151, 9, 177, 194, 190, 156, 176, 131, 30, 192, 110, 72, 188, 170, 126, 89, 2, 184, 116, 15, 167, 15, 172, 24, 76, 18, 86, 124, 190, 108, 115, 119, 75, 4, 37),
    (191, 149, 72, 190, 153, 183, 18, 184, 101, 162, 33, 103, 69, 195, 137, 73, 67, 133, 146, 103, 86, 15, 66, 90, 174, 16, 11, 28, 188, 142, 199, 145, 36, 185, 54, 99, 199, 10, 162, 91),
    (192, 30, 3, 107, 44, 102, 53, 87, 88, 159, 7, 114, 148, 30, 54, 100, 151, 188, 33, 190, 104, 160, 32, 56, 23, 74, 67, 171, 124, 41, 123, 64, 64, 90, 22, 147, 73, 67, 55, 18),
    (193, 113, 184, 141, 122, 10, 156, 13, 168, 179, 114, 152, 72, 8, 45, 105, 92, 154, 176, 125, 12, 51, 28, 162, 143, 188, 196, 83, 160, 4, 183, 167, 50, 58, 99, 70, 191, 99, 91, 12),
    (194, 23, 157, 173, 19, 70, 156, 42, 102, 82, 0, 163, 166, 158, 38, 17, 95, 84, 95, 32, 148, 31, 130, 111, 190, 37, 116, 23, 60, 167, 39, 47, 48, 98, 15, 29, 53, 182, 83, 110),
    (195, 173, 96, 68, 143, 191, 145, 66, 19, 177, 29, 47, 152, 69, 6, 129, 111, 69, 187, 51, 51, 76, 79, 10, 88, 184, 74, 118, 179, 83, 145, 58, 64, 43, 117, 140, 57, 158, 135, 33),
    (196, 191, 85, 188, 28, 161, 128, 120, 84, 13, 148, 108, 108, 19, 14, 127, 176, 168, 85, 118, 4, 68, 123, 65, 1, 21, 39, 38, 22, 3, 72, 86, 171, 76, 74, 153, 145, 43, 64, 78),
    (197, 75, 170, 88, 44, 112, 88, 5, 155, 193, 75, 194, 10, 18, 30, 55, 181, 21, 1, 199, 25, 181, 163, 199, 169, 94, 96, 99, 198, 150, 56, 170, 66, 15, 172, 39, 182, 84, 99, 57),
    (198, 155, 24, 6, 36, 156, 23, 179, 194, 58, 141, 152, 88, 85, 108, 46, 102, 131, 120, 153, 134, 39, 32, 59, 93, 37, 107, 51, 191, 31, 141, 17, 138, 120, 178, 165, 42, 71, 117, 81),
    (199, 165, 53, 91, 157, 12, 33, 194, 178, 35, 45, 160, 44, 52, 27, 186, 166, 49, 19, 100, 130, 30, 199, 11, 26, 125, 89, 123, 98, 198, 67, 140, 169, 128, 103, 147, 149, 97, 6, 22);

INSERT INTO T11 (pk, t1, t2, t3, t4, t5, t6, t7, t8, t9, t10, t12, t13, t14, t15, t16, t17, t18, t19, t20, t21, t22, t23, t24, t25, t26, t27, t28, t29, t30, t31, t32, t33, t34, t35, t36, t37, t38, t39, t40)
VALUES
    (0, 129, 147, 86, 145, 166, 30, 32, 162, 141, 115, 143, 106, 10, 66, 33, 127, 94, 33, 45, 90, 68, 161, 46, 72, 85, 5, 96, 9, 130, 6, 133, 114, 163, 96, 182, 117, 74, 139, 179),
    (1, 34, 0, 93, 13, 138, 64, 173, 86, 41, 67, 48, 79, 4, 66, 5, 196, 83, 37, 25, 61, 63, 53, 175, 69, 92, 94, 104, 199, 178, 68, 134, 107, 138, 126, 192, 2, 155, 112, 114),
    (2, 39, 10, 74, 37, 199, 9, 37, 85, 2, 192, 104, 164, 124, 36, 194, 177, 37, 24, 172, 37, 124, 190, 29, 4, 49, 13, 45, 141, 20, 45, 47, 197, 5, 106, 71, 103, 196, 190, 82),
    (3, 112, 133, 17, 172, 69, 121, 189, 61, 15, 70, 38, 49, 37, 40, 165, 147, 139, 94, 157, 91, 143, 116, 85, 81, 33, 45, 114, 70, 13, 184, 89, 168, 93, 85, 71, 70, 127, 167, 138),
    (4, 0, 102, 171, 179, 151, 64, 6, 80, 83, 55, 21, 95, 41, 29, 67, 173, 46, 23, 34, 132, 11, 41, 78, 196, 31, 51, 131, 7, 24, 1, 122, 114, 108, 154, 20, 29, 0, 168, 90),
    (5, 4, 41, 156, 146, 67, 79, 81, 12, 157, 30, 49, 70, 50, 59, 38, 118, 70, 180, 34, 120, 163, 70, 101, 119, 112, 158, 141, 29, 139, 161, 150, 38, 175, 188, 192, 49, 114, 30, 193),
    (6, 42, 167, 25, 6, 129, 101, 145, 1, 74, 159, 166, 135, 55, 20, 19, 160, 34, 186, 157, 94, 73, 171, 93, 57, 110, 13, 40, 170, 161, 120, 141, 33, 48, 88, 108, 157, 155, 106, 54),
    (7, 130, 164, 85, 43, 132, 6, 150, 62, 42, 155, 160, 94, 83, 117, 154, 92, 147, 100, 127, 32, 128, 139, 92, 193, 63, 28, 95, 4, 28, 24, 38, 110, 83, 141, 191, 157, 56, 46, 87),
    (8, 12, 128, 39, 113, 185, 167, 145, 173, 142, 22, 111, 194, 48, 37, 80, 115, 136, 174, 44, 75, 70, 128, 156, 34, 93, 109, 197, 124, 14, 88, 119, 174, 47, 85, 161, 65, 1, 41, 153),
    (9, 68, 21, 78, 38, 33, 76, 140, 66, 139, 119, 82, 53, 35, 25, 170, 38, 183, 160, 157, 117, 168, 188, 59, 167, 120, 139, 47, 23, 0, 8, 170, 136, 151, 60, 25, 9, 98, 100, 101),
    (10, 90, 18, 113, 176, 144, 40, 127, 183, 191, 99, 193, 119, 132, 195, 79, 28, 12, 135, 183, 91, 142, 158, 1, 33, 53, 124, 10, 83, 122, 170, 96, 75, 66, 125, 110, 65, 194, 157, 25),
    (11, 71, 10, 90, 161, 7, 143, 124, 192, 4, 169, 74, 161, 134, 31, 95, 46, 130, 126, 108, 142, 36, 123, 141, 85, 29, 1, 65, 106, 128, 88, 178, 70, 148, 167, 19, 170, 119, 22, 164),
    (12, 83, 87, 92, 5, 128, 133, 44, 199, 31, 54, 149, 79, 176, 73, 107, 8, 91, 78, 169, 42, 70, 124, 17, 84, 158, 25, 183, 26, 43, 117, 54, 184, 155, 169, 185, 54, 63, 182, 177),
    (13, 115, 163, 85, 130, 198, 5, 163, 95, 195, 49, 195, 80, 99, 131, 17, 20, 125, 146, 126, 190, 153, 193, 186, 142, 198, 168, 107, 93, 183, 70, 162, 83, 112, 33, 96, 134, 32, 79, 179),
    (14, 5, 7, 7, 65, 128, 7, 31, 65, 155, 58, 24, 24, 53, 147, 199, 163, 156, 15, 76, 51, 156, 146, 165, 23, 107, 43, 115, 155, 54, 75, 137, 40, 36, 72, 106, 102, 2, 1, 175),
    (15, 53, 12, 40, 33, 197, 196, 133, 97, 103, 25, 6, 87, 150, 14, 30, 160, 168, 5, 71, 123, 179, 4, 85, 169, 192, 43, 140, 188, 149, 29, 159, 34, 48, 197, 115, 30, 39, 70, 78),
    (16, 141, 174, 194, 77, 7, 55, 51, 79, 96, 185, 147, 120, 74, 99, 169, 54, 100, 182, 12, 28, 2, 20, 7, 128, 110, 12, 136, 199, 3, 7, 0, 98, 32, 135, 14, 153, 6, 95, 185),
    (17, 25, 168, 111, 1, 39, 39, 44, 6, 160, 61, 158, 12, 15, 74, 145, 7, 127, 115, 50, 146, 91, 183, 20, 72, 23, 22, 148, 146, 186, 196, 92, 10, 70, 58, 158, 153, 153, 30, 18),
    (18, 88, 167, 140, 154, 118, 197, 160, 90, 87, 52, 97, 87, 39, 183, 144, 4, 132, 80, 5, 52, 192, 110, 118, 17, 1, 136, 35, 52, 178, 7, 143, 183, 83, 84, 18, 154, 19, 27, 44),
    (19, 92, 180, 85, 151, 128, 104, 163, 182, 124, 190, 2, 86, 52, 70, 68, 111, 170, 193, 18, 194, 19, 154, 34, 135, 72, 63, 137, 181, 151, 101, 89, 196, 8, 5, 178, 74, 61, 76, 98),
    (20, 178, 175, 51, 85, 75, 38, 73, 193, 158, 199, 104, 179, 195, 157, 116, 186, 112, 185, 136, 66, 9, 183, 29, 120, 179, 158, 176, 36, 46, 192, 14, 83, 65, 177, 64, 170, 122, 17, 42),
    (21, 3, 96, 149, 114, 128, 102, 88, 47, 161, 166, 101, 146, 27, 162, 180, 194, 47, 63, 21, 123, 40, 118, 111, 31, 182, 5, 127, 55, 113, 32, 149, 49, 148, 124, 111, 39, 58, 96, 143),
    (22, 124, 67, 173, 24, 51, 106, 187, 123, 36, 25, 16, 136, 142, 39, 2, 157, 70, 74, 161, 172, 59, 175, 29, 153, 28, 173, 0, 196, 85, 145, 194, 42, 117, 40, 56, 120, 78, 36, 62),
    (23, 148, 40, 153, 48, 57, 101, 45, 158, 47, 104, 61, 160, 51, 92, 129, 24, 8, 83, 148, 15, 86, 170, 15, 113, 63, 119, 25, 199, 178, 100, 111, 16, 33, 33, 191, 79, 186, 120, 104),
    (24, 82, 51, 7, 176, 188, 140, 70, 171, 68, 190, 86, 129, 44, 90, 82, 50, 188, 132, 172, 103, 64, 128, 184, 189, 44, 136, 116, 32, 1, 178, 4, 102, 190, 198, 96, 94, 95, 178, 66),
    (25, 37, 159, 129, 124, 141, 21, 192, 129, 39, 66, 173, 30, 104, 182, 81, 29, 121, 193, 64, 130, 117, 98, 166, 86, 2, 147, 25, 106, 122, 126, 146, 84, 98, 164, 137, 89, 17, 34, 34),
    (26, 106, 13, 104, 29, 71, 111, 65, 122, 86, 86, 8, 41, 27, 194, 163, 115, 190, 109, 168, 122, 37, 10, 130, 181, 17, 48, 11, 110, 13, 112, 108, 19, 153, 5, 172, 105, 3, 164, 88),
    (27, 156, 8, 190, 166, 110, 102, 164, 78, 47, 108, 119, 129, 54, 165, 101, 30, 174, 18, 55, 23, 107, 152, 92, 191, 13, 138, 126, 48, 73, 35, 91, 68, 194, 43, 106, 90, 134, 45, 123),
    (28, 107, 163, 146, 114, 104, 143, 153, 193, 67, 103, 77, 23, 31, 68, 164, 54, 50, 68, 32, 17, 108, 50, 65, 158, 8, 2, 51, 115, 20, 34, 146, 143, 67, 25, 149, 17, 174, 60, 94),
    (29, 4, 141, 79, 8, 72, 42, 2, 96, 104, 177, 60, 69, 84, 61, 143, 100, 59, 167, 54, 138, 20, 69, 1, 78, 136, 69, 188, 4, 161, 127, 57, 152, 62, 105, 48, 194, 143, 188, 24),
    (30, 48, 154, 182, 97, 60, 59, 180, 136, 88, 23, 94, 168, 173, 47, 6, 141, 197, 22, 44, 62, 150, 141, 11, 46, 196, 91, 120, 108, 146, 37, 82, 19, 163, 60, 166, 134, 98, 15, 31),
    (31, 133, 68, 139, 131, 55, 195, 47, 47, 93, 137, 151, 86, 95, 63, 138, 44, 191, 81, 180, 126, 77, 73, 55, 173, 123, 62, 192, 91, 103, 59, 183, 125, 178, 57, 183, 128, 20, 141, 25),
    (32, 129, 90, 24, 127, 78, 180, 110, 82, 116, 1, 161, 46, 6, 116, 102, 102, 93, 174, 123, 152, 22, 10, 116, 175, 167, 165, 136, 61, 68, 131, 164, 99, 4, 94, 100, 64, 118, 71, 98),
    (33, 15, 1, 73, 81, 149, 95, 29, 153, 167, 59, 26, 104, 44, 166, 115, 65, 111, 155, 156, 196, 165, 50, 130, 35, 61, 15, 193, 199, 81, 74, 115, 91, 56, 177, 100, 144, 138, 145, 177),
    (34, 23, 86, 36, 129, 67, 43, 15, 125, 73, 161, 192, 193, 90, 128, 44, 195, 147, 54, 4, 27, 82, 95, 28, 153, 96, 142, 79, 69, 47, 157, 27, 161, 125, 3, 86, 26, 44, 96, 196),
    (35, 2, 0, 186, 113, 190, 40, 3, 173, 103, 104, 51, 157, 72, 97, 121, 16, 95, 29, 47, 163, 37, 199, 4, 7, 83, 166, 192, 185, 16, 20, 89, 15, 29, 168, 193, 57, 104, 27, 49),
    (36, 76, 49, 179, 65, 61, 151, 125, 47, 162, 56, 1, 195, 83, 148, 131, 99, 139, 1, 74, 167, 81, 71, 104, 58, 194, 198, 191, 194, 158, 107, 67, 52, 0, 51, 106, 15, 0, 66, 120),
    (37, 184, 78, 176, 159, 35, 122, 64, 63, 138, 112, 59, 180, 185, 162, 13, 115, 39, 96, 137, 42, 43, 125, 34, 162, 192, 176, 89, 127, 30, 198, 39, 24, 24, 73, 16, 166, 182, 41, 54),
    (38, 163, 192, 97, 113, 194, 29, 134, 165, 52, 179, 76, 190, 173, 108, 126, 174, 151, 15, 107, 176, 55, 101, 118, 44, 155, 171, 49, 35, 58, 123, 146, 58, 178, 94, 40, 86, 30, 52, 60),
    (39, 52, 42, 100, 63, 72, 111, 174, 97, 125, 131, 18, 44, 164, 4, 127, 58, 96, 44, 19, 47, 33, 42, 87, 197, 188, 134, 95, 128, 182, 29, 60, 125, 92, 182, 43, 119, 70, 53, 16),
    (40, 146, 123, 102, 121, 134, 93, 72, 60, 7, 110, 109, 49, 105, 10, 58, 50, 37, 143, 135, 29, 19, 1, 68, 78, 70, 16, 39, 196, 156, 82, 197, 37, 23, 129, 156, 66, 75, 151, 196),
    (41, 55, 91, 109, 135, 59, 69, 177, 33, 191, 76, 9, 187, 160, 146, 5, 89, 171, 113, 113, 126, 80, 171, 86, 191, 190, 13, 199, 111, 161, 112, 90, 194, 107, 49, 185, 47, 179, 192, 116),
    (42, 9, 83, 37, 169, 35, 34, 98, 130, 176, 162, 48, 89, 102, 103, 196, 187, 76, 79, 170, 173, 31, 22, 54, 12, 171, 161, 43, 180, 68, 194, 126, 82, 148, 63, 197, 189, 51, 1, 102),
    (43, 153, 26, 120, 170, 136, 129, 59, 136, 42, 128, 65, 124, 181, 33, 168, 163, 193, 72, 35, 170, 86, 42, 48, 141, 96, 166, 100, 143, 185, 46, 51, 121, 93, 155, 140, 86, 76, 86, 79),
    (44, 104, 157, 0, 65, 178, 107, 55, 104, 106, 98, 85, 43, 121, 157, 160, 175, 39, 30, 71, 166, 71, 79, 185, 103, 108, 46, 60, 130, 47, 12, 54, 196, 26, 121, 136, 118, 95, 49, 11),
    (45, 129, 100, 113, 34, 112, 2, 189, 173, 107, 116, 80, 7, 88, 93, 77, 75, 154, 36, 130, 179, 106, 87, 62, 29, 142, 95, 138, 155, 46, 145, 164, 89, 58, 114, 195, 23, 44, 16, 105),
    (46, 0, 58, 26, 44, 153, 46, 181, 102, 3, 18, 54, 48, 45, 98, 179, 87, 30, 8, 121, 132, 12, 42, 73, 35, 138, 100, 137, 45, 37, 133, 8, 42, 192, 161, 67, 50, 15, 71, 156),
    (47, 63, 154, 181, 114, 34, 144, 152, 158, 0, 4, 91, 65, 80, 156, 65, 124, 195, 190, 118, 114, 89, 131, 28, 16, 79, 133, 62, 20, 101, 57, 45, 186, 26, 195, 143, 86, 89, 39, 87),
    (48, 152, 103, 188, 16, 137, 47, 105, 59, 41, 189, 10, 149, 65, 76, 164, 143, 6, 30, 103, 186, 76, 97, 150, 91, 181, 154, 28, 40, 140, 31, 186, 135, 131, 151, 84, 2, 109, 39, 90),
    (49, 84, 157, 99, 66, 14, 161, 100, 44, 45, 41, 182, 25, 22, 162, 164, 33, 182, 137, 53, 138, 53, 50, 146, 131, 14, 143, 62, 31, 114, 98, 198, 157, 188, 197, 115, 184, 27, 52, 119),
    (50, 139, 6, 191, 8, 142, 168, 134, 144, 128, 146, 151, 83, 144, 61, 190, 134, 73, 137, 92, 2, 129, 124, 196, 129, 33, 195, 172, 52, 35, 49, 196, 110, 42, 14, 158, 98, 102, 126, 28),
    (51, 62, 23, 24, 101, 95, 50, 57, 179, 124, 77, 183, 136, 65, 181, 164, 63, 50, 11, 52, 180, 165, 183, 177, 160, 125, 157, 34, 197, 50, 169, 105, 121, 183, 6, 61, 49, 0, 196, 22),
    (52, 167, 76, 112, 118, 16, 169, 39, 132, 102, 6, 98, 176, 44, 118, 189, 22, 138, 144, 198, 16, 102, 48, 110, 147, 149, 50, 80, 168, 176, 126, 38, 173, 99, 178, 55, 81, 78, 157, 6),
    (53, 119, 19, 127, 9, 12, 193, 56, 7, 142, 25, 62, 160, 62, 197, 7, 29, 134, 49, 43, 132, 141, 64, 28, 120, 1, 90, 140, 147, 111, 153, 140, 115, 140, 9, 126, 89, 24, 144, 121),
    (54, 91, 175, 143, 88, 81, 194, 167, 110, 136, 99, 59, 83, 196, 78, 150, 70, 5, 26, 102, 6, 143, 84, 68, 121, 173, 194, 151, 57, 168, 43, 75, 97, 118, 100, 181, 52, 25, 185, 69),
    (55, 159, 114, 39, 67, 137, 44, 147, 16, 35, 7, 109, 170, 39, 169, 171, 116, 26, 101, 191, 79, 190, 19, 124, 172, 86, 177, 94, 34, 42, 184, 187, 139, 118, 178, 172, 147, 55, 103, 66),
    (56, 97, 25, 97, 73, 75, 122, 135, 105, 141, 69, 2, 57, 124, 16, 94, 96, 37, 71, 81, 117, 73, 151, 150, 84, 164, 2, 172, 124, 119, 94, 36, 26, 111, 11, 154, 136, 77, 193, 30),
    (57, 155, 3, 26, 145, 141, 57, 41, 151, 55, 2, 101, 20, 145, 108, 89, 51, 1, 16, 182, 121, 5, 170, 118, 149, 47, 151, 133, 128, 144, 54, 77, 122, 72, 178, 65, 110, 1, 156, 162),
    (58, 66, 199, 24, 123, 81, 45, 173, 198, 151, 10, 159, 9, 111, 193, 166, 33, 101, 152, 22, 117, 190, 49, 90, 162, 18, 158, 110, 18, 156, 158, 39, 172, 131, 48, 132, 66, 93, 171, 178),
    (59, 194, 191, 90, 41, 125, 169, 113, 56, 137, 50, 157, 140, 80, 189, 165, 67, 60, 154, 22, 149, 185, 53, 0, 92, 57, 179, 105, 79, 199, 98, 64, 157, 136, 181, 69, 141, 64, 105, 158),
    (60, 19, 55, 197, 47, 194, 164, 65, 55, 85, 110, 130, 191, 64, 161, 165, 13, 16, 2, 96, 20, 9, 100, 27, 112, 193, 6, 127, 111, 17, 188, 49, 161, 129, 51, 70, 99, 105, 104, 178),
    (61, 78, 170, 102, 46, 38, 3, 62, 105, 131, 97, 47, 158, 6, 25, 167, 41, 133, 177, 38, 133, 86, 156, 144, 13, 16, 74, 167, 133, 37, 183, 3, 93, 94, 150, 50, 24, 112, 177, 135),
    (62, 23, 133, 6, 7, 59, 58, 130, 138, 58, 115, 49, 13, 20, 177, 196, 171, 144, 188, 174, 175, 176, 142, 142, 87, 88, 194, 30, 186, 26, 176, 3, 56, 163, 92, 7, 157, 42, 87, 47),
    (63, 170, 28, 3, 65, 5, 97, 142, 108, 77, 184, 28, 179, 154, 84, 35, 29, 173, 193, 35, 152, 39, 114, 147, 32, 9, 165, 111, 143, 36, 159, 190, 118, 14, 97, 19, 139, 126, 48, 183),
    (64, 176, 63, 75, 194, 110, 128, 77, 121, 180, 105, 22, 115, 90, 192, 4, 138, 153, 81, 160, 179, 62, 191, 84, 18, 151, 153, 9, 151, 69, 37, 196, 166, 72, 11, 181, 15, 67, 46, 136),
    (65, 108, 77, 191, 69, 166, 31, 92, 162, 7, 119, 8, 188, 70, 131, 107, 95, 116, 45, 168, 161, 146, 98, 12, 119, 162, 109, 65, 99, 127, 78, 120, 82, 130, 110, 21, 49, 125, 185, 46),
    (66, 161, 65, 114, 112, 15, 24, 48, 55, 118, 84, 16, 164, 176, 151, 146, 0, 1, 152, 0, 194, 152, 95, 64, 0, 136, 138, 156, 14, 114, 16, 53, 171, 136, 78, 103, 106, 172, 24, 108),
    (67, 169, 24, 152, 181, 163, 54, 170, 185, 125, 196, 195, 127, 48, 125, 9, 93, 47, 148, 151, 20, 75, 65, 197, 9, 114, 65, 15, 44, 59, 181, 124, 49, 7, 184, 78, 164, 73, 48, 106),
    (68, 135, 146, 41, 83, 58, 108, 59, 29, 198, 166, 118, 33, 51, 17, 94, 121, 75, 158, 65, 111, 45, 172, 173, 9, 197, 63, 120, 145, 37, 198, 141, 74, 141, 35, 125, 109, 111, 91, 143),
    (69, 119, 23, 14, 12, 134, 44, 88, 45, 162, 76, 2, 78, 14, 199, 113, 116, 89, 31, 2, 127, 104, 171, 56, 10, 80, 77, 190, 23, 42, 150, 32, 28, 143, 14, 144, 180, 196, 12, 161),
    (70, 184, 160, 177, 1, 80, 84, 198, 189, 191, 125, 48, 97, 91, 71, 130, 133, 174, 3, 6, 128, 177, 40, 99, 172, 127, 116, 155, 78, 137, 142, 64, 76, 103, 123, 136, 137, 125, 81, 197),
    (71, 10, 170, 55, 166, 170, 175, 54, 118, 59, 9, 126, 77, 49, 25, 100, 122, 105, 59, 53, 140, 175, 8, 190, 173, 154, 3, 78, 2, 75, 156, 114, 17, 170, 174, 158, 77, 4, 53, 19),
    (72, 112, 20, 92, 86, 131, 18, 128, 171, 108, 165, 94, 189, 67, 39, 74, 52, 12, 21, 26, 129, 71, 158, 135, 178, 159, 186, 96, 72, 179, 189, 186, 136, 171, 195, 123, 41, 182, 131, 100),
    (73, 114, 12, 192, 163, 66, 166, 125, 199, 94, 97, 78, 182, 87, 172, 137, 182, 169, 122, 10, 132, 190, 128, 180, 9, 81, 162, 89, 75, 23, 133, 195, 182, 97, 143, 96, 131, 59, 192, 161),
    (74, 195, 169, 4, 39, 111, 124, 197, 97, 55, 53, 87, 162, 179, 195, 60, 142, 145, 120, 136, 176, 106, 160, 132, 172, 29, 82, 194, 153, 46, 130, 167, 62, 3, 172, 29, 165, 153, 96, 93),
    (75, 40, 121, 84, 39, 121, 6, 95, 116, 159, 136, 104, 53, 126, 192, 166, 79, 70, 191, 131, 177, 32, 175, 109, 54, 169, 194, 116, 33, 127, 109, 66, 126, 145, 6, 6, 32, 12, 118, 154),
    (76, 117, 185, 184, 123, 120, 168, 90, 147, 113, 76, 127, 196, 140, 33, 109, 101, 83, 147, 15, 70, 148, 77, 63, 9, 130, 101, 97, 27, 164, 35, 138, 35, 20, 40, 121, 140, 29, 182, 160),
    (77, 26, 137, 132, 199, 108, 68, 195, 188, 33, 196, 186, 91, 102, 191, 176, 168, 142, 37, 149, 140, 74, 182, 104, 13, 73, 95, 182, 149, 90, 78, 47, 70, 44, 171, 68, 20, 188, 190, 110),
    (78, 22, 171, 16, 185, 190, 176, 127, 88, 63, 136, 190, 150, 28, 137, 51, 44, 49, 175, 36, 31, 130, 143, 171, 84, 108, 175, 108, 44, 17, 135, 27, 11, 166, 133, 130, 149, 176, 119, 47),
    (79, 197, 36, 199, 54, 79, 193, 181, 130, 68, 83, 49, 39, 0, 81, 16, 151, 55, 195, 31, 61, 103, 185, 111, 44, 8, 183, 191, 139, 13, 170, 165, 11, 86, 96, 37, 125, 84, 116, 58),
    (80, 94, 123, 102, 133, 63, 76, 28, 92, 133, 170, 21, 66, 8, 47, 0, 111, 179, 63, 167, 14, 112, 198, 111, 162, 148, 191, 174, 138, 68, 177, 78, 21, 117, 117, 191, 159, 171, 58, 113),
    (81, 163, 77, 105, 168, 104, 32, 171, 185, 130, 179, 49, 95, 18, 81, 85, 4, 140, 80, 64, 97, 90, 193, 93, 30, 105, 117, 137, 20, 156, 170, 44, 74, 109, 84, 119, 138, 65, 59, 159),
    (82, 142, 22, 45, 153, 39, 156, 135, 94, 173, 196, 114, 150, 173, 153, 17, 139, 166, 73, 176, 174, 191, 72, 192, 119, 16, 130, 152, 42, 124, 162, 80, 149, 153, 89, 87, 165, 149, 92, 120),
    (83, 65, 76, 68, 19, 78, 174, 172, 180, 60, 184, 161, 50, 16, 157, 88, 29, 78, 114, 160, 83, 44, 11, 93, 41, 108, 136, 30, 23, 106, 137, 130, 36, 115, 65, 26, 111, 88, 54, 147),
    (84, 35, 187, 145, 51, 105, 100, 168, 178, 59, 128, 17, 108, 143, 65, 61, 152, 160, 160, 154, 109, 146, 173, 108, 196, 125, 88, 106, 46, 52, 29, 106, 120, 122, 155, 65, 88, 186, 164, 54),
    (85, 20, 125, 111, 151, 36, 195, 50, 130, 191, 38, 164, 133, 53, 66, 50, 61, 86, 198, 149, 145, 133, 40, 85, 91, 109, 107, 70, 132, 93, 6, 9, 105, 23, 50, 20, 118, 20, 97, 159),
    (86, 122, 160, 93, 196, 183, 163, 8, 190, 85, 158, 182, 60, 28, 100, 23, 24, 134, 159, 107, 22, 5, 79, 93, 154, 37, 75, 140, 67, 76, 136, 153, 76, 192, 35, 85, 186, 66, 102, 33),
    (87, 158, 128, 116, 168, 134, 79, 67, 189, 92, 68, 146, 116, 107, 175, 17, 17, 15, 71, 35, 107, 60, 195, 34, 181, 153, 104, 180, 4, 25, 169, 178, 138, 63, 151, 181, 145, 51, 52, 71),
    (88, 111, 51, 77, 49, 125, 90, 199, 50, 35, 171, 160, 60, 115, 41, 43, 68, 138, 155, 181, 24, 89, 111, 188, 87, 36, 188, 101, 46, 17, 148, 196, 19, 171, 185, 135, 134, 28, 87, 92),
    (89, 155, 185, 187, 199, 161, 199, 155, 70, 175, 57, 108, 102, 3, 45, 153, 67, 165, 121, 139, 174, 152, 184, 2, 140, 91, 24, 102, 108, 90, 149, 117, 164, 173, 49, 183, 74, 40, 84, 18),
    (90, 186, 198, 130, 101, 26, 94, 51, 34, 39, 98, 176, 53, 129, 140, 139, 193, 116, 121, 111, 63, 3, 116, 48, 156, 87, 32, 17, 74, 84, 195, 193, 134, 163, 185, 28, 124, 57, 197, 149),
    (91, 145, 10, 67, 122, 146, 66, 78, 103, 27, 189, 44, 108, 19, 24, 104, 178, 120, 139, 159, 60, 184, 76, 177, 95, 19, 75, 31, 165, 12, 147, 126, 6, 64, 186, 144, 24, 83, 119, 122),
    (92, 35, 79, 121, 101, 104, 107, 199, 174, 32, 61, 168, 168, 178, 47, 89, 0, 78, 48, 196, 103, 49, 70, 35, 135, 40, 79, 101, 72, 17, 151, 111, 32, 83, 183, 45, 2, 20, 34, 54),
    (93, 11, 2, 2, 60, 47, 68, 133, 141, 56, 77, 86, 131, 14, 49, 170, 167, 3, 0, 9, 127, 169, 83, 76, 193, 71, 138, 44, 42, 107, 148, 90, 186, 116, 107, 73, 189, 111, 164, 156),
    (94, 66, 17, 141, 178, 73, 24, 10, 184, 115, 162, 3, 97, 171, 140, 42, 49, 44, 139, 93, 196, 169, 63, 171, 121, 21, 131, 84, 193, 71, 101, 112, 67, 93, 179, 125, 16, 61, 160, 108),
    (95, 139, 7, 60, 183, 92, 65, 47, 90, 192, 87, 137, 192, 178, 68, 25, 112, 7, 173, 178, 63, 153, 64, 82, 138, 181, 80, 109, 31, 55, 60, 129, 117, 89, 85, 34, 21, 163, 15, 56),
    (96, 129, 125, 142, 52, 52, 68, 12, 6, 136, 151, 157, 46, 9, 146, 18, 54, 76, 148, 3, 37, 92, 87, 107, 173, 110, 54, 66, 156, 161, 184, 172, 16, 176, 0, 53, 30, 116, 145, 95),
    (97, 57, 66, 11, 47, 162, 144, 22, 3, 131, 144, 29, 1, 140, 60, 90, 106, 38, 9, 156, 75, 141, 4, 85, 60, 185, 144, 61, 60, 76, 36, 46, 3, 155, 168, 184, 63, 120, 187, 8),
    (98, 128, 77, 18, 129, 145, 57, 142, 80, 177, 105, 145, 81, 14, 125, 109, 160, 159, 17, 20, 9, 49, 87, 117, 183, 72, 181, 120, 160, 53, 113, 62, 78, 149, 162, 87, 71, 195, 164, 104),
    (99, 64, 84, 32, 39, 100, 62, 81, 181, 145, 104, 35, 33, 97, 56, 198, 156, 50, 106, 11, 103, 39, 100, 185, 143, 12, 129, 7, 61, 83, 82, 114, 108, 131, 189, 89, 60, 70, 74, 77),
    (100, 124, 88, 27, 10, 60, 187, 1, 177, 199, 157, 103, 67, 114, 129, 171, 182, 165, 32, 160, 122, 119, 102, 82, 110, 24, 70, 127, 9, 103, 39, 71, 70, 144, 91, 184, 63, 29, 47, 83),
    (101, 94, 41, 23, 123, 170, 86, 103, 139, 121, 54, 38, 47, 189, 81, 137, 128, 108, 170, 67, 25, 176, 42, 106, 164, 109, 111, 81, 4, 113, 81, 172, 19, 72, 189, 175, 47, 64, 5, 90),
    (102, 115, 24, 84, 12, 142, 25, 37, 129, 199, 17, 145, 138, 138, 164, 12, 37, 139, 79, 138, 59, 145, 76, 2, 89, 107, 139, 112, 39, 166, 76, 88, 6, 36, 155, 176, 56, 33, 104, 168),
    (103, 96, 2, 37, 181, 106, 108, 116, 117, 104, 12, 74, 43, 59, 184, 132, 167, 119, 35, 2, 21, 180, 126, 166, 141, 147, 46, 52, 56, 97, 63, 126, 139, 154, 122, 196, 132, 95, 161, 188),
    (104, 120, 10, 99, 173, 157, 24, 171, 171, 137, 170, 166, 181, 197, 189, 39, 52, 194, 67, 154, 5, 88, 95, 186, 156, 119, 71, 145, 112, 145, 75, 84, 68, 175, 1, 77, 84, 160, 192, 174),
    (105, 139, 97, 158, 118, 32, 142, 59, 11, 199, 193, 50, 148, 85, 173, 41, 53, 187, 86, 100, 123, 65, 66, 22, 56, 188, 147, 197, 12, 14, 73, 49, 144, 167, 5, 192, 80, 186, 86, 164),
    (106, 4, 193, 117, 97, 73, 166, 10, 149, 3, 122, 92, 73, 178, 142, 128, 129, 71, 88, 48, 5, 122, 134, 65, 44, 27, 196, 4, 60, 96, 26, 120, 190, 193, 25, 70, 43, 64, 57, 34),
    (107, 176, 196, 199, 16, 80, 107, 25, 191, 2, 44, 102, 79, 186, 111, 135, 15, 133, 110, 32, 195, 101, 191, 88, 90, 78, 162, 98, 1, 188, 20, 179, 138, 134, 105, 76, 172, 86, 70, 149),
    (108, 97, 84, 184, 42, 10, 70, 17, 113, 111, 103, 156, 82, 76, 109, 150, 42, 183, 67, 188, 119, 125, 187, 108, 150, 177, 150, 82, 5, 89, 114, 141, 22, 12, 37, 117, 3, 10, 135, 56),
    (109, 46, 160, 91, 0, 118, 30, 186, 187, 81, 116, 53, 156, 186, 90, 174, 10, 191, 94, 127, 162, 168, 126, 113, 164, 19, 135, 77, 100, 89, 61, 91, 178, 26, 112, 182, 73, 171, 30, 79),
    (110, 154, 74, 7, 4, 34, 135, 191, 16, 16, 152, 71, 33, 193, 128, 158, 5, 121, 152, 52, 96, 143, 143, 70, 150, 175, 79, 190, 8, 95, 187, 47, 127, 88, 90, 180, 152, 162, 57, 103),
    (111, 175, 106, 139, 72, 119, 74, 80, 109, 189, 6, 124, 194, 32, 52, 132, 75, 53, 183, 120, 1, 82, 125, 9, 85, 14, 28, 158, 44, 8, 171, 133, 114, 94, 53, 82, 31, 73, 111, 164),
    (112, 166, 67, 43, 102, 88, 19, 79, 60, 88, 65, 115, 15, 197, 161, 136, 84, 104, 39, 15, 185, 197, 155, 165, 111, 157, 121, 29, 70, 167, 147, 192, 180, 140, 120, 177, 44, 146, 42, 178),
    (113, 86, 86, 94, 2, 153, 1, 2, 86, 189, 111, 156, 118, 6, 146, 10, 186, 86, 13, 187, 196, 91, 138, 182, 134, 143, 139, 33, 82, 49, 63, 144, 151, 192, 13, 17, 1, 52, 87, 160),
    (114, 88, 165, 74, 40, 197, 157, 49, 121, 186, 156, 149, 177, 164, 110, 95, 22, 148, 135, 187, 176, 109, 58, 26, 158, 101, 189, 53, 157, 70, 69, 138, 169, 96, 194, 10, 109, 6, 177, 58),
    (115, 127, 7, 49, 199, 20, 193, 25, 0, 31, 100, 190, 107, 75, 121, 27, 64, 162, 131, 170, 20, 106, 39, 75, 25, 95, 34, 172, 99, 166, 59, 169, 121, 43, 94, 97, 139, 72, 164, 43),
    (116, 163, 168, 84, 167, 95, 70, 30, 77, 25, 85, 128, 1, 126, 67, 19, 15, 75, 117, 166, 195, 46, 137, 0, 29, 167, 79, 59, 73, 173, 3, 197, 58, 79, 124, 156, 193, 112, 155, 6),
    (117, 128, 131, 104, 158, 49, 36, 122, 5, 37, 63, 27, 150, 165, 77, 4, 0, 43, 164, 198, 84, 183, 69, 124, 28, 181, 75, 1, 191, 175, 12, 191, 29, 44, 169, 179, 29, 110, 193, 41),
    (118, 62, 8, 34, 35, 85, 36, 60, 35, 111, 39, 172, 119, 104, 129, 94, 164, 8, 27, 141, 39, 54, 120, 20, 62, 197, 146, 181, 19, 45, 119, 83, 45, 83, 68, 68, 15, 115, 195, 99),
    (119, 111, 38, 190, 167, 2, 69, 52, 21, 19, 90, 51, 100, 79, 108, 181, 87, 3, 196, 113, 153, 70, 186, 25, 193, 42, 143, 112, 81, 143, 132, 143, 49, 98, 107, 184, 68, 158, 120, 73),
    (120, 2, 17, 133, 31, 51, 1, 165, 110, 192, 6, 186, 105, 19, 7, 41, 33, 10, 130, 155, 95, 32, 83, 76, 101, 75, 182, 93, 147, 111, 113, 72, 177, 108, 22, 173, 110, 70, 52, 97),
    (121, 85, 37, 152, 131, 65, 43, 71, 92, 48, 22, 122, 154, 105, 24, 42, 166, 174, 105, 109, 80, 82, 180, 50, 0, 147, 69, 197, 139, 166, 82, 80, 97, 162, 47, 123, 34, 49, 33, 195),
    (122, 117, 137, 125, 125, 120, 95, 122, 34, 56, 21, 89, 198, 20, 151, 139, 92, 2, 73, 76, 85, 138, 145, 38, 145, 123, 158, 138, 171, 60, 172, 96, 166, 78, 102, 83, 197, 53, 8, 2),
    (123, 161, 1, 177, 116, 184, 148, 104, 26, 0, 61, 145, 123, 170, 90, 112, 186, 113, 139, 129, 149, 47, 23, 170, 28, 113, 105, 60, 56, 115, 86, 199, 27, 60, 112, 49, 116, 120, 130, 53),
    (124, 139, 36, 26, 106, 124, 103, 80, 20, 9, 136, 114, 141, 10, 194, 66, 147, 179, 172, 16, 178, 161, 46, 29, 58, 72, 106, 156, 23, 62, 134, 148, 26, 48, 143, 129, 186, 169, 173, 15),
    (125, 125, 196, 121, 177, 183, 69, 120, 49, 169, 159, 108, 106, 169, 27, 145, 54, 138, 196, 69, 97, 74, 89, 152, 150, 26, 157, 34, 76, 189, 185, 199, 75, 13, 69, 104, 134, 55, 55, 98),
    (126, 7, 189, 177, 12, 52, 54, 190, 79, 140, 145, 12, 125, 193, 26, 188, 15, 92, 119, 1, 67, 194, 75, 100, 139, 62, 73, 9, 157, 22, 5, 55, 186, 199, 139, 29, 23, 70, 193, 53),
    (127, 157, 98, 55, 32, 79, 67, 162, 129, 90, 56, 122, 187, 73, 22, 13, 49, 64, 3, 99, 21, 90, 129, 59, 106, 102, 32, 113, 161, 72, 189, 7, 182, 63, 75, 152, 114, 72, 13, 54),
    (128, 6, 1, 0, 97, 84, 45, 189, 40, 94, 125, 124, 89, 164, 72, 116, 174, 98, 179, 4, 80, 36, 71, 59, 70, 54, 148, 144, 96, 54, 177, 169, 2, 8, 35, 123, 2, 147, 189, 161),
    (129, 190, 107, 50, 155, 18, 106, 113, 111, 36, 103, 149, 10, 124, 101, 62, 41, 22, 189, 166, 181, 125, 143, 111, 143, 121, 197, 184, 30, 138, 138, 34, 9, 198, 81, 110, 4, 30, 132, 121),
    (130, 136, 16, 145, 60, 14, 30, 38, 85, 12, 3, 8, 103, 124, 54, 199, 100, 80, 62, 171, 89, 155, 111, 195, 107, 17, 79, 143, 8, 188, 70, 187, 137, 66, 74, 153, 49, 76, 161, 107),
    (131, 129, 89, 97, 2, 88, 132, 82, 144, 82, 63, 110, 37, 101, 142, 38, 101, 39, 34, 121, 79, 53, 54, 44, 144, 130, 90, 127, 43, 88, 64, 133, 68, 182, 44, 184, 109, 161, 20, 151),
    (132, 56, 52, 114, 93, 195, 145, 166, 183, 9, 150, 120, 60, 43, 64, 29, 187, 113, 146, 117, 80, 37, 64, 86, 151, 126, 172, 148, 162, 30, 46, 160, 56, 43, 103, 43, 119, 128, 122, 114),
    (133, 182, 154, 180, 2, 113, 72, 154, 180, 53, 0, 14, 190, 74, 107, 149, 39, 164, 195, 134, 128, 109, 33, 157, 95, 194, 120, 67, 159, 55, 100, 80, 41, 19, 26, 69, 5, 161, 39, 170),
    (134, 33, 43, 4, 64, 169, 58, 176, 122, 73, 165, 71, 184, 106, 24, 181, 154, 133, 41, 114, 152, 163, 194, 25, 157, 41, 101, 117, 92, 14, 81, 21, 193, 126, 57, 136, 76, 135, 53, 115),
    (135, 24, 170, 79, 63, 61, 131, 137, 146, 44, 35, 29, 132, 68, 34, 193, 70, 106, 148, 23, 156, 139, 164, 76, 123, 94, 52, 120, 105, 192, 136, 101, 181, 104, 174, 183, 46, 46, 59, 148),
    (136, 42, 77, 8, 185, 120, 50, 174, 60, 138, 24, 138, 107, 183, 146, 117, 149, 146, 192, 176, 70, 7, 86, 11, 100, 166, 129, 41, 29, 10, 88, 76, 156, 178, 188, 84, 129, 99, 134, 42),
    (137, 136, 5, 91, 139, 150, 64, 125, 10, 53, 147, 27, 110, 118, 26, 118, 143, 107, 137, 103, 121, 39, 188, 36, 9, 32, 50, 186, 64, 122, 48, 112, 191, 165, 92, 164, 141, 20, 140, 138),
    (138, 119, 156, 112, 184, 151, 148, 165, 137, 12, 29, 161, 191, 43, 5, 191, 106, 53, 142, 38, 105, 125, 108, 25, 69, 36, 194, 81, 16, 196, 33, 47, 154, 27, 169, 155, 115, 123, 140, 34),
    (139, 190, 127, 104, 149, 137, 82, 88, 38, 114, 118, 59, 5, 89, 67, 80, 176, 56, 13, 15, 99, 80, 50, 30, 122, 123, 190, 124, 146, 10, 34, 138, 153, 107, 67, 7, 61, 96, 107, 105),
    (140, 114, 120, 24, 178, 15, 150, 124, 106, 140, 9, 28, 141, 138, 59, 26, 105, 105, 150, 144, 170, 80, 149, 176, 162, 114, 146, 78, 62, 156, 98, 100, 144, 161, 151, 76, 102, 16, 149, 56),
    (141, 0, 17, 59, 157, 171, 4, 199, 84, 119, 145, 150, 191, 133, 86, 62, 169, 120, 196, 133, 195, 14, 114, 128, 65, 116, 85, 78, 146, 11, 52, 146, 37, 126, 56, 180, 81, 71, 0, 192),
    (142, 162, 171, 29, 188, 19, 173, 76, 180, 150, 21, 86, 45, 38, 36, 39, 112, 127, 183, 81, 21, 52, 52, 185, 126, 76, 46, 121, 21, 19, 45, 189, 48, 90, 144, 157, 43, 105, 163, 60),
    (143, 10, 104, 110, 89, 6, 64, 79, 123, 11, 131, 188, 145, 32, 85, 131, 75, 112, 41, 28, 111, 7, 104, 65, 90, 27, 94, 79, 41, 72, 74, 102, 63, 180, 53, 72, 91, 140, 131, 47),
    (144, 153, 164, 148, 8, 136, 112, 4, 56, 188, 13, 82, 85, 164, 10, 157, 38, 135, 5, 61, 37, 161, 133, 39, 193, 159, 12, 5, 111, 189, 46, 28, 168, 50, 85, 14, 65, 3, 102, 82),
    (145, 180, 90, 191, 52, 65, 129, 89, 170, 33, 65, 50, 159, 136, 160, 2, 74, 5, 65, 125, 88, 171, 143, 170, 85, 100, 193, 149, 120, 25, 10, 47, 28, 82, 140, 59, 42, 63, 44, 22),
    (146, 86, 104, 27, 49, 110, 142, 135, 135, 103, 73, 101, 66, 129, 7, 0, 103, 176, 122, 29, 66, 57, 66, 78, 6, 41, 144, 125, 90, 95, 169, 40, 95, 129, 103, 37, 43, 18, 56, 8),
    (147, 116, 117, 33, 64, 75, 51, 156, 84, 100, 128, 4, 80, 176, 75, 125, 182, 68, 28, 75, 158, 27, 78, 138, 15, 179, 32, 7, 142, 140, 51, 138, 23, 121, 85, 65, 134, 100, 180, 13),
    (148, 169, 102, 11, 13, 58, 43, 25, 86, 79, 59, 32, 41, 86, 42, 114, 100, 135, 22, 89, 140, 0, 146, 121, 11, 134, 136, 168, 144, 142, 140, 60, 54, 161, 134, 18, 102, 50, 181, 111),
    (149, 7, 65, 40, 104, 44, 87, 172, 6, 171, 60, 6, 57, 94, 8, 53, 89, 114, 104, 143, 148, 14, 85, 34, 39, 144, 14, 83, 157, 154, 154, 155, 20, 6, 72, 105, 16, 91, 102, 32),
    (150, 6, 38, 81, 188, 24, 198, 135, 4, 100, 159, 140, 179, 31, 100, 196, 98, 31, 178, 152, 57, 74, 126, 127, 25, 39, 168, 28, 182, 132, 126, 128, 78, 104, 90, 14, 122, 68, 34, 43),
    (151, 139, 190, 51, 91, 91, 23, 10, 13, 46, 40, 68, 63, 175, 89, 137, 124, 60, 97, 84, 86, 175, 73, 97, 167, 198, 20, 149, 7, 116, 177, 5, 146, 186, 93, 183, 4, 109, 145, 30),
    (152, 177, 93, 52, 118, 108, 189, 84, 96, 6, 134, 83, 192, 177, 83, 1, 107, 112, 198, 10, 19, 81, 26, 104, 141, 78, 113, 158, 32, 195, 33, 77, 22, 83, 7, 16, 115, 11, 95, 75),
    (153, 154, 147, 73, 152, 118, 194, 165, 45, 155, 97, 155, 91, 164, 147, 156, 128, 171, 47, 30, 171, 81, 191, 170, 188, 177, 177, 64, 49, 75, 73, 187, 113, 0, 199, 116, 51, 0, 79, 84),
    (154, 88, 131, 188, 79, 67, 49, 116, 8, 113, 197, 5, 180, 3, 147, 27, 33, 192, 41, 42, 29, 178, 63, 183, 41, 184, 19, 105, 143, 6, 134, 8, 106, 17, 107, 165, 29, 90, 133, 23),
    (155, 21, 63, 58, 197, 29, 189, 196, 184, 59, 3, 1, 48, 188, 178, 64, 181, 5, 56, 5, 7, 20, 196, 60, 6, 196, 52, 185, 4, 141, 89, 35, 199, 77, 136, 50, 118, 9, 158, 82),
    (156, 93, 194, 83, 68, 24, 53, 61, 23, 117, 73, 195, 172, 28, 185, 71, 106, 26, 116, 143, 60, 157, 5, 190, 157, 22, 187, 20, 30, 185, 151, 66, 108, 54, 72, 12, 49, 159, 3, 110),
    (157, 42, 190, 164, 137, 111, 103, 15, 16, 21, 42, 23, 131, 38, 188, 72, 63, 175, 34, 58, 82, 8, 55, 187, 187, 138, 96, 148, 93, 57, 103, 181, 21, 119, 60, 81, 100, 101, 50, 30),
    (158, 54, 85, 50, 87, 119, 169, 148, 9, 179, 74, 60, 74, 58, 117, 105, 21, 77, 36, 39, 188, 85, 103, 22, 129, 81, 79, 71, 66, 133, 75, 148, 108, 50, 192, 10, 177, 62, 94, 57),
    (159, 67, 175, 119, 3, 197, 153, 46, 172, 6, 107, 73, 15, 97, 27, 43, 10, 164, 73, 27, 121, 15, 29, 99, 163, 36, 54, 148, 102, 34, 2, 76, 54, 18, 173, 175, 44, 30, 194, 84),
    (160, 127, 56, 177, 39, 97, 5, 165, 175, 172, 113, 134, 82, 177, 6, 126, 93, 101, 169, 98, 171, 113, 56, 172, 64, 26, 154, 86, 8, 26, 162, 198, 158, 74, 192, 113, 140, 199, 153, 117),
    (161, 123, 193, 50, 59, 148, 41, 157, 34, 18, 139, 157, 179, 128, 164, 33, 53, 180, 191, 73, 169, 191, 17, 146, 116, 67, 157, 11, 72, 74, 41, 127, 191, 38, 21, 186, 7, 38, 97, 165),
    (162, 57, 160, 12, 132, 56, 101, 109, 115, 110, 38, 36, 127, 102, 58, 145, 149, 92, 40, 83, 30, 175, 162, 21, 20, 144, 176, 135, 25, 110, 81, 152, 37, 31, 92, 155, 160, 174, 177, 143),
    (163, 148, 85, 122, 185, 50, 199, 150, 41, 74, 160, 147, 119, 46, 57, 53, 162, 25, 127, 82, 100, 181, 149, 22, 142, 88, 196, 131, 82, 118, 135, 66, 121, 182, 14, 182, 129, 85, 33, 188),
    (164, 90, 71, 96, 150, 173, 101, 17, 7, 140, 4, 36, 144, 61, 35, 127, 12, 74, 17, 29, 94, 184, 42, 46, 65, 99, 105, 66, 67, 52, 155, 184, 14, 51, 50, 79, 10, 112, 95, 54),
    (165, 74, 189, 42, 189, 80, 5, 183, 72, 113, 67, 8, 17, 113, 133, 8, 121, 159, 10, 69, 69, 45, 59, 53, 118, 123, 131, 10, 40, 86, 194, 27, 94, 68, 103, 143, 182, 190, 190, 49),
    (166, 145, 46, 38, 191, 133, 7, 166, 169, 10, 70, 75, 166, 139, 178, 104, 158, 167, 63, 186, 23, 163, 141, 169, 0, 43, 162, 81, 162, 69, 148, 160, 142, 18, 158, 68, 114, 24, 90, 16),
    (167, 195, 46, 95, 11, 78, 81, 22, 72, 52, 151, 17, 147, 81, 133, 182, 100, 149, 151, 66, 38, 108, 113, 138, 164, 198, 158, 150, 144, 150, 57, 60, 58, 71, 14, 34, 196, 7, 54, 122),
    (168, 63, 109, 105, 158, 76, 132, 14, 132, 168, 82, 56, 195, 109, 174, 126, 126, 189, 135, 154, 137, 39, 156, 5, 159, 160, 155, 179, 187, 135, 196, 97, 86, 122, 113, 4, 125, 160, 60, 167),
    (169, 56, 103, 99, 66, 179, 159, 96, 163, 149, 163, 38, 101, 85, 3, 101, 35, 124, 171, 97, 115, 179, 147, 78, 105, 25, 190, 21, 5, 170, 119, 137, 51, 115, 105, 198, 128, 167, 193, 17),
    (170, 150, 9, 67, 122, 130, 88, 92, 16, 33, 180, 6, 197, 156, 27, 23, 69, 183, 111, 77, 172, 54, 132, 107, 144, 28, 199, 114, 119, 142, 127, 179, 113, 150, 57, 189, 32, 125, 121, 5),
    (171, 24, 52, 28, 17, 28, 131, 34, 140, 77, 68, 66, 53, 143, 110, 160, 36, 190, 63, 48, 120, 68, 129, 119, 137, 132, 110, 169, 28, 132, 132, 123, 199, 158, 39, 194, 118, 15, 14, 90),
    (172, 80, 46, 90, 112, 197, 117, 92, 135, 67, 98, 99, 44, 15, 39, 157, 168, 42, 107, 197, 43, 179, 5, 184, 79, 23, 93, 106, 164, 187, 40, 108, 155, 10, 158, 136, 157, 102, 143, 87),
    (173, 116, 27, 80, 6, 192, 178, 19, 188, 151, 155, 137, 0, 154, 31, 42, 160, 10, 61, 4, 57, 175, 125, 194, 115, 43, 8, 119, 73, 14, 166, 84, 146, 78, 29, 68, 38, 170, 152, 146),
    (174, 129, 20, 43, 196, 14, 41, 136, 136, 3, 154, 166, 138, 77, 88, 22, 17, 96, 151, 139, 35, 167, 110, 22, 7, 75, 171, 193, 79, 92, 21, 23, 123, 39, 84, 0, 59, 34, 124, 155),
    (175, 141, 72, 183, 194, 127, 73, 45, 144, 80, 40, 136, 76, 144, 173, 34, 177, 121, 154, 151, 59, 173, 38, 137, 174, 94, 143, 3, 182, 100, 18, 12, 137, 16, 3, 80, 171, 24, 144, 83),
    (176, 195, 154, 87, 159, 9, 14, 190, 39, 148, 178, 184, 178, 86, 161, 152, 48, 85, 30, 15, 3, 184, 165, 166, 152, 139, 66, 199, 187, 74, 33, 197, 190, 180, 16, 75, 172, 110, 73, 149),
    (177, 114, 23, 63, 1, 66, 135, 183, 70, 38, 6, 37, 48, 59, 43, 2, 103, 117, 110, 69, 198, 95, 111, 20, 6, 184, 172, 134, 32, 19, 157, 172, 46, 37, 20, 11, 50, 27, 29, 53),
    (178, 156, 150, 35, 117, 187, 168, 145, 197, 157, 16, 3, 162, 196, 12, 189, 0, 103, 82, 4, 168, 49, 0, 84, 0, 71, 96, 135, 175, 197, 157, 191, 159, 61, 42, 128, 190, 131, 48, 145),
    (179, 1, 141, 145, 97, 148, 176, 53, 112, 11, 54, 177, 70, 47, 157, 176, 144, 138, 97, 189, 190, 157, 140, 160, 15, 68, 192, 37, 86, 145, 105, 172, 96, 167, 61, 184, 139, 122, 128, 107),
    (180, 50, 103, 172, 74, 136, 156, 12, 143, 143, 122, 68, 188, 133, 101, 96, 38, 151, 18, 143, 18, 18, 21, 106, 158, 193, 149, 138, 121, 169, 96, 40, 55, 146, 135, 143, 102, 95, 51, 82),
    (181, 2, 29, 63, 34, 130, 52, 142, 138, 82, 146, 8, 139, 11, 70, 192, 57, 62, 198, 41, 86, 124, 143, 194, 171, 66, 18, 20, 112, 100, 52, 139, 132, 97, 164, 51, 79, 34, 51, 63),
    (182, 137, 61, 181, 165, 55, 108, 165, 10, 130, 184, 131, 195, 91, 26, 98, 20, 81, 21, 45, 86, 117, 137, 173, 60, 106, 168, 158, 80, 180, 107, 36, 8, 176, 156, 106, 165, 120, 61, 75),
    (183, 55, 49, 179, 139, 139, 11, 7, 72, 96, 73, 32, 170, 2, 145, 159, 39, 87, 188, 190, 184, 107, 173, 30, 139, 27, 72, 179, 63, 141, 41, 116, 14, 31, 143, 108, 125, 106, 184, 72),
    (184, 34, 128, 20, 18, 14, 99, 101, 156, 143, 79, 129, 96, 197, 174, 11, 199, 74, 14, 83, 127, 50, 97, 113, 185, 88, 70, 33, 137, 142, 27, 126, 128, 36, 120, 171, 94, 72, 52, 156),
    (185, 43, 117, 43, 98, 130, 164, 151, 195, 109, 59, 170, 118, 25, 157, 80, 157, 190, 164, 176, 64, 4, 183, 132, 169, 112, 59, 98, 177, 70, 66, 184, 90, 91, 112, 3, 178, 27, 26, 167),
    (186, 105, 37, 179, 58, 40, 53, 171, 119, 89, 190, 73, 131, 62, 9, 17, 138, 85, 32, 141, 160, 173, 87, 29, 134, 130, 103, 148, 91, 131, 80, 67, 102, 120, 94, 159, 198, 106, 120, 180),
    (187, 71, 161, 89, 187, 107, 150, 108, 35, 197, 63, 187, 111, 186, 173, 135, 93, 90, 5, 85, 136, 198, 196, 181, 83, 68, 95, 27, 60, 167, 103, 149, 199, 113, 169, 112, 188, 192, 134, 179),
    (188, 67, 137, 49, 68, 152, 23, 57, 64, 22, 96, 42, 141, 169, 186, 76, 13, 90, 144, 150, 119, 187, 163, 148, 60, 85, 20, 85, 118, 150, 95, 48, 194, 5, 18, 85, 33, 67, 180, 92),
    (189, 111, 190, 84, 152, 90, 80, 97, 91, 86, 168, 91, 79, 178, 11, 70, 152, 180, 7, 118, 145, 140, 13, 10, 97, 118, 194, 79, 96, 78, 108, 20, 147, 120, 27, 20, 184, 15, 180, 16),
    (190, 182, 73, 190, 38, 73, 155, 9, 186, 93, 161, 1, 141, 168, 170, 120, 129, 148, 118, 138, 77, 124, 147, 152, 134, 155, 2, 10, 49, 75, 148, 87, 171, 63, 64, 84, 176, 141, 113, 17),
    (191, 127, 83, 112, 59, 19, 72, 180, 12, 164, 127, 65, 150, 87, 179, 115, 135, 143, 36, 171, 109, 6, 188, 199, 8, 35, 168, 122, 20, 189, 15, 145, 137, 128, 103, 102, 162, 33, 118, 199),
    (192, 133, 116, 188, 53, 162, 199, 50, 147, 176, 50, 53, 72, 181, 12, 5, 98, 171, 19, 185, 26, 148, 98, 55, 22, 96, 148, 33, 66, 149, 108, 133, 31, 171, 166, 10, 11, 142, 177, 178),
    (193, 66, 156, 125, 47, 41, 161, 51, 18, 41, 161, 87, 130, 5, 48, 176, 64, 160, 89, 116, 98, 32, 49, 81, 29, 38, 80, 84, 98, 114, 138, 2, 11, 33, 3, 126, 127, 153, 166, 177),
    (194, 127, 91, 24, 167, 38, 48, 109, 162, 175, 74, 80, 136, 34, 39, 156, 28, 129, 30, 8, 143, 19, 178, 14, 114, 3, 31, 50, 106, 21, 11, 116, 144, 149, 112, 85, 97, 41, 192, 25),
    (195, 111, 168, 90, 168, 14, 7, 108, 176, 73, 27, 1, 35, 172, 108, 63, 197, 40, 167, 63, 196, 129, 156, 157, 192, 109, 154, 121, 147, 182, 26, 163, 150, 119, 37, 191, 52, 167, 136, 169),
    (196, 182, 102, 25, 105, 121, 93, 159, 80, 168, 127, 109, 123, 100, 23, 164, 98, 11, 184, 160, 117, 128, 106, 89, 48, 71, 142, 23, 51, 160, 83, 86, 47, 196, 94, 198, 58, 86, 84, 34),
    (197, 151, 21, 134, 122, 1, 104, 195, 184, 37, 189, 159, 95, 131, 50, 62, 183, 31, 20, 139, 69, 71, 44, 101, 13, 152, 16, 16, 43, 43, 61, 177, 69, 90, 198, 167, 153, 45, 55, 141),
    (198, 149, 111, 1, 168, 78, 20, 104, 7, 108, 191, 62, 132, 155, 166, 4, 51, 62, 76, 89, 187, 96, 103, 73, 4, 153, 56, 145, 56, 146, 132, 21, 13, 9, 111, 95, 121, 117, 27, 77),
    (199, 169, 158, 73, 141, 135, 164, 150, 108, 120, 124, 5, 111, 189, 106, 41, 106, 135, 65, 32, 39, 121, 3, 97, 3, 185, 163, 5, 57, 148, 3, 142, 143, 60, 122, 98, 67, 62, 192, 136);

INSERT INTO T12 (pk, t1, t2, t3, t4, t5, t6, t7, t8, t9, t10, t11, t13, t14, t15, t16, t17, t18, t19, t20, t21, t22, t23, t24, t25, t26, t27, t28, t29, t30, t31, t32, t33, t34, t35, t36, t37, t38, t39, t40)
VALUES
    (0, 43, 159, 121, 117, 4, 46, 69, 89, 188, 0, 81, 46, 37, 71, 34, 96, 44, 92, 0, 144, 74, 68, 75, 63, 173, 48, 9, 188, 169, 130, 188, 39, 103, 60, 156, 152, 170, 90, 17),
    (1, 137, 188, 5, 26, 26, 66, 104, 78, 142, 171, 135, 35, 116, 163, 20, 135, 34, 169, 56, 170, 39, 191, 14, 154, 49, 162, 127, 16, 199, 160, 152, 106, 101, 105, 163, 5, 42, 32, 110),
    (2, 18, 0, 98, 123, 179, 46, 11, 177, 155, 24, 47, 161, 81, 87, 79, 37, 50, 71, 121, 181, 46, 43, 122, 21, 192, 164, 155, 187, 84, 171, 61, 124, 183, 77, 68, 151, 2, 103, 105),
    (3, 77, 29, 176, 130, 14, 5, 127, 137, 84, 34, 35, 102, 112, 100, 155, 175, 11, 166, 47, 17, 102, 6, 81, 62, 165, 2, 41, 9, 172, 61, 170, 166, 190, 143, 5, 162, 59, 166, 129),
    (4, 115, 175, 50, 102, 44, 178, 84, 115, 113, 165, 69, 179, 198, 167, 45, 150, 187, 45, 160, 154, 28, 77, 160, 99, 54, 60, 166, 31, 74, 71, 95, 52, 131, 159, 144, 169, 85, 81, 136),
    (5, 153, 125, 100, 110, 154, 85, 65, 180, 188, 38, 135, 102, 164, 60, 24, 124, 121, 117, 44, 81, 102, 54, 138, 22, 35, 197, 132, 187, 64, 85, 99, 79, 65, 94, 63, 15, 94, 142, 13),
    (6, 96, 33, 125, 60, 88, 73, 144, 32, 155, 69, 96, 23, 160, 161, 164, 96, 169, 199, 146, 179, 137, 188, 182, 85, 137, 54, 139, 25, 102, 98, 1, 115, 97, 140, 106, 196, 23, 45, 33),
    (7, 48, 192, 145, 155, 117, 119, 25, 137, 43, 123, 196, 94, 25, 95, 169, 175, 57, 154, 94, 141, 86, 164, 87, 146, 136, 2, 158, 166, 99, 11, 192, 196, 125, 81, 162, 164, 68, 39, 158),
    (8, 115, 106, 11, 16, 88, 0, 186, 159, 128, 132, 81, 100, 165, 157, 174, 90, 41, 103, 18, 16, 90, 124, 193, 183, 168, 45, 178, 86, 181, 154, 53, 5, 74, 39, 117, 174, 42, 194, 168),
    (9, 156, 88, 171, 4, 43, 13, 63, 44, 104, 143, 86, 115, 199, 32, 34, 17, 185, 1, 4, 68, 92, 28, 73, 177, 71, 85, 180, 91, 58, 128, 125, 122, 84, 192, 164, 154, 138, 97, 130),
    (10, 145, 116, 116, 46, 16, 175, 114, 128, 107, 75, 101, 55, 52, 108, 29, 17, 129, 62, 25, 99, 72, 182, 45, 160, 74, 158, 167, 70, 122, 134, 136, 52, 76, 111, 51, 34, 63, 26, 47),
    (11, 33, 89, 129, 182, 17, 57, 124, 22, 1, 121, 28, 4, 6, 135, 191, 78, 56, 184, 142, 61, 28, 165, 5, 85, 113, 57, 191, 144, 13, 182, 189, 10, 99, 138, 143, 164, 134, 133, 120),
    (12, 151, 59, 140, 144, 5, 40, 76, 171, 109, 55, 20, 79, 110, 1, 112, 193, 62, 54, 126, 3, 98, 151, 57, 179, 78, 162, 91, 47, 103, 94, 91, 93, 143, 83, 47, 144, 182, 63, 135),
    (13, 165, 27, 188, 180, 7, 129, 151, 172, 71, 57, 195, 174, 128, 136, 28, 104, 173, 83, 88, 150, 175, 42, 162, 126, 49, 149, 191, 102, 139, 108, 32, 163, 115, 144, 105, 30, 35, 33, 123),
    (14, 3, 160, 142, 122, 45, 25, 36, 38, 98, 117, 148, 118, 50, 34, 45, 147, 42, 68, 157, 66, 77, 171, 163, 72, 8, 188, 9, 82, 71, 68, 19, 174, 0, 154, 76, 101, 31, 190, 38),
    (15, 84, 168, 162, 149, 13, 75, 45, 75, 178, 178, 127, 40, 126, 87, 129, 107, 137, 103, 105, 142, 75, 184, 102, 84, 181, 190, 144, 32, 43, 99, 26, 74, 67, 90, 18, 187, 75, 89, 138),
    (16, 158, 145, 45, 121, 28, 189, 114, 45, 78, 181, 151, 58, 18, 131, 117, 34, 63, 158, 136, 132, 49, 93, 61, 182, 111, 44, 101, 198, 64, 90, 175, 6, 181, 144, 63, 62, 63, 169, 179),
    (17, 157, 81, 25, 146, 13, 56, 126, 165, 54, 47, 71, 42, 119, 182, 102, 172, 5, 195, 152, 18, 175, 86, 149, 99, 20, 76, 161, 156, 101, 170, 61, 87, 36, 169, 106, 51, 169, 199, 148),
    (18, 72, 191, 22, 34, 166, 137, 25, 198, 170, 165, 91, 160, 44, 165, 87, 71, 143, 59, 146, 87, 177, 61, 79, 81, 17, 48, 127, 144, 68, 154, 99, 108, 155, 89, 143, 168, 31, 55, 91),
    (19, 5, 164, 195, 161, 102, 133, 135, 105, 181, 54, 185, 51, 105, 129, 109, 30, 56, 149, 51, 86, 135, 49, 152, 188, 152, 20, 84, 6, 103, 152, 108, 23, 148, 160, 156, 106, 85, 118, 151),
    (20, 76, 23, 22, 73, 28, 197, 154, 182, 100, 114, 15, 113, 25, 63, 179, 134, 166, 24, 145, 104, 134, 63, 32, 96, 169, 100, 57, 154, 83, 143, 158, 92, 153, 84, 117, 74, 69, 22, 107),
    (21, 177, 163, 119, 26, 97, 83, 135, 13, 74, 70, 161, 140, 197, 106, 188, 148, 114, 116, 146, 51, 99, 49, 108, 113, 76, 198, 176, 192, 24, 8, 164, 7, 104, 117, 84, 158, 194, 87, 9),
    (22, 85, 114, 142, 5, 125, 94, 98, 112, 95, 167, 2, 62, 88, 136, 5, 116, 171, 142, 34, 132, 174, 7, 123, 45, 57, 142, 40, 139, 175, 119, 21, 153, 88, 184, 101, 35, 12, 7, 88),
    (23, 142, 59, 24, 180, 93, 198, 69, 83, 165, 71, 3, 160, 142, 105, 154, 14, 2, 24, 186, 81, 98, 110, 70, 187, 24, 109, 90, 27, 70, 42, 176, 81, 102, 43, 35, 13, 53, 90, 69),
    (24, 161, 3, 28, 128, 112, 9, 8, 192, 75, 188, 123, 190, 75, 147, 163, 110, 26, 90, 139, 125, 125, 28, 67, 43, 66, 128, 35, 67, 48, 2, 141, 147, 7, 124, 97, 62, 99, 83, 22),
    (25, 77, 74, 71, 126, 71, 41, 70, 136, 37, 141, 137, 184, 59, 53, 119, 112, 140, 175, 56, 73, 8, 38, 30, 16, 38, 56, 44, 147, 158, 30, 75, 147, 8, 73, 170, 63, 181, 94, 178),
    (26, 175, 132, 91, 154, 162, 100, 74, 79, 51, 176, 159, 28, 78, 35, 58, 1, 180, 69, 86, 136, 150, 153, 145, 85, 1, 10, 4, 75, 14, 140, 72, 159, 156, 114, 182, 190, 165, 36, 64),
    (27, 180, 42, 148, 142, 191, 65, 173, 9, 77, 166, 118, 25, 12, 187, 169, 69, 52, 17, 133, 163, 124, 15, 49, 175, 186, 106, 155, 140, 188, 29, 79, 18, 124, 14, 45, 177, 177, 148, 171),
    (28, 167, 191, 151, 162, 140, 79, 54, 59, 144, 130, 138, 21, 83, 122, 137, 179, 15, 163, 25, 169, 28, 108, 19, 42, 76, 30, 120, 94, 96, 127, 35, 125, 23, 92, 84, 7, 9, 80, 156),
    (29, 131, 178, 100, 168, 6, 13, 106, 136, 99, 163, 8, 18, 59, 118, 160, 110, 65, 150, 24, 103, 96, 175, 77, 167, 113, 0, 178, 22, 85, 135, 14, 187, 118, 97, 57, 128, 113, 56, 69),
    (30, 93, 70, 12, 144, 92, 22, 37, 12, 23, 149, 4, 188, 111, 100, 17, 114, 44, 140, 15, 195, 188, 114, 130, 93, 66, 96, 172, 59, 187, 92, 141, 101, 60, 169, 144, 128, 17, 39, 19),
    (31, 145, 16, 6, 79, 140, 19, 130, 139, 33, 114, 83, 105, 194, 99, 27, 64, 69, 144, 146, 161, 89, 139, 106, 119, 39, 154, 141, 87, 91, 38, 53, 180, 64, 145, 92, 16, 31, 196, 121),
    (32, 154, 193, 155, 50, 84, 94, 186, 75, 167, 30, 195, 29, 124, 199, 4, 55, 132, 39, 91, 117, 33, 10, 79, 15, 119, 137, 49, 97, 71, 168, 21, 15, 99, 121, 155, 82, 95, 0, 40),
    (33, 67, 32, 84, 54, 14, 170, 15, 80, 141, 47, 50, 164, 192, 181, 63, 91, 195, 0, 37, 186, 144, 90, 70, 98, 178, 194, 116, 120, 27, 42, 98, 152, 73, 82, 136, 134, 63, 43, 126),
    (34, 150, 189, 161, 117, 170, 143, 23, 40, 179, 97, 23, 53, 189, 84, 79, 1, 183, 158, 17, 58, 194, 74, 128, 177, 48, 17, 41, 17, 192, 141, 111, 150, 194, 148, 138, 129, 178, 76, 110),
    (35, 163, 11, 183, 12, 92, 26, 138, 184, 24, 61, 173, 142, 76, 17, 28, 179, 32, 75, 129, 144, 103, 197, 89, 164, 160, 130, 52, 119, 188, 194, 35, 148, 0, 19, 91, 80, 88, 20, 42),
    (36, 49, 103, 30, 144, 60, 80, 190, 99, 31, 101, 104, 160, 173, 47, 128, 129, 42, 132, 131, 161, 48, 146, 2, 59, 18, 139, 192, 73, 133, 181, 46, 107, 185, 43, 30, 190, 134, 8, 140),
    (37, 50, 41, 152, 49, 149, 25, 44, 50, 38, 149, 162, 31, 76, 27, 81, 45, 49, 198, 18, 0, 7, 120, 195, 65, 74, 175, 24, 3, 15, 95, 153, 10, 93, 179, 191, 122, 190, 150, 103),
    (38, 99, 80, 38, 132, 131, 112, 28, 88, 118, 132, 58, 44, 41, 148, 83, 149, 63, 56, 51, 122, 57, 181, 199, 193, 18, 0, 15, 107, 122, 196, 15, 198, 37, 48, 83, 97, 11, 7, 108),
    (39, 49, 166, 42, 110, 85, 108, 186, 55, 178, 67, 179, 186, 156, 34, 132, 66, 47, 175, 34, 101, 122, 47, 114, 5, 35, 156, 47, 79, 55, 21, 41, 128, 157, 155, 44, 166, 78, 115, 69),
    (40, 51, 133, 167, 94, 49, 8, 75, 161, 147, 112, 28, 160, 26, 80, 125, 129, 44, 95, 153, 110, 103, 70, 170, 194, 185, 183, 88, 122, 120, 122, 136, 153, 61, 152, 7, 161, 57, 157, 8),
    (41, 103, 184, 174, 87, 56, 155, 130, 86, 18, 175, 81, 97, 40, 105, 60, 12, 100, 147, 120, 140, 11, 27, 40, 71, 94, 16, 133, 35, 62, 137, 132, 31, 116, 84, 102, 143, 129, 49, 48),
    (42, 15, 107, 108, 93, 19, 57, 153, 16, 108, 67, 179, 129, 192, 53, 73, 52, 58, 186, 173, 170, 18, 58, 56, 180, 27, 88, 74, 78, 131, 19, 171, 151, 90, 114, 44, 59, 28, 50, 180),
    (43, 128, 43, 13, 93, 159, 99, 123, 109, 98, 48, 85, 44, 104, 79, 152, 149, 65, 125, 61, 51, 128, 132, 1, 10, 23, 154, 76, 78, 152, 82, 22, 30, 128, 144, 151, 5, 31, 74, 22),
    (44, 15, 151, 111, 68, 169, 110, 121, 144, 163, 65, 137, 170, 49, 168, 61, 17, 16, 70, 180, 149, 140, 24, 35, 173, 132, 135, 30, 61, 69, 48, 164, 50, 187, 114, 9, 1, 167, 10, 15),
    (45, 48, 158, 162, 5, 189, 199, 155, 109, 126, 173, 66, 165, 62, 185, 144, 163, 70, 176, 29, 129, 190, 1, 35, 69, 117, 198, 166, 110, 177, 56, 0, 150, 76, 186, 171, 173, 122, 193, 165),
    (46, 150, 153, 5, 56, 74, 181, 4, 102, 173, 180, 94, 109, 2, 17, 191, 65, 50, 3, 53, 133, 190, 61, 15, 81, 66, 80, 193, 15, 18, 175, 15, 125, 10, 140, 175, 17, 177, 1, 197),
    (47, 31, 189, 178, 2, 141, 5, 120, 76, 144, 0, 177, 137, 120, 86, 87, 32, 162, 180, 46, 58, 46, 183, 155, 0, 100, 139, 56, 1, 60, 106, 91, 137, 78, 89, 37, 64, 162, 7, 112),
    (48, 70, 13, 109, 21, 30, 150, 3, 133, 21, 67, 187, 198, 183, 52, 91, 172, 141, 22, 0, 29, 21, 35, 18, 133, 130, 49, 1, 112, 41, 149, 106, 2, 68, 107, 88, 179, 193, 175, 119),
    (49, 112, 32, 171, 182, 71, 174, 198, 177, 111, 81, 157, 182, 173, 142, 115, 115, 76, 21, 72, 192, 114, 21, 72, 187, 59, 147, 144, 19, 170, 71, 156, 88, 82, 118, 19, 52, 106, 157, 114),
    (50, 107, 138, 83, 43, 107, 87, 192, 150, 88, 116, 91, 93, 0, 143, 116, 187, 39, 129, 71, 197, 81, 33, 162, 58, 100, 185, 158, 145, 177, 195, 111, 18, 179, 104, 167, 37, 31, 163, 70),
    (51, 134, 168, 53, 17, 166, 134, 106, 165, 54, 153, 139, 187, 153, 91, 153, 168, 124, 106, 78, 129, 28, 132, 111, 178, 129, 134, 149, 30, 142, 6, 111, 76, 177, 92, 99, 122, 92, 199, 72),
    (52, 4, 18, 129, 4, 140, 106, 33, 32, 143, 99, 98, 65, 43, 140, 131, 45, 142, 139, 171, 82, 123, 160, 178, 98, 68, 160, 44, 172, 42, 93, 105, 11, 82, 45, 146, 174, 110, 52, 117),
    (53, 63, 157, 50, 122, 147, 67, 125, 195, 34, 172, 92, 196, 25, 196, 139, 15, 41, 52, 3, 26, 1, 70, 85, 143, 25, 135, 196, 182, 67, 87, 101, 162, 9, 10, 102, 42, 152, 43, 96),
    (54, 150, 4, 51, 7, 2, 43, 66, 58, 126, 153, 71, 41, 196, 162, 164, 72, 125, 67, 154, 93, 133, 63, 26, 90, 190, 127, 29, 39, 78, 19, 103, 23, 136, 27, 21, 178, 120, 84, 140),
    (55, 111, 164, 93, 87, 124, 46, 193, 69, 1, 20, 141, 52, 107, 154, 199, 88, 169, 119, 32, 27, 140, 79, 88, 188, 64, 111, 51, 109, 166, 33, 50, 155, 160, 148, 20, 39, 20, 121, 29),
    (56, 82, 102, 24, 48, 131, 29, 193, 194, 131, 142, 139, 134, 20, 110, 67, 87, 52, 35, 94, 184, 153, 83, 4, 189, 131, 120, 163, 165, 191, 144, 124, 8, 39, 93, 192, 179, 183, 150, 176),
    (57, 187, 64, 195, 18, 86, 88, 41, 62, 33, 182, 78, 189, 179, 9, 6, 18, 128, 107, 70, 186, 136, 144, 138, 7, 88, 146, 110, 48, 148, 39, 139, 162, 118, 91, 97, 28, 67, 92, 176),
    (58, 81, 96, 46, 105, 94, 139, 18, 159, 135, 130, 46, 149, 177, 13, 195, 98, 5, 124, 81, 156, 195, 23, 164, 93, 166, 41, 64, 9, 3, 79, 189, 191, 123, 25, 11, 70, 131, 122, 64),
    (59, 111, 54, 40, 20, 131, 50, 30, 188, 42, 68, 60, 199, 143, 99, 69, 36, 131, 17, 25, 176, 186, 74, 82, 69, 119, 127, 130, 118, 144, 165, 96, 112, 127, 39, 28, 140, 104, 181, 29),
    (60, 171, 68, 148, 93, 140, 94, 190, 83, 70, 22, 45, 73, 124, 137, 121, 22, 53, 178, 102, 37, 0, 47, 89, 125, 150, 66, 81, 145, 113, 66, 38, 34, 135, 62, 59, 198, 0, 186, 9),
    (61, 160, 32, 18, 89, 72, 90, 29, 1, 140, 171, 4, 82, 113, 111, 18, 47, 6, 142, 35, 181, 36, 75, 22, 75, 56, 27, 41, 60, 168, 150, 135, 54, 182, 40, 117, 160, 101, 47, 76),
    (62, 131, 28, 69, 83, 4, 138, 145, 105, 2, 91, 16, 85, 157, 107, 37, 185, 24, 60, 175, 102, 31, 22, 74, 53, 63, 128, 37, 57, 170, 192, 94, 150, 42, 34, 102, 147, 184, 99, 48),
    (63, 29, 149, 53, 96, 124, 60, 125, 9, 191, 52, 107, 162, 41, 184, 181, 43, 107, 74, 81, 145, 174, 143, 148, 42, 92, 18, 35, 193, 35, 106, 100, 182, 26, 91, 179, 50, 188, 100, 11),
    (64, 70, 150, 197, 174, 156, 4, 128, 65, 154, 82, 137, 162, 46, 38, 75, 105, 67, 75, 11, 50, 198, 139, 114, 91, 141, 179, 65, 137, 179, 79, 140, 112, 25, 152, 183, 95, 4, 123, 72),
    (65, 73, 53, 50, 169, 55, 59, 97, 184, 146, 149, 53, 57, 47, 38, 192, 181, 114, 57, 56, 16, 2, 118, 105, 29, 84, 133, 75, 38, 56, 111, 120, 41, 35, 162, 54, 31, 17, 192, 178),
    (66, 182, 68, 176, 94, 137, 145, 189, 141, 86, 166, 138, 147, 112, 107, 85, 46, 115, 86, 78, 7, 61, 1, 28, 87, 174, 60, 20, 30, 97, 3, 84, 86, 74, 3, 68, 46, 117, 10, 175),
    (67, 189, 20, 41, 110, 30, 132, 7, 29, 170, 16, 150, 159, 99, 60, 44, 23, 44, 46, 37, 87, 66, 85, 71, 23, 25, 35, 83, 34, 52, 148, 135, 64, 124, 38, 82, 6, 31, 107, 33),
    (68, 39, 26, 175, 172, 173, 87, 109, 119, 49, 6, 131, 114, 16, 78, 184, 16, 92, 174, 173, 137, 119, 96, 164, 60, 144, 57, 52, 138, 55, 61, 77, 54, 160, 162, 97, 143, 179, 41, 132),
    (69, 24, 9, 4, 168, 94, 175, 148, 105, 61, 42, 109, 78, 25, 45, 46, 150, 172, 146, 0, 133, 163, 141, 41, 31, 64, 133, 69, 175, 128, 66, 18, 16, 100, 180, 141, 53, 102, 108, 48),
    (70, 21, 53, 159, 14, 76, 187, 31, 30, 159, 148, 50, 166, 149, 15, 89, 29, 122, 18, 58, 130, 53, 125, 175, 133, 143, 165, 197, 191, 103, 122, 51, 176, 73, 130, 18, 95, 160, 85, 171),
    (71, 106, 68, 50, 97, 184, 135, 144, 63, 189, 34, 154, 162, 189, 0, 49, 91, 199, 84, 168, 45, 93, 81, 27, 16, 41, 167, 121, 177, 86, 63, 99, 157, 158, 199, 44, 62, 53, 32, 32),
    (72, 94, 195, 105, 182, 165, 151, 15, 168, 18, 86, 156, 24, 83, 95, 148, 51, 11, 20, 20, 84, 78, 28, 88, 49, 77, 132, 89, 21, 25, 184, 174, 184, 65, 144, 46, 28, 186, 30, 185),
    (73, 147, 4, 197, 119, 81, 142, 197, 194, 84, 30, 166, 109, 14, 70, 183, 16, 77, 175, 146, 72, 163, 181, 62, 0, 56, 133, 52, 87, 159, 82, 91, 121, 190, 188, 178, 41, 93, 23, 128),
    (74, 192, 74, 96, 58, 70, 74, 83, 10, 45, 76, 26, 89, 158, 188, 115, 134, 136, 109, 67, 177, 107, 116, 148, 31, 84, 24, 75, 195, 174, 61, 36, 25, 83, 165, 194, 179, 104, 30, 55),
    (75, 152, 6, 112, 186, 37, 49, 122, 36, 66, 120, 32, 95, 181, 6, 70, 3, 189, 68, 65, 119, 4, 35, 47, 109, 169, 10, 101, 127, 120, 72, 191, 41, 47, 174, 0, 115, 24, 158, 97),
    (76, 167, 120, 92, 157, 46, 94, 144, 111, 193, 62, 13, 112, 145, 180, 125, 64, 130, 54, 174, 191, 165, 121, 6, 155, 90, 26, 90, 139, 174, 34, 105, 51, 74, 9, 33, 1, 64, 46, 14),
    (77, 173, 78, 131, 77, 15, 54, 23, 89, 75, 189, 193, 86, 50, 162, 116, 199, 121, 0, 169, 65, 187, 150, 123, 140, 185, 62, 58, 183, 148, 179, 98, 70, 26, 39, 49, 31, 183, 1, 90),
    (78, 151, 57, 178, 77, 111, 43, 110, 60, 9, 131, 184, 166, 157, 181, 177, 21, 116, 18, 1, 176, 120, 35, 70, 35, 171, 170, 196, 82, 193, 4, 107, 89, 194, 156, 32, 75, 131, 134, 159),
    (79, 17, 8, 23, 26, 44, 165, 142, 85, 111, 141, 129, 194, 93, 135, 15, 1, 114, 19, 8, 98, 112, 109, 12, 24, 176, 111, 174, 80, 74, 166, 45, 56, 189, 198, 112, 128, 190, 48, 118),
    (80, 118, 182, 49, 9, 8, 69, 105, 179, 112, 143, 11, 70, 150, 29, 96, 64, 127, 2, 124, 184, 194, 199, 21, 100, 197, 109, 29, 120, 128, 115, 125, 94, 150, 63, 29, 53, 8, 165, 40),
    (81, 146, 66, 139, 186, 174, 21, 15, 56, 121, 117, 1, 119, 159, 101, 124, 36, 115, 87, 164, 28, 20, 60, 173, 6, 39, 192, 195, 31, 192, 86, 185, 148, 117, 119, 182, 168, 65, 195, 88),
    (82, 174, 130, 169, 120, 140, 132, 54, 109, 86, 9, 19, 3, 191, 49, 138, 95, 96, 125, 71, 49, 109, 3, 174, 135, 101, 52, 63, 26, 110, 16, 119, 169, 56, 34, 84, 16, 29, 165, 28),
    (83, 191, 194, 129, 86, 88, 51, 131, 78, 146, 141, 54, 188, 43, 4, 135, 51, 129, 73, 165, 185, 99, 76, 165, 117, 177, 140, 40, 63, 128, 176, 85, 73, 90, 41, 68, 104, 109, 78, 162),
    (84, 106, 152, 139, 23, 98, 147, 116, 143, 130, 24, 27, 17, 8, 31, 155, 95, 8, 181, 164, 77, 152, 194, 96, 87, 47, 86, 138, 64, 41, 39, 17, 130, 16, 190, 93, 179, 98, 24, 99),
    (85, 103, 50, 24, 193, 75, 114, 143, 74, 155, 19, 6, 49, 36, 65, 91, 189, 12, 64, 192, 0, 32, 46, 54, 162, 49, 164, 39, 169, 103, 109, 35, 64, 100, 83, 0, 109, 105, 183, 20),
    (86, 159, 180, 72, 196, 32, 74, 168, 193, 188, 117, 35, 39, 181, 104, 50, 168, 135, 65, 150, 85, 177, 103, 102, 99, 197, 139, 6, 85, 113, 47, 176, 152, 184, 115, 35, 104, 136, 87, 10),
    (87, 179, 75, 22, 47, 16, 97, 170, 56, 88, 163, 149, 131, 59, 96, 63, 8, 131, 177, 47, 139, 95, 63, 64, 40, 141, 146, 92, 28, 175, 85, 116, 87, 187, 102, 82, 120, 175, 198, 105),
    (88, 188, 85, 142, 74, 43, 119, 51, 101, 62, 36, 123, 93, 110, 132, 87, 160, 118, 194, 80, 37, 22, 51, 177, 32, 7, 176, 33, 143, 69, 9, 165, 5, 29, 67, 157, 157, 150, 131, 36),
    (89, 98, 46, 110, 23, 89, 51, 55, 122, 92, 0, 125, 128, 120, 44, 112, 82, 4, 121, 60, 70, 145, 112, 5, 175, 195, 150, 120, 127, 87, 38, 111, 13, 82, 77, 79, 132, 112, 192, 112),
    (90, 191, 88, 22, 93, 102, 36, 133, 60, 193, 63, 123, 197, 73, 127, 165, 171, 90, 107, 68, 153, 99, 129, 108, 1, 16, 36, 41, 6, 71, 23, 68, 155, 31, 40, 134, 22, 158, 168, 29),
    (91, 48, 10, 29, 90, 33, 132, 123, 51, 66, 63, 85, 60, 113, 141, 42, 32, 0, 167, 44, 49, 149, 2, 146, 89, 62, 152, 65, 199, 125, 49, 15, 38, 198, 155, 36, 98, 160, 56, 199),
    (92, 194, 89, 35, 53, 121, 180, 173, 171, 3, 3, 187, 121, 23, 107, 30, 103, 148, 171, 89, 63, 196, 125, 120, 113, 8, 106, 142, 150, 59, 98, 99, 109, 161, 97, 78, 136, 96, 145, 145),
    (93, 41, 135, 6, 7, 167, 153, 128, 32, 32, 169, 26, 19, 104, 6, 16, 50, 167, 103, 189, 22, 66, 64, 128, 122, 98, 82, 92, 115, 75, 190, 123, 46, 168, 3, 63, 46, 19, 111, 181),
    (94, 60, 106, 153, 166, 193, 107, 107, 176, 137, 41, 134, 2, 108, 138, 94, 103, 145, 24, 160, 75, 178, 95, 17, 109, 11, 121, 59, 73, 46, 46, 67, 91, 13, 56, 132, 97, 114, 61, 134),
    (95, 80, 107, 177, 100, 101, 150, 7, 105, 100, 142, 53, 161, 75, 1, 167, 109, 6, 10, 5, 146, 157, 44, 64, 13, 196, 143, 63, 16, 29, 97, 121, 149, 58, 141, 180, 179, 172, 169, 197),
    (96, 175, 87, 108, 169, 146, 157, 116, 42, 172, 18, 189, 81, 29, 86, 6, 81, 45, 99, 176, 84, 36, 10, 123, 0, 143, 186, 68, 138, 23, 123, 36, 118, 117, 11, 147, 82, 83, 7, 83),
    (97, 158, 38, 144, 142, 153, 195, 172, 123, 184, 88, 160, 42, 136, 68, 60, 189, 107, 22, 176, 61, 23, 45, 62, 93, 153, 77, 199, 10, 75, 66, 80, 146, 130, 138, 14, 177, 7, 115, 100),
    (98, 44, 11, 181, 38, 124, 8, 93, 106, 83, 36, 101, 86, 76, 177, 1, 31, 79, 106, 181, 92, 58, 195, 124, 131, 90, 173, 147, 36, 46, 115, 56, 172, 124, 127, 17, 116, 188, 153, 13),
    (99, 63, 157, 90, 102, 196, 13, 70, 191, 197, 68, 100, 63, 53, 102, 68, 173, 185, 84, 83, 174, 143, 23, 13, 156, 112, 148, 173, 183, 91, 127, 141, 106, 128, 143, 168, 132, 148, 103, 96),
    (100, 96, 157, 159, 83, 78, 179, 152, 103, 147, 72, 21, 163, 92, 110, 192, 16, 55, 193, 71, 96, 131, 2, 92, 96, 85, 22, 32, 26, 30, 118, 137, 78, 135, 30, 180, 89, 50, 152, 186),
    (101, 35, 172, 69, 27, 168, 151, 51, 196, 131, 120, 146, 20, 184, 0, 105, 193, 94, 83, 105, 122, 72, 4, 183, 198, 153, 61, 35, 13, 192, 184, 82, 10, 163, 2, 84, 94, 18, 34, 53),
    (102, 152, 117, 40, 59, 136, 52, 23, 104, 142, 43, 18, 30, 172, 53, 130, 54, 164, 18, 91, 31, 117, 59, 84, 40, 184, 24, 15, 135, 108, 150, 159, 141, 109, 24, 158, 81, 196, 101, 1),
    (103, 36, 126, 148, 13, 90, 170, 138, 95, 56, 73, 50, 66, 58, 160, 21, 137, 165, 189, 87, 24, 42, 111, 162, 10, 60, 175, 173, 160, 172, 32, 120, 113, 116, 83, 12, 75, 128, 131, 145),
    (104, 8, 87, 112, 19, 58, 28, 175, 81, 192, 170, 113, 161, 103, 87, 102, 129, 129, 24, 82, 59, 191, 132, 13, 172, 23, 106, 155, 52, 103, 30, 129, 142, 166, 118, 57, 34, 186, 194, 161),
    (105, 145, 137, 173, 7, 142, 51, 176, 147, 62, 117, 129, 18, 168, 12, 199, 82, 124, 10, 99, 184, 56, 101, 16, 122, 116, 37, 14, 111, 187, 144, 197, 158, 148, 180, 93, 120, 168, 69, 110),
    (106, 197, 197, 17, 23, 169, 70, 91, 2, 153, 158, 195, 157, 0, 47, 42, 149, 51, 177, 151, 15, 107, 179, 185, 107, 31, 46, 185, 1, 25, 98, 144, 78, 14, 46, 137, 173, 29, 195, 168),
    (107, 136, 166, 68, 42, 147, 5, 143, 29, 81, 113, 86, 27, 132, 192, 62, 183, 49, 190, 171, 43, 19, 32, 102, 108, 182, 82, 29, 180, 135, 18, 184, 136, 162, 121, 164, 179, 71, 62, 36),
    (108, 6, 25, 77, 128, 102, 172, 40, 178, 176, 65, 0, 176, 35, 39, 48, 120, 195, 176, 161, 111, 147, 169, 162, 131, 146, 166, 37, 54, 129, 29, 11, 176, 54, 4, 167, 22, 164, 45, 154),
    (109, 44, 44, 78, 117, 107, 42, 56, 114, 23, 15, 102, 121, 28, 68, 59, 17, 41, 43, 0, 119, 22, 171, 118, 30, 122, 115, 6, 156, 10, 31, 44, 145, 149, 182, 59, 178, 182, 92, 191),
    (110, 185, 49, 187, 16, 12, 51, 121, 29, 154, 98, 176, 124, 153, 196, 80, 73, 89, 21, 173, 145, 63, 14, 87, 109, 1, 150, 45, 8, 32, 51, 72, 158, 67, 100, 184, 2, 184, 48, 58),
    (111, 181, 177, 195, 53, 104, 138, 36, 5, 193, 83, 160, 30, 44, 81, 126, 34, 127, 68, 146, 137, 144, 162, 185, 47, 65, 186, 28, 35, 78, 198, 160, 194, 198, 198, 159, 40, 12, 153, 41),
    (112, 72, 74, 148, 150, 87, 166, 172, 180, 87, 21, 192, 125, 118, 80, 158, 24, 62, 48, 108, 112, 63, 135, 147, 3, 98, 163, 49, 67, 147, 66, 164, 50, 147, 174, 93, 88, 123, 32, 62),
    (113, 57, 42, 98, 10, 82, 74, 19, 187, 172, 175, 92, 8, 67, 194, 195, 136, 128, 39, 197, 172, 109, 156, 191, 101, 115, 178, 82, 77, 197, 78, 37, 2, 9, 37, 140, 111, 135, 31, 179),
    (114, 77, 155, 119, 133, 113, 57, 173, 9, 84, 173, 156, 120, 162, 61, 177, 74, 106, 61, 16, 187, 159, 103, 168, 51, 111, 197, 58, 91, 60, 117, 110, 192, 110, 195, 183, 11, 68, 34, 43),
    (115, 101, 98, 192, 42, 21, 41, 63, 56, 21, 35, 127, 194, 126, 35, 42, 34, 169, 4, 10, 72, 29, 60, 80, 2, 157, 92, 120, 163, 62, 105, 119, 72, 179, 150, 118, 98, 77, 189, 95),
    (116, 140, 86, 199, 99, 47, 84, 113, 98, 83, 38, 7, 167, 103, 117, 2, 47, 21, 13, 69, 79, 53, 93, 133, 132, 118, 172, 2, 37, 98, 17, 124, 11, 72, 198, 121, 188, 46, 59, 199),
    (117, 3, 106, 96, 112, 180, 132, 180, 30, 73, 68, 78, 158, 105, 139, 196, 197, 8, 185, 15, 155, 23, 102, 43, 32, 68, 162, 181, 4, 20, 134, 77, 139, 93, 194, 68, 114, 97, 58, 86),
    (118, 154, 158, 22, 84, 110, 8, 22, 113, 58, 21, 155, 128, 97, 81, 7, 46, 177, 59, 23, 178, 166, 28, 23, 100, 52, 125, 129, 12, 160, 109, 81, 162, 68, 36, 44, 109, 73, 36, 188),
    (119, 18, 146, 124, 89, 111, 138, 156, 97, 136, 124, 33, 23, 186, 195, 136, 106, 63, 180, 24, 181, 18, 178, 20, 74, 193, 85, 124, 37, 56, 137, 199, 2, 106, 118, 119, 24, 119, 25, 118),
    (120, 83, 39, 34, 170, 110, 72, 165, 162, 99, 79, 171, 182, 30, 119, 73, 75, 146, 72, 136, 72, 20, 116, 151, 22, 55, 67, 140, 46, 183, 165, 3, 77, 61, 173, 169, 174, 28, 145, 117),
    (121, 31, 150, 67, 45, 166, 53, 187, 16, 16, 155, 62, 5, 21, 37, 167, 98, 175, 100, 171, 64, 180, 16, 31, 189, 43, 178, 113, 151, 192, 87, 99, 19, 135, 33, 18, 106, 87, 148, 38),
    (122, 189, 124, 155, 156, 181, 116, 154, 103, 83, 8, 63, 53, 136, 176, 22, 132, 51, 194, 167, 85, 129, 107, 187, 43, 71, 104, 110, 1, 79, 98, 44, 20, 197, 77, 124, 30, 7, 53, 25),
    (123, 146, 88, 20, 128, 140, 169, 40, 80, 151, 140, 129, 20, 173, 198, 125, 195, 122, 103, 47, 69, 112, 30, 36, 97, 139, 78, 95, 131, 136, 155, 91, 149, 22, 57, 125, 160, 9, 74, 58),
    (124, 9, 106, 16, 123, 36, 155, 7, 167, 175, 188, 108, 8, 59, 191, 68, 143, 180, 166, 167, 106, 0, 77, 113, 23, 189, 185, 147, 196, 165, 173, 7, 51, 86, 95, 38, 177, 143, 26, 188),
    (125, 161, 162, 172, 86, 148, 137, 58, 66, 61, 149, 185, 124, 97, 108, 148, 31, 39, 49, 82, 96, 183, 130, 24, 171, 191, 31, 146, 87, 80, 47, 102, 186, 77, 90, 86, 186, 179, 47, 86),
    (126, 103, 143, 118, 25, 130, 80, 87, 1, 91, 50, 139, 86, 16, 192, 172, 110, 178, 13, 75, 62, 96, 187, 166, 64, 157, 177, 151, 82, 181, 65, 61, 189, 147, 43, 117, 122, 154, 135, 85),
    (127, 29, 26, 52, 11, 29, 103, 191, 9, 7, 152, 164, 198, 143, 132, 140, 54, 194, 153, 178, 169, 91, 39, 177, 93, 164, 69, 100, 100, 155, 110, 41, 69, 56, 41, 130, 46, 142, 91, 102),
    (128, 147, 83, 68, 174, 146, 100, 109, 22, 144, 132, 100, 158, 127, 134, 3, 18, 169, 60, 20, 150, 123, 171, 177, 122, 176, 116, 163, 88, 105, 10, 100, 38, 82, 170, 97, 77, 27, 187, 152),
    (129, 186, 85, 12, 139, 52, 184, 94, 168, 175, 95, 62, 156, 17, 5, 54, 199, 117, 52, 12, 159, 81, 127, 136, 151, 87, 171, 176, 187, 163, 101, 119, 182, 172, 26, 79, 192, 74, 122, 155),
    (130, 110, 119, 24, 120, 178, 6, 156, 184, 28, 64, 53, 47, 53, 133, 70, 100, 74, 134, 144, 154, 45, 101, 26, 13, 86, 61, 197, 87, 101, 59, 19, 186, 34, 136, 112, 115, 129, 133, 47),
    (131, 26, 177, 187, 117, 30, 95, 40, 25, 192, 163, 60, 75, 49, 182, 61, 137, 40, 117, 48, 103, 97, 93, 187, 42, 30, 183, 175, 14, 28, 134, 43, 181, 144, 163, 45, 195, 52, 90, 158),
    (132, 1, 138, 79, 160, 182, 164, 126, 106, 77, 17, 9, 150, 132, 38, 175, 184, 91, 51, 129, 6, 168, 160, 124, 109, 25, 170, 77, 184, 168, 145, 179, 178, 88, 177, 183, 164, 97, 138, 72),
    (133, 40, 189, 163, 158, 6, 32, 131, 163, 24, 82, 10, 143, 142, 106, 149, 7, 141, 97, 140, 194, 91, 100, 115, 164, 96, 99, 67, 151, 118, 142, 166, 102, 15, 82, 61, 194, 53, 130, 155),
    (134, 76, 120, 87, 32, 67, 83, 189, 153, 49, 169, 126, 149, 12, 176, 182, 128, 80, 186, 103, 72, 28, 185, 103, 44, 36, 156, 20, 1, 78, 106, 114, 7, 79, 24, 8, 96, 46, 189, 40),
    (135, 104, 103, 148, 156, 64, 104, 188, 193, 177, 136, 93, 34, 69, 132, 32, 83, 77, 117, 125, 181, 148, 108, 95, 153, 33, 194, 23, 165, 114, 170, 166, 55, 149, 35, 149, 170, 143, 164, 122),
    (136, 32, 180, 167, 55, 75, 108, 141, 121, 176, 55, 168, 88, 56, 91, 170, 78, 158, 38, 24, 178, 181, 151, 103, 164, 27, 134, 114, 105, 164, 52, 111, 159, 130, 13, 146, 110, 2, 141, 48),
    (137, 168, 41, 187, 86, 83, 112, 183, 170, 173, 197, 86, 83, 25, 184, 43, 12, 69, 171, 125, 98, 174, 185, 92, 101, 109, 17, 139, 198, 81, 89, 166, 42, 18, 64, 131, 53, 174, 182, 139),
    (138, 153, 21, 195, 185, 92, 131, 105, 134, 22, 101, 155, 61, 120, 17, 131, 101, 131, 16, 37, 64, 29, 151, 185, 81, 5, 76, 161, 105, 156, 169, 32, 83, 84, 53, 71, 26, 60, 85, 166),
    (139, 20, 175, 33, 90, 22, 36, 119, 45, 198, 160, 48, 163, 118, 94, 113, 114, 125, 173, 65, 167, 111, 182, 60, 193, 180, 101, 82, 182, 66, 1, 3, 146, 66, 169, 8, 7, 66, 62, 183),
    (140, 174, 4, 105, 119, 55, 71, 164, 101, 114, 177, 121, 193, 158, 100, 95, 53, 28, 10, 30, 190, 47, 143, 143, 95, 42, 80, 174, 35, 106, 59, 44, 176, 2, 84, 41, 147, 8, 145, 172),
    (141, 176, 127, 17, 192, 157, 79, 152, 99, 132, 51, 22, 67, 171, 197, 111, 85, 46, 59, 166, 34, 43, 24, 22, 190, 71, 93, 79, 184, 152, 52, 132, 100, 25, 129, 186, 43, 102, 50, 186),
    (142, 182, 148, 134, 160, 73, 13, 45, 108, 165, 112, 186, 47, 75, 79, 157, 45, 139, 188, 75, 11, 116, 155, 18, 82, 135, 126, 88, 178, 158, 21, 143, 90, 148, 57, 151, 28, 198, 1, 118),
    (143, 69, 196, 58, 181, 28, 182, 85, 81, 175, 67, 81, 49, 117, 143, 158, 16, 80, 23, 161, 194, 95, 38, 82, 12, 57, 120, 117, 31, 136, 24, 108, 0, 129, 106, 113, 39, 177, 156, 80),
    (144, 154, 190, 114, 166, 148, 129, 160, 90, 72, 3, 194, 79, 63, 128, 9, 61, 41, 28, 54, 92, 170, 72, 186, 39, 83, 128, 25, 144, 103, 71, 105, 100, 128, 121, 81, 104, 65, 32, 55),
    (145, 159, 68, 17, 97, 154, 162, 6, 32, 78, 157, 55, 46, 115, 104, 30, 124, 93, 40, 98, 184, 50, 64, 56, 71, 46, 83, 192, 188, 187, 115, 73, 193, 114, 92, 1, 79, 58, 147, 179),
    (146, 9, 154, 65, 72, 150, 64, 51, 115, 150, 148, 118, 78, 22, 18, 134, 8, 87, 183, 74, 187, 53, 57, 145, 62, 127, 173, 67, 198, 49, 12, 98, 27, 14, 92, 110, 190, 139, 59, 189),
    (147, 145, 94, 30, 36, 25, 136, 108, 151, 176, 167, 168, 124, 165, 14, 52, 145, 143, 145, 180, 135, 188, 52, 8, 163, 183, 41, 88, 199, 20, 5, 144, 187, 91, 74, 145, 89, 9, 106, 109),
    (148, 148, 40, 144, 11, 135, 0, 47, 58, 179, 31, 197, 32, 112, 6, 56, 101, 175, 136, 7, 130, 124, 27, 160, 165, 174, 80, 10, 130, 119, 145, 104, 15, 188, 118, 43, 137, 183, 138, 135),
    (149, 177, 109, 124, 149, 51, 199, 120, 11, 56, 138, 138, 7, 192, 94, 91, 20, 79, 48, 127, 108, 64, 94, 147, 153, 88, 35, 62, 138, 141, 195, 127, 109, 82, 138, 114, 122, 139, 93, 38),
    (150, 55, 61, 132, 156, 41, 101, 101, 30, 102, 7, 25, 46, 53, 138, 30, 79, 71, 3, 124, 170, 22, 88, 20, 105, 158, 51, 145, 122, 65, 143, 3, 113, 98, 91, 15, 99, 192, 118, 41),
    (151, 18, 36, 163, 153, 187, 54, 172, 126, 176, 172, 177, 48, 109, 56, 119, 21, 196, 110, 58, 37, 90, 87, 47, 26, 11, 119, 127, 121, 28, 137, 189, 155, 21, 163, 65, 128, 80, 74, 129),
    (152, 61, 149, 36, 147, 152, 89, 138, 138, 92, 154, 62, 191, 16, 186, 173, 86, 159, 173, 156, 71, 41, 187, 34, 44, 79, 179, 133, 146, 167, 94, 24, 28, 192, 155, 1, 103, 134, 45, 155),
    (153, 193, 92, 139, 1, 31, 149, 192, 89, 115, 79, 69, 90, 98, 190, 85, 146, 125, 75, 104, 111, 179, 41, 117, 50, 188, 174, 123, 39, 28, 1, 90, 60, 150, 85, 105, 122, 106, 181, 46),
    (154, 43, 98, 103, 126, 62, 11, 112, 111, 33, 188, 61, 42, 46, 93, 125, 58, 33, 91, 24, 96, 166, 157, 124, 130, 124, 50, 195, 185, 66, 65, 108, 197, 73, 138, 116, 7, 37, 3, 27),
    (155, 199, 79, 65, 125, 177, 183, 11, 197, 112, 111, 18, 193, 59, 27, 42, 101, 102, 191, 115, 121, 6, 158, 77, 82, 14, 192, 155, 71, 64, 82, 87, 168, 74, 91, 192, 70, 124, 86, 85),
    (156, 74, 109, 106, 154, 162, 84, 161, 3, 51, 129, 55, 14, 63, 159, 195, 70, 33, 96, 93, 170, 19, 26, 33, 15, 76, 5, 108, 140, 123, 120, 100, 186, 79, 90, 92, 152, 69, 136, 48),
    (157, 142, 196, 3, 198, 162, 169, 83, 153, 63, 16, 159, 123, 197, 99, 196, 11, 17, 100, 106, 83, 95, 170, 74, 82, 59, 75, 48, 97, 25, 82, 157, 126, 48, 30, 46, 138, 57, 67, 1),
    (158, 84, 11, 124, 87, 154, 116, 175, 135, 178, 18, 94, 117, 156, 163, 37, 114, 26, 46, 137, 180, 155, 133, 32, 44, 131, 57, 87, 71, 71, 170, 44, 50, 91, 59, 54, 186, 130, 132, 14),
    (159, 137, 87, 6, 3, 188, 178, 191, 60, 121, 120, 141, 174, 190, 53, 13, 134, 22, 36, 22, 32, 157, 17, 139, 46, 8, 155, 89, 127, 21, 102, 43, 163, 3, 32, 130, 71, 189, 30, 22),
    (160, 60, 102, 57, 36, 17, 12, 141, 42, 13, 143, 65, 118, 30, 49, 1, 141, 135, 74, 148, 22, 103, 1, 136, 142, 93, 117, 171, 169, 54, 1, 147, 181, 112, 157, 97, 51, 114, 75, 36),
    (161, 8, 188, 74, 93, 101, 157, 155, 24, 87, 44, 156, 65, 186, 63, 112, 106, 55, 147, 64, 182, 137, 178, 166, 193, 100, 159, 120, 138, 44, 129, 31, 12, 20, 55, 117, 116, 78, 17, 108),
    (162, 177, 66, 131, 47, 0, 148, 86, 96, 117, 190, 160, 95, 127, 79, 61, 39, 119, 112, 127, 44, 63, 103, 168, 96, 63, 146, 140, 59, 12, 197, 99, 156, 97, 142, 66, 170, 99, 182, 85),
    (163, 37, 39, 21, 190, 53, 18, 134, 92, 169, 151, 70, 23, 99, 83, 34, 183, 40, 114, 171, 77, 132, 183, 54, 177, 13, 148, 90, 145, 57, 21, 157, 161, 145, 22, 140, 63, 135, 37, 193),
    (164, 112, 157, 29, 138, 172, 100, 9, 122, 143, 180, 67, 124, 79, 90, 167, 2, 65, 99, 76, 33, 189, 27, 100, 129, 131, 30, 6, 162, 59, 25, 66, 171, 72, 89, 34, 8, 199, 117, 53),
    (165, 132, 60, 153, 154, 172, 86, 195, 26, 128, 55, 103, 115, 182, 126, 84, 27, 117, 164, 91, 72, 186, 142, 92, 137, 26, 117, 139, 146, 176, 81, 37, 30, 60, 24, 14, 150, 10, 0, 140),
    (166, 139, 66, 178, 158, 159, 55, 144, 136, 116, 123, 84, 166, 51, 159, 21, 154, 175, 97, 89, 44, 64, 28, 55, 107, 38, 137, 152, 182, 25, 117, 37, 144, 40, 4, 16, 125, 22, 97, 38),
    (167, 105, 5, 186, 26, 50, 174, 19, 137, 110, 2, 185, 42, 134, 95, 130, 41, 77, 42, 100, 29, 65, 69, 85, 87, 29, 48, 28, 178, 182, 130, 70, 149, 105, 125, 32, 94, 166, 88, 69),
    (168, 124, 55, 102, 20, 177, 36, 194, 156, 30, 145, 156, 83, 136, 41, 109, 118, 151, 30, 182, 165, 120, 75, 65, 195, 31, 85, 178, 189, 65, 33, 108, 195, 103, 189, 25, 148, 32, 153, 181),
    (169, 28, 166, 190, 133, 171, 16, 46, 171, 19, 114, 102, 17, 66, 15, 106, 105, 198, 144, 78, 145, 25, 71, 6, 123, 40, 58, 110, 184, 46, 190, 32, 78, 9, 199, 183, 25, 5, 18, 199),
    (170, 131, 148, 16, 161, 33, 91, 182, 97, 116, 198, 167, 152, 156, 177, 79, 187, 65, 145, 193, 181, 80, 22, 38, 155, 157, 19, 191, 76, 57, 103, 15, 29, 119, 124, 77, 192, 180, 173, 149),
    (171, 161, 187, 77, 170, 121, 154, 75, 101, 106, 138, 149, 92, 4, 52, 167, 34, 99, 140, 92, 114, 53, 155, 52, 156, 24, 26, 112, 40, 42, 62, 21, 11, 188, 163, 162, 142, 146, 37, 80),
    (172, 117, 189, 40, 132, 116, 77, 113, 126, 100, 133, 166, 65, 99, 91, 35, 54, 135, 10, 122, 104, 10, 178, 18, 122, 4, 49, 147, 38, 168, 174, 156, 16, 37, 73, 112, 179, 178, 192, 198),
    (173, 144, 57, 169, 56, 33, 35, 50, 4, 196, 117, 67, 8, 136, 82, 74, 102, 96, 67, 11, 102, 145, 186, 85, 121, 22, 7, 23, 103, 140, 162, 4, 3, 45, 137, 107, 104, 190, 56, 88),
    (174, 182, 46, 182, 169, 153, 90, 93, 58, 122, 13, 147, 159, 42, 122, 118, 159, 193, 137, 179, 162, 48, 74, 153, 83, 41, 69, 92, 128, 71, 12, 14, 193, 45, 120, 114, 15, 127, 113, 2),
    (175, 106, 25, 143, 142, 80, 112, 65, 194, 108, 101, 67, 64, 196, 164, 156, 112, 39, 126, 180, 168, 81, 36, 184, 85, 191, 144, 77, 128, 5, 104, 22, 108, 11, 28, 140, 58, 195, 142, 78),
    (176, 104, 3, 112, 172, 184, 29, 73, 126, 180, 142, 56, 71, 3, 48, 69, 88, 119, 17, 100, 55, 61, 193, 30, 5, 56, 105, 41, 21, 102, 140, 193, 107, 169, 118, 129, 95, 175, 14, 174),
    (177, 183, 117, 164, 27, 42, 0, 107, 98, 34, 134, 172, 70, 21, 11, 83, 119, 112, 108, 145, 29, 194, 78, 66, 16, 187, 66, 32, 124, 26, 184, 129, 3, 141, 148, 192, 175, 129, 151, 78),
    (178, 58, 92, 19, 147, 20, 171, 166, 163, 82, 135, 173, 34, 147, 95, 84, 126, 134, 64, 193, 134, 143, 87, 148, 186, 48, 76, 141, 80, 90, 14, 4, 186, 113, 66, 52, 26, 23, 151, 85),
    (179, 162, 53, 191, 22, 185, 80, 109, 18, 171, 177, 161, 143, 144, 140, 174, 173, 124, 109, 3, 150, 165, 22, 66, 127, 151, 64, 170, 97, 199, 180, 92, 22, 54, 74, 12, 54, 19, 120, 179),
    (180, 79, 72, 5, 30, 150, 78, 24, 36, 94, 92, 198, 40, 166, 134, 139, 133, 83, 174, 115, 37, 32, 180, 29, 13, 135, 83, 33, 162, 93, 44, 15, 174, 25, 57, 199, 95, 71, 50, 105),
    (181, 96, 5, 59, 62, 13, 174, 145, 68, 112, 195, 140, 65, 42, 51, 176, 72, 133, 61, 164, 160, 55, 79, 117, 189, 109, 187, 153, 133, 30, 49, 192, 178, 124, 147, 184, 90, 124, 63, 30),
    (182, 183, 102, 142, 94, 22, 5, 22, 39, 156, 123, 86, 163, 110, 11, 71, 98, 185, 169, 2, 150, 189, 82, 3, 194, 124, 101, 125, 68, 105, 41, 25, 140, 82, 104, 55, 31, 132, 94, 122),
    (183, 107, 4, 94, 34, 97, 179, 146, 130, 171, 70, 173, 194, 95, 23, 78, 172, 85, 191, 131, 134, 110, 184, 17, 98, 159, 96, 53, 39, 26, 147, 105, 99, 168, 126, 136, 31, 175, 44, 177),
    (184, 13, 52, 76, 55, 72, 24, 179, 172, 179, 195, 186, 84, 55, 31, 72, 162, 132, 145, 97, 75, 184, 76, 16, 30, 177, 24, 166, 147, 133, 137, 148, 118, 175, 105, 196, 38, 101, 155, 78),
    (185, 140, 21, 167, 40, 76, 53, 19, 57, 32, 95, 58, 194, 27, 118, 112, 102, 80, 85, 68, 56, 184, 192, 16, 1, 70, 196, 106, 149, 78, 50, 118, 47, 37, 12, 185, 3, 110, 95, 146),
    (186, 110, 20, 99, 175, 160, 112, 10, 105, 4, 75, 87, 173, 155, 95, 103, 110, 55, 115, 8, 84, 131, 130, 110, 12, 163, 107, 98, 75, 5, 189, 153, 18, 137, 174, 130, 145, 2, 88, 52),
    (187, 186, 19, 139, 137, 16, 182, 103, 126, 185, 162, 191, 179, 29, 12, 130, 118, 15, 116, 169, 173, 36, 122, 185, 118, 49, 100, 107, 133, 174, 119, 1, 65, 79, 184, 81, 125, 189, 118, 112),
    (188, 132, 117, 99, 107, 76, 83, 25, 168, 178, 127, 39, 23, 106, 72, 193, 46, 28, 30, 153, 121, 146, 48, 73, 7, 142, 170, 1, 38, 112, 53, 16, 18, 174, 9, 143, 192, 196, 128, 135),
    (189, 155, 7, 42, 140, 26, 133, 88, 58, 74, 175, 111, 151, 23, 124, 153, 68, 194, 178, 69, 99, 151, 2, 153, 186, 0, 163, 146, 98, 126, 122, 158, 184, 95, 157, 114, 192, 177, 168, 62),
    (190, 82, 21, 175, 10, 195, 24, 100, 91, 50, 177, 132, 38, 22, 39, 93, 7, 56, 181, 3, 115, 131, 146, 88, 15, 39, 105, 177, 152, 114, 38, 66, 47, 51, 72, 34, 113, 94, 160, 131),
    (191, 156, 92, 1, 80, 2, 129, 40, 134, 86, 38, 40, 40, 153, 35, 138, 195, 146, 161, 167, 13, 178, 53, 147, 108, 178, 13, 102, 101, 69, 131, 140, 132, 65, 168, 140, 86, 97, 78, 194),
    (192, 76, 98, 96, 96, 193, 89, 129, 112, 70, 140, 83, 119, 62, 6, 28, 115, 116, 189, 39, 167, 16, 191, 20, 19, 55, 189, 21, 49, 122, 73, 116, 124, 56, 0, 195, 111, 193, 127, 93),
    (193, 156, 163, 101, 179, 76, 154, 198, 25, 116, 138, 34, 134, 133, 40, 16, 100, 97, 159, 156, 110, 135, 99, 136, 15, 153, 77, 57, 191, 17, 67, 109, 183, 164, 91, 128, 16, 33, 141, 9),
    (194, 83, 136, 49, 141, 174, 93, 44, 33, 77, 163, 177, 130, 10, 186, 34, 50, 41, 113, 59, 5, 89, 166, 119, 150, 181, 128, 185, 84, 104, 118, 184, 54, 124, 130, 157, 145, 122, 101, 164),
    (195, 83, 100, 37, 141, 41, 32, 31, 50, 83, 93, 164, 112, 102, 169, 87, 88, 176, 129, 109, 50, 57, 101, 6, 182, 58, 118, 105, 25, 116, 197, 61, 19, 59, 159, 85, 199, 166, 91, 184),
    (196, 101, 88, 126, 44, 65, 101, 65, 121, 194, 6, 7, 45, 191, 137, 46, 65, 139, 32, 35, 46, 197, 171, 30, 107, 15, 149, 116, 105, 48, 175, 132, 56, 120, 1, 56, 82, 100, 149, 123),
    (197, 122, 155, 162, 37, 45, 70, 102, 97, 85, 192, 30, 134, 120, 71, 61, 197, 61, 91, 28, 119, 75, 145, 24, 49, 168, 5, 70, 102, 32, 105, 90, 128, 99, 39, 61, 69, 76, 164, 11),
    (198, 80, 171, 28, 162, 10, 157, 135, 66, 178, 193, 199, 39, 173, 86, 132, 11, 81, 187, 2, 143, 89, 104, 25, 14, 171, 10, 111, 86, 175, 126, 140, 161, 24, 0, 162, 78, 185, 195, 116),
    (199, 194, 100, 25, 152, 67, 104, 49, 2, 100, 46, 29, 31, 66, 94, 107, 28, 51, 144, 41, 106, 118, 153, 172, 182, 83, 182, 46, 143, 102, 120, 132, 29, 95, 80, 161, 191, 98, 88, 132);

INSERT INTO T13 (pk, t1, t2, t3, t4, t5, t6, t7, t8, t9, t10, t11, t12, t14, t15, t16, t17, t18, t19, t20, t21, t22, t23, t24, t25, t26, t27, t28, t29, t30, t31, t32, t33, t34, t35, t36, t37, t38, t39, t40)
VALUES
    (0, 37, 153, 199, 67, 83, 22, 44, 111, 93, 71, 75, 89, 135, 61, 191, 81, 186, 159, 95, 12, 2, 159, 34, 18, 123, 76, 9, 197, 6, 33, 89, 75, 14, 74, 160, 74, 59, 108, 163),
    (1, 83, 141, 116, 131, 85, 123, 6, 188, 47, 173, 106, 141, 128, 124, 74, 194, 62, 34, 195, 38, 106, 123, 159, 110, 135, 185, 73, 124, 195, 173, 21, 158, 131, 112, 32, 119, 194, 52, 170),
    (2, 143, 42, 37, 176, 45, 141, 178, 159, 156, 146, 135, 29, 21, 156, 135, 60, 132, 95, 112, 79, 129, 124, 83, 3, 156, 154, 155, 23, 47, 172, 168, 76, 71, 58, 26, 183, 142, 55, 39),
    (3, 168, 184, 79, 196, 154, 147, 142, 152, 123, 191, 39, 180, 110, 199, 46, 183, 15, 152, 106, 84, 134, 96, 148, 9, 119, 93, 146, 100, 37, 95, 68, 75, 117, 11, 99, 86, 131, 167, 8),
    (4, 107, 48, 16, 104, 151, 131, 66, 75, 30, 159, 126, 131, 43, 95, 79, 61, 95, 108, 146, 148, 38, 179, 87, 172, 76, 28, 173, 128, 93, 55, 51, 175, 182, 144, 122, 10, 149, 30, 64),
    (5, 175, 144, 190, 118, 129, 8, 126, 160, 19, 35, 127, 155, 12, 121, 84, 178, 52, 109, 149, 118, 147, 101, 139, 99, 127, 88, 169, 151, 139, 38, 178, 161, 161, 36, 138, 37, 77, 162, 106),
    (6, 119, 25, 48, 99, 158, 1, 59, 4, 125, 94, 38, 179, 194, 13, 40, 104, 114, 62, 163, 112, 81, 4, 194, 50, 186, 65, 63, 23, 170, 48, 96, 149, 138, 169, 37, 172, 35, 86, 71),
    (7, 154, 107, 177, 133, 9, 160, 131, 12, 74, 12, 91, 44, 160, 79, 75, 187, 185, 6, 13, 64, 59, 42, 177, 66, 118, 82, 133, 125, 154, 131, 19, 154, 198, 16, 184, 92, 67, 76, 162),
    (8, 165, 42, 39, 39, 28, 28, 47, 86, 50, 154, 95, 184, 179, 44, 165, 18, 38, 23, 12, 58, 85, 78, 91, 45, 56, 171, 112, 106, 37, 12, 88, 191, 122, 20, 86, 86, 60, 173, 8),
    (9, 151, 156, 186, 116, 142, 106, 52, 87, 70, 64, 80, 180, 77, 55, 66, 33, 44, 112, 72, 6, 176, 157, 27, 160, 182, 189, 163, 74, 42, 115, 141, 120, 23, 0, 1, 36, 15, 165, 96),
    (10, 121, 38, 95, 129, 138, 144, 63, 42, 185, 66, 90, 4, 128, 137, 93, 94, 159, 8, 2, 124, 198, 3, 38, 3, 56, 173, 62, 112, 117, 187, 168, 95, 75, 143, 132, 135, 94, 112, 5),
    (11, 191, 159, 179, 174, 108, 62, 129, 132, 10, 43, 175, 153, 156, 64, 188, 74, 13, 179, 114, 193, 8, 192, 172, 140, 80, 135, 155, 36, 158, 187, 57, 111, 196, 11, 148, 136, 74, 122, 164),
    (12, 172, 4, 148, 124, 120, 86, 32, 153, 32, 96, 76, 172, 162, 63, 70, 191, 46, 95, 119, 55, 191, 194, 124, 72, 29, 182, 48, 196, 29, 175, 141, 153, 160, 190, 175, 89, 129, 43, 141),
    (13, 180, 142, 47, 42, 180, 40, 17, 168, 107, 49, 23, 141, 83, 78, 65, 8, 106, 47, 86, 61, 85, 116, 199, 87, 90, 187, 75, 187, 157, 43, 145, 105, 67, 129, 99, 119, 186, 189, 119),
    (14, 163, 178, 90, 0, 4, 123, 171, 110, 9, 75, 16, 123, 24, 22, 77, 131, 52, 86, 41, 167, 162, 45, 191, 78, 192, 51, 27, 59, 114, 138, 125, 164, 172, 136, 133, 194, 154, 149, 17),
    (15, 48, 117, 16, 97, 53, 185, 32, 191, 141, 76, 73, 154, 33, 186, 106, 50, 158, 1, 125, 151, 86, 6, 88, 104, 108, 8, 150, 65, 2, 7, 96, 99, 180, 62, 67, 143, 143, 128, 39),
    (16, 180, 157, 131, 171, 56, 147, 97, 60, 180, 195, 79, 65, 28, 52, 29, 128, 28, 67, 158, 178, 30, 15, 123, 73, 172, 90, 151, 125, 23, 69, 168, 193, 30, 18, 7, 54, 3, 9, 177),
    (17, 53, 41, 172, 120, 159, 63, 104, 61, 15, 158, 88, 83, 74, 142, 12, 151, 171, 89, 3, 79, 23, 52, 119, 32, 83, 11, 112, 126, 36, 14, 174, 110, 115, 168, 82, 108, 135, 103, 174),
    (18, 125, 75, 82, 135, 99, 43, 99, 48, 133, 64, 44, 160, 80, 88, 123, 191, 184, 50, 123, 139, 107, 51, 26, 41, 178, 153, 17, 133, 144, 135, 46, 72, 55, 14, 84, 77, 169, 62, 90),
    (19, 127, 199, 32, 21, 119, 195, 56, 172, 138, 28, 40, 92, 29, 59, 118, 171, 69, 29, 84, 64, 163, 7, 176, 90, 199, 99, 74, 112, 129, 56, 19, 163, 109, 178, 161, 139, 65, 57, 63),
    (20, 164, 160, 22, 1, 198, 41, 54, 175, 117, 128, 35, 47, 94, 14, 38, 97, 187, 79, 122, 134, 76, 31, 84, 37, 39, 97, 47, 166, 39, 30, 108, 169, 72, 116, 136, 86, 120, 124, 13),
    (21, 64, 95, 86, 180, 27, 146, 186, 70, 193, 163, 58, 167, 181, 72, 83, 135, 135, 192, 125, 113, 22, 85, 59, 88, 196, 24, 27, 199, 7, 14, 32, 61, 26, 34, 150, 136, 111, 75, 50),
    (22, 68, 18, 35, 126, 145, 149, 155, 116, 7, 71, 178, 48, 12, 15, 66, 137, 180, 173, 122, 129, 127, 126, 195, 191, 149, 104, 85, 183, 54, 151, 65, 189, 82, 9, 10, 10, 3, 148, 68),
    (23, 122, 128, 62, 191, 199, 137, 104, 151, 17, 1, 23, 121, 92, 57, 63, 26, 103, 73, 159, 11, 147, 100, 98, 150, 71, 87, 75, 12, 158, 191, 125, 26, 101, 163, 101, 98, 25, 20, 142),
    (24, 136, 83, 181, 107, 180, 191, 188, 138, 187, 31, 15, 8, 121, 125, 163, 135, 46, 154, 35, 120, 21, 7, 3, 31, 25, 127, 168, 16, 14, 13, 171, 80, 11, 139, 50, 101, 185, 166, 33),
    (25, 74, 67, 80, 90, 58, 81, 59, 184, 169, 44, 175, 38, 161, 52, 148, 63, 140, 36, 147, 103, 115, 187, 19, 45, 159, 75, 196, 2, 17, 72, 52, 34, 13, 177, 155, 121, 192, 110, 63),
    (26, 25, 133, 48, 112, 119, 50, 43, 49, 17, 147, 99, 20, 198, 97, 103, 133, 182, 170, 140, 57, 4, 119, 83, 30, 199, 117, 1, 187, 66, 158, 142, 31, 109, 29, 32, 82, 176, 10, 146),
    (27, 186, 71, 57, 162, 186, 52, 15, 58, 181, 172, 25, 167, 111, 36, 72, 107, 164, 1, 17, 27, 48, 181, 60, 93, 40, 63, 34, 181, 144, 17, 91, 42, 121, 131, 172, 195, 134, 24, 64),
    (28, 180, 115, 107, 184, 104, 68, 105, 59, 138, 103, 191, 76, 191, 153, 169, 177, 143, 25, 53, 99, 72, 174, 181, 89, 68, 105, 154, 0, 15, 103, 14, 155, 44, 40, 84, 99, 135, 38, 25),
    (29, 145, 83, 58, 185, 184, 197, 182, 128, 52, 48, 79, 17, 177, 15, 159, 147, 95, 37, 159, 18, 13, 195, 19, 177, 147, 41, 156, 139, 69, 139, 77, 71, 191, 93, 102, 54, 102, 113, 80),
    (30, 155, 31, 146, 161, 125, 86, 101, 145, 151, 176, 148, 86, 53, 25, 13, 5, 108, 6, 96, 105, 81, 30, 73, 121, 106, 163, 184, 86, 192, 127, 32, 190, 119, 90, 83, 126, 96, 71, 4),
    (31, 144, 197, 109, 176, 153, 12, 33, 167, 106, 38, 104, 41, 109, 110, 84, 13, 167, 83, 99, 49, 62, 177, 181, 40, 178, 107, 63, 60, 126, 156, 157, 62, 47, 181, 145, 172, 63, 108, 155),
    (32, 128, 108, 19, 25, 51, 67, 171, 26, 137, 24, 55, 197, 25, 146, 142, 159, 23, 56, 82, 92, 99, 123, 198, 125, 39, 137, 131, 50, 76, 172, 36, 1, 182, 109, 114, 95, 115, 89, 88),
    (33, 2, 113, 121, 32, 3, 164, 59, 118, 191, 164, 0, 165, 149, 163, 150, 162, 196, 115, 152, 175, 141, 162, 163, 19, 90, 83, 165, 96, 143, 133, 77, 14, 182, 148, 48, 94, 198, 76, 82),
    (34, 57, 97, 157, 164, 70, 43, 153, 98, 163, 58, 183, 127, 88, 143, 75, 172, 138, 49, 17, 98, 121, 94, 79, 35, 43, 45, 189, 130, 168, 186, 49, 184, 15, 42, 124, 110, 48, 32, 179),
    (35, 194, 22, 79, 121, 140, 177, 8, 153, 69, 101, 52, 127, 48, 116, 161, 93, 190, 192, 199, 193, 122, 28, 63, 34, 127, 16, 126, 46, 76, 36, 29, 64, 159, 155, 120, 76, 99, 75, 63),
    (36, 73, 146, 107, 5, 6, 24, 36, 95, 104, 46, 152, 71, 108, 85, 140, 168, 29, 153, 167, 157, 110, 36, 198, 8, 168, 5, 99, 88, 34, 6, 50, 1, 43, 18, 88, 0, 162, 97, 21),
    (37, 22, 81, 167, 152, 191, 189, 3, 14, 127, 184, 111, 117, 184, 26, 27, 125, 65, 122, 138, 96, 137, 191, 47, 89, 90, 121, 56, 97, 3, 88, 28, 180, 91, 132, 102, 198, 171, 99, 92),
    (38, 82, 98, 56, 111, 1, 119, 28, 178, 134, 39, 28, 177, 65, 97, 68, 61, 189, 123, 52, 127, 176, 45, 141, 190, 0, 161, 75, 37, 131, 158, 110, 114, 35, 170, 95, 115, 30, 80, 117),
    (39, 198, 90, 14, 62, 3, 131, 140, 193, 167, 12, 101, 31, 35, 119, 72, 152, 97, 86, 173, 192, 176, 120, 122, 186, 86, 118, 81, 158, 101, 148, 184, 132, 121, 193, 18, 0, 5, 151, 52),
    (40, 3, 100, 179, 74, 57, 178, 157, 188, 180, 197, 186, 56, 46, 172, 141, 38, 60, 21, 60, 82, 29, 98, 107, 16, 179, 183, 119, 100, 56, 79, 138, 172, 68, 134, 41, 120, 71, 104, 4),
    (41, 89, 126, 43, 155, 79, 160, 166, 190, 92, 44, 100, 5, 87, 64, 94, 191, 195, 136, 68, 157, 139, 143, 22, 123, 155, 103, 11, 166, 138, 39, 77, 105, 30, 86, 35, 117, 174, 64, 181),
    (42, 0, 173, 131, 55, 27, 164, 49, 197, 98, 130, 40, 90, 176, 139, 154, 100, 34, 163, 113, 141, 0, 168, 65, 17, 185, 103, 29, 194, 17, 169, 52, 163, 82, 177, 17, 71, 93, 67, 123),
    (43, 191, 199, 27, 91, 165, 182, 0, 67, 100, 184, 163, 59, 43, 54, 131, 163, 60, 22, 11, 148, 70, 170, 77, 21, 52, 131, 162, 34, 87, 189, 104, 139, 93, 89, 58, 113, 53, 112, 90),
    (44, 159, 195, 180, 124, 82, 180, 197, 52, 16, 187, 118, 50, 180, 88, 180, 7, 96, 37, 73, 103, 25, 16, 32, 72, 58, 188, 53, 158, 59, 98, 61, 0, 42, 143, 145, 16, 143, 126, 26),
    (45, 7, 171, 93, 170, 56, 141, 180, 119, 33, 195, 76, 187, 90, 119, 74, 71, 79, 19, 32, 92, 142, 50, 179, 87, 122, 4, 7, 70, 156, 15, 196, 54, 91, 171, 198, 40, 42, 145, 130),
    (46, 14, 78, 171, 121, 68, 159, 18, 24, 5, 30, 134, 131, 63, 2, 70, 160, 55, 130, 19, 38, 78, 48, 44, 48, 140, 101, 33, 58, 84, 117, 169, 178, 2, 119, 83, 77, 186, 12, 17),
    (47, 186, 64, 140, 126, 184, 131, 154, 36, 51, 175, 87, 137, 94, 130, 92, 94, 193, 179, 76, 96, 41, 82, 37, 101, 134, 4, 154, 11, 66, 39, 94, 37, 177, 55, 148, 124, 34, 132, 67),
    (48, 25, 157, 35, 162, 123, 115, 125, 195, 154, 79, 34, 141, 65, 64, 106, 41, 26, 84, 136, 161, 129, 156, 156, 85, 113, 65, 198, 135, 186, 39, 153, 80, 149, 187, 199, 87, 92, 124, 139),
    (49, 67, 168, 29, 124, 146, 153, 37, 78, 168, 90, 68, 22, 33, 19, 65, 182, 164, 171, 53, 12, 3, 198, 113, 86, 127, 28, 4, 135, 49, 103, 30, 141, 135, 111, 143, 111, 4, 61, 95),
    (50, 168, 167, 134, 82, 136, 50, 29, 185, 117, 185, 137, 188, 93, 82, 185, 128, 110, 74, 35, 50, 31, 61, 49, 133, 73, 11, 77, 162, 103, 119, 60, 19, 101, 31, 69, 155, 67, 162, 4),
    (51, 114, 88, 36, 150, 89, 71, 97, 30, 119, 187, 51, 165, 127, 97, 51, 60, 116, 47, 63, 180, 59, 12, 36, 137, 151, 133, 154, 0, 5, 133, 125, 65, 0, 115, 187, 28, 188, 102, 184),
    (52, 66, 54, 153, 121, 19, 18, 1, 60, 153, 107, 65, 77, 195, 185, 164, 145, 191, 147, 116, 39, 89, 155, 52, 183, 172, 8, 86, 96, 170, 196, 103, 180, 180, 35, 6, 104, 58, 9, 48),
    (53, 136, 1, 173, 79, 88, 198, 90, 147, 63, 154, 168, 110, 101, 20, 0, 12, 67, 33, 136, 133, 88, 98, 79, 93, 29, 59, 7, 158, 49, 30, 91, 160, 164, 162, 101, 87, 81, 50, 191),
    (54, 83, 164, 198, 190, 63, 185, 117, 25, 190, 188, 53, 75, 186, 31, 110, 54, 65, 172, 45, 103, 69, 142, 130, 123, 0, 174, 47, 38, 105, 54, 32, 133, 193, 0, 57, 118, 43, 154, 153),
    (55, 94, 103, 23, 150, 128, 138, 67, 160, 76, 188, 157, 168, 151, 15, 6, 129, 117, 52, 135, 56, 158, 0, 47, 188, 40, 82, 120, 96, 59, 137, 137, 183, 55, 187, 180, 139, 62, 95, 175),
    (56, 9, 34, 91, 178, 106, 38, 155, 185, 181, 87, 195, 66, 183, 120, 21, 165, 57, 117, 43, 93, 32, 18, 31, 77, 183, 36, 50, 101, 180, 29, 172, 170, 138, 153, 138, 121, 40, 103, 31),
    (57, 16, 161, 168, 103, 141, 73, 149, 22, 31, 111, 88, 93, 139, 177, 187, 128, 149, 82, 47, 4, 83, 68, 173, 62, 137, 98, 68, 88, 117, 187, 30, 105, 143, 190, 55, 197, 28, 112, 196),
    (58, 146, 130, 33, 141, 165, 35, 65, 103, 67, 27, 21, 144, 21, 123, 41, 168, 55, 155, 170, 84, 199, 188, 120, 69, 156, 13, 188, 40, 191, 137, 84, 133, 134, 52, 19, 186, 29, 105, 28),
    (59, 59, 103, 38, 48, 196, 22, 98, 44, 193, 21, 196, 164, 136, 98, 1, 19, 176, 86, 114, 31, 90, 85, 161, 198, 8, 1, 109, 57, 58, 10, 167, 19, 20, 122, 193, 51, 71, 179, 66),
    (60, 149, 145, 19, 174, 188, 136, 107, 146, 197, 30, 99, 183, 152, 114, 84, 104, 193, 70, 157, 172, 84, 27, 99, 146, 128, 8, 73, 137, 151, 148, 193, 119, 91, 164, 185, 128, 65, 23, 102),
    (61, 151, 190, 188, 154, 168, 165, 97, 169, 133, 137, 42, 195, 197, 26, 94, 197, 77, 169, 55, 194, 45, 160, 97, 75, 51, 193, 126, 29, 28, 146, 34, 66, 155, 120, 130, 127, 136, 194, 46),
    (62, 79, 30, 117, 184, 98, 104, 41, 195, 84, 154, 103, 191, 181, 194, 26, 124, 112, 65, 124, 11, 13, 178, 178, 102, 36, 141, 157, 88, 193, 64, 115, 107, 60, 13, 113, 7, 15, 193, 181),
    (63, 75, 6, 45, 35, 137, 22, 9, 15, 152, 175, 144, 21, 109, 172, 55, 67, 152, 56, 124, 9, 49, 94, 62, 17, 27, 35, 102, 37, 159, 45, 142, 169, 62, 27, 6, 97, 145, 20, 152),
    (64, 94, 176, 79, 189, 91, 165, 163, 25, 131, 37, 127, 96, 93, 60, 88, 90, 174, 158, 69, 3, 20, 70, 47, 103, 99, 17, 149, 45, 1, 121, 42, 158, 8, 154, 150, 148, 159, 147, 44),
    (65, 180, 161, 105, 136, 81, 31, 150, 179, 22, 55, 21, 196, 179, 9, 191, 79, 187, 32, 114, 105, 25, 132, 105, 67, 194, 137, 171, 32, 167, 142, 75, 187, 22, 181, 90, 181, 151, 91, 81),
    (66, 181, 162, 97, 9, 169, 178, 157, 133, 70, 154, 9, 149, 56, 68, 12, 153, 163, 188, 110, 47, 110, 124, 30, 184, 109, 83, 136, 90, 96, 4, 171, 38, 57, 124, 76, 18, 103, 62, 147),
    (67, 26, 140, 67, 20, 135, 53, 7, 83, 19, 199, 12, 161, 24, 165, 130, 61, 78, 27, 82, 24, 187, 101, 162, 100, 166, 86, 28, 92, 71, 7, 107, 186, 85, 26, 94, 42, 150, 176, 126),
    (68, 181, 194, 132, 181, 76, 27, 77, 194, 13, 174, 155, 156, 65, 121, 197, 182, 103, 71, 143, 159, 91, 47, 88, 170, 187, 47, 167, 29, 11, 23, 56, 103, 165, 176, 50, 82, 82, 122, 88),
    (69, 55, 112, 24, 82, 59, 169, 183, 13, 112, 194, 53, 58, 110, 191, 60, 130, 198, 117, 35, 151, 155, 132, 8, 119, 14, 168, 100, 4, 16, 34, 140, 176, 107, 120, 64, 81, 127, 132, 135),
    (70, 197, 54, 115, 36, 56, 36, 29, 13, 86, 3, 156, 103, 179, 14, 184, 174, 74, 100, 148, 102, 103, 108, 100, 166, 174, 178, 185, 165, 128, 154, 78, 141, 79, 113, 117, 158, 59, 122, 26),
    (71, 18, 162, 24, 186, 114, 114, 41, 30, 131, 66, 116, 67, 146, 174, 62, 65, 168, 149, 155, 61, 123, 37, 10, 101, 172, 152, 70, 66, 13, 173, 155, 1, 56, 36, 138, 144, 122, 14, 126),
    (72, 83, 53, 36, 148, 144, 16, 9, 173, 106, 11, 190, 35, 163, 149, 136, 57, 10, 3, 126, 135, 11, 132, 171, 72, 48, 97, 120, 65, 55, 41, 141, 75, 172, 94, 134, 184, 188, 111, 170),
    (73, 68, 72, 25, 1, 95, 186, 90, 196, 93, 186, 171, 168, 190, 132, 6, 23, 192, 141, 101, 116, 58, 66, 70, 124, 125, 6, 133, 97, 140, 88, 68, 60, 19, 5, 68, 33, 111, 163, 79),
    (74, 155, 154, 1, 73, 31, 192, 30, 28, 38, 74, 134, 73, 58, 49, 113, 86, 80, 164, 175, 193, 46, 140, 85, 84, 104, 199, 53, 132, 45, 1, 6, 14, 149, 149, 78, 50, 83, 127, 40),
    (75, 149, 67, 151, 84, 81, 94, 107, 116, 127, 108, 130, 195, 39, 132, 107, 7, 119, 90, 75, 39, 131, 15, 67, 120, 21, 94, 50, 15, 149, 127, 82, 35, 37, 37, 99, 90, 5, 55, 87),
    (76, 92, 163, 22, 153, 58, 89, 133, 171, 38, 128, 106, 95, 37, 27, 137, 107, 58, 77, 73, 105, 123, 102, 62, 174, 164, 25, 26, 109, 112, 49, 131, 181, 7, 28, 92, 169, 19, 83, 153),
    (77, 84, 100, 197, 152, 44, 55, 105, 98, 90, 196, 10, 173, 10, 105, 151, 46, 54, 107, 142, 38, 97, 127, 11, 137, 22, 77, 108, 7, 147, 83, 115, 132, 42, 100, 66, 41, 69, 101, 131),
    (78, 30, 118, 3, 103, 83, 0, 36, 137, 88, 194, 144, 56, 124, 69, 74, 104, 145, 28, 198, 157, 94, 68, 171, 63, 184, 104, 107, 92, 22, 3, 109, 188, 67, 128, 30, 63, 68, 198, 132),
    (79, 41, 87, 46, 84, 182, 9, 171, 167, 103, 183, 4, 99, 47, 171, 188, 171, 42, 56, 174, 99, 78, 3, 19, 166, 113, 184, 159, 22, 144, 167, 174, 133, 68, 125, 128, 45, 26, 97, 65),
    (80, 166, 35, 114, 50, 8, 21, 72, 30, 6, 68, 1, 54, 88, 0, 69, 14, 102, 104, 95, 92, 82, 54, 99, 80, 74, 42, 41, 111, 43, 114, 32, 182, 115, 59, 117, 131, 34, 17, 58),
    (81, 162, 126, 24, 109, 31, 28, 181, 114, 51, 191, 77, 71, 128, 100, 45, 140, 73, 48, 116, 101, 199, 55, 116, 169, 190, 108, 141, 184, 109, 84, 106, 175, 57, 177, 28, 129, 107, 70, 181),
    (82, 163, 43, 46, 126, 114, 180, 135, 16, 88, 111, 69, 5, 122, 67, 170, 113, 185, 70, 199, 194, 148, 12, 190, 184, 123, 110, 141, 62, 2, 32, 109, 139, 84, 166, 148, 157, 97, 70, 137),
    (83, 183, 157, 153, 55, 79, 62, 87, 180, 60, 189, 168, 92, 139, 128, 153, 62, 165, 117, 136, 55, 114, 193, 74, 188, 181, 42, 179, 196, 91, 19, 79, 142, 178, 6, 138, 176, 75, 174, 152),
    (84, 155, 51, 145, 164, 50, 26, 25, 59, 58, 128, 182, 68, 187, 117, 188, 74, 78, 57, 186, 97, 122, 170, 109, 15, 12, 48, 124, 59, 151, 142, 175, 20, 56, 131, 137, 70, 104, 163, 4),
    (85, 152, 38, 24, 44, 59, 182, 0, 82, 7, 34, 116, 146, 172, 181, 133, 192, 190, 161, 67, 146, 115, 19, 9, 193, 46, 156, 15, 92, 90, 82, 196, 23, 6, 145, 129, 135, 184, 181, 69),
    (86, 107, 154, 6, 194, 105, 176, 42, 165, 157, 20, 64, 106, 85, 58, 161, 128, 150, 92, 158, 180, 8, 159, 61, 100, 39, 21, 126, 168, 62, 151, 199, 67, 21, 131, 41, 172, 139, 17, 98),
    (87, 9, 16, 103, 55, 125, 113, 71, 5, 19, 10, 64, 59, 175, 26, 153, 149, 63, 158, 53, 172, 32, 160, 150, 138, 189, 92, 97, 84, 41, 174, 138, 124, 41, 19, 104, 127, 62, 198, 53),
    (88, 107, 125, 28, 182, 0, 69, 31, 20, 130, 58, 74, 1, 129, 173, 178, 64, 197, 97, 47, 153, 9, 88, 130, 143, 138, 23, 174, 66, 71, 67, 126, 145, 6, 36, 170, 10, 43, 187, 171),
    (89, 101, 53, 52, 64, 120, 51, 164, 169, 122, 66, 182, 169, 42, 159, 114, 128, 82, 176, 93, 102, 179, 80, 107, 86, 18, 119, 175, 79, 151, 190, 55, 56, 57, 22, 108, 158, 195, 199, 126),
    (90, 114, 136, 82, 0, 174, 113, 3, 25, 141, 35, 199, 7, 86, 17, 46, 23, 139, 28, 23, 40, 126, 16, 14, 160, 5, 71, 115, 71, 176, 180, 148, 47, 134, 126, 160, 1, 37, 22, 144),
    (91, 197, 129, 198, 112, 57, 26, 189, 0, 148, 190, 89, 33, 97, 82, 71, 143, 167, 102, 17, 139, 182, 40, 126, 108, 78, 36, 102, 129, 70, 41, 25, 137, 145, 139, 83, 127, 7, 50, 21),
    (92, 189, 64, 88, 157, 75, 114, 14, 18, 11, 170, 115, 23, 95, 190, 173, 180, 78, 189, 8, 152, 31, 82, 8, 23, 102, 118, 16, 71, 49, 142, 194, 186, 107, 101, 67, 166, 163, 31, 112),
    (93, 198, 136, 57, 44, 193, 102, 49, 186, 183, 62, 62, 162, 160, 160, 151, 80, 81, 108, 164, 128, 4, 20, 24, 185, 92, 78, 61, 52, 101, 58, 181, 20, 148, 6, 44, 148, 145, 22, 180),
    (94, 4, 83, 88, 85, 101, 16, 123, 142, 64, 40, 108, 48, 198, 186, 20, 22, 85, 131, 109, 184, 90, 136, 140, 5, 139, 152, 199, 94, 64, 112, 48, 113, 199, 35, 50, 184, 146, 96, 79),
    (95, 89, 82, 170, 32, 148, 1, 94, 152, 147, 180, 180, 154, 186, 135, 103, 190, 171, 111, 53, 25, 189, 81, 175, 25, 52, 191, 77, 102, 70, 2, 169, 126, 49, 107, 47, 148, 180, 184, 91),
    (96, 124, 115, 170, 118, 191, 43, 106, 81, 171, 156, 128, 168, 73, 75, 197, 132, 157, 152, 92, 22, 3, 173, 13, 21, 26, 135, 21, 24, 87, 96, 27, 124, 130, 84, 35, 111, 105, 39, 77),
    (97, 118, 146, 115, 30, 135, 20, 17, 134, 142, 35, 46, 164, 20, 197, 66, 39, 41, 46, 70, 127, 75, 164, 10, 50, 187, 55, 191, 50, 68, 191, 152, 181, 119, 127, 9, 171, 143, 90, 33),
    (98, 65, 49, 81, 135, 91, 112, 181, 111, 77, 155, 150, 127, 46, 69, 174, 135, 104, 142, 60, 51, 191, 159, 79, 91, 47, 90, 141, 13, 31, 45, 118, 120, 42, 25, 98, 42, 35, 9, 122),
    (99, 51, 77, 165, 104, 132, 79, 4, 186, 139, 44, 28, 112, 163, 185, 44, 75, 83, 111, 82, 69, 180, 187, 162, 188, 101, 112, 68, 66, 173, 178, 50, 143, 50, 144, 182, 138, 166, 151, 66),
    (100, 120, 68, 178, 181, 52, 83, 39, 71, 121, 137, 189, 126, 68, 68, 132, 124, 191, 12, 63, 90, 190, 152, 122, 101, 64, 168, 17, 145, 49, 74, 90, 7, 170, 146, 72, 32, 113, 86, 71),
    (101, 39, 195, 59, 32, 83, 129, 177, 74, 134, 77, 116, 57, 40, 85, 52, 145, 86, 190, 188, 87, 16, 120, 0, 64, 97, 112, 120, 141, 158, 104, 63, 172, 131, 24, 100, 142, 89, 123, 75),
    (102, 12, 48, 150, 135, 92, 54, 195, 43, 102, 12, 20, 143, 42, 72, 54, 130, 95, 110, 22, 151, 142, 134, 5, 25, 63, 1, 29, 34, 139, 70, 155, 51, 46, 173, 66, 44, 25, 79, 190),
    (103, 52, 37, 131, 132, 199, 11, 106, 56, 147, 113, 95, 187, 157, 178, 178, 90, 25, 182, 151, 166, 54, 125, 33, 148, 33, 39, 39, 150, 181, 144, 11, 54, 94, 69, 51, 53, 167, 39, 89),
    (104, 180, 170, 100, 119, 52, 12, 57, 68, 61, 134, 64, 29, 113, 140, 197, 138, 56, 195, 86, 33, 37, 150, 119, 168, 30, 185, 77, 173, 40, 95, 184, 96, 185, 41, 46, 19, 164, 105, 63),
    (105, 134, 48, 98, 42, 186, 145, 3, 101, 124, 122, 109, 64, 41, 81, 149, 84, 2, 5, 81, 124, 45, 50, 94, 158, 67, 56, 31, 2, 130, 183, 104, 75, 3, 144, 191, 81, 143, 136, 14),
    (106, 185, 96, 9, 60, 147, 155, 30, 114, 33, 139, 181, 176, 53, 198, 93, 132, 50, 146, 49, 50, 124, 70, 194, 13, 30, 41, 149, 181, 174, 6, 19, 16, 129, 61, 38, 149, 60, 119, 83),
    (107, 80, 117, 116, 159, 120, 96, 128, 161, 162, 196, 175, 98, 100, 92, 1, 132, 189, 140, 70, 198, 179, 23, 164, 46, 63, 110, 19, 171, 24, 178, 147, 97, 198, 139, 186, 114, 72, 188, 139),
    (108, 157, 95, 161, 10, 114, 33, 129, 143, 70, 99, 21, 189, 44, 104, 66, 167, 93, 198, 106, 141, 149, 85, 95, 35, 128, 47, 189, 0, 121, 23, 166, 26, 84, 62, 178, 51, 97, 136, 69),
    (109, 0, 96, 64, 186, 189, 113, 15, 4, 39, 75, 46, 48, 40, 70, 130, 127, 71, 157, 63, 126, 133, 73, 109, 174, 88, 133, 106, 116, 57, 19, 85, 144, 172, 184, 98, 45, 110, 103, 28),
    (110, 178, 154, 171, 102, 151, 119, 141, 144, 150, 152, 165, 61, 168, 65, 5, 147, 52, 6, 154, 35, 97, 46, 87, 9, 113, 40, 130, 193, 100, 168, 47, 153, 94, 114, 122, 5, 20, 146, 15),
    (111, 131, 124, 67, 168, 120, 173, 26, 54, 153, 191, 184, 188, 121, 32, 5, 106, 37, 91, 198, 143, 27, 152, 181, 29, 62, 189, 146, 105, 117, 155, 27, 154, 174, 154, 170, 180, 42, 2, 103),
    (112, 48, 8, 178, 42, 41, 135, 114, 188, 192, 9, 28, 23, 22, 30, 87, 148, 171, 50, 1, 17, 144, 123, 146, 198, 158, 93, 105, 149, 112, 37, 18, 35, 143, 189, 63, 41, 154, 96, 193),
    (113, 110, 74, 126, 24, 161, 91, 165, 22, 125, 34, 57, 23, 153, 36, 170, 172, 55, 38, 164, 46, 86, 59, 65, 122, 155, 196, 47, 4, 137, 25, 195, 0, 122, 3, 15, 137, 197, 21, 125),
    (114, 146, 125, 41, 172, 44, 110, 164, 101, 159, 128, 118, 97, 164, 43, 5, 178, 31, 12, 10, 159, 114, 85, 70, 85, 35, 90, 17, 84, 65, 153, 102, 91, 27, 56, 41, 145, 114, 74, 135),
    (115, 54, 5, 135, 128, 19, 50, 184, 185, 86, 23, 18, 101, 16, 11, 37, 80, 1, 139, 184, 179, 94, 37, 165, 90, 26, 7, 80, 39, 15, 144, 92, 9, 24, 157, 144, 171, 75, 133, 108),
    (116, 2, 198, 94, 141, 100, 4, 112, 86, 163, 47, 17, 120, 119, 42, 173, 156, 111, 7, 64, 140, 86, 153, 162, 168, 111, 79, 15, 14, 15, 81, 132, 112, 21, 20, 86, 27, 17, 123, 50),
    (117, 106, 179, 69, 94, 131, 48, 42, 125, 192, 157, 32, 106, 42, 8, 55, 75, 139, 19, 162, 126, 158, 5, 79, 137, 14, 147, 175, 113, 46, 197, 47, 49, 42, 182, 139, 193, 76, 57, 61),
    (118, 157, 17, 21, 179, 164, 22, 156, 98, 171, 144, 188, 174, 50, 90, 111, 17, 9, 10, 173, 55, 39, 108, 180, 127, 147, 133, 182, 51, 91, 144, 125, 114, 87, 79, 34, 198, 51, 9, 68),
    (119, 128, 117, 123, 55, 189, 23, 132, 77, 87, 31, 88, 148, 54, 100, 15, 7, 105, 186, 135, 126, 70, 135, 11, 140, 44, 68, 192, 163, 194, 100, 73, 173, 140, 60, 117, 190, 180, 28, 152),
    (120, 73, 130, 1, 175, 186, 37, 172, 36, 97, 63, 119, 116, 44, 124, 187, 164, 120, 93, 194, 126, 171, 33, 130, 2, 178, 193, 15, 173, 155, 146, 174, 105, 145, 153, 155, 181, 1, 107, 177),
    (121, 171, 166, 9, 148, 76, 150, 102, 20, 12, 56, 95, 118, 111, 80, 129, 181, 116, 79, 29, 133, 49, 45, 46, 32, 183, 60, 55, 29, 8, 68, 0, 118, 47, 99, 150, 60, 29, 4, 103),
    (122, 42, 163, 116, 192, 142, 180, 0, 144, 111, 8, 38, 54, 15, 25, 164, 27, 51, 195, 171, 167, 158, 128, 64, 138, 109, 189, 192, 49, 125, 27, 182, 73, 89, 37, 145, 69, 189, 136, 18),
    (123, 16, 103, 154, 97, 115, 48, 37, 134, 51, 171, 97, 146, 55, 153, 199, 95, 148, 90, 71, 67, 141, 85, 174, 157, 86, 77, 144, 99, 186, 126, 121, 184, 78, 122, 198, 16, 96, 45, 91),
    (124, 18, 194, 58, 141, 59, 145, 96, 101, 95, 97, 163, 122, 72, 159, 113, 13, 118, 193, 150, 148, 154, 140, 128, 140, 117, 30, 100, 55, 162, 34, 181, 150, 195, 51, 8, 0, 117, 190, 183),
    (125, 173, 75, 18, 6, 42, 110, 32, 30, 35, 57, 188, 128, 50, 22, 172, 7, 64, 7, 70, 114, 73, 7, 135, 49, 111, 29, 109, 80, 92, 171, 177, 43, 95, 46, 174, 40, 64, 199, 177),
    (126, 83, 103, 70, 187, 106, 40, 64, 159, 102, 121, 74, 171, 67, 165, 182, 130, 94, 56, 159, 111, 70, 129, 105, 171, 68, 160, 62, 18, 2, 20, 165, 52, 9, 156, 43, 160, 103, 29, 143),
    (127, 87, 25, 164, 21, 189, 73, 58, 177, 34, 177, 195, 137, 128, 120, 90, 101, 134, 76, 196, 109, 27, 74, 125, 82, 124, 64, 198, 134, 49, 13, 57, 134, 104, 48, 15, 114, 44, 177, 148),
    (128, 179, 70, 37, 140, 193, 13, 111, 199, 148, 190, 29, 19, 166, 71, 182, 32, 118, 69, 48, 131, 106, 44, 39, 116, 190, 144, 122, 53, 0, 48, 52, 50, 157, 156, 36, 8, 145, 59, 45),
    (129, 197, 71, 7, 120, 57, 189, 164, 150, 187, 103, 195, 199, 195, 47, 86, 116, 84, 144, 137, 85, 159, 68, 83, 125, 197, 14, 6, 66, 131, 57, 72, 95, 130, 47, 184, 164, 40, 61, 96),
    (130, 127, 186, 184, 37, 163, 27, 2, 190, 199, 78, 17, 191, 10, 119, 38, 186, 187, 89, 167, 83, 176, 136, 156, 61, 81, 189, 90, 3, 45, 171, 165, 66, 62, 102, 134, 176, 52, 63, 42),
    (131, 91, 177, 126, 78, 150, 36, 146, 143, 173, 31, 60, 135, 15, 81, 126, 61, 120, 138, 190, 115, 187, 56, 128, 120, 28, 172, 52, 6, 14, 76, 168, 9, 123, 48, 70, 18, 189, 113, 141),
    (132, 91, 16, 7, 117, 14, 15, 184, 14, 33, 49, 147, 197, 5, 87, 37, 157, 69, 11, 19, 60, 45, 45, 74, 27, 166, 31, 49, 194, 149, 35, 170, 194, 120, 16, 195, 81, 194, 110, 28),
    (133, 128, 61, 28, 186, 146, 64, 166, 190, 126, 160, 132, 152, 153, 123, 187, 4, 109, 199, 80, 11, 13, 159, 36, 71, 178, 170, 177, 138, 58, 26, 96, 149, 97, 134, 36, 75, 144, 23, 60),
    (134, 56, 72, 136, 169, 76, 110, 167, 171, 138, 147, 48, 8, 153, 74, 23, 100, 124, 154, 142, 80, 49, 1, 145, 177, 133, 163, 14, 25, 180, 184, 117, 104, 179, 191, 53, 62, 160, 8, 176),
    (135, 18, 136, 30, 48, 95, 180, 42, 123, 116, 30, 43, 37, 9, 158, 125, 9, 173, 0, 51, 38, 82, 32, 35, 121, 120, 6, 179, 51, 91, 94, 86, 82, 155, 190, 101, 151, 15, 39, 127),
    (136, 53, 150, 135, 37, 67, 184, 77, 85, 105, 125, 189, 147, 5, 145, 160, 21, 190, 154, 195, 175, 148, 61, 53, 123, 93, 48, 138, 22, 186, 72, 45, 101, 86, 23, 27, 107, 5, 76, 39),
    (137, 153, 171, 161, 133, 41, 44, 120, 37, 160, 64, 84, 135, 67, 145, 142, 129, 62, 85, 28, 94, 62, 173, 60, 41, 48, 31, 130, 25, 60, 45, 15, 24, 156, 135, 77, 130, 186, 48, 159),
    (138, 179, 104, 197, 163, 79, 51, 66, 37, 75, 101, 110, 41, 68, 26, 131, 139, 21, 173, 199, 140, 100, 172, 185, 98, 87, 79, 10, 187, 151, 19, 116, 72, 151, 7, 46, 51, 111, 190, 76),
    (139, 48, 141, 18, 182, 130, 33, 73, 24, 46, 125, 132, 85, 193, 82, 53, 193, 35, 28, 1, 129, 177, 113, 80, 89, 16, 42, 151, 192, 4, 166, 17, 27, 197, 41, 176, 131, 40, 180, 184),
    (140, 88, 124, 11, 40, 17, 176, 29, 91, 107, 93, 87, 124, 27, 10, 198, 26, 75, 137, 13, 144, 184, 148, 104, 37, 184, 148, 144, 98, 11, 47, 166, 174, 50, 65, 57, 103, 54, 31, 107),
    (141, 34, 101, 110, 22, 132, 101, 26, 185, 144, 173, 51, 114, 133, 150, 52, 175, 168, 56, 132, 86, 32, 190, 1, 8, 189, 108, 168, 103, 10, 87, 37, 183, 129, 66, 89, 114, 47, 89, 155),
    (142, 12, 64, 31, 4, 189, 65, 166, 120, 112, 77, 126, 67, 55, 18, 7, 172, 8, 5, 43, 79, 95, 63, 75, 176, 133, 48, 64, 197, 121, 37, 132, 135, 5, 22, 0, 144, 190, 146, 30),
    (143, 51, 13, 62, 69, 192, 151, 52, 103, 39, 64, 63, 36, 15, 149, 46, 142, 153, 125, 121, 22, 89, 126, 98, 188, 2, 124, 161, 184, 128, 134, 111, 116, 171, 55, 37, 192, 13, 50, 54),
    (144, 67, 27, 100, 4, 42, 136, 137, 68, 89, 22, 184, 37, 150, 2, 183, 131, 25, 48, 27, 25, 8, 149, 147, 178, 4, 97, 35, 185, 31, 194, 158, 80, 21, 2, 109, 11, 194, 9, 41),
    (145, 111, 53, 63, 87, 149, 58, 65, 39, 31, 25, 41, 170, 24, 131, 22, 162, 124, 5, 66, 129, 105, 23, 142, 166, 16, 59, 1, 159, 149, 166, 47, 108, 169, 125, 173, 38, 41, 111, 52),
    (146, 76, 31, 150, 184, 38, 46, 155, 74, 19, 0, 141, 195, 38, 175, 182, 191, 53, 10, 39, 87, 181, 170, 83, 144, 62, 50, 167, 120, 82, 95, 177, 5, 144, 156, 136, 95, 39, 15, 103),
    (147, 132, 179, 188, 161, 122, 165, 94, 132, 90, 115, 152, 188, 91, 153, 95, 167, 29, 96, 182, 191, 63, 86, 38, 112, 155, 52, 107, 72, 121, 166, 9, 3, 25, 108, 74, 83, 142, 185, 48),
    (148, 34, 151, 91, 17, 78, 86, 46, 131, 92, 31, 169, 84, 126, 41, 33, 157, 16, 64, 12, 5, 42, 19, 83, 122, 26, 126, 187, 35, 46, 31, 65, 186, 33, 41, 123, 69, 3, 116, 135),
    (149, 102, 79, 18, 80, 85, 67, 38, 12, 39, 157, 19, 108, 138, 62, 133, 195, 195, 8, 168, 103, 27, 151, 193, 39, 119, 147, 143, 35, 19, 89, 29, 49, 14, 163, 56, 182, 110, 149, 142),
    (150, 49, 28, 156, 57, 118, 6, 141, 123, 99, 78, 14, 150, 125, 40, 25, 195, 123, 87, 102, 30, 51, 37, 166, 76, 31, 51, 149, 55, 100, 160, 50, 89, 42, 171, 80, 66, 19, 185, 137),
    (151, 83, 93, 35, 32, 80, 168, 41, 104, 118, 70, 182, 152, 32, 142, 62, 95, 50, 142, 91, 26, 131, 147, 78, 126, 95, 117, 74, 23, 143, 142, 54, 148, 19, 88, 28, 22, 49, 146, 5),
    (152, 161, 94, 58, 78, 121, 1, 139, 66, 111, 52, 53, 199, 114, 174, 99, 15, 134, 42, 9, 62, 136, 191, 39, 132, 114, 101, 149, 43, 98, 54, 96, 133, 19, 114, 151, 154, 173, 135, 94),
    (153, 71, 76, 175, 7, 26, 176, 162, 119, 170, 173, 90, 87, 58, 146, 24, 9, 118, 156, 135, 179, 134, 102, 188, 86, 45, 87, 128, 118, 143, 127, 1, 155, 9, 134, 158, 173, 137, 166, 26),
    (154, 78, 108, 16, 186, 38, 22, 181, 143, 37, 172, 95, 67, 161, 13, 175, 42, 189, 47, 10, 123, 130, 109, 3, 100, 133, 100, 36, 71, 132, 73, 99, 71, 23, 19, 13, 178, 47, 156, 98),
    (155, 120, 23, 164, 133, 65, 182, 0, 25, 10, 46, 71, 90, 172, 16, 138, 65, 198, 142, 55, 135, 158, 21, 56, 129, 50, 15, 87, 83, 129, 172, 148, 122, 59, 112, 55, 26, 182, 134, 189),
    (156, 169, 81, 143, 89, 123, 169, 160, 55, 27, 153, 197, 44, 118, 92, 28, 135, 115, 181, 111, 19, 79, 94, 177, 14, 35, 63, 78, 193, 6, 133, 47, 142, 65, 141, 27, 68, 139, 40, 187),
    (157, 57, 161, 160, 68, 111, 68, 38, 19, 194, 40, 12, 33, 45, 192, 139, 134, 156, 36, 119, 169, 181, 82, 37, 90, 116, 120, 59, 132, 151, 171, 103, 158, 149, 165, 42, 80, 72, 177, 136),
    (158, 21, 183, 154, 161, 112, 139, 13, 149, 120, 76, 150, 86, 73, 20, 8, 66, 66, 138, 142, 43, 181, 101, 168, 26, 119, 72, 93, 42, 31, 192, 89, 111, 124, 17, 43, 94, 115, 55, 186),
    (159, 69, 125, 78, 60, 120, 4, 183, 160, 19, 98, 162, 126, 54, 80, 178, 119, 38, 169, 102, 199, 34, 134, 78, 66, 126, 22, 0, 167, 140, 1, 152, 110, 100, 31, 64, 112, 199, 188, 174),
    (160, 163, 40, 137, 194, 49, 33, 68, 121, 21, 51, 76, 167, 103, 9, 172, 47, 8, 59, 112, 26, 186, 147, 82, 116, 148, 89, 44, 105, 89, 66, 25, 91, 10, 178, 181, 59, 148, 139, 75),
    (161, 73, 41, 181, 188, 160, 115, 53, 107, 79, 73, 156, 59, 154, 28, 78, 32, 100, 44, 112, 79, 73, 35, 67, 20, 47, 119, 22, 137, 112, 183, 106, 39, 15, 14, 91, 42, 74, 185, 109),
    (162, 63, 87, 18, 34, 71, 184, 4, 58, 158, 77, 81, 87, 19, 60, 113, 74, 55, 122, 108, 32, 164, 94, 45, 168, 155, 197, 121, 76, 108, 87, 22, 166, 183, 36, 143, 77, 162, 134, 43),
    (163, 133, 176, 180, 35, 21, 21, 161, 3, 11, 49, 99, 187, 109, 116, 52, 66, 106, 169, 35, 14, 0, 29, 168, 75, 181, 13, 3, 31, 8, 69, 24, 84, 123, 12, 114, 74, 174, 84, 110),
    (164, 195, 30, 20, 128, 27, 54, 128, 143, 33, 102, 115, 41, 191, 42, 177, 166, 74, 90, 187, 177, 65, 3, 125, 109, 65, 110, 163, 64, 31, 154, 79, 32, 9, 112, 53, 75, 150, 15, 4),
    (165, 51, 106, 64, 56, 55, 15, 19, 150, 184, 115, 186, 86, 142, 30, 103, 180, 39, 110, 142, 126, 35, 118, 94, 171, 190, 124, 124, 58, 59, 146, 103, 26, 21, 52, 151, 132, 98, 60, 45),
    (166, 11, 40, 90, 27, 40, 176, 159, 41, 157, 75, 193, 54, 34, 198, 186, 17, 172, 0, 69, 78, 185, 61, 12, 82, 139, 43, 163, 89, 78, 2, 8, 19, 155, 67, 49, 82, 173, 167, 168),
    (167, 107, 167, 189, 159, 143, 42, 20, 12, 5, 167, 117, 5, 185, 43, 6, 171, 109, 46, 90, 197, 103, 92, 191, 92, 180, 0, 41, 46, 163, 174, 6, 190, 4, 98, 198, 169, 133, 13, 102),
    (168, 55, 182, 68, 113, 182, 160, 142, 191, 140, 85, 62, 153, 153, 122, 122, 71, 147, 167, 194, 105, 63, 164, 16, 153, 151, 131, 79, 145, 113, 131, 10, 1, 172, 159, 2, 24, 54, 25, 192),
    (169, 172, 115, 89, 108, 179, 51, 62, 56, 14, 153, 22, 36, 10, 23, 12, 78, 113, 102, 119, 24, 122, 78, 125, 33, 182, 178, 3, 193, 84, 21, 175, 169, 46, 32, 166, 157, 21, 118, 131),
    (170, 127, 163, 25, 82, 106, 150, 112, 112, 187, 122, 172, 96, 108, 37, 155, 23, 67, 161, 106, 25, 21, 43, 127, 135, 144, 3, 127, 57, 95, 194, 75, 32, 41, 172, 92, 146, 30, 16, 7),
    (171, 95, 85, 108, 43, 22, 76, 166, 139, 173, 52, 56, 107, 6, 136, 117, 39, 29, 81, 74, 138, 164, 84, 120, 121, 17, 102, 55, 52, 178, 133, 31, 43, 125, 14, 32, 196, 20, 72, 0),
    (172, 27, 71, 192, 102, 34, 123, 44, 102, 150, 121, 180, 58, 69, 117, 156, 25, 37, 111, 184, 22, 39, 45, 103, 194, 11, 66, 172, 46, 102, 173, 188, 12, 186, 125, 138, 68, 89, 101, 18),
    (173, 132, 2, 99, 112, 90, 13, 41, 1, 177, 119, 66, 12, 175, 121, 190, 71, 137, 152, 89, 178, 161, 175, 156, 100, 103, 142, 43, 81, 117, 193, 20, 159, 18, 175, 130, 38, 54, 112, 199),
    (174, 173, 97, 136, 142, 142, 153, 109, 15, 45, 184, 44, 162, 135, 146, 184, 159, 77, 71, 174, 67, 48, 157, 95, 146, 97, 197, 161, 23, 36, 100, 32, 22, 126, 176, 172, 158, 85, 111, 168),
    (175, 77, 94, 190, 84, 10, 32, 13, 42, 116, 32, 21, 191, 48, 80, 170, 82, 196, 94, 65, 17, 40, 101, 193, 3, 11, 81, 81, 92, 174, 8, 168, 137, 117, 168, 153, 20, 20, 0, 99),
    (176, 11, 88, 144, 109, 161, 72, 129, 70, 112, 108, 60, 38, 195, 115, 165, 140, 2, 22, 105, 55, 103, 37, 183, 153, 102, 141, 120, 75, 45, 79, 38, 11, 152, 40, 13, 199, 163, 197, 43),
    (177, 18, 13, 186, 74, 61, 187, 80, 180, 67, 15, 194, 136, 196, 8, 186, 91, 123, 125, 0, 121, 160, 79, 7, 186, 6, 138, 6, 171, 151, 27, 99, 143, 23, 10, 102, 158, 5, 108, 125),
    (178, 92, 125, 161, 102, 121, 159, 115, 60, 166, 123, 158, 125, 105, 172, 102, 98, 159, 68, 21, 184, 106, 37, 10, 167, 137, 78, 182, 53, 14, 191, 92, 132, 177, 34, 58, 179, 103, 7, 13),
    (179, 138, 82, 93, 3, 136, 141, 107, 31, 120, 132, 125, 179, 153, 17, 112, 1, 90, 97, 54, 41, 138, 62, 64, 152, 191, 65, 174, 7, 96, 173, 98, 99, 63, 31, 182, 189, 192, 69, 145),
    (180, 9, 126, 121, 61, 189, 181, 40, 188, 88, 158, 130, 55, 182, 21, 63, 121, 126, 171, 11, 49, 12, 32, 33, 176, 37, 121, 33, 191, 177, 29, 126, 69, 87, 52, 96, 181, 98, 86, 169),
    (181, 6, 176, 25, 137, 96, 157, 45, 112, 26, 24, 82, 120, 117, 132, 0, 122, 160, 4, 137, 18, 177, 139, 94, 152, 102, 129, 84, 141, 141, 80, 53, 129, 0, 197, 55, 126, 56, 120, 190),
    (182, 98, 155, 61, 117, 39, 44, 133, 21, 99, 183, 1, 112, 177, 0, 47, 65, 88, 98, 179, 27, 152, 158, 174, 92, 137, 90, 187, 92, 111, 131, 86, 135, 7, 64, 100, 22, 24, 112, 64),
    (183, 174, 178, 164, 119, 8, 78, 177, 91, 99, 84, 62, 84, 139, 182, 145, 141, 96, 107, 75, 66, 173, 173, 40, 199, 188, 193, 190, 68, 68, 92, 170, 193, 3, 10, 159, 191, 62, 192, 154),
    (184, 30, 94, 132, 5, 105, 76, 128, 149, 118, 124, 197, 155, 115, 147, 89, 192, 100, 39, 36, 60, 113, 97, 172, 169, 0, 46, 98, 137, 30, 153, 126, 41, 107, 188, 62, 100, 196, 111, 195),
    (185, 189, 186, 167, 158, 52, 163, 129, 37, 182, 176, 191, 4, 128, 100, 143, 167, 180, 177, 83, 108, 107, 106, 180, 182, 101, 6, 135, 42, 86, 108, 151, 15, 59, 47, 160, 162, 30, 94, 34),
    (186, 147, 174, 1, 109, 71, 114, 27, 93, 184, 146, 126, 159, 51, 25, 48, 102, 55, 133, 110, 164, 88, 128, 33, 17, 193, 65, 72, 127, 149, 127, 179, 183, 57, 38, 173, 74, 148, 151, 94),
    (187, 199, 174, 42, 112, 181, 50, 103, 174, 111, 108, 151, 127, 11, 116, 140, 175, 196, 107, 175, 99, 52, 123, 194, 43, 7, 10, 43, 144, 16, 164, 177, 15, 10, 166, 21, 160, 118, 71, 84),
    (188, 47, 111, 33, 122, 167, 165, 77, 177, 160, 10, 23, 27, 18, 178, 39, 120, 78, 151, 103, 91, 29, 127, 141, 167, 181, 77, 161, 166, 109, 47, 30, 183, 62, 125, 136, 52, 29, 22, 117),
    (189, 144, 71, 102, 120, 40, 136, 41, 115, 31, 46, 108, 23, 154, 198, 77, 112, 148, 155, 39, 171, 30, 83, 110, 80, 126, 58, 105, 134, 38, 57, 103, 41, 35, 64, 43, 133, 154, 184, 181),
    (190, 39, 109, 78, 37, 50, 41, 144, 116, 79, 122, 143, 146, 136, 6, 157, 57, 102, 11, 154, 82, 17, 171, 69, 117, 189, 186, 32, 147, 174, 171, 73, 41, 123, 89, 4, 83, 189, 74, 191),
    (191, 103, 107, 153, 198, 32, 143, 160, 134, 144, 42, 91, 0, 168, 154, 184, 147, 102, 49, 53, 151, 135, 111, 5, 5, 84, 95, 43, 26, 58, 122, 154, 58, 158, 50, 86, 61, 95, 78, 59),
    (192, 13, 184, 40, 134, 28, 150, 100, 161, 184, 157, 196, 149, 166, 98, 17, 170, 195, 173, 59, 26, 132, 143, 64, 198, 188, 161, 88, 133, 45, 73, 143, 158, 121, 119, 179, 75, 18, 157, 155),
    (193, 142, 160, 180, 123, 51, 128, 94, 78, 185, 25, 131, 9, 15, 14, 184, 137, 160, 14, 35, 36, 177, 172, 81, 30, 52, 26, 85, 56, 149, 80, 78, 23, 98, 58, 39, 190, 59, 77, 187),
    (194, 90, 92, 150, 106, 65, 164, 80, 121, 141, 186, 130, 9, 109, 7, 181, 45, 159, 190, 138, 69, 120, 49, 9, 140, 94, 63, 30, 171, 180, 17, 110, 187, 195, 73, 13, 6, 138, 21, 144),
    (195, 19, 62, 156, 53, 179, 76, 184, 191, 173, 40, 47, 189, 90, 196, 27, 112, 50, 168, 12, 146, 150, 96, 135, 62, 53, 170, 107, 78, 170, 89, 107, 109, 85, 146, 19, 152, 115, 84, 132),
    (196, 12, 168, 197, 128, 73, 77, 197, 143, 133, 129, 164, 22, 103, 114, 181, 23, 141, 21, 115, 10, 102, 57, 75, 21, 115, 39, 97, 151, 120, 8, 29, 117, 100, 183, 181, 42, 101, 82, 10),
    (197, 122, 65, 117, 183, 109, 186, 133, 17, 122, 85, 6, 35, 72, 179, 82, 127, 60, 59, 2, 176, 126, 11, 11, 27, 58, 145, 99, 119, 175, 140, 112, 138, 139, 126, 17, 165, 29, 79, 125),
    (198, 153, 10, 128, 67, 41, 179, 131, 159, 96, 152, 196, 91, 14, 94, 4, 20, 20, 131, 163, 114, 75, 94, 124, 181, 9, 160, 185, 67, 121, 50, 134, 122, 11, 138, 101, 101, 148, 63, 54),
    (199, 73, 12, 113, 51, 58, 67, 122, 100, 7, 184, 70, 156, 89, 146, 133, 181, 76, 137, 36, 111, 86, 147, 71, 119, 64, 177, 127, 19, 57, 35, 136, 140, 89, 1, 66, 194, 64, 199, 143);

INSERT INTO T14 (pk, t1, t2, t3, t4, t5, t6, t7, t8, t9, t10, t11, t12, t13, t15, t16, t17, t18, t19, t20, t21, t22, t23, t24, t25, t26, t27, t28, t29, t30, t31, t32, t33, t34, t35, t36, t37, t38, t39, t40)
VALUES
    (0, 103, 129, 89, 172, 153, 15, 36, 40, 43, 55, 112, 137, 172, 112, 43, 7, 45, 111, 24, 115, 156, 122, 169, 168, 57, 10, 54, 33, 145, 158, 168, 113, 45, 28, 49, 15, 171, 47, 194),
    (1, 66, 58, 28, 118, 46, 114, 177, 42, 43, 10, 172, 92, 113, 69, 73, 43, 42, 9, 101, 121, 189, 59, 197, 152, 135, 77, 4, 66, 102, 66, 21, 158, 193, 18, 169, 44, 54, 28, 34),
    (2, 26, 123, 78, 150, 160, 133, 65, 132, 125, 23, 167, 146, 20, 79, 195, 191, 96, 42, 28, 125, 130, 27, 23, 143, 28, 147, 46, 33, 131, 139, 85, 177, 106, 10, 147, 56, 149, 90, 29),
    (3, 71, 127, 191, 44, 71, 51, 140, 182, 153, 132, 147, 68, 20, 32, 7, 150, 173, 81, 130, 20, 100, 148, 89, 55, 157, 198, 161, 186, 38, 95, 180, 45, 149, 73, 69, 96, 127, 4, 23),
    (4, 143, 158, 93, 59, 73, 145, 189, 12, 129, 175, 96, 107, 36, 60, 87, 113, 136, 111, 152, 177, 50, 48, 112, 55, 91, 97, 121, 76, 12, 39, 143, 167, 92, 9, 156, 83, 164, 178, 89),
    (5, 7, 68, 115, 61, 59, 8, 86, 109, 190, 91, 192, 169, 145, 127, 141, 59, 9, 168, 89, 26, 166, 7, 41, 33, 70, 122, 11, 144, 8, 128, 133, 157, 182, 48, 47, 65, 129, 6, 90),
    (6, 154, 146, 174, 168, 99, 93, 119, 184, 99, 154, 161, 7, 99, 147, 87, 166, 72, 97, 149, 50, 158, 24, 19, 176, 154, 25, 86, 187, 79, 9, 156, 116, 75, 95, 17, 101, 3, 40, 5),
    (7, 3, 94, 128, 155, 182, 118, 170, 73, 171, 189, 0, 190, 181, 21, 108, 157, 80, 129, 172, 118, 27, 54, 69, 139, 84, 115, 43, 30, 64, 114, 35, 112, 114, 105, 18, 58, 183, 93, 56),
    (8, 186, 26, 148, 142, 54, 39, 125, 51, 46, 89, 38, 22, 89, 83, 60, 23, 10, 141, 99, 146, 169, 192, 128, 103, 38, 187, 188, 49, 58, 156, 179, 163, 0, 119, 33, 58, 183, 99, 53),
    (9, 58, 4, 99, 35, 194, 181, 117, 8, 135, 170, 183, 86, 69, 178, 12, 122, 172, 143, 182, 113, 57, 54, 51, 153, 126, 178, 144, 33, 147, 139, 152, 133, 93, 159, 51, 27, 153, 84, 88),
    (10, 157, 123, 139, 167, 6, 198, 100, 183, 131, 59, 92, 142, 78, 159, 78, 109, 30, 34, 32, 60, 194, 145, 123, 150, 193, 7, 8, 173, 176, 183, 37, 133, 184, 162, 56, 104, 166, 50, 41),
    (11, 144, 23, 138, 113, 33, 90, 64, 130, 199, 82, 164, 112, 37, 186, 67, 98, 30, 180, 134, 187, 39, 193, 134, 23, 20, 165, 59, 195, 86, 82, 101, 128, 97, 131, 143, 12, 137, 185, 147),
    (12, 47, 0, 167, 91, 154, 109, 55, 39, 63, 99, 14, 154, 123, 122, 76, 78, 20, 155, 46, 70, 154, 166, 21, 36, 176, 37, 126, 84, 98, 80, 92, 136, 49, 187, 170, 45, 41, 32, 11),
    (13, 61, 29, 192, 85, 90, 142, 138, 2, 121, 14, 177, 157, 147, 62, 100, 175, 88, 18, 73, 94, 18, 130, 144, 75, 191, 199, 129, 13, 103, 195, 144, 68, 34, 12, 199, 78, 24, 94, 167),
    (14, 15, 8, 171, 87, 123, 164, 195, 21, 176, 64, 150, 94, 161, 185, 152, 136, 43, 54, 94, 5, 61, 79, 172, 7, 67, 177, 6, 59, 150, 95, 96, 136, 102, 28, 24, 22, 129, 101, 72),
    (15, 117, 116, 99, 10, 113, 145, 73, 6, 182, 74, 56, 88, 136, 123, 78, 26, 177, 100, 74, 127, 168, 155, 10, 45, 196, 195, 122, 127, 41, 58, 188, 72, 158, 151, 126, 175, 4, 166, 131),
    (16, 88, 141, 184, 8, 187, 43, 168, 197, 145, 107, 37, 145, 47, 117, 10, 181, 19, 193, 122, 132, 121, 176, 88, 174, 154, 99, 139, 32, 122, 71, 150, 177, 194, 0, 82, 5, 0, 194, 138),
    (17, 19, 44, 24, 3, 197, 23, 151, 95, 92, 27, 52, 7, 168, 153, 102, 100, 160, 71, 64, 179, 38, 57, 58, 39, 192, 92, 76, 185, 46, 73, 74, 129, 110, 142, 86, 51, 109, 28, 133),
    (18, 38, 181, 3, 192, 195, 33, 32, 112, 73, 187, 145, 52, 50, 83, 19, 162, 161, 125, 16, 60, 144, 58, 33, 162, 129, 43, 95, 111, 172, 74, 45, 149, 176, 108, 138, 19, 178, 186, 136),
    (19, 115, 189, 141, 181, 92, 63, 69, 154, 171, 130, 175, 153, 122, 74, 50, 6, 78, 60, 48, 66, 123, 148, 105, 121, 65, 58, 139, 89, 147, 64, 12, 56, 99, 78, 80, 99, 150, 104, 157),
    (20, 4, 153, 21, 187, 166, 57, 120, 100, 122, 140, 168, 123, 13, 56, 76, 56, 172, 29, 43, 193, 110, 174, 166, 16, 125, 89, 180, 111, 137, 42, 160, 58, 104, 84, 83, 59, 5, 43, 89),
    (21, 1, 16, 60, 61, 73, 152, 108, 106, 4, 172, 195, 2, 82, 179, 84, 125, 108, 150, 93, 42, 129, 66, 83, 125, 140, 160, 166, 108, 172, 153, 1, 31, 102, 83, 103, 67, 10, 97, 92),
    (22, 5, 194, 166, 156, 113, 130, 159, 156, 192, 186, 104, 125, 10, 174, 132, 109, 118, 91, 5, 122, 32, 1, 55, 55, 115, 132, 122, 190, 197, 160, 161, 188, 180, 94, 162, 186, 161, 93, 186),
    (23, 42, 153, 178, 143, 174, 101, 169, 35, 77, 34, 153, 3, 137, 44, 160, 119, 182, 47, 110, 75, 119, 108, 16, 196, 146, 49, 187, 143, 198, 15, 26, 101, 92, 28, 126, 129, 75, 161, 79),
    (24, 93, 187, 178, 146, 125, 38, 136, 116, 61, 159, 25, 57, 0, 15, 9, 147, 93, 116, 21, 112, 167, 145, 28, 83, 142, 81, 78, 40, 138, 97, 18, 108, 71, 88, 187, 44, 171, 136, 113),
    (25, 92, 0, 183, 177, 48, 164, 177, 42, 41, 120, 97, 172, 73, 175, 70, 89, 185, 36, 113, 35, 17, 44, 141, 134, 187, 94, 75, 184, 67, 90, 4, 165, 60, 84, 153, 134, 114, 188, 180),
    (26, 182, 127, 151, 52, 124, 118, 65, 171, 64, 94, 175, 24, 89, 77, 46, 186, 123, 90, 114, 194, 34, 10, 142, 84, 171, 126, 46, 52, 38, 87, 156, 9, 182, 18, 140, 140, 62, 139, 89),
    (27, 116, 14, 17, 23, 92, 65, 119, 163, 99, 90, 45, 168, 44, 136, 53, 0, 7, 170, 136, 88, 190, 151, 86, 85, 77, 61, 98, 6, 129, 12, 172, 191, 136, 179, 55, 114, 156, 151, 78),
    (28, 25, 69, 55, 32, 178, 112, 124, 125, 53, 21, 20, 125, 90, 144, 25, 121, 173, 153, 7, 21, 80, 37, 165, 166, 166, 143, 189, 23, 196, 178, 92, 14, 90, 175, 130, 10, 20, 184, 15),
    (29, 97, 56, 127, 98, 115, 64, 79, 44, 34, 29, 43, 66, 198, 170, 89, 82, 97, 133, 108, 44, 178, 121, 3, 96, 157, 78, 124, 198, 103, 53, 159, 45, 157, 40, 75, 178, 61, 57, 71),
    (30, 64, 56, 129, 66, 41, 21, 42, 87, 107, 13, 128, 141, 175, 178, 110, 69, 19, 1, 99, 60, 169, 80, 84, 107, 73, 157, 20, 139, 38, 183, 173, 114, 184, 162, 55, 156, 151, 29, 125),
    (31, 179, 75, 137, 138, 195, 30, 66, 71, 184, 137, 31, 138, 26, 183, 76, 76, 112, 128, 68, 91, 47, 187, 71, 43, 14, 120, 94, 127, 110, 100, 0, 91, 169, 155, 19, 133, 96, 53, 188),
    (32, 159, 195, 75, 21, 38, 77, 144, 136, 197, 111, 85, 123, 97, 6, 21, 133, 45, 173, 85, 174, 122, 166, 96, 176, 10, 195, 97, 124, 126, 56, 26, 53, 7, 42, 56, 24, 36, 184, 197),
    (33, 36, 57, 159, 40, 114, 110, 9, 39, 15, 93, 68, 168, 183, 12, 46, 21, 116, 35, 14, 143, 58, 105, 24, 59, 88, 42, 199, 85, 79, 8, 54, 31, 167, 156, 24, 11, 10, 198, 16),
    (34, 31, 160, 193, 165, 55, 74, 122, 72, 138, 193, 5, 123, 183, 68, 62, 118, 108, 17, 198, 6, 5, 161, 171, 138, 173, 105, 183, 121, 72, 146, 171, 26, 182, 85, 15, 18, 137, 6, 87),
    (35, 38, 163, 96, 105, 9, 27, 7, 37, 124, 170, 121, 5, 128, 59, 58, 59, 195, 177, 41, 144, 171, 106, 116, 161, 94, 68, 45, 39, 144, 2, 149, 147, 54, 183, 12, 188, 116, 166, 175),
    (36, 119, 16, 56, 158, 69, 194, 114, 20, 98, 78, 160, 144, 180, 191, 122, 163, 48, 37, 97, 96, 170, 128, 23, 189, 194, 110, 162, 180, 195, 102, 48, 56, 49, 102, 149, 20, 63, 178, 180),
    (37, 77, 130, 39, 127, 66, 182, 152, 163, 130, 124, 86, 151, 24, 112, 84, 78, 84, 80, 36, 59, 64, 115, 34, 158, 75, 60, 145, 154, 168, 169, 163, 189, 123, 107, 132, 5, 2, 37, 164),
    (38, 49, 180, 39, 40, 31, 98, 194, 137, 113, 156, 42, 139, 67, 47, 1, 122, 8, 150, 175, 159, 103, 195, 57, 67, 68, 116, 72, 112, 24, 95, 112, 196, 88, 131, 123, 7, 108, 147, 56),
    (39, 101, 28, 52, 113, 149, 123, 122, 59, 165, 159, 149, 123, 196, 186, 166, 168, 77, 102, 53, 108, 195, 115, 144, 159, 170, 6, 101, 140, 79, 48, 85, 75, 22, 182, 59, 168, 176, 3, 25),
    (40, 161, 177, 91, 9, 71, 99, 165, 114, 139, 52, 67, 182, 198, 167, 23, 71, 159, 71, 95, 26, 170, 154, 194, 43, 73, 8, 64, 74, 58, 93, 50, 71, 171, 37, 156, 131, 115, 38, 106),
    (41, 108, 24, 159, 113, 61, 111, 41, 118, 131, 69, 180, 17, 9, 123, 92, 183, 41, 0, 126, 36, 4, 127, 6, 80, 92, 170, 159, 67, 145, 107, 152, 7, 38, 69, 42, 194, 65, 66, 25),
    (42, 77, 118, 122, 71, 128, 9, 159, 5, 50, 49, 107, 55, 117, 50, 178, 165, 188, 45, 16, 62, 11, 65, 144, 60, 48, 20, 54, 43, 115, 58, 168, 136, 47, 38, 191, 120, 179, 103, 113),
    (43, 38, 182, 21, 147, 132, 12, 56, 168, 139, 20, 4, 157, 170, 183, 25, 23, 30, 166, 27, 91, 41, 109, 74, 90, 194, 49, 196, 106, 166, 18, 134, 2, 147, 199, 75, 90, 136, 21, 192),
    (44, 164, 150, 108, 109, 144, 158, 81, 27, 185, 75, 109, 155, 159, 169, 115, 117, 114, 83, 120, 113, 3, 178, 126, 89, 31, 158, 14, 67, 183, 197, 18, 175, 61, 142, 0, 88, 170, 28, 109),
    (45, 194, 158, 148, 86, 178, 140, 51, 16, 186, 60, 30, 50, 183, 177, 118, 144, 4, 103, 197, 149, 138, 117, 122, 41, 44, 33, 77, 41, 105, 159, 111, 86, 194, 109, 193, 170, 144, 121, 146),
    (46, 2, 68, 56, 97, 156, 179, 41, 151, 81, 21, 71, 143, 88, 174, 70, 187, 11, 161, 121, 19, 81, 153, 106, 59, 35, 166, 104, 39, 180, 127, 72, 129, 8, 0, 30, 24, 9, 138, 69),
    (47, 50, 29, 60, 132, 57, 190, 28, 13, 14, 198, 189, 127, 21, 154, 186, 54, 137, 73, 35, 170, 118, 137, 88, 62, 3, 58, 86, 112, 71, 101, 6, 39, 171, 19, 46, 2, 39, 50, 19),
    (48, 183, 28, 94, 90, 49, 196, 147, 198, 81, 181, 161, 172, 170, 31, 160, 62, 192, 117, 116, 9, 175, 12, 106, 156, 136, 8, 9, 154, 24, 102, 38, 160, 114, 133, 172, 123, 4, 128, 168),
    (49, 186, 39, 92, 71, 60, 126, 16, 166, 2, 171, 141, 73, 79, 33, 169, 42, 69, 62, 197, 91, 127, 185, 193, 67, 175, 166, 140, 140, 49, 48, 196, 118, 122, 77, 48, 37, 94, 82, 155),
    (50, 124, 182, 63, 75, 76, 52, 95, 17, 174, 173, 5, 170, 158, 167, 52, 33, 84, 115, 179, 106, 121, 153, 142, 162, 159, 182, 33, 9, 171, 7, 83, 0, 143, 175, 110, 116, 72, 76, 11),
    (51, 194, 93, 155, 6, 152, 143, 131, 14, 121, 167, 76, 192, 43, 8, 129, 11, 182, 160, 22, 130, 160, 129, 45, 191, 37, 124, 0, 31, 31, 22, 63, 137, 72, 154, 42, 1, 172, 11, 9),
    (52, 17, 141, 93, 155, 179, 187, 180, 176, 94, 87, 180, 88, 192, 103, 194, 24, 94, 5, 180, 83, 125, 89, 187, 159, 15, 95, 89, 195, 69, 152, 99, 61, 56, 158, 145, 108, 139, 88, 52),
    (53, 108, 88, 197, 152, 95, 68, 175, 88, 166, 63, 24, 43, 9, 119, 193, 129, 82, 158, 113, 3, 66, 7, 173, 167, 25, 91, 157, 186, 8, 31, 53, 197, 131, 144, 7, 51, 137, 74, 131),
    (54, 160, 32, 43, 88, 31, 172, 147, 166, 180, 173, 110, 28, 25, 47, 3, 39, 16, 60, 199, 25, 147, 27, 185, 119, 55, 48, 48, 179, 20, 104, 114, 89, 122, 104, 47, 90, 182, 174, 106),
    (55, 68, 198, 95, 3, 10, 198, 148, 142, 129, 174, 3, 175, 55, 119, 43, 79, 76, 80, 99, 40, 30, 176, 188, 145, 71, 60, 36, 128, 47, 148, 58, 177, 117, 131, 79, 109, 28, 85, 162),
    (56, 7, 31, 24, 0, 63, 28, 192, 192, 27, 142, 128, 141, 156, 0, 152, 0, 89, 89, 89, 111, 43, 157, 50, 157, 49, 142, 5, 99, 153, 63, 158, 46, 33, 66, 194, 153, 69, 190, 198),
    (57, 12, 36, 194, 64, 24, 5, 181, 146, 150, 38, 65, 113, 41, 121, 80, 130, 140, 105, 157, 107, 173, 125, 29, 187, 107, 92, 190, 45, 126, 151, 190, 117, 23, 109, 54, 14, 193, 183, 135),
    (58, 5, 56, 75, 133, 99, 39, 191, 162, 152, 68, 163, 26, 146, 59, 55, 108, 21, 188, 106, 89, 32, 18, 120, 59, 182, 82, 57, 26, 7, 157, 181, 183, 63, 167, 186, 129, 176, 137, 63),
    (59, 8, 100, 62, 57, 151, 124, 110, 86, 187, 8, 181, 98, 22, 116, 26, 194, 20, 118, 5, 24, 3, 52, 107, 94, 191, 13, 174, 32, 106, 105, 85, 3, 139, 38, 46, 19, 95, 20, 170),
    (60, 31, 82, 69, 191, 90, 186, 165, 132, 76, 82, 7, 105, 42, 133, 139, 5, 170, 187, 50, 47, 4, 166, 185, 123, 56, 112, 53, 151, 161, 3, 31, 156, 120, 33, 109, 9, 112, 0, 117),
    (61, 185, 141, 182, 118, 129, 98, 107, 82, 87, 14, 100, 51, 42, 79, 195, 171, 98, 115, 9, 48, 47, 196, 31, 48, 89, 141, 54, 81, 83, 78, 31, 135, 5, 130, 98, 83, 28, 165, 38),
    (62, 183, 27, 63, 91, 78, 44, 54, 163, 191, 40, 6, 46, 195, 47, 186, 65, 63, 29, 9, 26, 127, 73, 41, 181, 113, 199, 100, 5, 67, 33, 156, 143, 89, 104, 128, 104, 6, 68, 192),
    (63, 76, 81, 179, 141, 180, 141, 29, 110, 139, 45, 30, 82, 9, 168, 175, 132, 43, 54, 13, 186, 99, 115, 196, 45, 189, 122, 149, 155, 4, 156, 182, 58, 67, 86, 54, 37, 139, 155, 183),
    (64, 7, 183, 16, 108, 77, 29, 121, 155, 130, 23, 98, 49, 111, 178, 132, 106, 33, 133, 78, 92, 105, 58, 37, 190, 155, 133, 107, 3, 138, 186, 15, 62, 74, 15, 21, 56, 165, 110, 110),
    (65, 39, 139, 56, 89, 138, 5, 49, 136, 120, 150, 72, 196, 26, 106, 153, 146, 147, 167, 103, 71, 75, 27, 121, 142, 141, 29, 21, 188, 37, 88, 14, 11, 113, 158, 91, 14, 33, 93, 198),
    (66, 103, 85, 17, 32, 46, 38, 92, 162, 146, 6, 151, 154, 56, 102, 83, 199, 105, 98, 92, 179, 60, 65, 168, 193, 69, 119, 134, 47, 131, 117, 62, 185, 115, 41, 186, 6, 151, 160, 128),
    (67, 126, 96, 160, 77, 80, 53, 120, 23, 75, 63, 157, 108, 1, 79, 159, 130, 103, 54, 159, 65, 96, 13, 190, 15, 78, 194, 66, 192, 5, 123, 80, 1, 183, 54, 37, 31, 170, 141, 113),
    (68, 179, 37, 2, 16, 47, 109, 82, 140, 188, 159, 195, 28, 63, 57, 103, 88, 34, 10, 196, 136, 3, 166, 129, 102, 89, 139, 40, 80, 171, 148, 194, 89, 35, 194, 164, 100, 132, 31, 104),
    (69, 2, 40, 19, 175, 85, 50, 137, 82, 25, 152, 28, 68, 138, 101, 1, 123, 143, 2, 6, 198, 174, 31, 41, 196, 146, 79, 40, 36, 35, 147, 56, 99, 20, 104, 56, 191, 38, 122, 171),
    (70, 53, 124, 60, 170, 188, 134, 24, 159, 74, 61, 83, 181, 155, 136, 20, 184, 103, 156, 179, 58, 80, 125, 64, 191, 77, 34, 119, 85, 12, 113, 194, 144, 33, 3, 172, 12, 124, 174, 134),
    (71, 55, 187, 142, 94, 14, 179, 40, 193, 164, 67, 122, 126, 138, 108, 114, 142, 173, 108, 179, 177, 192, 190, 155, 163, 179, 49, 188, 13, 165, 156, 191, 78, 142, 71, 26, 186, 119, 90, 99),
    (72, 33, 31, 113, 190, 46, 136, 192, 143, 63, 156, 96, 32, 195, 30, 120, 75, 120, 135, 39, 7, 156, 154, 79, 55, 194, 171, 70, 28, 123, 118, 37, 50, 170, 149, 6, 7, 70, 169, 112),
    (73, 67, 117, 113, 176, 48, 147, 113, 180, 14, 22, 19, 78, 116, 90, 79, 135, 160, 185, 188, 155, 152, 93, 120, 177, 188, 121, 142, 92, 30, 115, 190, 29, 93, 161, 146, 11, 13, 34, 167),
    (74, 117, 2, 67, 1, 77, 47, 22, 136, 59, 147, 156, 136, 110, 73, 57, 79, 146, 189, 118, 18, 56, 164, 136, 56, 73, 13, 166, 116, 174, 192, 29, 159, 181, 178, 5, 162, 12, 29, 94),
    (75, 70, 118, 107, 192, 185, 26, 85, 138, 140, 65, 44, 192, 156, 63, 148, 194, 79, 13, 43, 165, 100, 95, 5, 87, 179, 53, 135, 116, 183, 182, 145, 120, 85, 58, 165, 97, 165, 84, 68),
    (76, 128, 88, 147, 83, 187, 174, 161, 113, 33, 15, 163, 82, 59, 178, 30, 93, 123, 10, 84, 45, 17, 73, 6, 16, 34, 93, 87, 127, 40, 90, 112, 155, 158, 170, 151, 33, 195, 134, 87),
    (77, 38, 78, 180, 181, 62, 139, 150, 136, 182, 126, 116, 64, 34, 50, 187, 160, 124, 32, 17, 111, 163, 74, 133, 63, 78, 35, 174, 46, 23, 6, 147, 66, 76, 157, 187, 77, 60, 189, 44),
    (78, 6, 20, 197, 181, 187, 169, 114, 169, 72, 96, 46, 74, 147, 89, 72, 26, 103, 141, 154, 143, 106, 161, 84, 97, 93, 117, 72, 35, 117, 11, 58, 165, 89, 197, 59, 119, 111, 121, 131),
    (79, 83, 126, 142, 188, 126, 187, 199, 186, 40, 177, 36, 84, 88, 65, 39, 13, 92, 90, 52, 49, 158, 10, 118, 2, 60, 138, 39, 73, 21, 11, 188, 5, 161, 109, 149, 118, 67, 108, 85),
    (80, 76, 44, 193, 145, 152, 112, 39, 46, 114, 106, 67, 122, 114, 155, 117, 163, 54, 22, 101, 187, 4, 195, 63, 21, 129, 98, 146, 63, 145, 33, 96, 198, 95, 89, 81, 132, 93, 118, 157),
    (81, 73, 188, 166, 89, 2, 20, 126, 88, 176, 156, 185, 97, 136, 136, 19, 84, 63, 163, 163, 59, 27, 50, 35, 25, 157, 118, 80, 68, 31, 21, 178, 185, 6, 60, 147, 104, 147, 51, 134),
    (82, 90, 95, 62, 195, 199, 93, 5, 12, 67, 36, 15, 86, 96, 189, 172, 49, 127, 196, 91, 85, 199, 68, 195, 78, 77, 134, 99, 197, 91, 56, 121, 138, 152, 109, 102, 23, 62, 131, 100),
    (83, 137, 139, 178, 33, 114, 40, 185, 81, 98, 157, 81, 78, 152, 97, 21, 196, 141, 17, 44, 47, 185, 139, 14, 115, 53, 158, 176, 10, 67, 60, 25, 95, 10, 111, 172, 153, 145, 163, 105),
    (84, 171, 54, 171, 186, 189, 38, 4, 115, 79, 97, 28, 4, 121, 52, 199, 11, 105, 146, 77, 144, 163, 107, 82, 184, 59, 58, 83, 141, 53, 51, 2, 65, 174, 115, 25, 91, 53, 6, 68),
    (85, 93, 149, 189, 24, 16, 26, 42, 34, 28, 86, 33, 16, 43, 111, 95, 72, 170, 4, 98, 167, 178, 32, 171, 74, 34, 132, 6, 46, 158, 19, 73, 7, 143, 156, 10, 22, 75, 103, 63),
    (86, 80, 50, 111, 177, 97, 9, 139, 52, 18, 25, 165, 59, 15, 149, 67, 118, 167, 4, 87, 93, 74, 11, 124, 129, 140, 66, 94, 166, 2, 47, 176, 113, 82, 76, 35, 110, 140, 96, 154),
    (87, 161, 21, 29, 31, 84, 165, 56, 164, 50, 43, 1, 142, 186, 6, 199, 128, 177, 10, 7, 73, 2, 15, 79, 168, 199, 37, 177, 103, 183, 187, 197, 81, 142, 8, 18, 139, 38, 32, 78),
    (88, 132, 174, 97, 47, 185, 117, 41, 24, 187, 195, 31, 17, 88, 115, 176, 188, 51, 188, 77, 48, 24, 96, 0, 175, 33, 125, 83, 94, 151, 176, 29, 36, 108, 47, 45, 29, 60, 92, 152),
    (89, 65, 149, 46, 140, 129, 34, 64, 31, 26, 47, 122, 167, 96, 174, 66, 171, 187, 188, 118, 35, 5, 191, 35, 90, 23, 19, 68, 157, 168, 115, 125, 49, 178, 188, 117, 121, 135, 82, 2),
    (90, 71, 129, 97, 138, 103, 197, 106, 135, 100, 120, 9, 47, 4, 170, 80, 147, 116, 73, 138, 119, 183, 80, 177, 27, 163, 188, 13, 91, 132, 192, 94, 40, 120, 160, 134, 25, 80, 95, 55),
    (91, 107, 138, 120, 102, 63, 1, 103, 121, 94, 136, 63, 189, 1, 152, 177, 104, 66, 65, 22, 177, 26, 97, 21, 81, 185, 12, 192, 97, 57, 112, 135, 126, 70, 140, 89, 10, 88, 128, 7),
    (92, 44, 103, 165, 51, 45, 135, 75, 163, 156, 110, 46, 82, 152, 151, 68, 43, 177, 145, 193, 106, 110, 34, 71, 59, 120, 91, 127, 89, 79, 94, 52, 127, 45, 144, 63, 112, 167, 114, 44),
    (93, 58, 147, 91, 106, 189, 152, 79, 35, 34, 162, 7, 17, 129, 62, 187, 115, 186, 104, 27, 110, 157, 22, 39, 87, 191, 45, 124, 133, 162, 198, 83, 73, 79, 163, 43, 82, 55, 89, 75),
    (94, 87, 158, 166, 125, 26, 127, 76, 157, 148, 76, 147, 31, 120, 73, 57, 14, 199, 10, 79, 31, 103, 180, 166, 15, 2, 42, 10, 8, 37, 71, 12, 65, 132, 110, 147, 84, 31, 114, 40),
    (95, 193, 44, 199, 173, 12, 55, 145, 79, 68, 179, 156, 171, 155, 29, 178, 15, 46, 158, 150, 25, 89, 110, 167, 151, 3, 92, 114, 148, 19, 123, 39, 78, 19, 172, 99, 31, 42, 143, 79),
    (96, 22, 69, 168, 52, 116, 190, 34, 75, 194, 18, 130, 75, 95, 125, 9, 114, 70, 174, 118, 79, 115, 122, 163, 166, 15, 41, 36, 84, 179, 74, 57, 74, 18, 71, 140, 52, 189, 52, 9),
    (97, 198, 146, 53, 9, 124, 178, 175, 90, 153, 89, 138, 109, 170, 52, 182, 63, 180, 120, 101, 186, 48, 84, 166, 134, 39, 75, 61, 95, 30, 30, 36, 169, 65, 183, 123, 34, 125, 27, 113),
    (98, 156, 135, 40, 172, 96, 181, 100, 29, 42, 130, 115, 128, 149, 142, 53, 119, 91, 18, 149, 118, 56, 3, 80, 31, 131, 160, 117, 31, 73, 150, 157, 135, 43, 6, 17, 4, 127, 88, 78),
    (99, 134, 113, 42, 73, 146, 149, 187, 75, 164, 136, 20, 140, 159, 10, 71, 77, 73, 4, 127, 129, 75, 130, 66, 187, 141, 95, 167, 5, 179, 1, 13, 49, 122, 80, 185, 53, 82, 13, 58),
    (100, 128, 22, 37, 105, 168, 110, 125, 57, 73, 30, 37, 0, 190, 91, 113, 53, 93, 122, 137, 105, 114, 123, 34, 73, 6, 53, 133, 13, 175, 4, 101, 48, 40, 86, 151, 72, 44, 3, 141),
    (101, 16, 16, 129, 20, 79, 197, 164, 92, 65, 101, 35, 14, 121, 156, 2, 67, 190, 102, 6, 148, 127, 134, 76, 8, 92, 17, 184, 148, 104, 2, 67, 80, 168, 145, 88, 147, 192, 156, 86),
    (102, 124, 115, 3, 151, 177, 109, 53, 80, 67, 100, 184, 193, 109, 105, 37, 22, 188, 170, 95, 59, 139, 169, 180, 30, 71, 153, 84, 177, 113, 183, 185, 176, 16, 143, 48, 100, 124, 30, 40),
    (103, 152, 132, 145, 85, 29, 73, 77, 130, 27, 20, 3, 2, 143, 191, 78, 57, 11, 46, 29, 93, 89, 121, 147, 120, 106, 25, 7, 70, 122, 2, 131, 111, 99, 153, 92, 90, 165, 62, 80),
    (104, 85, 173, 176, 48, 169, 89, 10, 162, 30, 43, 93, 89, 127, 191, 148, 157, 192, 120, 75, 148, 165, 50, 96, 123, 70, 178, 96, 19, 103, 11, 18, 118, 166, 143, 84, 146, 59, 167, 69),
    (105, 120, 7, 191, 44, 11, 151, 15, 93, 138, 171, 58, 38, 8, 28, 138, 117, 39, 170, 145, 77, 53, 7, 63, 1, 102, 45, 55, 8, 98, 116, 57, 123, 154, 119, 139, 88, 132, 30, 117),
    (106, 168, 192, 199, 131, 140, 22, 34, 49, 143, 13, 152, 93, 86, 145, 117, 101, 38, 27, 60, 140, 196, 151, 167, 57, 194, 175, 109, 174, 37, 4, 163, 196, 173, 24, 111, 153, 51, 115, 72),
    (107, 199, 58, 61, 139, 182, 117, 138, 184, 54, 173, 89, 48, 112, 153, 181, 77, 64, 86, 14, 77, 183, 140, 146, 179, 138, 132, 63, 118, 163, 187, 23, 85, 78, 16, 184, 22, 103, 29, 82),
    (108, 24, 83, 198, 18, 37, 168, 142, 179, 58, 123, 26, 161, 173, 199, 184, 119, 14, 191, 85, 157, 85, 125, 36, 73, 142, 187, 94, 33, 132, 54, 83, 179, 30, 42, 165, 193, 82, 198, 120),
    (109, 121, 147, 128, 69, 192, 59, 20, 13, 70, 27, 66, 150, 22, 159, 144, 63, 164, 28, 176, 38, 121, 75, 178, 2, 77, 193, 16, 115, 23, 0, 42, 52, 173, 57, 149, 56, 54, 57, 85),
    (110, 38, 82, 194, 34, 88, 101, 100, 117, 194, 8, 106, 190, 72, 64, 131, 76, 25, 137, 47, 169, 189, 72, 144, 168, 199, 60, 42, 121, 28, 178, 110, 169, 59, 13, 116, 50, 81, 12, 170),
    (111, 6, 150, 11, 98, 167, 131, 71, 101, 184, 82, 146, 83, 177, 157, 118, 104, 22, 25, 34, 32, 126, 86, 196, 81, 51, 136, 102, 176, 165, 97, 43, 94, 136, 39, 135, 128, 111, 191, 71),
    (112, 7, 83, 151, 104, 20, 61, 184, 9, 46, 113, 83, 109, 46, 90, 4, 81, 116, 23, 158, 116, 84, 183, 6, 90, 163, 45, 112, 137, 136, 53, 99, 160, 10, 184, 88, 58, 40, 183, 116),
    (113, 67, 68, 83, 154, 179, 148, 20, 95, 88, 34, 98, 25, 31, 27, 193, 78, 67, 17, 142, 186, 51, 150, 28, 28, 92, 164, 12, 50, 55, 150, 154, 39, 22, 110, 20, 148, 109, 52, 126),
    (114, 121, 125, 142, 157, 5, 84, 65, 93, 18, 51, 96, 17, 91, 184, 59, 56, 36, 121, 194, 42, 139, 122, 69, 44, 181, 191, 84, 166, 174, 119, 7, 20, 136, 102, 125, 146, 178, 27, 180),
    (115, 149, 23, 127, 40, 15, 13, 113, 186, 194, 176, 162, 9, 7, 66, 169, 51, 99, 128, 94, 131, 45, 76, 195, 100, 13, 107, 110, 136, 106, 103, 25, 179, 21, 134, 194, 66, 62, 11, 181),
    (116, 20, 1, 117, 194, 76, 50, 31, 170, 160, 183, 79, 21, 0, 105, 167, 172, 44, 24, 145, 106, 162, 12, 194, 23, 154, 118, 163, 146, 159, 118, 76, 135, 163, 2, 173, 191, 35, 144, 176),
    (117, 27, 57, 165, 189, 178, 38, 29, 158, 102, 180, 122, 37, 62, 46, 197, 53, 188, 24, 19, 166, 78, 69, 56, 33, 184, 120, 14, 37, 178, 173, 31, 140, 73, 104, 77, 174, 37, 127, 165),
    (118, 171, 128, 4, 180, 159, 155, 6, 139, 22, 167, 27, 177, 30, 31, 40, 44, 65, 59, 37, 56, 189, 145, 129, 65, 196, 151, 54, 183, 111, 120, 82, 72, 21, 179, 150, 72, 35, 59, 36),
    (119, 108, 67, 114, 191, 73, 41, 188, 125, 104, 8, 93, 68, 1, 165, 141, 31, 122, 56, 94, 168, 136, 37, 17, 138, 175, 148, 93, 102, 186, 85, 132, 121, 67, 96, 79, 52, 23, 148, 46),
    (120, 65, 178, 143, 136, 14, 50, 174, 72, 134, 108, 172, 180, 181, 62, 72, 171, 172, 21, 95, 150, 19, 43, 37, 53, 127, 130, 62, 146, 183, 125, 88, 150, 138, 80, 148, 191, 16, 60, 178),
    (121, 1, 70, 180, 75, 114, 152, 145, 75, 199, 162, 81, 151, 96, 13, 16, 116, 40, 38, 33, 98, 168, 77, 83, 66, 68, 151, 110, 108, 81, 89, 179, 81, 157, 78, 109, 128, 152, 134, 8),
    (122, 72, 142, 44, 22, 178, 14, 85, 167, 191, 151, 122, 0, 127, 45, 162, 151, 81, 196, 25, 31, 16, 104, 163, 46, 153, 60, 146, 82, 108, 3, 185, 48, 194, 11, 16, 130, 121, 15, 55),
    (123, 61, 4, 164, 122, 106, 43, 139, 167, 87, 15, 61, 171, 98, 18, 128, 177, 59, 161, 35, 120, 191, 109, 59, 100, 96, 163, 12, 86, 9, 138, 111, 166, 125, 81, 32, 91, 167, 28, 9),
    (124, 68, 146, 84, 196, 104, 119, 22, 10, 131, 81, 108, 87, 165, 47, 68, 182, 199, 160, 193, 130, 44, 127, 152, 104, 94, 10, 41, 77, 114, 47, 100, 193, 0, 194, 84, 99, 137, 34, 134),
    (125, 103, 163, 41, 67, 183, 68, 141, 131, 199, 95, 70, 98, 91, 20, 79, 152, 80, 43, 96, 23, 86, 98, 185, 196, 194, 67, 59, 123, 44, 151, 1, 58, 105, 162, 23, 21, 136, 66, 145),
    (126, 142, 97, 127, 137, 91, 139, 68, 197, 126, 57, 193, 69, 147, 104, 41, 104, 84, 126, 46, 183, 116, 199, 28, 50, 41, 5, 52, 89, 54, 79, 45, 165, 123, 71, 177, 79, 35, 24, 26),
    (127, 74, 150, 85, 7, 176, 154, 49, 46, 93, 74, 74, 140, 2, 189, 43, 120, 64, 120, 153, 44, 32, 100, 28, 139, 160, 94, 40, 145, 41, 124, 110, 123, 188, 16, 182, 33, 13, 150, 37),
    (128, 104, 141, 197, 184, 184, 15, 60, 94, 97, 1, 36, 142, 87, 169, 22, 106, 127, 74, 19, 46, 71, 73, 152, 150, 125, 163, 157, 48, 87, 97, 108, 41, 141, 122, 50, 159, 164, 145, 184),
    (129, 75, 25, 133, 177, 44, 45, 170, 15, 183, 117, 106, 174, 154, 44, 110, 75, 37, 127, 103, 116, 102, 197, 12, 12, 153, 170, 52, 154, 199, 127, 43, 195, 108, 179, 85, 11, 188, 60, 141),
    (130, 177, 125, 19, 58, 54, 151, 95, 89, 147, 142, 54, 125, 49, 5, 75, 134, 110, 39, 164, 177, 115, 165, 181, 38, 175, 196, 18, 25, 44, 188, 33, 145, 29, 35, 9, 160, 40, 27, 40),
    (131, 96, 155, 36, 102, 112, 35, 135, 88, 187, 148, 3, 186, 107, 149, 131, 196, 169, 167, 18, 173, 88, 91, 107, 4, 42, 85, 36, 157, 31, 52, 155, 110, 77, 198, 15, 144, 147, 24, 58),
    (132, 64, 74, 16, 175, 165, 44, 183, 79, 92, 79, 101, 101, 123, 144, 160, 177, 145, 118, 195, 186, 57, 136, 135, 124, 98, 160, 39, 168, 82, 186, 35, 16, 4, 192, 178, 105, 26, 52, 194),
    (133, 147, 168, 106, 140, 129, 127, 114, 37, 101, 125, 155, 127, 17, 158, 107, 100, 170, 34, 24, 0, 171, 183, 132, 128, 41, 199, 136, 121, 15, 115, 140, 48, 199, 87, 128, 190, 168, 196, 83),
    (134, 57, 10, 129, 191, 194, 148, 112, 112, 147, 87, 40, 24, 193, 8, 179, 111, 83, 13, 1, 86, 41, 164, 193, 81, 40, 36, 118, 152, 109, 191, 131, 76, 178, 61, 81, 74, 162, 180, 89),
    (135, 126, 39, 12, 34, 157, 198, 170, 96, 114, 71, 196, 157, 128, 2, 156, 113, 110, 103, 132, 177, 185, 39, 47, 131, 175, 133, 183, 164, 139, 84, 41, 126, 56, 85, 11, 63, 134, 155, 157),
    (136, 20, 38, 51, 169, 9, 99, 5, 10, 1, 21, 105, 146, 26, 28, 114, 41, 185, 67, 160, 168, 15, 52, 101, 175, 170, 99, 158, 183, 80, 61, 144, 120, 143, 145, 17, 49, 61, 183, 144),
    (137, 31, 175, 193, 118, 21, 164, 176, 33, 142, 162, 66, 50, 87, 157, 77, 88, 154, 74, 159, 79, 152, 38, 59, 60, 118, 6, 103, 42, 124, 136, 48, 91, 35, 49, 87, 5, 199, 126, 113),
    (138, 73, 5, 55, 47, 179, 134, 171, 116, 100, 101, 47, 63, 23, 88, 133, 112, 70, 20, 30, 50, 74, 17, 125, 5, 114, 11, 71, 102, 124, 126, 121, 57, 120, 2, 74, 150, 157, 159, 199),
    (139, 57, 173, 119, 104, 169, 50, 121, 154, 125, 199, 123, 176, 14, 175, 166, 3, 196, 27, 49, 107, 135, 131, 160, 6, 121, 107, 134, 121, 22, 127, 173, 113, 88, 87, 52, 183, 161, 163, 151),
    (140, 70, 55, 194, 94, 86, 40, 152, 65, 121, 172, 99, 59, 110, 86, 25, 109, 91, 92, 151, 194, 174, 48, 150, 68, 119, 180, 108, 127, 89, 113, 82, 125, 10, 23, 160, 77, 191, 18, 39),
    (141, 101, 14, 61, 89, 163, 114, 2, 174, 117, 87, 123, 111, 89, 14, 97, 162, 85, 96, 155, 1, 34, 153, 50, 136, 159, 133, 185, 17, 152, 179, 5, 57, 46, 128, 156, 88, 91, 47, 36),
    (142, 158, 54, 145, 108, 127, 147, 71, 12, 75, 54, 49, 174, 114, 108, 177, 61, 132, 76, 135, 36, 28, 67, 172, 159, 86, 20, 40, 27, 76, 152, 114, 195, 96, 148, 103, 140, 100, 86, 1),
    (143, 131, 160, 102, 187, 48, 166, 68, 153, 184, 151, 116, 131, 72, 125, 129, 67, 192, 28, 45, 37, 23, 194, 75, 175, 71, 14, 86, 131, 144, 175, 99, 79, 58, 193, 14, 171, 82, 106, 34),
    (144, 37, 16, 135, 41, 190, 103, 59, 151, 97, 53, 79, 30, 166, 177, 97, 78, 10, 127, 11, 44, 152, 87, 123, 75, 182, 93, 103, 42, 192, 3, 5, 40, 95, 132, 144, 87, 81, 180, 44),
    (145, 136, 108, 196, 85, 32, 33, 22, 33, 101, 147, 64, 40, 188, 150, 190, 64, 191, 139, 123, 114, 72, 27, 192, 159, 181, 14, 142, 187, 114, 140, 8, 43, 121, 8, 59, 145, 113, 97, 156),
    (146, 77, 9, 118, 142, 183, 90, 146, 172, 145, 18, 187, 152, 44, 196, 44, 38, 199, 198, 135, 92, 193, 49, 84, 135, 6, 53, 158, 197, 150, 11, 138, 141, 11, 63, 5, 155, 128, 29, 148),
    (147, 165, 40, 139, 59, 96, 75, 197, 182, 182, 166, 81, 99, 52, 99, 84, 123, 70, 104, 93, 24, 149, 118, 143, 41, 65, 186, 74, 49, 35, 75, 90, 43, 39, 87, 193, 136, 149, 51, 13),
    (148, 78, 144, 194, 189, 85, 61, 87, 135, 45, 77, 189, 160, 11, 87, 81, 182, 130, 194, 113, 112, 130, 183, 0, 96, 129, 139, 22, 92, 148, 73, 96, 54, 144, 190, 196, 133, 184, 31, 174),
    (149, 131, 148, 157, 178, 23, 94, 73, 169, 124, 131, 25, 50, 129, 100, 158, 175, 112, 80, 176, 193, 99, 4, 173, 189, 97, 129, 59, 89, 45, 13, 181, 59, 64, 81, 147, 147, 30, 1, 178),
    (150, 114, 39, 61, 177, 51, 177, 32, 148, 117, 70, 61, 161, 37, 114, 81, 51, 181, 124, 189, 53, 140, 115, 96, 29, 33, 172, 8, 143, 15, 154, 108, 179, 79, 16, 32, 56, 133, 107, 69),
    (151, 88, 180, 188, 74, 78, 19, 168, 109, 128, 38, 180, 176, 181, 96, 154, 197, 153, 88, 136, 136, 181, 125, 12, 45, 178, 41, 179, 47, 87, 78, 20, 108, 95, 151, 173, 7, 46, 189, 89),
    (152, 129, 71, 37, 82, 2, 159, 15, 104, 142, 144, 132, 43, 183, 132, 152, 126, 94, 127, 191, 104, 185, 143, 68, 88, 47, 36, 24, 67, 126, 144, 40, 29, 97, 83, 76, 119, 171, 130, 188),
    (153, 145, 154, 16, 60, 152, 134, 140, 41, 171, 46, 21, 154, 159, 134, 184, 176, 194, 76, 176, 156, 175, 6, 117, 99, 93, 126, 111, 93, 43, 23, 47, 31, 190, 88, 111, 181, 151, 31, 113),
    (154, 2, 131, 39, 2, 54, 156, 28, 184, 129, 142, 173, 162, 149, 165, 9, 90, 12, 37, 191, 71, 191, 83, 9, 150, 45, 194, 32, 161, 103, 15, 61, 4, 104, 106, 179, 32, 18, 105, 74),
    (155, 178, 67, 136, 176, 120, 4, 86, 158, 12, 12, 105, 68, 120, 168, 160, 167, 149, 91, 70, 195, 76, 198, 156, 65, 117, 81, 48, 31, 175, 92, 131, 95, 199, 66, 16, 37, 34, 57, 43),
    (156, 176, 178, 9, 59, 156, 19, 67, 40, 10, 152, 20, 34, 118, 148, 27, 169, 47, 45, 180, 157, 158, 137, 65, 69, 29, 127, 198, 15, 33, 89, 41, 86, 102, 145, 149, 12, 166, 77, 67),
    (157, 10, 75, 17, 103, 149, 73, 168, 36, 7, 21, 116, 94, 42, 54, 40, 164, 64, 75, 116, 182, 62, 67, 146, 174, 184, 100, 94, 187, 194, 26, 193, 133, 199, 172, 134, 148, 70, 6, 121),
    (158, 158, 90, 4, 93, 170, 110, 165, 191, 23, 181, 144, 156, 150, 131, 155, 4, 44, 34, 52, 53, 113, 149, 105, 15, 95, 136, 1, 164, 179, 169, 56, 87, 162, 186, 126, 37, 10, 143, 45),
    (159, 174, 111, 50, 99, 37, 172, 108, 38, 50, 46, 94, 190, 89, 174, 64, 188, 177, 85, 0, 112, 162, 43, 95, 150, 76, 79, 47, 186, 8, 87, 180, 176, 80, 129, 170, 131, 142, 178, 145),
    (160, 105, 181, 71, 27, 137, 28, 175, 132, 52, 69, 92, 0, 113, 192, 43, 47, 159, 43, 17, 191, 171, 82, 194, 147, 44, 149, 119, 126, 99, 39, 17, 151, 156, 11, 112, 136, 59, 185, 43),
    (161, 5, 14, 170, 18, 137, 78, 13, 198, 189, 140, 113, 30, 100, 68, 14, 7, 159, 6, 99, 98, 177, 76, 60, 174, 90, 33, 94, 93, 186, 197, 164, 72, 46, 72, 96, 43, 18, 150, 155),
    (162, 150, 46, 73, 131, 110, 32, 6, 36, 152, 38, 30, 7, 42, 72, 54, 54, 29, 113, 121, 40, 93, 82, 84, 6, 61, 83, 27, 195, 109, 184, 55, 89, 94, 19, 168, 127, 88, 77, 91),
    (163, 135, 100, 5, 111, 129, 32, 63, 141, 108, 140, 112, 185, 189, 182, 22, 62, 104, 168, 113, 156, 25, 99, 196, 194, 26, 55, 147, 51, 167, 149, 76, 64, 132, 162, 11, 160, 198, 62, 199),
    (164, 181, 95, 174, 181, 165, 129, 192, 0, 156, 168, 133, 74, 89, 147, 89, 109, 84, 14, 185, 69, 78, 91, 167, 59, 115, 72, 194, 61, 68, 39, 1, 43, 85, 115, 139, 178, 17, 20, 188),
    (165, 185, 149, 7, 24, 49, 110, 41, 49, 51, 161, 45, 105, 3, 116, 180, 98, 127, 169, 146, 176, 9, 193, 134, 44, 9, 158, 133, 179, 21, 78, 128, 162, 104, 99, 123, 1, 187, 138, 51),
    (166, 27, 170, 52, 166, 192, 63, 182, 51, 172, 159, 34, 139, 71, 35, 26, 56, 13, 104, 28, 71, 140, 123, 112, 43, 110, 152, 52, 135, 48, 108, 181, 149, 17, 82, 120, 92, 34, 40, 191),
    (167, 73, 87, 150, 55, 26, 56, 153, 89, 195, 108, 44, 99, 28, 113, 152, 46, 76, 25, 165, 144, 13, 93, 122, 111, 49, 157, 151, 169, 170, 182, 170, 146, 17, 119, 42, 98, 92, 4, 43),
    (168, 139, 78, 152, 115, 13, 20, 137, 38, 8, 12, 199, 52, 10, 57, 73, 37, 124, 103, 179, 108, 138, 108, 117, 145, 7, 16, 198, 132, 81, 197, 159, 152, 40, 144, 66, 193, 197, 97, 160),
    (169, 132, 155, 168, 197, 3, 64, 121, 13, 161, 7, 150, 123, 6, 131, 73, 91, 138, 144, 184, 146, 16, 15, 0, 26, 176, 175, 30, 195, 80, 157, 190, 185, 114, 79, 47, 45, 174, 147, 44),
    (170, 120, 82, 46, 188, 34, 76, 2, 146, 111, 107, 184, 100, 14, 182, 99, 6, 65, 149, 184, 139, 27, 2, 112, 49, 28, 21, 22, 174, 132, 60, 135, 102, 115, 53, 193, 191, 138, 182, 173),
    (171, 79, 122, 176, 54, 2, 91, 4, 75, 151, 20, 53, 70, 98, 15, 44, 21, 33, 172, 106, 145, 148, 119, 187, 39, 195, 131, 153, 181, 96, 22, 80, 20, 147, 57, 26, 83, 54, 96, 193),
    (172, 164, 179, 91, 35, 112, 161, 136, 92, 35, 8, 165, 68, 176, 5, 187, 69, 104, 108, 16, 46, 145, 138, 54, 96, 172, 198, 30, 13, 150, 83, 3, 68, 35, 104, 13, 43, 54, 61, 143),
    (173, 187, 157, 190, 123, 81, 3, 119, 134, 39, 137, 164, 65, 104, 72, 94, 49, 49, 43, 75, 114, 61, 149, 85, 21, 142, 38, 41, 154, 131, 85, 147, 30, 11, 100, 4, 137, 169, 109, 72),
    (174, 183, 17, 10, 40, 163, 143, 175, 53, 38, 154, 148, 64, 59, 16, 122, 147, 186, 15, 150, 6, 116, 27, 52, 131, 92, 31, 41, 195, 122, 72, 11, 162, 27, 164, 136, 178, 116, 102, 75),
    (175, 16, 47, 106, 120, 13, 55, 32, 5, 123, 83, 183, 69, 115, 116, 9, 181, 31, 1, 59, 124, 170, 196, 57, 78, 174, 130, 184, 45, 158, 164, 167, 137, 156, 99, 75, 91, 149, 49, 161),
    (176, 86, 50, 156, 161, 51, 175, 93, 157, 20, 117, 100, 155, 110, 165, 104, 193, 189, 128, 198, 26, 28, 77, 183, 195, 57, 151, 146, 23, 144, 96, 123, 109, 99, 166, 188, 93, 126, 155, 100),
    (177, 80, 77, 108, 98, 192, 11, 59, 85, 112, 39, 134, 138, 97, 110, 97, 25, 175, 7, 43, 66, 56, 137, 190, 179, 79, 79, 68, 91, 56, 68, 115, 164, 7, 121, 78, 162, 13, 62, 150),
    (178, 37, 70, 76, 186, 173, 3, 47, 131, 127, 35, 80, 144, 134, 39, 143, 81, 65, 171, 102, 101, 91, 55, 18, 58, 46, 74, 185, 5, 188, 33, 24, 197, 138, 199, 145, 131, 120, 121, 181),
    (179, 1, 5, 43, 145, 161, 50, 123, 135, 182, 93, 139, 92, 41, 171, 167, 5, 131, 173, 85, 3, 37, 110, 25, 67, 152, 54, 173, 125, 191, 58, 176, 120, 53, 54, 107, 31, 109, 39, 161),
    (180, 57, 198, 61, 67, 120, 112, 127, 95, 146, 170, 19, 171, 154, 24, 140, 52, 196, 150, 68, 119, 18, 143, 13, 116, 152, 105, 121, 52, 131, 108, 34, 155, 51, 99, 127, 3, 25, 168, 80),
    (181, 176, 160, 107, 88, 186, 18, 142, 44, 65, 141, 142, 172, 84, 140, 163, 85, 172, 52, 112, 171, 193, 111, 140, 56, 93, 134, 0, 8, 155, 57, 125, 71, 59, 197, 129, 154, 46, 158, 147),
    (182, 94, 53, 155, 18, 170, 51, 64, 2, 65, 107, 30, 33, 130, 171, 166, 119, 17, 71, 74, 194, 128, 91, 36, 57, 57, 161, 18, 123, 6, 9, 2, 190, 34, 185, 17, 187, 154, 119, 141),
    (183, 192, 138, 7, 186, 109, 123, 15, 76, 90, 180, 101, 137, 9, 133, 152, 138, 63, 59, 199, 59, 40, 53, 70, 106, 157, 13, 131, 65, 67, 197, 170, 108, 142, 199, 37, 170, 66, 93, 61),
    (184, 47, 132, 173, 47, 111, 4, 25, 22, 144, 4, 46, 82, 65, 71, 48, 102, 122, 46, 101, 8, 38, 195, 73, 112, 154, 132, 198, 17, 168, 178, 71, 183, 82, 82, 73, 108, 54, 2, 167),
    (185, 156, 27, 194, 61, 51, 8, 158, 100, 132, 9, 181, 20, 70, 108, 160, 23, 155, 151, 163, 98, 122, 48, 34, 106, 63, 160, 1, 3, 116, 96, 126, 164, 2, 125, 86, 117, 151, 161, 88),
    (186, 40, 139, 65, 162, 71, 137, 45, 93, 9, 67, 34, 82, 4, 148, 64, 185, 114, 112, 73, 191, 142, 144, 159, 3, 180, 6, 174, 13, 151, 63, 48, 67, 189, 122, 119, 14, 46, 71, 84),
    (187, 96, 152, 78, 193, 74, 185, 129, 129, 172, 80, 45, 102, 118, 106, 87, 170, 11, 93, 199, 13, 99, 82, 70, 121, 187, 186, 118, 100, 3, 100, 67, 125, 121, 19, 155, 16, 81, 171, 89),
    (188, 165, 166, 6, 156, 102, 33, 142, 102, 99, 169, 106, 160, 182, 52, 25, 114, 198, 142, 59, 25, 31, 35, 136, 185, 27, 150, 100, 191, 50, 2, 95, 158, 108, 128, 49, 184, 37, 93, 38),
    (189, 74, 32, 104, 144, 21, 1, 1, 23, 196, 6, 81, 117, 112, 45, 10, 74, 79, 24, 188, 27, 65, 139, 83, 78, 154, 199, 162, 100, 49, 23, 198, 36, 145, 106, 41, 60, 160, 157, 129),
    (190, 4, 111, 68, 66, 177, 121, 44, 108, 25, 167, 100, 143, 178, 189, 92, 109, 85, 71, 160, 79, 195, 2, 14, 85, 179, 86, 78, 51, 114, 190, 79, 125, 85, 186, 66, 191, 28, 143, 45),
    (191, 160, 99, 78, 75, 177, 144, 71, 80, 91, 82, 50, 13, 123, 1, 7, 97, 19, 1, 135, 113, 2, 76, 193, 85, 115, 11, 155, 34, 88, 169, 81, 33, 108, 15, 24, 182, 41, 13, 88),
    (192, 45, 174, 110, 84, 19, 5, 109, 58, 97, 170, 101, 147, 158, 185, 188, 91, 28, 94, 17, 15, 39, 118, 118, 159, 49, 48, 106, 97, 95, 87, 163, 195, 139, 45, 116, 66, 145, 74, 108),
    (193, 10, 74, 159, 62, 143, 165, 9, 168, 76, 140, 162, 180, 197, 9, 32, 15, 112, 88, 117, 12, 9, 161, 25, 21, 23, 192, 52, 136, 199, 16, 68, 122, 9, 90, 178, 95, 27, 57, 19),
    (194, 49, 32, 165, 21, 145, 106, 57, 169, 137, 110, 3, 182, 194, 151, 186, 71, 138, 182, 80, 45, 65, 172, 55, 21, 61, 165, 173, 51, 132, 95, 151, 63, 24, 112, 108, 167, 9, 137, 46),
    (195, 133, 138, 114, 173, 166, 74, 27, 17, 66, 198, 99, 192, 105, 103, 166, 94, 16, 153, 44, 66, 31, 107, 33, 131, 94, 71, 122, 192, 96, 18, 195, 121, 119, 47, 49, 11, 62, 52, 136),
    (196, 185, 176, 191, 169, 74, 51, 2, 160, 145, 96, 109, 89, 120, 193, 148, 124, 64, 75, 74, 26, 146, 110, 2, 68, 67, 158, 119, 64, 185, 124, 161, 52, 80, 130, 110, 137, 148, 193, 139),
    (197, 158, 110, 137, 172, 89, 47, 48, 39, 158, 155, 171, 127, 99, 187, 72, 61, 131, 198, 147, 184, 38, 26, 94, 9, 181, 98, 36, 111, 173, 137, 158, 120, 26, 134, 196, 141, 140, 178, 158),
    (198, 109, 88, 56, 114, 41, 123, 94, 142, 54, 27, 146, 121, 109, 99, 102, 41, 149, 128, 95, 157, 25, 156, 130, 114, 174, 41, 173, 67, 37, 36, 171, 30, 187, 148, 104, 133, 23, 76, 136),
    (199, 99, 36, 18, 6, 16, 124, 103, 71, 77, 169, 166, 42, 37, 182, 77, 50, 68, 148, 170, 3, 169, 184, 140, 127, 14, 108, 110, 148, 27, 169, 159, 96, 40, 17, 127, 95, 170, 193, 56);

INSERT INTO T15 (pk, t1, t2, t3, t4, t5, t6, t7, t8, t9, t10, t11, t12, t13, t14, t16, t17, t18, t19, t20, t21, t22, t23, t24, t25, t26, t27, t28, t29, t30, t31, t32, t33, t34, t35, t36, t37, t38, t39, t40)
VALUES
    (0, 44, 10, 19, 110, 160, 121, 39, 166, 80, 13, 97, 153, 142, 90, 198, 77, 183, 8, 134, 198, 52, 153, 178, 0, 13, 95, 2, 192, 184, 22, 7, 130, 87, 106, 197, 177, 168, 140, 17),
    (1, 10, 20, 146, 12, 43, 10, 182, 36, 24, 133, 87, 169, 199, 72, 125, 1, 114, 76, 101, 96, 9, 100, 17, 80, 144, 41, 3, 131, 168, 148, 74, 50, 36, 187, 37, 127, 162, 184, 121),
    (2, 77, 177, 110, 100, 95, 148, 117, 108, 43, 160, 98, 46, 189, 169, 160, 108, 161, 136, 130, 48, 171, 27, 93, 186, 97, 99, 14, 54, 174, 131, 98, 118, 144, 194, 149, 185, 115, 136, 105),
    (3, 91, 168, 44, 186, 130, 89, 166, 137, 49, 99, 17, 199, 185, 127, 119, 142, 37, 5, 37, 72, 128, 191, 158, 116, 186, 138, 183, 194, 82, 12, 137, 123, 40, 129, 25, 45, 60, 141, 30),
    (4, 167, 21, 94, 13, 8, 84, 114, 162, 142, 27, 32, 106, 176, 139, 52, 188, 144, 196, 48, 195, 173, 193, 24, 71, 22, 68, 118, 29, 23, 10, 35, 63, 118, 150, 26, 143, 5, 134, 37),
    (5, 10, 71, 105, 96, 191, 137, 50, 81, 107, 157, 184, 56, 42, 97, 108, 45, 160, 81, 33, 53, 121, 64, 148, 88, 163, 56, 39, 145, 6, 36, 67, 131, 20, 51, 91, 182, 60, 126, 55),
    (6, 166, 34, 169, 117, 76, 34, 136, 93, 183, 188, 21, 182, 99, 6, 199, 2, 11, 81, 43, 161, 188, 124, 11, 2, 93, 138, 156, 39, 160, 124, 77, 16, 162, 166, 161, 127, 140, 90, 26),
    (7, 128, 9, 42, 128, 44, 128, 189, 132, 148, 41, 88, 164, 118, 112, 2, 174, 196, 16, 198, 77, 159, 31, 101, 164, 7, 18, 55, 39, 144, 94, 25, 166, 50, 180, 94, 159, 193, 143, 177),
    (8, 27, 37, 28, 50, 169, 131, 153, 120, 25, 16, 86, 121, 63, 171, 89, 77, 195, 144, 168, 107, 79, 119, 91, 25, 11, 110, 145, 3, 40, 19, 165, 42, 149, 50, 33, 152, 187, 27, 190),
    (9, 125, 149, 65, 65, 33, 179, 105, 145, 110, 30, 0, 25, 158, 60, 21, 190, 15, 68, 37, 159, 42, 132, 22, 169, 132, 125, 110, 80, 58, 163, 187, 116, 35, 55, 133, 9, 8, 44, 74),
    (10, 9, 125, 132, 199, 46, 127, 67, 157, 92, 158, 36, 175, 42, 66, 38, 43, 59, 112, 127, 31, 159, 0, 23, 17, 82, 51, 125, 160, 119, 127, 62, 55, 109, 72, 101, 153, 24, 19, 3),
    (11, 174, 2, 198, 186, 14, 68, 153, 63, 186, 87, 48, 121, 110, 176, 130, 46, 145, 134, 149, 109, 172, 147, 33, 111, 11, 34, 120, 32, 150, 182, 100, 137, 146, 96, 150, 54, 173, 76, 66),
    (12, 38, 190, 53, 42, 106, 148, 190, 85, 106, 13, 38, 141, 0, 143, 107, 16, 38, 6, 94, 98, 11, 27, 28, 56, 14, 37, 76, 40, 161, 46, 69, 50, 142, 56, 134, 96, 87, 27, 101),
    (13, 102, 96, 141, 38, 23, 22, 22, 185, 172, 191, 159, 95, 159, 110, 11, 44, 106, 62, 82, 83, 84, 198, 66, 42, 173, 7, 165, 122, 134, 58, 13, 64, 173, 183, 103, 177, 26, 67, 102),
    (14, 115, 174, 124, 144, 172, 8, 18, 124, 31, 138, 164, 94, 36, 189, 126, 171, 160, 47, 21, 182, 68, 180, 89, 178, 104, 52, 27, 62, 14, 39, 138, 28, 84, 71, 196, 134, 158, 99, 127),
    (15, 98, 195, 53, 88, 145, 67, 111, 18, 35, 131, 163, 94, 195, 70, 136, 175, 70, 35, 128, 88, 62, 57, 123, 35, 54, 67, 97, 182, 186, 45, 196, 25, 150, 107, 35, 161, 45, 91, 12),
    (16, 75, 169, 72, 69, 72, 156, 14, 115, 101, 122, 175, 120, 55, 1, 192, 22, 95, 198, 169, 153, 43, 1, 188, 7, 36, 59, 127, 125, 4, 31, 138, 55, 137, 19, 164, 183, 157, 151, 67),
    (17, 75, 73, 98, 125, 149, 186, 38, 182, 82, 112, 137, 100, 154, 36, 136, 171, 46, 162, 147, 68, 158, 116, 164, 109, 142, 198, 26, 158, 109, 62, 61, 55, 168, 182, 69, 61, 9, 176, 86),
    (18, 109, 138, 188, 164, 126, 164, 194, 104, 23, 85, 140, 45, 117, 56, 163, 37, 106, 137, 174, 41, 85, 21, 93, 104, 139, 159, 199, 38, 83, 96, 133, 130, 80, 122, 151, 104, 142, 62, 100),
    (19, 155, 41, 50, 64, 73, 80, 75, 138, 147, 180, 123, 33, 12, 167, 49, 147, 5, 184, 74, 44, 9, 9, 128, 162, 131, 3, 70, 131, 157, 15, 27, 196, 6, 193, 182, 0, 144, 95, 198),
    (20, 138, 81, 146, 142, 186, 173, 1, 68, 50, 34, 166, 61, 14, 182, 89, 126, 8, 145, 151, 85, 134, 179, 129, 191, 38, 88, 136, 29, 77, 7, 40, 62, 166, 109, 63, 187, 185, 159, 123),
    (21, 187, 58, 28, 94, 192, 150, 143, 32, 131, 18, 162, 153, 160, 9, 0, 98, 38, 113, 70, 167, 34, 151, 74, 113, 136, 30, 21, 73, 63, 188, 33, 181, 147, 112, 133, 147, 91, 170, 31),
    (22, 97, 103, 42, 128, 135, 52, 69, 196, 119, 142, 173, 148, 17, 151, 27, 86, 109, 25, 95, 2, 54, 66, 177, 139, 198, 74, 50, 130, 109, 141, 30, 42, 192, 84, 114, 86, 112, 102, 118),
    (23, 99, 134, 100, 43, 138, 133, 108, 108, 59, 110, 16, 187, 18, 197, 105, 92, 2, 158, 7, 197, 84, 125, 174, 193, 160, 14, 163, 45, 17, 8, 54, 58, 117, 113, 35, 16, 150, 26, 147),
    (24, 174, 37, 90, 94, 23, 161, 168, 47, 155, 32, 21, 112, 172, 21, 41, 104, 112, 84, 13, 144, 60, 99, 152, 32, 175, 145, 45, 142, 139, 63, 48, 170, 178, 182, 30, 66, 3, 44, 62),
    (25, 19, 120, 72, 24, 116, 66, 56, 186, 113, 191, 74, 109, 169, 54, 150, 50, 119, 58, 160, 82, 121, 151, 70, 120, 198, 77, 5, 199, 130, 95, 83, 53, 151, 134, 29, 109, 19, 57, 170),
    (26, 95, 7, 128, 142, 140, 133, 156, 33, 118, 102, 155, 87, 176, 107, 88, 14, 158, 99, 95, 80, 121, 74, 89, 48, 156, 187, 188, 79, 2, 179, 199, 76, 52, 178, 81, 198, 91, 36, 21),
    (27, 24, 134, 103, 14, 93, 14, 87, 140, 34, 131, 160, 54, 101, 163, 183, 128, 3, 190, 68, 45, 44, 36, 77, 184, 89, 60, 137, 99, 83, 193, 79, 7, 48, 39, 91, 121, 148, 157, 115),
    (28, 82, 113, 52, 59, 120, 97, 98, 35, 158, 17, 113, 80, 133, 197, 176, 68, 42, 33, 127, 66, 176, 173, 120, 180, 48, 169, 97, 194, 56, 74, 197, 135, 28, 109, 43, 18, 59, 1, 95),
    (29, 27, 127, 66, 122, 140, 56, 41, 23, 194, 109, 122, 167, 196, 144, 80, 92, 149, 29, 1, 199, 50, 83, 17, 111, 65, 6, 134, 31, 66, 143, 130, 5, 110, 18, 180, 40, 124, 7, 89),
    (30, 124, 0, 36, 94, 12, 57, 11, 29, 38, 28, 135, 132, 114, 170, 164, 168, 16, 119, 138, 188, 32, 159, 48, 84, 51, 121, 22, 172, 68, 105, 199, 172, 20, 174, 132, 150, 55, 60, 78),
    (31, 46, 119, 195, 182, 39, 15, 154, 135, 190, 199, 49, 3, 180, 2, 127, 163, 71, 104, 179, 17, 189, 140, 154, 145, 83, 193, 89, 17, 101, 103, 18, 139, 106, 98, 99, 11, 56, 132, 189),
    (32, 74, 69, 18, 195, 176, 46, 15, 155, 167, 14, 197, 28, 132, 27, 184, 51, 149, 30, 164, 32, 17, 30, 143, 45, 97, 67, 141, 23, 81, 198, 1, 162, 77, 77, 111, 113, 80, 89, 84),
    (33, 31, 81, 147, 166, 133, 53, 173, 15, 17, 79, 177, 44, 77, 136, 95, 159, 73, 149, 180, 143, 24, 117, 164, 6, 102, 129, 97, 81, 199, 52, 11, 136, 153, 106, 129, 181, 137, 171, 75),
    (34, 96, 51, 87, 65, 148, 91, 34, 171, 197, 16, 57, 46, 75, 181, 5, 68, 106, 138, 22, 130, 38, 63, 76, 77, 105, 46, 172, 67, 158, 161, 67, 46, 138, 6, 136, 150, 6, 36, 175),
    (35, 37, 128, 22, 146, 69, 50, 57, 17, 38, 180, 57, 76, 38, 62, 48, 66, 142, 100, 46, 120, 33, 171, 140, 87, 149, 108, 29, 53, 171, 1, 15, 64, 93, 90, 98, 89, 52, 89, 143),
    (36, 4, 189, 17, 77, 44, 0, 157, 23, 38, 118, 16, 116, 105, 23, 152, 73, 97, 197, 42, 167, 71, 195, 94, 0, 70, 160, 21, 10, 128, 114, 166, 69, 99, 167, 7, 91, 107, 187, 37),
    (37, 20, 143, 69, 191, 184, 103, 65, 158, 68, 183, 59, 23, 161, 96, 21, 126, 68, 72, 162, 44, 113, 167, 41, 57, 187, 151, 42, 157, 113, 87, 98, 137, 105, 40, 171, 34, 184, 33, 158),
    (38, 111, 22, 187, 166, 129, 173, 192, 0, 188, 5, 191, 44, 110, 23, 191, 115, 175, 39, 85, 132, 45, 115, 83, 7, 49, 169, 67, 47, 22, 136, 10, 160, 122, 57, 126, 59, 18, 186, 114),
    (39, 8, 1, 109, 96, 76, 96, 95, 158, 27, 20, 20, 165, 143, 2, 97, 116, 118, 196, 41, 39, 109, 69, 67, 14, 160, 49, 126, 88, 104, 151, 50, 47, 183, 129, 159, 85, 150, 120, 147),
    (40, 73, 58, 143, 72, 142, 51, 97, 156, 11, 132, 27, 93, 197, 196, 134, 52, 7, 129, 130, 184, 6, 142, 173, 43, 8, 149, 129, 154, 118, 193, 71, 196, 117, 35, 152, 50, 97, 105, 8),
    (41, 41, 90, 58, 0, 7, 98, 102, 4, 157, 122, 80, 21, 93, 71, 58, 18, 62, 105, 155, 70, 107, 102, 182, 130, 187, 175, 154, 42, 121, 101, 186, 169, 145, 89, 93, 58, 127, 134, 13),
    (42, 129, 181, 143, 168, 146, 119, 107, 59, 36, 71, 69, 163, 140, 59, 66, 28, 82, 128, 150, 155, 162, 156, 115, 32, 13, 19, 20, 139, 177, 139, 81, 96, 35, 47, 53, 176, 135, 45, 52),
    (43, 145, 177, 126, 72, 137, 195, 176, 21, 121, 29, 180, 129, 176, 168, 111, 6, 29, 77, 168, 190, 114, 183, 176, 99, 57, 187, 188, 32, 104, 139, 11, 85, 77, 99, 167, 131, 49, 12, 82),
    (44, 148, 131, 179, 156, 85, 124, 15, 94, 155, 146, 148, 113, 149, 155, 28, 75, 19, 109, 165, 179, 84, 153, 13, 22, 139, 77, 167, 8, 178, 37, 76, 59, 166, 97, 152, 106, 79, 175, 199),
    (45, 152, 8, 113, 4, 111, 27, 158, 97, 144, 92, 190, 156, 28, 188, 119, 193, 113, 134, 76, 173, 21, 180, 81, 105, 190, 102, 28, 60, 65, 141, 184, 115, 154, 181, 158, 9, 128, 137, 121),
    (46, 66, 192, 88, 30, 143, 179, 162, 100, 45, 158, 151, 96, 20, 176, 13, 123, 143, 165, 22, 44, 131, 1, 133, 22, 126, 34, 73, 177, 139, 196, 76, 93, 170, 110, 34, 50, 156, 175, 177),
    (47, 195, 145, 101, 88, 80, 97, 31, 44, 11, 96, 170, 163, 40, 74, 81, 23, 35, 136, 94, 136, 184, 4, 131, 1, 12, 192, 77, 50, 115, 73, 174, 81, 103, 43, 52, 38, 119, 72, 190),
    (48, 82, 73, 130, 108, 5, 96, 123, 101, 25, 188, 167, 70, 118, 143, 93, 156, 48, 187, 192, 55, 18, 56, 171, 70, 12, 101, 68, 119, 133, 80, 18, 86, 80, 165, 62, 191, 147, 30, 80),
    (49, 179, 67, 43, 115, 7, 104, 179, 159, 111, 35, 135, 108, 160, 33, 73, 15, 1, 13, 95, 155, 6, 25, 87, 11, 128, 157, 124, 34, 176, 1, 76, 138, 74, 90, 15, 103, 28, 96, 53),
    (50, 107, 67, 153, 116, 36, 65, 84, 186, 195, 59, 108, 17, 29, 15, 197, 40, 106, 136, 95, 148, 83, 167, 1, 169, 80, 164, 81, 198, 17, 3, 145, 126, 139, 135, 104, 177, 95, 27, 147),
    (51, 109, 142, 27, 11, 195, 150, 106, 182, 79, 172, 11, 76, 174, 4, 128, 34, 59, 91, 192, 28, 141, 100, 138, 56, 111, 21, 11, 180, 109, 65, 111, 25, 32, 72, 176, 27, 66, 61, 120),
    (52, 130, 155, 73, 129, 157, 69, 123, 79, 159, 151, 172, 53, 32, 100, 12, 164, 99, 101, 123, 94, 21, 85, 92, 159, 123, 63, 184, 44, 31, 3, 174, 170, 185, 25, 117, 185, 154, 196, 37),
    (53, 111, 46, 47, 16, 72, 46, 165, 62, 109, 165, 133, 6, 69, 52, 71, 127, 99, 60, 81, 67, 6, 4, 45, 121, 157, 22, 71, 81, 167, 56, 65, 182, 17, 199, 128, 66, 18, 114, 107),
    (54, 50, 33, 37, 95, 119, 71, 100, 61, 49, 119, 196, 70, 58, 78, 193, 46, 15, 132, 106, 13, 88, 152, 10, 109, 119, 117, 130, 37, 101, 198, 3, 154, 127, 191, 109, 195, 125, 60, 42),
    (55, 97, 153, 195, 23, 26, 132, 165, 43, 162, 40, 60, 158, 101, 150, 168, 135, 90, 117, 31, 161, 13, 59, 0, 64, 53, 144, 199, 199, 169, 74, 169, 183, 161, 46, 123, 180, 174, 143, 152),
    (56, 61, 55, 122, 183, 118, 121, 182, 22, 43, 32, 72, 104, 141, 82, 79, 1, 96, 124, 7, 74, 14, 19, 199, 105, 94, 134, 99, 22, 144, 104, 86, 60, 52, 8, 165, 25, 182, 23, 97),
    (57, 128, 197, 95, 63, 198, 5, 8, 178, 162, 28, 191, 93, 138, 60, 131, 16, 114, 110, 100, 120, 5, 136, 23, 75, 48, 73, 8, 24, 79, 179, 160, 101, 144, 106, 170, 102, 115, 166, 80),
    (58, 20, 116, 35, 112, 120, 10, 50, 101, 154, 9, 25, 122, 13, 91, 18, 9, 100, 163, 23, 92, 187, 54, 121, 39, 60, 122, 146, 101, 48, 51, 104, 198, 113, 172, 171, 5, 119, 168, 69),
    (59, 7, 126, 23, 29, 156, 25, 174, 147, 161, 139, 59, 154, 38, 52, 143, 73, 124, 108, 23, 123, 17, 154, 162, 175, 84, 33, 98, 79, 25, 138, 87, 52, 160, 103, 159, 115, 69, 184, 46),
    (60, 27, 73, 131, 49, 13, 92, 22, 97, 122, 98, 174, 109, 178, 139, 38, 10, 105, 2, 28, 134, 127, 119, 40, 171, 5, 152, 98, 66, 15, 188, 1, 138, 69, 78, 161, 75, 93, 59, 140),
    (61, 141, 37, 131, 52, 188, 42, 184, 155, 187, 25, 198, 9, 176, 46, 40, 136, 130, 55, 112, 25, 28, 127, 45, 7, 156, 29, 38, 168, 168, 123, 191, 185, 41, 23, 50, 88, 103, 3, 172),
    (62, 144, 37, 182, 155, 153, 187, 147, 102, 165, 22, 28, 47, 122, 63, 91, 134, 180, 74, 138, 149, 167, 149, 89, 38, 122, 86, 57, 137, 98, 0, 190, 143, 168, 26, 72, 110, 160, 101, 92),
    (63, 123, 64, 90, 18, 151, 74, 156, 181, 120, 118, 162, 50, 119, 171, 31, 48, 106, 180, 171, 151, 157, 134, 169, 128, 24, 156, 119, 140, 66, 57, 147, 149, 92, 187, 198, 111, 101, 17, 10),
    (64, 88, 143, 84, 2, 12, 107, 62, 136, 26, 89, 116, 57, 174, 53, 98, 157, 132, 161, 183, 132, 56, 120, 48, 96, 48, 192, 59, 94, 53, 115, 150, 199, 145, 35, 29, 68, 198, 164, 1),
    (65, 157, 44, 21, 94, 91, 176, 122, 197, 112, 191, 111, 44, 86, 101, 165, 71, 187, 38, 56, 8, 114, 151, 62, 114, 2, 45, 95, 35, 45, 170, 103, 53, 190, 103, 184, 145, 174, 108, 7),
    (66, 20, 103, 15, 104, 18, 54, 163, 111, 87, 122, 20, 83, 67, 47, 39, 197, 39, 15, 81, 190, 29, 100, 22, 28, 124, 138, 94, 192, 109, 95, 151, 45, 55, 44, 120, 12, 114, 6, 85),
    (67, 143, 46, 68, 54, 11, 158, 19, 9, 150, 85, 145, 104, 143, 76, 98, 186, 120, 18, 33, 45, 10, 108, 79, 7, 1, 151, 110, 42, 74, 91, 35, 187, 124, 90, 58, 195, 0, 198, 38),
    (68, 129, 199, 194, 173, 110, 135, 147, 121, 92, 4, 42, 66, 46, 54, 49, 172, 26, 189, 147, 116, 118, 19, 158, 103, 132, 87, 181, 22, 16, 138, 123, 131, 27, 179, 157, 112, 175, 116, 68),
    (69, 142, 22, 103, 17, 166, 37, 115, 107, 139, 187, 150, 171, 101, 7, 77, 79, 61, 158, 49, 30, 1, 178, 33, 186, 40, 132, 174, 83, 31, 152, 187, 197, 62, 12, 61, 112, 174, 196, 36),
    (70, 122, 73, 157, 109, 183, 79, 122, 8, 197, 53, 151, 11, 98, 58, 82, 30, 74, 74, 25, 44, 37, 89, 108, 112, 58, 153, 44, 198, 188, 179, 162, 132, 84, 50, 2, 191, 7, 81, 16),
    (71, 85, 127, 172, 76, 184, 170, 49, 161, 8, 78, 158, 57, 24, 196, 31, 97, 131, 46, 169, 121, 140, 138, 68, 164, 70, 4, 116, 41, 116, 198, 162, 188, 166, 59, 192, 104, 142, 57, 131),
    (72, 174, 64, 183, 107, 71, 173, 117, 42, 128, 141, 53, 120, 42, 126, 185, 97, 104, 65, 88, 20, 162, 143, 11, 142, 106, 194, 163, 41, 128, 199, 148, 143, 195, 92, 46, 115, 31, 106, 164),
    (73, 3, 148, 172, 156, 88, 182, 46, 82, 197, 60, 22, 16, 189, 56, 99, 108, 51, 68, 149, 75, 124, 80, 46, 107, 70, 75, 107, 147, 142, 12, 154, 69, 53, 154, 171, 73, 138, 182, 183),
    (74, 108, 68, 22, 70, 124, 132, 195, 78, 99, 92, 160, 82, 0, 193, 74, 156, 135, 169, 3, 64, 177, 165, 174, 180, 15, 71, 103, 179, 29, 62, 183, 60, 66, 110, 102, 69, 11, 159, 123),
    (75, 86, 60, 183, 30, 113, 32, 65, 129, 175, 40, 59, 102, 115, 186, 183, 146, 57, 139, 6, 127, 129, 50, 142, 149, 129, 110, 33, 132, 18, 172, 169, 64, 112, 160, 181, 130, 13, 12, 146),
    (76, 173, 53, 65, 162, 99, 158, 115, 55, 10, 60, 180, 39, 116, 82, 126, 190, 82, 149, 32, 179, 149, 41, 107, 199, 72, 157, 1, 6, 85, 48, 184, 125, 136, 196, 34, 28, 79, 138, 138),
    (77, 89, 125, 133, 179, 116, 36, 143, 52, 67, 120, 52, 138, 41, 166, 151, 29, 106, 92, 80, 129, 25, 90, 199, 191, 78, 40, 73, 182, 83, 143, 32, 109, 37, 164, 171, 101, 42, 29, 97),
    (78, 66, 24, 102, 171, 101, 161, 20, 127, 51, 136, 185, 175, 153, 42, 129, 103, 15, 177, 95, 132, 102, 192, 138, 125, 162, 177, 184, 58, 122, 19, 87, 148, 4, 99, 32, 167, 181, 18, 171),
    (79, 197, 35, 129, 74, 45, 84, 179, 8, 112, 33, 140, 144, 152, 58, 3, 110, 41, 94, 52, 89, 115, 103, 44, 3, 117, 29, 5, 124, 171, 5, 27, 160, 169, 44, 38, 24, 133, 175, 65),
    (80, 118, 125, 160, 20, 23, 78, 10, 151, 112, 38, 2, 94, 100, 115, 2, 38, 164, 8, 175, 94, 133, 198, 76, 42, 142, 95, 188, 18, 35, 75, 54, 62, 174, 112, 199, 114, 24, 176, 72),
    (81, 194, 11, 177, 171, 132, 169, 172, 58, 0, 37, 139, 168, 105, 94, 110, 151, 20, 198, 98, 105, 102, 80, 13, 13, 182, 57, 106, 162, 75, 37, 77, 49, 87, 65, 118, 33, 1, 188, 0),
    (82, 189, 105, 69, 58, 124, 124, 144, 97, 127, 68, 31, 35, 29, 157, 138, 169, 26, 108, 181, 26, 76, 83, 120, 118, 115, 56, 85, 70, 133, 117, 156, 105, 117, 44, 160, 168, 63, 41, 167),
    (83, 25, 189, 132, 45, 6, 182, 164, 57, 62, 151, 89, 7, 157, 61, 96, 34, 41, 127, 15, 139, 22, 68, 50, 151, 196, 185, 196, 175, 7, 109, 35, 23, 124, 177, 105, 168, 123, 12, 71),
    (84, 114, 186, 131, 137, 81, 70, 39, 187, 70, 182, 137, 117, 30, 54, 188, 103, 143, 188, 17, 154, 108, 60, 186, 158, 25, 32, 187, 127, 185, 43, 22, 156, 103, 188, 36, 137, 163, 43, 90),
    (85, 18, 44, 83, 198, 104, 172, 147, 100, 44, 61, 97, 133, 174, 26, 183, 80, 22, 108, 144, 111, 190, 129, 39, 122, 17, 154, 109, 6, 85, 90, 147, 118, 147, 124, 147, 160, 50, 76, 15),
    (86, 128, 180, 84, 45, 56, 76, 61, 180, 182, 196, 67, 75, 27, 2, 127, 67, 189, 92, 22, 96, 157, 68, 183, 32, 173, 157, 134, 3, 4, 78, 191, 16, 92, 59, 163, 97, 78, 152, 148),
    (87, 141, 60, 131, 41, 111, 117, 127, 154, 33, 194, 191, 89, 102, 114, 79, 127, 138, 160, 176, 123, 78, 13, 77, 80, 129, 10, 164, 57, 53, 32, 82, 2, 98, 81, 175, 34, 44, 107, 82),
    (88, 145, 77, 130, 36, 198, 58, 3, 120, 44, 125, 192, 160, 78, 154, 113, 105, 113, 76, 154, 113, 28, 106, 31, 89, 118, 199, 17, 95, 61, 20, 124, 165, 164, 121, 80, 162, 163, 79, 118),
    (89, 23, 65, 150, 53, 175, 176, 107, 168, 44, 70, 63, 43, 32, 90, 134, 186, 94, 26, 19, 79, 184, 22, 72, 181, 105, 40, 186, 47, 141, 168, 188, 183, 139, 190, 112, 33, 61, 74, 42),
    (90, 16, 7, 47, 82, 153, 74, 141, 63, 100, 53, 71, 27, 66, 4, 123, 75, 18, 34, 56, 78, 127, 141, 36, 35, 146, 119, 136, 136, 122, 27, 13, 61, 117, 185, 172, 53, 90, 0, 101),
    (91, 62, 109, 4, 171, 18, 147, 171, 175, 164, 172, 59, 173, 127, 44, 82, 33, 66, 196, 122, 129, 70, 55, 47, 161, 74, 20, 173, 105, 121, 30, 111, 111, 94, 101, 189, 49, 81, 31, 83),
    (92, 110, 83, 16, 29, 42, 88, 50, 75, 107, 189, 4, 134, 153, 113, 92, 168, 16, 151, 90, 9, 169, 75, 147, 174, 87, 16, 146, 101, 158, 114, 133, 19, 49, 39, 114, 38, 74, 52, 114),
    (93, 172, 65, 14, 45, 7, 194, 101, 122, 184, 92, 148, 95, 57, 185, 101, 24, 57, 185, 59, 12, 148, 85, 80, 90, 76, 152, 142, 7, 177, 81, 83, 25, 45, 29, 40, 174, 188, 44, 106),
    (94, 60, 140, 6, 143, 139, 119, 170, 4, 28, 25, 26, 199, 178, 26, 22, 100, 86, 98, 163, 108, 122, 54, 95, 19, 28, 86, 105, 171, 168, 113, 196, 198, 156, 111, 51, 40, 130, 113, 127),
    (95, 148, 139, 174, 81, 136, 19, 98, 150, 94, 7, 150, 184, 36, 185, 177, 196, 177, 171, 75, 19, 58, 18, 199, 20, 106, 42, 175, 120, 96, 193, 143, 175, 51, 34, 126, 105, 94, 169, 83),
    (96, 126, 74, 118, 89, 78, 75, 194, 9, 171, 104, 69, 12, 163, 183, 175, 89, 147, 174, 64, 155, 4, 73, 55, 62, 27, 121, 69, 28, 181, 71, 74, 14, 88, 45, 40, 130, 6, 190, 130),
    (97, 110, 155, 68, 103, 113, 157, 91, 191, 141, 28, 95, 83, 75, 115, 167, 90, 105, 192, 73, 165, 188, 85, 150, 98, 73, 128, 135, 192, 118, 3, 103, 78, 15, 60, 16, 106, 162, 149, 16),
    (98, 20, 168, 154, 141, 78, 68, 67, 120, 39, 99, 149, 163, 132, 177, 58, 78, 58, 148, 4, 69, 189, 158, 147, 176, 140, 28, 191, 122, 83, 170, 63, 7, 169, 175, 102, 73, 58, 195, 48),
    (99, 116, 39, 90, 159, 164, 25, 69, 103, 75, 146, 90, 156, 28, 30, 194, 45, 161, 0, 175, 90, 67, 154, 48, 59, 80, 171, 164, 71, 27, 22, 168, 105, 23, 116, 121, 30, 141, 96, 81),
    (100, 26, 37, 128, 76, 98, 130, 30, 82, 110, 34, 33, 51, 107, 178, 104, 30, 75, 65, 87, 198, 166, 185, 0, 144, 187, 18, 80, 193, 44, 75, 34, 2, 149, 167, 165, 92, 6, 66, 55),
    (101, 90, 0, 50, 160, 102, 127, 111, 73, 2, 31, 8, 196, 143, 95, 36, 156, 51, 73, 7, 50, 34, 128, 14, 167, 172, 3, 180, 188, 95, 19, 188, 96, 88, 112, 191, 97, 155, 17, 47),
    (102, 75, 19, 75, 169, 192, 191, 18, 136, 62, 84, 141, 114, 5, 142, 18, 177, 91, 191, 90, 5, 99, 126, 36, 59, 20, 166, 29, 169, 127, 86, 18, 186, 175, 92, 127, 90, 155, 21, 150),
    (103, 157, 165, 12, 36, 61, 90, 84, 33, 48, 126, 13, 70, 184, 52, 193, 81, 13, 114, 76, 51, 166, 171, 35, 58, 56, 70, 60, 84, 149, 195, 118, 90, 171, 104, 154, 47, 111, 109, 169),
    (104, 166, 171, 5, 146, 181, 10, 144, 143, 80, 44, 127, 195, 154, 198, 99, 98, 119, 24, 171, 145, 137, 90, 195, 192, 133, 84, 26, 149, 173, 190, 9, 66, 79, 116, 119, 14, 182, 86, 68),
    (105, 51, 177, 54, 22, 167, 0, 198, 117, 43, 2, 177, 23, 164, 110, 53, 117, 91, 195, 60, 112, 189, 103, 74, 156, 27, 31, 137, 122, 53, 50, 56, 47, 127, 76, 61, 18, 25, 195, 73),
    (106, 152, 54, 141, 40, 183, 2, 196, 196, 180, 116, 116, 11, 80, 182, 138, 148, 62, 47, 142, 111, 17, 20, 62, 133, 120, 173, 69, 83, 52, 57, 160, 26, 73, 73, 134, 101, 157, 6, 191),
    (107, 151, 198, 31, 67, 189, 195, 134, 164, 4, 0, 149, 175, 174, 29, 56, 140, 54, 0, 18, 143, 62, 83, 137, 93, 38, 135, 9, 155, 189, 82, 93, 56, 109, 171, 100, 96, 129, 68, 88),
    (108, 93, 120, 89, 4, 93, 41, 197, 46, 165, 69, 186, 53, 92, 57, 190, 110, 6, 131, 190, 109, 154, 28, 102, 7, 66, 20, 192, 7, 188, 163, 175, 134, 102, 43, 112, 48, 94, 154, 102),
    (109, 195, 12, 28, 137, 194, 69, 147, 45, 83, 193, 18, 198, 3, 118, 179, 120, 112, 53, 2, 171, 49, 138, 173, 158, 82, 185, 131, 92, 191, 105, 162, 70, 156, 59, 193, 132, 163, 0, 5),
    (110, 59, 99, 13, 6, 119, 147, 83, 151, 75, 81, 160, 5, 84, 21, 55, 170, 14, 191, 109, 137, 76, 95, 51, 100, 128, 24, 188, 9, 1, 115, 171, 130, 106, 41, 10, 154, 117, 162, 126),
    (111, 181, 180, 86, 127, 175, 115, 75, 144, 113, 33, 162, 102, 136, 119, 49, 140, 39, 85, 128, 197, 10, 189, 54, 106, 143, 46, 123, 182, 78, 181, 80, 151, 177, 113, 196, 133, 93, 127, 153),
    (112, 152, 58, 100, 174, 10, 75, 31, 6, 109, 11, 66, 51, 25, 18, 82, 11, 82, 11, 60, 24, 15, 84, 127, 197, 107, 162, 52, 61, 104, 177, 115, 154, 172, 116, 114, 22, 89, 85, 181),
    (113, 63, 62, 71, 136, 41, 67, 170, 104, 182, 168, 160, 141, 70, 3, 143, 184, 12, 92, 180, 193, 4, 125, 0, 140, 186, 188, 148, 192, 163, 48, 169, 138, 91, 153, 119, 48, 80, 131, 48),
    (114, 157, 17, 156, 11, 124, 86, 2, 72, 35, 165, 116, 109, 126, 151, 185, 74, 10, 107, 92, 112, 155, 97, 148, 94, 143, 81, 32, 176, 40, 52, 130, 108, 82, 174, 79, 118, 194, 158, 48),
    (115, 139, 10, 148, 93, 134, 179, 134, 62, 102, 166, 141, 47, 121, 48, 75, 173, 164, 150, 27, 31, 127, 40, 63, 1, 4, 35, 99, 161, 32, 0, 13, 157, 32, 29, 182, 160, 141, 50, 126),
    (116, 18, 13, 130, 69, 34, 48, 134, 80, 56, 124, 9, 138, 177, 82, 152, 49, 192, 58, 19, 110, 44, 53, 98, 141, 161, 173, 87, 184, 127, 66, 192, 120, 17, 92, 176, 198, 98, 10, 170),
    (117, 159, 31, 37, 2, 174, 151, 168, 165, 29, 52, 81, 89, 36, 180, 61, 29, 102, 153, 114, 104, 124, 180, 0, 53, 171, 127, 151, 168, 108, 164, 178, 122, 117, 146, 160, 15, 27, 47, 95),
    (118, 188, 33, 142, 103, 65, 18, 50, 174, 90, 194, 134, 41, 142, 19, 155, 59, 133, 190, 0, 155, 10, 78, 164, 7, 35, 28, 165, 116, 195, 19, 144, 57, 93, 102, 183, 129, 62, 158, 42),
    (119, 82, 125, 15, 67, 146, 89, 154, 58, 150, 182, 45, 78, 31, 136, 76, 107, 34, 84, 174, 33, 33, 126, 153, 167, 1, 117, 151, 164, 70, 21, 153, 2, 130, 41, 32, 67, 34, 101, 133),
    (120, 57, 39, 54, 126, 129, 39, 143, 29, 55, 110, 131, 23, 180, 64, 85, 135, 196, 9, 166, 16, 47, 42, 99, 23, 26, 148, 176, 9, 111, 4, 59, 21, 52, 71, 114, 125, 157, 82, 71),
    (121, 115, 117, 42, 164, 100, 71, 169, 66, 60, 140, 57, 3, 140, 12, 58, 194, 161, 81, 71, 30, 39, 173, 60, 187, 163, 42, 4, 112, 158, 117, 36, 75, 40, 188, 131, 155, 60, 61, 167),
    (122, 68, 176, 29, 165, 152, 136, 88, 27, 96, 65, 89, 116, 159, 21, 15, 114, 9, 147, 194, 161, 58, 34, 139, 159, 117, 85, 62, 34, 25, 102, 185, 119, 110, 38, 24, 1, 75, 30, 198),
    (123, 73, 105, 53, 50, 111, 52, 104, 102, 189, 105, 128, 35, 117, 14, 70, 114, 35, 12, 125, 33, 52, 153, 21, 5, 166, 177, 101, 108, 114, 102, 98, 94, 23, 112, 107, 143, 174, 176, 194),
    (124, 92, 2, 133, 199, 126, 67, 163, 171, 108, 46, 26, 45, 179, 56, 189, 122, 198, 124, 94, 88, 199, 190, 160, 37, 42, 164, 94, 4, 60, 109, 141, 40, 14, 9, 32, 35, 59, 122, 157),
    (125, 39, 146, 161, 198, 34, 193, 118, 111, 53, 85, 29, 152, 81, 30, 143, 89, 98, 129, 13, 113, 84, 152, 87, 87, 48, 32, 62, 13, 198, 197, 69, 145, 136, 177, 163, 28, 182, 15, 100),
    (126, 23, 121, 183, 71, 70, 143, 182, 190, 170, 81, 122, 10, 68, 25, 100, 14, 158, 23, 34, 70, 56, 94, 115, 63, 144, 49, 47, 131, 146, 12, 137, 18, 103, 167, 179, 32, 41, 151, 186),
    (127, 98, 59, 182, 108, 173, 102, 180, 125, 165, 196, 10, 187, 1, 106, 97, 194, 104, 44, 29, 44, 188, 159, 26, 138, 59, 13, 167, 15, 105, 164, 10, 7, 62, 74, 34, 168, 158, 176, 81),
    (128, 6, 50, 21, 101, 139, 73, 151, 6, 67, 22, 50, 124, 162, 16, 174, 93, 8, 102, 33, 197, 29, 50, 85, 86, 123, 47, 102, 35, 6, 3, 46, 99, 156, 103, 53, 22, 178, 187, 14),
    (129, 152, 95, 10, 115, 77, 21, 104, 149, 124, 163, 182, 44, 140, 192, 181, 36, 36, 18, 36, 10, 103, 32, 172, 131, 53, 22, 186, 80, 26, 117, 148, 173, 52, 115, 4, 152, 35, 44, 47),
    (130, 165, 3, 143, 58, 108, 63, 188, 186, 25, 95, 42, 139, 47, 49, 60, 112, 104, 30, 39, 44, 4, 46, 54, 115, 111, 169, 183, 123, 122, 34, 42, 165, 127, 112, 122, 162, 188, 167, 133),
    (131, 148, 17, 58, 19, 110, 193, 68, 27, 10, 34, 61, 124, 90, 104, 141, 192, 107, 92, 184, 45, 97, 127, 54, 134, 15, 154, 159, 121, 124, 146, 170, 122, 123, 70, 66, 86, 162, 133, 121),
    (132, 103, 137, 183, 77, 46, 25, 117, 4, 144, 28, 195, 39, 115, 107, 33, 152, 39, 79, 43, 31, 40, 111, 85, 41, 108, 151, 131, 0, 161, 130, 82, 35, 163, 149, 198, 179, 11, 185, 181),
    (133, 166, 32, 92, 124, 65, 195, 128, 73, 66, 28, 145, 84, 138, 40, 186, 129, 179, 44, 198, 67, 179, 32, 84, 17, 157, 39, 121, 125, 100, 88, 20, 92, 103, 3, 17, 199, 123, 28, 154),
    (134, 4, 70, 1, 117, 162, 14, 132, 125, 192, 64, 156, 154, 104, 167, 149, 73, 1, 10, 39, 117, 165, 81, 77, 72, 31, 179, 147, 101, 6, 134, 145, 161, 91, 10, 167, 106, 96, 46, 45),
    (135, 129, 152, 62, 101, 70, 83, 104, 105, 26, 139, 153, 29, 23, 129, 62, 46, 61, 181, 134, 184, 182, 46, 110, 49, 198, 34, 196, 104, 109, 102, 68, 39, 83, 32, 14, 132, 166, 103, 107),
    (136, 61, 112, 52, 176, 135, 174, 58, 66, 91, 162, 122, 192, 172, 140, 174, 174, 87, 198, 181, 24, 198, 116, 183, 17, 7, 135, 106, 129, 96, 45, 147, 150, 199, 141, 49, 31, 68, 46, 185),
    (137, 71, 106, 170, 6, 181, 47, 142, 134, 81, 25, 8, 75, 152, 155, 141, 114, 68, 21, 182, 18, 23, 32, 174, 137, 175, 71, 129, 43, 146, 30, 87, 8, 105, 98, 106, 39, 182, 184, 129),
    (138, 118, 14, 103, 116, 167, 188, 86, 141, 10, 159, 19, 99, 65, 98, 170, 70, 126, 154, 101, 177, 108, 131, 194, 40, 124, 182, 19, 170, 75, 56, 148, 61, 74, 49, 184, 154, 1, 149, 102),
    (139, 154, 173, 82, 101, 53, 53, 173, 166, 174, 187, 107, 69, 128, 154, 86, 103, 192, 95, 2, 3, 181, 131, 50, 32, 38, 25, 178, 97, 150, 110, 161, 198, 108, 116, 16, 90, 158, 114, 117),
    (140, 74, 107, 114, 30, 155, 147, 171, 129, 192, 90, 131, 48, 56, 3, 165, 116, 185, 38, 37, 88, 130, 47, 84, 33, 67, 22, 90, 8, 13, 182, 194, 35, 192, 20, 35, 92, 78, 73, 169),
    (141, 17, 111, 49, 142, 190, 150, 69, 28, 31, 0, 32, 104, 48, 49, 30, 60, 44, 91, 44, 29, 91, 65, 6, 84, 152, 153, 145, 23, 151, 145, 42, 71, 125, 141, 124, 123, 76, 96, 128),
    (142, 8, 74, 17, 145, 5, 142, 74, 169, 144, 103, 189, 91, 46, 4, 129, 65, 8, 136, 139, 103, 185, 141, 154, 93, 74, 19, 65, 109, 186, 13, 84, 47, 148, 72, 114, 116, 166, 14, 32),
    (143, 168, 63, 155, 42, 66, 194, 38, 103, 64, 37, 27, 151, 38, 174, 160, 178, 154, 56, 105, 100, 67, 41, 2, 187, 166, 89, 175, 37, 103, 169, 60, 92, 15, 74, 116, 53, 84, 5, 40),
    (144, 7, 12, 184, 59, 80, 78, 46, 3, 78, 157, 103, 195, 127, 65, 11, 122, 173, 40, 134, 169, 131, 44, 89, 84, 181, 26, 164, 36, 197, 122, 122, 196, 34, 112, 103, 114, 96, 63, 46),
    (145, 171, 53, 88, 136, 133, 20, 59, 30, 1, 119, 76, 22, 50, 91, 144, 6, 119, 193, 30, 62, 113, 163, 143, 161, 82, 21, 157, 164, 161, 72, 163, 155, 135, 152, 132, 63, 47, 85, 107),
    (146, 47, 94, 124, 87, 147, 144, 64, 52, 58, 176, 67, 143, 89, 44, 193, 37, 26, 164, 112, 73, 25, 139, 153, 16, 154, 151, 23, 154, 127, 112, 69, 45, 115, 105, 163, 141, 6, 5, 50),
    (147, 16, 60, 189, 186, 71, 197, 177, 64, 137, 196, 178, 84, 144, 95, 62, 179, 101, 125, 186, 100, 178, 193, 73, 188, 101, 113, 187, 50, 129, 122, 156, 64, 56, 82, 27, 104, 54, 42, 143),
    (148, 157, 67, 70, 0, 61, 133, 76, 25, 88, 154, 38, 170, 86, 66, 128, 109, 83, 57, 77, 46, 43, 102, 59, 169, 11, 39, 174, 196, 81, 191, 48, 87, 145, 22, 3, 192, 85, 195, 157),
    (149, 180, 35, 79, 138, 138, 1, 38, 196, 155, 101, 99, 66, 35, 104, 54, 161, 186, 195, 117, 119, 97, 102, 96, 16, 65, 180, 9, 97, 36, 193, 33, 20, 193, 72, 181, 112, 46, 164, 133),
    (150, 99, 63, 20, 197, 17, 43, 169, 35, 22, 26, 4, 17, 81, 121, 175, 39, 49, 82, 68, 112, 189, 153, 193, 68, 157, 114, 44, 98, 175, 44, 165, 19, 48, 141, 120, 168, 76, 81, 33),
    (151, 167, 183, 83, 137, 140, 109, 63, 146, 166, 163, 20, 2, 108, 61, 20, 135, 135, 175, 149, 82, 183, 22, 180, 103, 185, 100, 31, 192, 168, 93, 22, 181, 5, 18, 189, 153, 74, 94, 151),
    (152, 64, 150, 20, 53, 40, 84, 50, 111, 73, 44, 147, 54, 79, 119, 129, 104, 147, 86, 47, 111, 164, 87, 17, 175, 3, 172, 20, 7, 198, 34, 42, 24, 40, 13, 37, 115, 171, 25, 111),
    (153, 35, 62, 100, 136, 42, 114, 175, 148, 79, 132, 46, 189, 164, 132, 32, 181, 163, 65, 144, 62, 121, 56, 104, 158, 176, 180, 105, 172, 158, 38, 66, 153, 114, 121, 143, 194, 65, 137, 105),
    (154, 62, 4, 36, 152, 55, 134, 179, 96, 74, 176, 161, 114, 188, 101, 30, 106, 2, 186, 163, 182, 31, 74, 123, 133, 145, 32, 199, 127, 107, 149, 135, 128, 59, 186, 170, 123, 188, 24, 184),
    (155, 0, 16, 141, 122, 30, 18, 0, 63, 102, 102, 162, 81, 193, 85, 113, 85, 101, 101, 117, 113, 49, 136, 20, 93, 5, 161, 19, 91, 151, 120, 37, 188, 45, 125, 94, 166, 115, 177, 145),
    (156, 135, 74, 149, 13, 54, 139, 104, 191, 172, 42, 53, 174, 192, 140, 129, 66, 6, 85, 35, 65, 109, 16, 39, 133, 76, 65, 197, 77, 6, 38, 151, 36, 83, 47, 139, 87, 80, 2, 7),
    (157, 167, 144, 73, 91, 22, 96, 112, 15, 34, 130, 164, 66, 10, 40, 192, 20, 121, 105, 43, 30, 162, 197, 144, 102, 93, 155, 110, 165, 190, 160, 105, 48, 138, 146, 43, 46, 65, 187, 108),
    (158, 195, 125, 107, 118, 137, 128, 52, 140, 152, 130, 188, 24, 42, 9, 118, 43, 77, 90, 130, 53, 55, 169, 123, 56, 194, 91, 158, 174, 125, 72, 9, 41, 43, 137, 44, 131, 1, 36, 145),
    (159, 91, 49, 199, 43, 44, 140, 82, 64, 58, 42, 109, 198, 117, 158, 92, 130, 154, 19, 32, 1, 39, 33, 56, 54, 149, 147, 40, 98, 17, 180, 134, 166, 103, 0, 91, 42, 195, 177, 149),
    (160, 111, 119, 199, 47, 53, 91, 25, 119, 38, 65, 96, 114, 47, 28, 128, 144, 188, 141, 73, 29, 87, 111, 46, 20, 120, 9, 86, 41, 63, 25, 23, 8, 8, 150, 171, 55, 0, 68, 156),
    (161, 4, 139, 28, 23, 125, 89, 160, 30, 21, 108, 51, 159, 8, 126, 182, 177, 130, 129, 13, 140, 93, 170, 108, 68, 25, 22, 132, 85, 60, 169, 121, 109, 130, 133, 68, 47, 110, 95, 99),
    (162, 170, 8, 14, 5, 136, 89, 150, 43, 168, 156, 152, 28, 183, 77, 20, 90, 20, 26, 71, 185, 131, 198, 147, 110, 48, 197, 164, 83, 33, 45, 113, 68, 3, 152, 59, 21, 31, 131, 184),
    (163, 18, 69, 22, 147, 65, 170, 198, 12, 160, 13, 48, 61, 65, 10, 166, 161, 63, 191, 57, 115, 17, 121, 56, 110, 159, 44, 8, 46, 29, 116, 153, 92, 165, 74, 112, 2, 34, 194, 124),
    (164, 164, 186, 118, 139, 154, 11, 167, 142, 126, 106, 109, 3, 6, 101, 138, 79, 159, 185, 27, 131, 130, 192, 139, 184, 56, 113, 131, 58, 80, 178, 60, 151, 24, 196, 66, 86, 48, 6, 120),
    (165, 185, 148, 113, 25, 120, 40, 11, 176, 42, 93, 79, 158, 144, 88, 111, 136, 33, 196, 142, 97, 114, 113, 97, 148, 70, 184, 141, 44, 106, 180, 98, 195, 182, 35, 118, 190, 20, 44, 182),
    (166, 35, 194, 55, 50, 19, 42, 25, 196, 92, 74, 160, 66, 101, 30, 114, 141, 163, 108, 77, 75, 69, 95, 191, 135, 22, 171, 168, 109, 160, 197, 100, 142, 157, 105, 130, 60, 139, 49, 162),
    (167, 119, 169, 118, 124, 155, 164, 22, 88, 149, 159, 144, 169, 133, 5, 0, 163, 3, 52, 137, 86, 18, 159, 137, 28, 119, 49, 107, 106, 148, 96, 46, 45, 2, 28, 55, 149, 163, 19, 52),
    (168, 120, 165, 33, 94, 47, 4, 178, 90, 170, 55, 96, 20, 54, 68, 114, 45, 23, 158, 35, 175, 136, 57, 143, 129, 139, 134, 117, 53, 118, 52, 18, 68, 115, 47, 135, 191, 161, 23, 166),
    (169, 176, 197, 64, 111, 136, 61, 55, 115, 58, 33, 161, 170, 112, 92, 84, 53, 110, 108, 182, 142, 78, 122, 111, 53, 100, 174, 29, 122, 67, 136, 18, 55, 41, 48, 67, 14, 116, 123, 83),
    (170, 17, 183, 149, 163, 137, 10, 71, 39, 135, 36, 12, 58, 127, 36, 78, 53, 130, 7, 30, 141, 114, 64, 119, 59, 42, 13, 138, 195, 188, 72, 70, 128, 135, 178, 196, 137, 24, 89, 173),
    (171, 129, 90, 96, 101, 1, 46, 25, 68, 122, 24, 180, 7, 36, 44, 55, 36, 89, 110, 150, 57, 49, 86, 88, 154, 129, 4, 8, 165, 52, 51, 36, 77, 106, 55, 97, 4, 37, 62, 126),
    (172, 72, 83, 22, 87, 180, 151, 115, 96, 0, 57, 24, 169, 170, 35, 65, 77, 134, 87, 118, 31, 31, 198, 197, 38, 59, 87, 101, 170, 72, 30, 164, 13, 17, 107, 41, 72, 23, 34, 79),
    (173, 130, 66, 68, 90, 198, 154, 117, 33, 134, 87, 190, 63, 84, 74, 140, 4, 130, 27, 127, 133, 147, 62, 162, 103, 133, 86, 102, 34, 104, 199, 160, 133, 116, 46, 182, 187, 176, 54, 190),
    (174, 197, 145, 65, 108, 144, 48, 190, 17, 157, 192, 49, 178, 144, 161, 138, 193, 5, 90, 145, 98, 93, 64, 102, 109, 13, 28, 13, 137, 23, 107, 81, 196, 151, 177, 163, 195, 137, 0, 92),
    (175, 127, 23, 19, 3, 139, 70, 9, 167, 102, 194, 157, 61, 14, 58, 167, 5, 188, 122, 131, 14, 4, 79, 122, 197, 170, 151, 52, 139, 20, 143, 72, 104, 54, 64, 168, 112, 179, 19, 149),
    (176, 184, 171, 129, 42, 98, 19, 116, 42, 89, 126, 80, 152, 177, 32, 33, 125, 126, 167, 46, 136, 174, 191, 158, 36, 147, 193, 34, 4, 185, 196, 7, 130, 81, 87, 61, 194, 170, 144, 41),
    (177, 51, 150, 52, 154, 24, 54, 155, 57, 31, 104, 169, 167, 191, 63, 167, 136, 87, 125, 69, 13, 162, 176, 96, 90, 116, 125, 102, 93, 150, 192, 149, 103, 3, 126, 95, 115, 198, 198, 94),
    (178, 47, 183, 81, 83, 34, 197, 198, 0, 8, 100, 43, 46, 37, 123, 6, 145, 132, 68, 134, 177, 6, 55, 110, 20, 164, 77, 84, 75, 64, 67, 17, 97, 4, 186, 177, 179, 136, 70, 72),
    (179, 183, 151, 87, 108, 154, 50, 121, 72, 189, 99, 89, 193, 57, 149, 28, 135, 174, 89, 158, 0, 194, 149, 16, 104, 41, 14, 27, 199, 86, 95, 161, 144, 111, 113, 136, 38, 0, 186, 125),
    (180, 88, 117, 99, 61, 142, 150, 33, 28, 151, 173, 39, 11, 121, 50, 138, 105, 12, 118, 52, 136, 146, 4, 182, 143, 90, 180, 124, 1, 130, 121, 123, 141, 33, 163, 133, 10, 129, 97, 44),
    (181, 22, 87, 11, 116, 50, 41, 107, 161, 198, 157, 73, 49, 164, 30, 49, 153, 69, 51, 10, 150, 76, 106, 125, 42, 141, 67, 111, 59, 122, 105, 173, 129, 141, 175, 108, 180, 27, 50, 44),
    (182, 123, 33, 162, 127, 194, 196, 33, 75, 135, 123, 65, 111, 55, 76, 140, 83, 55, 164, 90, 0, 130, 102, 168, 156, 118, 178, 40, 15, 43, 101, 21, 183, 52, 129, 175, 150, 197, 147, 57),
    (183, 92, 86, 97, 174, 49, 193, 177, 1, 110, 78, 79, 157, 59, 175, 0, 132, 121, 6, 1, 22, 74, 189, 160, 144, 179, 53, 196, 21, 136, 96, 35, 162, 36, 43, 126, 140, 79, 162, 16),
    (184, 156, 133, 53, 98, 31, 193, 27, 107, 124, 64, 158, 188, 31, 198, 122, 83, 57, 63, 7, 31, 177, 45, 16, 12, 78, 69, 21, 188, 189, 103, 151, 100, 65, 157, 75, 118, 5, 194, 49),
    (185, 7, 170, 6, 101, 134, 99, 135, 63, 22, 3, 198, 184, 38, 73, 152, 14, 145, 52, 123, 52, 132, 84, 70, 125, 44, 29, 119, 11, 150, 124, 88, 13, 137, 169, 66, 1, 155, 2, 86),
    (186, 33, 122, 114, 144, 128, 49, 15, 135, 60, 86, 199, 112, 3, 18, 193, 45, 182, 77, 63, 152, 86, 197, 91, 169, 82, 87, 135, 62, 2, 48, 188, 188, 112, 52, 83, 100, 162, 193, 192),
    (187, 102, 180, 176, 82, 121, 169, 66, 182, 184, 27, 96, 113, 93, 135, 75, 78, 193, 106, 12, 85, 138, 115, 17, 70, 25, 187, 102, 193, 112, 26, 71, 171, 123, 109, 4, 198, 92, 152, 116),
    (188, 61, 100, 12, 41, 193, 170, 128, 65, 11, 151, 185, 75, 198, 94, 191, 199, 183, 52, 159, 120, 175, 6, 4, 108, 54, 102, 170, 2, 117, 177, 9, 156, 149, 59, 49, 85, 101, 160, 85),
    (189, 179, 130, 53, 199, 64, 87, 53, 169, 173, 100, 110, 75, 179, 154, 41, 110, 149, 168, 12, 4, 172, 111, 161, 18, 196, 66, 85, 153, 148, 179, 60, 148, 104, 175, 54, 122, 24, 55, 160),
    (190, 126, 62, 35, 116, 2, 135, 7, 102, 190, 75, 185, 131, 63, 23, 158, 137, 172, 64, 25, 72, 161, 58, 169, 30, 184, 193, 61, 184, 12, 168, 184, 98, 192, 156, 131, 10, 97, 80, 158),
    (191, 176, 140, 197, 39, 0, 36, 69, 190, 110, 156, 1, 133, 23, 81, 84, 107, 187, 88, 153, 166, 80, 102, 60, 62, 112, 148, 196, 18, 182, 164, 145, 111, 82, 6, 95, 50, 57, 68, 18),
    (192, 14, 67, 87, 108, 54, 3, 188, 103, 120, 178, 123, 77, 158, 169, 180, 83, 24, 44, 158, 97, 186, 62, 99, 44, 64, 189, 54, 115, 170, 20, 77, 142, 29, 121, 131, 153, 93, 31, 55),
    (193, 185, 110, 186, 71, 190, 48, 73, 16, 92, 101, 187, 23, 190, 134, 17, 3, 45, 51, 172, 60, 81, 195, 195, 123, 47, 136, 11, 64, 38, 191, 142, 17, 88, 17, 141, 125, 94, 63, 52),
    (194, 140, 40, 166, 68, 125, 146, 170, 175, 139, 26, 141, 38, 115, 74, 68, 117, 130, 35, 177, 73, 90, 125, 8, 39, 102, 92, 28, 104, 167, 10, 51, 96, 65, 129, 147, 126, 72, 64, 56),
    (195, 112, 199, 111, 105, 32, 5, 154, 52, 78, 94, 181, 198, 184, 155, 6, 70, 13, 73, 7, 152, 4, 171, 66, 90, 123, 143, 35, 104, 31, 69, 72, 3, 159, 40, 167, 133, 2, 42, 78),
    (196, 160, 177, 15, 165, 193, 24, 73, 102, 98, 147, 62, 32, 173, 151, 111, 28, 18, 161, 16, 74, 59, 97, 94, 31, 138, 119, 120, 80, 89, 186, 45, 156, 162, 171, 58, 66, 144, 182, 171),
    (197, 12, 108, 127, 194, 16, 102, 66, 34, 134, 44, 43, 163, 191, 95, 21, 179, 48, 49, 59, 15, 1, 1, 139, 26, 71, 128, 17, 4, 57, 14, 121, 76, 194, 170, 150, 49, 130, 98, 182),
    (198, 48, 183, 135, 134, 192, 74, 139, 31, 139, 146, 141, 86, 62, 19, 64, 194, 131, 77, 116, 148, 181, 80, 34, 58, 157, 155, 60, 160, 57, 51, 14, 122, 8, 180, 168, 184, 46, 90, 97),
    (199, 104, 108, 146, 162, 20, 74, 199, 192, 115, 193, 119, 60, 172, 48, 91, 120, 8, 108, 43, 21, 67, 0, 88, 47, 45, 65, 170, 103, 37, 40, 92, 63, 114, 169, 108, 156, 20, 118, 25);

INSERT INTO T16 (pk, t1, t2, t3, t4, t5, t6, t7, t8, t9, t10, t11, t12, t13, t14, t15, t17, t18, t19, t20, t21, t22, t23, t24, t25, t26, t27, t28, t29, t30, t31, t32, t33, t34, t35, t36, t37, t38, t39, t40)
VALUES
    (0, 151, 108, 187, 8, 46, 3, 155, 54, 119, 21, 159, 143, 159, 6, 173, 193, 113, 31, 188, 173, 167, 161, 67, 174, 62, 45, 55, 52, 90, 129, 7, 67, 30, 35, 28, 167, 169, 9, 163),
    (1, 133, 68, 149, 60, 140, 46, 132, 63, 101, 43, 132, 23, 26, 128, 5, 31, 74, 172, 73, 3, 43, 99, 23, 120, 36, 88, 31, 26, 129, 114, 142, 155, 156, 157, 140, 189, 159, 80, 49),
    (2, 60, 84, 156, 137, 32, 67, 199, 24, 183, 185, 52, 183, 114, 194, 108, 3, 33, 103, 81, 102, 21, 132, 138, 80, 30, 23, 105, 21, 16, 95, 47, 51, 188, 157, 19, 92, 183, 67, 7),
    (3, 62, 158, 140, 168, 187, 40, 0, 24, 160, 167, 189, 25, 146, 193, 142, 43, 9, 25, 105, 125, 90, 75, 55, 63, 1, 87, 57, 121, 62, 178, 141, 164, 160, 196, 158, 139, 82, 24, 8),
    (4, 181, 125, 158, 103, 84, 180, 77, 85, 48, 123, 112, 4, 47, 164, 141, 157, 12, 57, 59, 131, 62, 33, 124, 191, 117, 33, 148, 53, 116, 172, 34, 73, 119, 162, 185, 1, 14, 68, 164),
    (5, 53, 167, 187, 8, 117, 75, 32, 26, 19, 102, 197, 93, 24, 92, 89, 143, 114, 164, 24, 148, 198, 65, 163, 23, 178, 3, 69, 129, 14, 93, 119, 170, 51, 199, 77, 90, 133, 137, 58),
    (6, 91, 11, 191, 158, 154, 47, 181, 165, 84, 3, 113, 30, 53, 178, 193, 91, 166, 185, 54, 127, 6, 15, 82, 194, 160, 151, 14, 113, 118, 8, 106, 162, 14, 81, 107, 147, 195, 78, 74),
    (7, 190, 27, 24, 157, 166, 166, 3, 133, 38, 152, 90, 55, 174, 48, 83, 23, 170, 142, 148, 167, 89, 89, 0, 94, 42, 84, 114, 144, 191, 132, 121, 127, 78, 189, 185, 178, 83, 100, 73),
    (8, 83, 43, 152, 167, 58, 136, 55, 65, 37, 169, 44, 26, 111, 58, 107, 159, 96, 17, 195, 17, 187, 91, 119, 35, 22, 48, 111, 171, 4, 159, 34, 48, 54, 197, 145, 16, 17, 26, 174),
    (9, 117, 195, 67, 178, 190, 77, 109, 172, 55, 158, 4, 145, 156, 61, 189, 15, 150, 21, 131, 41, 133, 192, 92, 7, 16, 94, 66, 117, 162, 18, 0, 136, 91, 176, 17, 166, 170, 164, 165),
    (10, 176, 162, 121, 81, 150, 105, 41, 2, 193, 106, 123, 62, 86, 36, 120, 198, 54, 178, 123, 135, 3, 28, 39, 27, 41, 57, 74, 3, 142, 167, 167, 32, 176, 88, 159, 67, 141, 171, 161),
    (11, 75, 87, 194, 33, 43, 193, 114, 135, 144, 95, 51, 35, 97, 46, 146, 123, 169, 53, 88, 171, 48, 116, 21, 101, 162, 83, 71, 112, 64, 16, 39, 79, 128, 48, 157, 127, 108, 74, 77),
    (12, 34, 97, 83, 127, 142, 153, 71, 1, 159, 160, 188, 168, 14, 183, 13, 165, 97, 42, 8, 52, 5, 150, 130, 137, 50, 109, 56, 138, 179, 37, 181, 162, 119, 24, 137, 122, 146, 148, 59),
    (13, 61, 77, 178, 112, 74, 18, 17, 164, 155, 79, 155, 121, 177, 10, 157, 155, 98, 21, 45, 93, 70, 70, 173, 31, 40, 47, 192, 61, 150, 32, 68, 107, 120, 84, 46, 16, 176, 197, 42),
    (14, 27, 28, 161, 176, 147, 165, 114, 162, 120, 75, 67, 158, 84, 6, 95, 124, 146, 176, 27, 90, 124, 76, 121, 50, 95, 109, 89, 199, 11, 115, 109, 4, 155, 25, 89, 126, 18, 47, 12),
    (15, 82, 42, 126, 11, 69, 60, 155, 92, 177, 50, 157, 113, 30, 41, 172, 171, 195, 155, 176, 64, 177, 15, 184, 95, 121, 190, 114, 13, 81, 126, 179, 108, 64, 141, 152, 144, 175, 41, 26),
    (16, 78, 178, 171, 75, 33, 85, 91, 159, 28, 53, 133, 150, 52, 49, 133, 158, 70, 76, 183, 33, 90, 43, 150, 148, 7, 95, 114, 166, 55, 17, 21, 6, 147, 192, 185, 148, 30, 94, 135),
    (17, 99, 30, 62, 38, 35, 18, 10, 162, 192, 148, 132, 8, 19, 184, 70, 134, 48, 148, 143, 149, 119, 74, 173, 167, 37, 67, 31, 178, 121, 60, 195, 148, 179, 21, 60, 57, 160, 175, 50),
    (18, 64, 58, 59, 32, 186, 6, 23, 85, 83, 151, 3, 191, 76, 138, 58, 80, 152, 172, 74, 133, 173, 169, 29, 43, 124, 161, 137, 16, 101, 71, 48, 183, 112, 89, 150, 130, 104, 28, 101),
    (19, 2, 194, 100, 98, 167, 64, 108, 36, 175, 24, 58, 79, 183, 124, 26, 63, 116, 81, 27, 55, 121, 146, 96, 14, 32, 180, 120, 15, 32, 8, 26, 154, 2, 68, 49, 91, 162, 82, 61),
    (20, 130, 10, 9, 22, 122, 123, 147, 32, 158, 118, 181, 187, 199, 0, 38, 20, 195, 184, 131, 132, 27, 161, 129, 66, 109, 41, 43, 33, 163, 14, 105, 177, 20, 171, 129, 83, 99, 126, 89),
    (21, 161, 54, 68, 35, 138, 185, 184, 8, 183, 112, 182, 103, 66, 28, 134, 112, 9, 114, 62, 191, 34, 186, 168, 97, 149, 178, 175, 164, 134, 153, 31, 9, 88, 182, 76, 164, 76, 174, 109),
    (22, 125, 57, 149, 104, 189, 37, 198, 142, 33, 100, 179, 106, 175, 114, 45, 59, 43, 172, 1, 10, 125, 31, 72, 109, 173, 134, 187, 114, 161, 146, 147, 159, 119, 119, 33, 73, 69, 164, 176),
    (23, 148, 37, 28, 164, 191, 134, 147, 99, 73, 23, 138, 36, 137, 36, 63, 121, 183, 195, 171, 2, 132, 30, 11, 49, 95, 113, 153, 176, 122, 152, 99, 177, 13, 55, 63, 95, 27, 187, 5),
    (24, 16, 189, 64, 146, 174, 15, 23, 138, 178, 91, 15, 44, 24, 40, 89, 70, 30, 77, 61, 7, 71, 20, 28, 119, 66, 71, 147, 51, 12, 176, 110, 140, 87, 140, 19, 113, 42, 65, 29),
    (25, 138, 181, 150, 138, 115, 147, 197, 40, 25, 86, 47, 187, 196, 164, 100, 176, 137, 23, 30, 115, 140, 166, 34, 118, 15, 77, 48, 102, 76, 14, 33, 173, 35, 113, 42, 48, 45, 136, 177),
    (26, 71, 25, 154, 27, 59, 180, 11, 113, 50, 16, 152, 106, 87, 3, 177, 99, 150, 185, 151, 174, 196, 97, 37, 78, 127, 87, 50, 103, 17, 32, 39, 58, 0, 85, 35, 174, 175, 62, 96),
    (27, 151, 69, 3, 100, 102, 143, 14, 62, 158, 191, 14, 29, 39, 116, 25, 128, 6, 139, 99, 89, 134, 93, 9, 2, 150, 29, 24, 163, 139, 167, 74, 165, 145, 111, 27, 196, 161, 78, 8),
    (28, 105, 55, 164, 68, 28, 99, 124, 156, 5, 23, 132, 60, 91, 38, 52, 21, 47, 184, 143, 27, 116, 37, 143, 65, 78, 120, 110, 60, 181, 180, 77, 32, 55, 70, 196, 184, 141, 189, 4),
    (29, 157, 86, 101, 89, 3, 60, 95, 62, 51, 16, 37, 198, 144, 69, 153, 40, 15, 99, 52, 110, 91, 105, 158, 119, 167, 61, 25, 164, 21, 116, 177, 98, 153, 110, 141, 170, 125, 180, 97),
    (30, 165, 28, 143, 153, 114, 55, 123, 189, 148, 132, 139, 165, 76, 165, 85, 161, 86, 157, 145, 66, 155, 141, 53, 164, 97, 51, 101, 38, 167, 170, 7, 161, 103, 180, 163, 0, 135, 153, 193),
    (31, 70, 149, 39, 4, 104, 15, 9, 114, 142, 60, 110, 71, 41, 197, 121, 101, 43, 119, 143, 129, 56, 37, 106, 140, 22, 171, 196, 66, 89, 59, 61, 69, 128, 34, 31, 68, 85, 155, 90),
    (32, 178, 164, 26, 153, 181, 118, 24, 134, 64, 112, 197, 181, 99, 176, 191, 131, 157, 152, 29, 34, 146, 148, 37, 128, 43, 165, 47, 85, 41, 7, 94, 193, 80, 182, 48, 13, 41, 126, 102),
    (33, 161, 6, 140, 115, 70, 106, 108, 160, 4, 76, 63, 118, 157, 197, 190, 179, 83, 11, 38, 101, 134, 189, 28, 48, 155, 156, 98, 188, 93, 121, 193, 196, 115, 193, 118, 98, 90, 186, 22),
    (34, 4, 51, 97, 124, 19, 28, 68, 94, 133, 101, 167, 10, 137, 86, 63, 119, 73, 68, 33, 8, 106, 164, 188, 193, 99, 6, 114, 58, 118, 27, 51, 87, 165, 66, 194, 161, 82, 49, 196),
    (35, 109, 97, 12, 65, 71, 49, 53, 175, 104, 101, 17, 104, 37, 75, 28, 102, 125, 9, 109, 29, 128, 128, 55, 132, 79, 86, 129, 66, 165, 101, 145, 54, 160, 79, 137, 113, 30, 166, 94),
    (36, 96, 99, 77, 146, 188, 82, 160, 187, 135, 6, 45, 51, 89, 59, 24, 62, 8, 137, 121, 152, 62, 195, 21, 105, 188, 72, 158, 75, 84, 93, 14, 114, 133, 92, 29, 171, 11, 162, 111),
    (37, 8, 57, 181, 184, 40, 86, 190, 163, 86, 65, 121, 97, 170, 165, 75, 68, 105, 7, 85, 96, 135, 2, 147, 4, 124, 104, 126, 60, 144, 119, 137, 97, 115, 135, 160, 163, 143, 192, 78),
    (38, 122, 51, 49, 90, 20, 47, 140, 42, 112, 124, 49, 136, 94, 151, 190, 184, 147, 174, 55, 164, 2, 11, 20, 166, 15, 59, 186, 58, 53, 172, 13, 175, 177, 120, 142, 153, 114, 158, 74),
    (39, 85, 96, 134, 136, 85, 105, 44, 189, 100, 19, 78, 19, 123, 72, 175, 95, 85, 113, 194, 123, 131, 116, 192, 188, 128, 168, 43, 23, 39, 94, 29, 117, 166, 75, 81, 18, 58, 32, 12),
    (40, 59, 40, 133, 131, 134, 54, 150, 101, 198, 120, 143, 45, 0, 45, 87, 120, 141, 145, 174, 159, 69, 95, 106, 112, 82, 193, 133, 31, 21, 115, 36, 175, 80, 167, 133, 181, 123, 175, 67),
    (41, 93, 55, 82, 8, 85, 25, 54, 126, 72, 107, 4, 78, 67, 186, 38, 32, 52, 186, 175, 133, 187, 123, 51, 52, 196, 30, 106, 187, 186, 167, 10, 45, 155, 31, 123, 196, 65, 197, 124),
    (42, 98, 160, 139, 30, 35, 105, 186, 150, 16, 10, 173, 180, 62, 104, 69, 171, 167, 158, 3, 38, 126, 31, 194, 59, 45, 76, 28, 193, 122, 161, 34, 148, 130, 17, 175, 103, 92, 150, 33),
    (43, 173, 117, 113, 193, 72, 191, 20, 120, 179, 174, 123, 131, 116, 110, 145, 7, 56, 98, 94, 84, 92, 12, 1, 173, 79, 171, 112, 48, 48, 31, 132, 9, 41, 137, 71, 123, 105, 67, 170),
    (44, 149, 17, 67, 26, 45, 100, 5, 106, 111, 73, 87, 135, 189, 158, 55, 4, 138, 190, 52, 30, 192, 169, 102, 172, 113, 136, 196, 194, 24, 87, 20, 5, 117, 185, 163, 119, 9, 135, 23),
    (45, 49, 110, 17, 99, 22, 122, 78, 181, 159, 40, 34, 180, 71, 153, 185, 68, 142, 85, 83, 92, 132, 150, 78, 22, 172, 68, 85, 198, 157, 155, 24, 160, 191, 105, 188, 41, 46, 165, 90),
    (46, 38, 185, 4, 77, 77, 57, 33, 136, 183, 150, 186, 144, 60, 48, 104, 72, 23, 127, 28, 144, 61, 24, 114, 97, 139, 50, 183, 86, 130, 76, 190, 153, 161, 135, 24, 64, 15, 122, 161),
    (47, 149, 178, 167, 74, 179, 21, 10, 140, 190, 147, 41, 60, 165, 119, 131, 169, 136, 169, 129, 14, 175, 61, 103, 62, 73, 117, 3, 153, 150, 150, 81, 104, 119, 89, 187, 21, 152, 151, 62),
    (48, 131, 127, 142, 191, 196, 24, 113, 196, 145, 43, 189, 121, 120, 118, 57, 135, 62, 38, 127, 132, 41, 180, 3, 146, 192, 62, 151, 92, 124, 126, 66, 7, 79, 16, 112, 84, 81, 126, 106),
    (49, 175, 13, 139, 199, 95, 154, 198, 82, 21, 191, 29, 190, 173, 186, 88, 129, 116, 190, 195, 83, 167, 54, 113, 175, 88, 30, 196, 141, 141, 180, 128, 80, 182, 194, 165, 85, 106, 46, 194),
    (50, 166, 152, 179, 116, 180, 115, 132, 75, 133, 181, 190, 14, 33, 73, 90, 176, 99, 75, 3, 190, 128, 12, 106, 170, 175, 121, 147, 73, 4, 138, 95, 162, 79, 73, 53, 30, 148, 78, 73),
    (51, 98, 18, 63, 116, 8, 81, 166, 127, 61, 22, 25, 40, 32, 154, 167, 144, 124, 189, 106, 111, 140, 4, 178, 24, 196, 28, 68, 165, 40, 162, 87, 142, 199, 105, 75, 70, 18, 174, 152),
    (52, 151, 176, 114, 6, 88, 74, 17, 42, 102, 144, 105, 21, 166, 139, 123, 69, 31, 17, 8, 171, 174, 85, 11, 39, 148, 50, 181, 130, 114, 34, 181, 33, 58, 148, 181, 141, 162, 97, 58),
    (53, 158, 102, 150, 59, 35, 149, 148, 169, 95, 179, 178, 149, 16, 149, 27, 72, 79, 157, 180, 37, 199, 7, 138, 73, 13, 20, 17, 28, 121, 98, 57, 170, 151, 115, 161, 156, 178, 171, 133),
    (54, 152, 67, 160, 50, 105, 104, 174, 63, 138, 64, 19, 10, 133, 124, 189, 68, 67, 75, 95, 56, 119, 37, 61, 128, 183, 19, 52, 114, 28, 90, 172, 109, 171, 120, 106, 52, 169, 104, 26),
    (55, 15, 30, 109, 129, 184, 47, 102, 35, 171, 111, 42, 165, 163, 33, 175, 186, 39, 47, 111, 184, 171, 91, 22, 158, 104, 57, 121, 52, 66, 73, 148, 53, 27, 39, 190, 57, 0, 90, 184),
    (56, 30, 199, 138, 194, 128, 83, 46, 146, 187, 39, 24, 141, 195, 26, 57, 115, 12, 175, 144, 122, 79, 142, 139, 195, 22, 71, 173, 58, 103, 10, 131, 33, 183, 105, 173, 55, 89, 113, 116),
    (57, 168, 81, 175, 11, 191, 129, 151, 81, 83, 47, 108, 45, 175, 6, 195, 0, 162, 115, 32, 19, 77, 177, 150, 186, 169, 138, 9, 36, 103, 40, 193, 35, 131, 2, 43, 7, 28, 145, 28),
    (58, 80, 16, 159, 161, 22, 94, 186, 156, 35, 25, 120, 28, 192, 174, 69, 22, 185, 97, 137, 47, 96, 175, 165, 105, 44, 48, 178, 167, 85, 149, 126, 192, 73, 35, 93, 188, 51, 75, 52),
    (59, 52, 143, 120, 112, 111, 80, 8, 86, 11, 0, 14, 49, 185, 144, 20, 43, 106, 194, 71, 3, 163, 198, 9, 140, 179, 134, 190, 124, 136, 47, 152, 33, 181, 98, 150, 94, 86, 60, 99),
    (60, 160, 2, 196, 55, 153, 68, 9, 7, 71, 119, 47, 96, 196, 119, 114, 188, 164, 192, 163, 121, 59, 116, 196, 75, 150, 87, 77, 91, 97, 7, 171, 158, 196, 167, 69, 175, 107, 21, 21),
    (61, 190, 104, 195, 139, 190, 180, 173, 89, 75, 9, 104, 162, 146, 108, 158, 161, 179, 177, 196, 47, 152, 54, 118, 89, 53, 70, 99, 32, 88, 99, 34, 96, 83, 21, 190, 56, 67, 4, 45),
    (62, 33, 158, 85, 182, 142, 82, 196, 175, 53, 151, 73, 31, 14, 137, 139, 51, 111, 150, 87, 166, 28, 152, 83, 74, 70, 33, 44, 3, 98, 50, 131, 171, 189, 74, 123, 128, 82, 122, 9),
    (63, 118, 14, 101, 159, 183, 77, 37, 170, 129, 9, 25, 18, 92, 190, 39, 193, 71, 54, 199, 157, 167, 196, 147, 196, 14, 21, 158, 73, 37, 10, 189, 53, 33, 186, 185, 191, 161, 22, 63),
    (64, 100, 134, 37, 41, 99, 56, 113, 40, 46, 184, 37, 72, 116, 171, 78, 52, 126, 197, 68, 6, 77, 32, 50, 71, 56, 128, 18, 120, 16, 135, 131, 100, 183, 150, 80, 153, 68, 136, 168),
    (65, 120, 177, 78, 24, 74, 141, 192, 42, 182, 86, 5, 171, 36, 120, 43, 21, 131, 160, 79, 172, 93, 23, 32, 45, 191, 6, 115, 148, 39, 120, 20, 66, 40, 27, 184, 67, 190, 97, 18),
    (66, 26, 82, 60, 93, 10, 102, 99, 127, 185, 60, 179, 166, 82, 53, 16, 188, 160, 198, 77, 165, 181, 102, 25, 140, 54, 130, 140, 10, 25, 195, 22, 59, 123, 101, 147, 80, 100, 99, 30),
    (67, 69, 17, 95, 108, 22, 142, 160, 13, 136, 106, 81, 192, 109, 87, 105, 164, 9, 142, 163, 193, 125, 47, 34, 129, 184, 155, 53, 32, 72, 194, 8, 184, 85, 136, 125, 178, 81, 23, 3),
    (68, 35, 61, 104, 167, 149, 86, 27, 5, 32, 50, 48, 175, 19, 192, 190, 94, 82, 36, 137, 66, 139, 50, 188, 146, 181, 195, 121, 190, 153, 34, 147, 119, 99, 76, 28, 2, 87, 170, 134),
    (69, 6, 59, 79, 195, 73, 179, 25, 27, 55, 154, 26, 173, 165, 8, 193, 8, 85, 111, 5, 152, 16, 46, 74, 147, 188, 70, 23, 81, 169, 18, 179, 87, 154, 150, 158, 23, 142, 169, 114),
    (70, 138, 104, 102, 162, 191, 178, 35, 198, 100, 16, 5, 182, 36, 109, 37, 5, 193, 150, 60, 108, 112, 2, 127, 7, 106, 75, 145, 196, 109, 15, 10, 86, 149, 138, 10, 187, 61, 133, 78),
    (71, 50, 21, 34, 30, 100, 22, 93, 146, 121, 84, 117, 43, 178, 176, 27, 108, 40, 151, 95, 163, 151, 10, 44, 193, 38, 175, 173, 199, 21, 142, 170, 81, 115, 7, 125, 60, 147, 78, 91),
    (72, 169, 115, 30, 143, 70, 16, 25, 151, 175, 13, 153, 37, 91, 85, 114, 4, 7, 28, 137, 35, 14, 59, 58, 199, 135, 104, 191, 156, 188, 121, 19, 110, 115, 113, 78, 95, 161, 17, 147),
    (73, 4, 28, 172, 164, 152, 131, 156, 84, 184, 103, 20, 124, 4, 147, 183, 107, 182, 88, 109, 174, 198, 3, 47, 94, 62, 52, 94, 8, 174, 151, 35, 151, 24, 38, 4, 106, 172, 64, 139),
    (74, 103, 127, 117, 63, 136, 157, 60, 126, 175, 63, 146, 32, 57, 121, 169, 62, 190, 187, 40, 7, 15, 38, 171, 174, 163, 29, 95, 108, 112, 2, 7, 61, 155, 128, 113, 11, 1, 143, 53),
    (75, 45, 118, 58, 139, 67, 83, 5, 171, 153, 71, 126, 66, 1, 34, 185, 196, 190, 171, 6, 33, 124, 23, 189, 184, 40, 127, 50, 160, 29, 166, 194, 59, 106, 1, 88, 152, 130, 107, 84),
    (76, 195, 130, 85, 13, 121, 71, 170, 79, 85, 126, 66, 27, 159, 6, 164, 125, 97, 54, 106, 77, 150, 56, 0, 122, 98, 57, 197, 111, 151, 18, 190, 7, 27, 187, 70, 174, 167, 30, 170),
    (77, 95, 114, 187, 195, 45, 102, 176, 92, 152, 9, 157, 39, 147, 109, 163, 148, 163, 1, 55, 192, 66, 147, 29, 178, 38, 32, 77, 166, 67, 173, 62, 124, 37, 109, 169, 140, 103, 102, 20),
    (78, 31, 56, 198, 153, 51, 85, 64, 120, 158, 174, 94, 136, 53, 131, 53, 152, 155, 75, 33, 58, 173, 96, 30, 68, 163, 113, 82, 9, 33, 172, 180, 151, 32, 192, 173, 53, 34, 91, 2),
    (79, 73, 37, 154, 83, 13, 156, 141, 93, 112, 80, 176, 23, 79, 69, 71, 84, 193, 33, 96, 72, 59, 157, 6, 6, 13, 158, 43, 61, 180, 23, 60, 2, 85, 37, 1, 164, 22, 190, 66),
    (80, 138, 159, 97, 71, 137, 90, 9, 146, 31, 118, 87, 63, 101, 142, 149, 190, 8, 185, 185, 130, 11, 142, 172, 179, 29, 122, 181, 147, 185, 141, 91, 182, 142, 64, 95, 176, 85, 34, 27),
    (81, 158, 5, 65, 181, 30, 111, 103, 53, 20, 62, 109, 192, 49, 67, 79, 187, 16, 11, 122, 13, 6, 59, 70, 171, 191, 156, 146, 85, 82, 64, 170, 12, 113, 90, 99, 56, 9, 44, 176),
    (82, 179, 64, 80, 116, 74, 162, 122, 14, 151, 190, 154, 158, 87, 62, 50, 70, 49, 127, 51, 10, 43, 11, 187, 146, 40, 117, 43, 167, 129, 24, 23, 58, 14, 81, 21, 156, 86, 142, 51),
    (83, 154, 45, 0, 77, 24, 51, 39, 39, 183, 159, 140, 69, 45, 12, 91, 7, 170, 46, 110, 150, 172, 127, 186, 166, 39, 199, 129, 80, 141, 128, 44, 134, 197, 74, 118, 129, 82, 12, 44),
    (84, 9, 150, 102, 192, 152, 112, 124, 104, 179, 1, 81, 194, 106, 141, 148, 192, 159, 114, 24, 150, 135, 70, 39, 181, 183, 101, 134, 18, 98, 198, 4, 115, 39, 166, 114, 142, 97, 77, 106),
    (85, 54, 71, 199, 69, 18, 175, 61, 10, 174, 116, 144, 175, 8, 146, 23, 171, 60, 95, 105, 108, 188, 150, 105, 101, 15, 104, 68, 1, 23, 112, 9, 74, 12, 114, 14, 187, 198, 83, 151),
    (86, 34, 52, 165, 121, 102, 68, 105, 117, 100, 6, 49, 189, 27, 41, 167, 139, 70, 111, 194, 65, 190, 114, 0, 127, 139, 123, 62, 133, 154, 136, 64, 18, 99, 72, 45, 186, 108, 125, 194),
    (87, 199, 49, 2, 22, 115, 160, 70, 4, 29, 50, 12, 105, 149, 20, 168, 39, 117, 181, 193, 154, 85, 20, 6, 4, 84, 162, 74, 76, 18, 30, 187, 62, 183, 64, 182, 146, 140, 73, 18),
    (88, 51, 179, 124, 33, 26, 125, 178, 143, 7, 190, 141, 28, 66, 78, 102, 106, 65, 181, 160, 57, 70, 57, 101, 111, 196, 182, 9, 151, 48, 180, 140, 97, 64, 23, 12, 180, 27, 193, 34),
    (89, 4, 71, 142, 28, 105, 134, 47, 184, 77, 132, 13, 8, 178, 71, 29, 104, 143, 170, 21, 41, 93, 187, 5, 2, 29, 111, 123, 75, 111, 96, 32, 160, 137, 41, 163, 46, 99, 178, 18),
    (90, 130, 48, 79, 4, 10, 141, 181, 32, 97, 62, 196, 116, 151, 144, 99, 125, 34, 17, 117, 71, 118, 156, 171, 29, 44, 81, 86, 136, 103, 117, 47, 128, 31, 65, 120, 54, 71, 9, 105),
    (91, 144, 120, 186, 166, 69, 196, 100, 2, 131, 128, 77, 37, 65, 132, 56, 97, 132, 26, 82, 44, 151, 98, 155, 74, 37, 69, 41, 64, 185, 61, 115, 71, 27, 135, 197, 98, 62, 103, 21),
    (92, 131, 178, 109, 151, 191, 79, 164, 156, 17, 194, 28, 98, 16, 20, 61, 62, 53, 6, 111, 121, 122, 130, 74, 159, 91, 96, 126, 46, 159, 194, 84, 40, 13, 190, 40, 142, 183, 196, 63),
    (93, 1, 1, 109, 113, 195, 28, 172, 19, 114, 32, 13, 162, 130, 41, 98, 79, 81, 36, 186, 69, 38, 108, 49, 77, 198, 74, 54, 199, 111, 153, 59, 142, 12, 120, 80, 2, 182, 189, 41),
    (94, 39, 2, 62, 88, 17, 133, 149, 66, 21, 152, 44, 75, 140, 124, 37, 12, 19, 26, 146, 135, 57, 36, 115, 121, 37, 16, 75, 32, 29, 25, 36, 70, 109, 138, 3, 30, 103, 132, 141),
    (95, 70, 184, 183, 184, 65, 14, 117, 124, 163, 18, 185, 4, 45, 171, 64, 193, 199, 158, 197, 83, 111, 141, 117, 15, 117, 148, 183, 21, 161, 106, 135, 59, 157, 69, 23, 119, 75, 61, 0),
    (96, 155, 13, 91, 70, 86, 46, 42, 72, 134, 6, 106, 160, 47, 34, 14, 43, 17, 83, 150, 37, 138, 65, 40, 46, 52, 97, 141, 78, 72, 155, 153, 44, 91, 174, 100, 197, 105, 116, 89),
    (97, 142, 190, 177, 169, 185, 103, 41, 66, 19, 183, 184, 33, 134, 135, 126, 40, 146, 92, 33, 99, 119, 65, 79, 18, 183, 129, 32, 23, 64, 176, 81, 73, 175, 15, 194, 57, 21, 24, 129),
    (98, 69, 194, 84, 16, 191, 63, 63, 10, 116, 14, 27, 74, 94, 92, 140, 117, 8, 72, 178, 6, 123, 161, 34, 152, 44, 110, 95, 177, 42, 172, 199, 36, 7, 4, 32, 50, 87, 60, 186),
    (99, 199, 0, 131, 34, 127, 0, 121, 30, 67, 177, 172, 119, 63, 70, 73, 17, 176, 14, 3, 81, 144, 189, 186, 177, 95, 157, 18, 49, 13, 199, 176, 189, 62, 100, 5, 155, 20, 175, 196),
    (100, 196, 167, 1, 170, 106, 35, 130, 194, 104, 40, 129, 102, 68, 109, 48, 5, 123, 111, 20, 50, 45, 110, 17, 77, 11, 145, 70, 178, 66, 164, 60, 164, 20, 37, 83, 184, 66, 183, 120),
    (101, 106, 122, 125, 108, 105, 3, 126, 25, 141, 16, 149, 150, 176, 179, 84, 43, 40, 138, 140, 73, 72, 91, 130, 32, 165, 171, 175, 169, 196, 18, 28, 3, 32, 103, 45, 57, 105, 26, 182),
    (102, 144, 42, 112, 14, 30, 96, 86, 62, 41, 13, 178, 173, 70, 116, 35, 18, 46, 75, 37, 130, 52, 96, 165, 78, 170, 93, 20, 26, 172, 59, 79, 197, 31, 29, 94, 99, 93, 181, 83),
    (103, 3, 74, 75, 85, 94, 150, 44, 177, 64, 50, 161, 81, 141, 152, 74, 148, 82, 172, 193, 2, 183, 45, 99, 180, 105, 105, 17, 11, 94, 196, 103, 46, 157, 189, 136, 156, 145, 76, 190),
    (104, 190, 54, 18, 148, 180, 109, 30, 0, 186, 138, 177, 97, 6, 105, 139, 25, 160, 108, 91, 8, 53, 31, 57, 45, 143, 42, 2, 50, 27, 168, 117, 32, 12, 26, 143, 81, 178, 65, 170),
    (105, 129, 46, 25, 124, 51, 7, 156, 131, 108, 96, 116, 101, 21, 133, 9, 16, 114, 21, 4, 94, 140, 148, 171, 126, 170, 37, 168, 17, 86, 160, 152, 17, 94, 63, 139, 129, 10, 44, 131),
    (106, 25, 8, 164, 74, 142, 106, 119, 29, 110, 179, 189, 162, 155, 41, 137, 156, 77, 89, 109, 14, 72, 181, 79, 24, 39, 150, 74, 89, 37, 198, 23, 186, 87, 152, 133, 148, 120, 141, 57),
    (107, 135, 150, 9, 122, 36, 55, 150, 62, 112, 196, 163, 39, 77, 49, 154, 133, 24, 178, 51, 107, 71, 103, 60, 116, 177, 64, 193, 160, 70, 178, 137, 82, 59, 132, 192, 179, 48, 178, 39),
    (108, 64, 196, 115, 57, 69, 13, 27, 88, 55, 154, 115, 10, 48, 10, 95, 127, 113, 3, 20, 118, 35, 98, 52, 197, 142, 198, 164, 143, 91, 91, 29, 195, 113, 148, 108, 30, 78, 19, 68),
    (109, 62, 119, 120, 135, 149, 4, 154, 121, 98, 182, 113, 166, 25, 16, 82, 66, 157, 46, 159, 83, 7, 158, 142, 173, 149, 171, 139, 81, 150, 175, 75, 44, 174, 66, 167, 39, 115, 188, 152),
    (110, 130, 41, 53, 63, 130, 180, 47, 133, 85, 113, 70, 69, 195, 189, 136, 182, 16, 7, 120, 134, 166, 0, 195, 101, 67, 35, 129, 115, 82, 34, 167, 59, 109, 49, 98, 25, 185, 102, 59),
    (111, 79, 142, 57, 100, 58, 75, 43, 178, 178, 28, 144, 28, 12, 156, 140, 52, 187, 55, 139, 171, 161, 176, 9, 195, 173, 56, 78, 73, 50, 132, 57, 15, 5, 26, 182, 118, 50, 195, 122),
    (112, 98, 55, 145, 57, 50, 116, 189, 154, 140, 119, 191, 85, 196, 190, 140, 188, 185, 162, 68, 50, 78, 39, 194, 117, 11, 47, 69, 175, 115, 102, 62, 120, 125, 197, 107, 17, 63, 162, 109),
    (113, 126, 188, 16, 24, 30, 52, 146, 175, 26, 116, 121, 142, 111, 46, 13, 61, 135, 173, 67, 108, 121, 192, 176, 151, 127, 189, 185, 145, 197, 155, 28, 50, 32, 128, 199, 167, 80, 141, 186),
    (114, 174, 28, 53, 20, 77, 165, 156, 154, 10, 57, 30, 184, 96, 72, 105, 56, 75, 1, 160, 31, 163, 134, 0, 177, 62, 71, 116, 130, 22, 39, 199, 13, 54, 74, 19, 77, 41, 103, 158),
    (115, 50, 124, 88, 83, 120, 167, 101, 113, 187, 172, 22, 77, 175, 8, 77, 14, 121, 48, 171, 8, 56, 33, 146, 23, 170, 186, 111, 32, 168, 115, 48, 29, 54, 163, 171, 20, 151, 71, 54),
    (116, 55, 195, 98, 41, 38, 189, 87, 160, 181, 168, 113, 118, 175, 131, 98, 128, 99, 145, 141, 69, 70, 49, 46, 182, 103, 9, 152, 137, 38, 16, 72, 126, 29, 47, 121, 1, 115, 114, 36),
    (117, 183, 5, 172, 142, 112, 132, 66, 155, 112, 174, 153, 138, 33, 40, 3, 48, 91, 102, 78, 159, 159, 182, 150, 128, 123, 47, 20, 43, 44, 30, 26, 137, 176, 166, 47, 41, 72, 170, 127),
    (118, 160, 20, 6, 160, 146, 66, 15, 134, 97, 76, 168, 28, 120, 130, 53, 163, 71, 6, 118, 129, 122, 67, 152, 85, 186, 67, 2, 4, 144, 149, 167, 142, 6, 159, 184, 36, 4, 97, 104),
    (119, 183, 30, 122, 173, 33, 67, 13, 100, 194, 142, 126, 180, 1, 87, 100, 111, 106, 10, 146, 20, 92, 59, 147, 134, 156, 98, 89, 11, 181, 54, 8, 181, 190, 144, 195, 84, 105, 55, 51),
    (120, 58, 25, 100, 123, 98, 22, 58, 50, 125, 124, 60, 59, 184, 170, 165, 163, 44, 49, 139, 67, 177, 128, 101, 106, 158, 104, 63, 183, 153, 68, 131, 23, 21, 131, 8, 16, 190, 121, 166),
    (121, 129, 189, 120, 139, 146, 134, 180, 39, 176, 127, 199, 132, 59, 64, 66, 106, 67, 74, 36, 154, 43, 5, 37, 20, 86, 123, 143, 55, 44, 65, 42, 163, 8, 25, 4, 177, 198, 98, 117),
    (122, 92, 142, 147, 70, 191, 55, 64, 126, 187, 44, 52, 161, 137, 147, 132, 199, 179, 153, 49, 150, 51, 81, 113, 40, 22, 131, 3, 131, 29, 91, 90, 113, 178, 177, 60, 21, 173, 121, 23),
    (123, 168, 191, 58, 177, 79, 73, 37, 26, 140, 199, 113, 102, 188, 80, 129, 51, 16, 141, 117, 108, 53, 11, 54, 103, 112, 192, 87, 143, 137, 59, 186, 26, 129, 177, 124, 110, 111, 146, 16),
    (124, 124, 21, 7, 102, 168, 155, 5, 193, 128, 140, 154, 59, 8, 12, 197, 48, 26, 35, 96, 4, 178, 89, 145, 138, 65, 131, 125, 63, 13, 43, 188, 165, 52, 60, 118, 163, 113, 83, 50),
    (125, 39, 109, 77, 163, 96, 25, 102, 182, 18, 73, 29, 39, 179, 61, 7, 188, 149, 59, 181, 196, 27, 133, 49, 165, 143, 170, 46, 188, 114, 102, 13, 22, 194, 48, 41, 87, 139, 162, 69),
    (126, 9, 141, 124, 37, 4, 125, 194, 165, 108, 38, 136, 199, 38, 168, 158, 126, 141, 193, 130, 90, 54, 26, 29, 16, 30, 82, 9, 35, 116, 197, 197, 121, 73, 133, 16, 59, 181, 11, 85),
    (127, 148, 190, 102, 53, 29, 69, 82, 138, 121, 127, 25, 133, 3, 92, 57, 139, 104, 48, 96, 123, 182, 30, 142, 92, 4, 108, 192, 22, 49, 34, 99, 94, 158, 79, 109, 181, 103, 81, 154),
    (128, 82, 158, 100, 122, 24, 153, 125, 131, 197, 117, 177, 39, 157, 28, 15, 87, 176, 168, 118, 53, 42, 109, 10, 66, 122, 50, 36, 174, 43, 58, 183, 102, 46, 51, 180, 183, 138, 86, 153),
    (129, 132, 46, 5, 0, 196, 186, 89, 142, 53, 53, 37, 149, 175, 114, 164, 64, 54, 78, 124, 145, 71, 19, 27, 28, 93, 172, 190, 5, 92, 174, 124, 144, 186, 84, 12, 144, 50, 3, 26),
    (130, 148, 54, 85, 114, 34, 121, 122, 37, 76, 67, 160, 81, 142, 115, 106, 186, 180, 166, 110, 67, 196, 167, 160, 131, 50, 92, 101, 154, 105, 136, 49, 153, 69, 149, 59, 66, 151, 139, 20),
    (131, 99, 42, 70, 132, 178, 45, 94, 171, 8, 161, 97, 179, 152, 24, 85, 174, 133, 81, 26, 3, 82, 157, 62, 14, 40, 170, 145, 116, 58, 87, 107, 32, 143, 104, 174, 136, 196, 152, 191),
    (132, 113, 82, 188, 78, 147, 131, 90, 21, 150, 190, 108, 26, 20, 9, 75, 101, 127, 30, 158, 60, 29, 109, 12, 192, 177, 196, 132, 125, 108, 38, 91, 194, 16, 154, 90, 110, 84, 70, 58),
    (133, 197, 4, 66, 88, 114, 86, 92, 185, 119, 181, 10, 18, 47, 30, 185, 24, 146, 127, 189, 154, 76, 20, 18, 13, 151, 91, 16, 42, 97, 125, 163, 154, 157, 144, 35, 18, 72, 132, 13),
    (134, 35, 177, 114, 177, 51, 104, 68, 193, 130, 181, 112, 120, 113, 148, 35, 147, 124, 133, 140, 174, 68, 114, 191, 64, 109, 170, 86, 45, 95, 96, 158, 6, 9, 5, 122, 64, 108, 139, 75),
    (135, 91, 189, 195, 136, 30, 92, 166, 33, 17, 153, 156, 67, 179, 25, 14, 91, 36, 122, 18, 164, 96, 140, 29, 75, 47, 97, 32, 1, 25, 22, 133, 4, 196, 71, 33, 8, 153, 110, 133),
    (136, 30, 46, 21, 138, 92, 35, 73, 139, 127, 34, 123, 138, 104, 14, 46, 115, 176, 2, 126, 103, 118, 20, 183, 136, 113, 177, 95, 102, 57, 45, 111, 175, 190, 2, 183, 147, 138, 138, 116),
    (137, 134, 195, 162, 22, 191, 146, 52, 161, 166, 0, 37, 176, 116, 193, 3, 80, 108, 9, 116, 182, 103, 28, 191, 82, 178, 126, 186, 130, 169, 70, 40, 102, 41, 192, 19, 54, 67, 30, 143),
    (138, 7, 3, 73, 140, 96, 107, 37, 148, 166, 153, 195, 109, 186, 173, 164, 4, 141, 23, 118, 167, 167, 6, 69, 86, 103, 139, 140, 90, 4, 135, 87, 139, 153, 185, 85, 28, 9, 1, 97),
    (139, 186, 129, 66, 62, 156, 181, 141, 184, 124, 43, 73, 179, 80, 144, 103, 117, 180, 162, 35, 180, 199, 84, 115, 98, 146, 144, 102, 95, 164, 193, 117, 12, 16, 188, 168, 5, 119, 136, 176),
    (140, 196, 11, 145, 107, 152, 42, 53, 44, 97, 114, 141, 74, 47, 100, 73, 14, 29, 150, 79, 23, 83, 169, 136, 19, 124, 33, 115, 104, 38, 102, 133, 84, 32, 46, 87, 102, 158, 54, 180),
    (141, 152, 124, 136, 97, 45, 125, 105, 103, 5, 176, 155, 64, 144, 159, 27, 27, 67, 157, 43, 153, 149, 125, 109, 43, 143, 177, 43, 119, 12, 125, 17, 59, 37, 2, 51, 120, 188, 125, 135),
    (142, 8, 138, 19, 168, 86, 57, 84, 52, 167, 46, 182, 92, 157, 31, 102, 170, 100, 39, 188, 180, 65, 4, 90, 51, 61, 34, 75, 76, 162, 73, 54, 186, 151, 100, 11, 2, 50, 170, 138),
    (143, 5, 73, 60, 27, 30, 25, 193, 42, 18, 114, 33, 54, 182, 72, 124, 160, 32, 0, 15, 104, 131, 110, 24, 112, 73, 127, 168, 107, 172, 197, 160, 100, 10, 110, 38, 40, 176, 184, 62),
    (144, 103, 134, 36, 40, 74, 141, 105, 197, 184, 82, 167, 103, 182, 15, 87, 88, 181, 160, 162, 172, 42, 52, 96, 100, 199, 98, 186, 58, 197, 179, 60, 177, 33, 144, 112, 37, 146, 97, 168),
    (145, 19, 183, 53, 147, 15, 132, 16, 130, 171, 1, 135, 197, 162, 131, 153, 4, 184, 140, 187, 104, 193, 93, 83, 174, 11, 142, 112, 122, 111, 74, 116, 194, 188, 91, 167, 183, 13, 141, 1),
    (146, 58, 98, 90, 160, 82, 197, 184, 129, 118, 173, 37, 23, 44, 161, 74, 185, 21, 2, 108, 104, 131, 95, 9, 162, 145, 108, 146, 55, 165, 177, 23, 110, 63, 127, 106, 170, 110, 147, 59),
    (147, 167, 119, 76, 69, 76, 5, 58, 34, 1, 99, 185, 166, 137, 105, 166, 136, 115, 96, 133, 169, 102, 150, 55, 18, 164, 106, 149, 95, 178, 65, 178, 42, 67, 42, 166, 194, 149, 91, 123),
    (148, 183, 88, 32, 121, 125, 47, 111, 4, 37, 1, 116, 85, 99, 191, 180, 178, 79, 13, 171, 144, 101, 113, 141, 195, 186, 109, 24, 134, 119, 16, 71, 110, 171, 58, 90, 179, 34, 91, 15),
    (149, 138, 187, 28, 71, 6, 165, 109, 173, 71, 28, 143, 38, 57, 99, 92, 47, 166, 195, 120, 159, 168, 178, 132, 91, 95, 82, 106, 107, 136, 186, 42, 138, 8, 163, 152, 50, 20, 50, 198),
    (150, 26, 96, 24, 197, 192, 78, 34, 96, 29, 46, 43, 196, 194, 67, 145, 34, 192, 91, 107, 8, 71, 178, 106, 116, 66, 132, 118, 199, 139, 155, 173, 91, 74, 17, 165, 18, 143, 19, 132),
    (151, 6, 19, 115, 72, 109, 9, 47, 180, 37, 181, 183, 80, 5, 125, 98, 130, 5, 52, 21, 143, 117, 70, 118, 140, 102, 133, 138, 25, 183, 183, 161, 22, 84, 167, 151, 153, 120, 23, 56),
    (152, 48, 168, 66, 144, 14, 197, 177, 19, 87, 54, 9, 10, 116, 129, 85, 191, 38, 22, 152, 64, 144, 90, 142, 108, 138, 83, 31, 92, 88, 29, 124, 182, 145, 161, 26, 88, 39, 7, 53),
    (153, 132, 73, 57, 118, 5, 184, 125, 15, 116, 134, 35, 100, 36, 189, 90, 129, 113, 98, 100, 71, 138, 147, 33, 55, 165, 191, 116, 185, 185, 135, 88, 115, 184, 111, 30, 164, 32, 185, 1),
    (154, 197, 140, 45, 146, 19, 181, 65, 58, 81, 143, 120, 8, 167, 185, 2, 163, 6, 128, 93, 92, 76, 154, 191, 14, 25, 66, 170, 193, 50, 99, 163, 0, 39, 24, 175, 193, 178, 53, 154),
    (155, 123, 82, 76, 73, 27, 109, 185, 64, 190, 31, 33, 147, 150, 128, 41, 180, 76, 163, 45, 164, 140, 135, 83, 42, 85, 172, 82, 24, 99, 44, 186, 21, 100, 20, 124, 139, 195, 78, 54),
    (156, 42, 38, 116, 173, 134, 33, 174, 142, 161, 59, 18, 156, 44, 127, 173, 178, 127, 89, 52, 53, 189, 144, 124, 29, 59, 78, 198, 8, 76, 28, 31, 42, 43, 188, 196, 115, 49, 15, 199),
    (157, 109, 86, 18, 72, 185, 9, 30, 161, 31, 150, 154, 67, 164, 34, 8, 114, 83, 23, 186, 160, 22, 53, 61, 92, 69, 93, 20, 138, 189, 51, 22, 199, 79, 125, 109, 145, 141, 197, 63),
    (158, 89, 54, 126, 132, 51, 154, 30, 122, 113, 194, 117, 149, 177, 130, 70, 126, 83, 166, 104, 20, 188, 24, 94, 169, 182, 16, 166, 11, 37, 10, 96, 74, 29, 39, 40, 151, 160, 88, 101),
    (159, 49, 146, 26, 105, 11, 84, 74, 194, 53, 128, 78, 141, 56, 77, 54, 68, 120, 4, 54, 9, 79, 180, 126, 160, 182, 1, 88, 114, 88, 9, 180, 147, 172, 129, 140, 88, 86, 52, 76),
    (160, 137, 107, 106, 35, 176, 193, 93, 17, 87, 53, 59, 166, 161, 19, 147, 173, 186, 70, 91, 165, 106, 133, 164, 182, 118, 145, 64, 7, 117, 92, 113, 142, 108, 154, 178, 86, 81, 88, 131),
    (161, 134, 155, 48, 115, 158, 85, 52, 26, 82, 52, 154, 111, 104, 109, 177, 110, 157, 154, 177, 111, 190, 8, 21, 73, 37, 88, 158, 199, 45, 137, 59, 36, 83, 79, 104, 93, 152, 112, 69),
    (162, 87, 6, 48, 54, 115, 145, 114, 31, 127, 121, 3, 84, 18, 19, 190, 113, 122, 149, 8, 144, 101, 80, 41, 133, 188, 128, 179, 41, 38, 58, 23, 22, 50, 180, 26, 3, 28, 155, 30),
    (163, 143, 124, 56, 45, 2, 197, 50, 191, 118, 130, 76, 145, 10, 118, 107, 9, 170, 22, 195, 76, 37, 2, 3, 186, 113, 103, 132, 12, 131, 11, 98, 195, 162, 127, 13, 63, 143, 173, 93),
    (164, 56, 16, 167, 180, 87, 118, 10, 162, 195, 165, 64, 153, 78, 14, 53, 132, 187, 172, 86, 164, 114, 11, 97, 79, 59, 183, 109, 184, 100, 123, 191, 129, 185, 135, 63, 166, 53, 94, 115),
    (165, 193, 34, 160, 22, 78, 144, 186, 23, 96, 122, 143, 34, 186, 17, 49, 59, 182, 14, 78, 7, 72, 187, 34, 199, 163, 133, 88, 160, 199, 108, 34, 29, 110, 148, 52, 124, 39, 193, 114),
    (166, 92, 113, 46, 41, 93, 13, 24, 138, 24, 154, 36, 101, 99, 14, 139, 21, 8, 172, 16, 42, 129, 111, 48, 150, 19, 142, 169, 25, 46, 193, 6, 68, 150, 166, 11, 88, 28, 77, 108),
    (167, 33, 115, 121, 148, 103, 84, 56, 17, 187, 59, 58, 164, 198, 100, 101, 55, 80, 103, 130, 107, 45, 129, 98, 97, 158, 0, 71, 161, 176, 9, 12, 185, 143, 155, 137, 166, 176, 7, 147),
    (168, 143, 64, 115, 139, 163, 146, 153, 71, 135, 174, 85, 11, 183, 61, 45, 84, 50, 51, 140, 71, 2, 12, 129, 99, 23, 174, 180, 44, 83, 65, 47, 191, 188, 198, 44, 50, 30, 83, 94),
    (169, 199, 14, 5, 11, 189, 144, 66, 157, 5, 156, 62, 169, 178, 189, 143, 49, 52, 36, 33, 112, 38, 123, 107, 186, 112, 107, 88, 53, 182, 155, 93, 80, 16, 186, 101, 141, 41, 83, 165),
    (170, 194, 128, 61, 193, 161, 180, 170, 191, 9, 77, 23, 12, 102, 114, 19, 4, 114, 66, 1, 157, 155, 175, 119, 171, 0, 94, 130, 3, 160, 169, 130, 51, 15, 57, 92, 176, 11, 161, 134),
    (171, 125, 90, 123, 91, 96, 102, 56, 188, 127, 161, 108, 149, 45, 154, 66, 149, 139, 51, 8, 5, 101, 92, 69, 69, 111, 145, 165, 197, 192, 182, 55, 82, 134, 74, 192, 158, 62, 56, 199),
    (172, 179, 129, 105, 26, 18, 177, 158, 82, 120, 170, 139, 142, 118, 45, 61, 40, 102, 6, 189, 99, 28, 31, 152, 99, 35, 83, 70, 75, 84, 57, 135, 125, 118, 61, 41, 188, 40, 195, 136),
    (173, 142, 19, 18, 152, 161, 25, 80, 71, 45, 83, 94, 5, 148, 152, 147, 74, 123, 65, 53, 101, 39, 79, 114, 42, 77, 43, 71, 188, 28, 132, 71, 10, 31, 40, 188, 70, 60, 191, 77),
    (174, 35, 86, 162, 77, 148, 42, 29, 154, 38, 165, 12, 176, 113, 141, 199, 169, 75, 118, 9, 69, 88, 115, 67, 49, 118, 184, 171, 168, 31, 192, 124, 85, 123, 134, 7, 137, 86, 156, 176),
    (175, 197, 118, 111, 28, 156, 160, 123, 129, 68, 137, 172, 51, 173, 154, 107, 191, 15, 169, 170, 199, 135, 181, 128, 98, 170, 199, 172, 0, 158, 189, 123, 41, 15, 88, 122, 194, 35, 189, 69),
    (176, 178, 112, 170, 95, 106, 9, 80, 142, 137, 173, 159, 52, 163, 4, 92, 190, 26, 170, 131, 94, 76, 188, 146, 51, 71, 180, 18, 62, 45, 131, 188, 197, 132, 62, 136, 111, 172, 33, 103),
    (177, 86, 139, 86, 44, 69, 192, 121, 149, 196, 61, 198, 8, 123, 3, 157, 83, 115, 164, 191, 46, 184, 178, 104, 89, 193, 89, 24, 0, 141, 71, 156, 25, 74, 61, 80, 141, 190, 1, 11),
    (178, 136, 195, 94, 70, 94, 54, 88, 142, 125, 141, 34, 130, 122, 197, 149, 184, 102, 10, 186, 35, 61, 143, 116, 65, 77, 159, 184, 107, 184, 167, 141, 25, 88, 112, 141, 85, 125, 147, 109),
    (179, 157, 169, 170, 175, 168, 19, 195, 121, 83, 137, 99, 42, 34, 67, 185, 5, 179, 140, 158, 1, 13, 112, 85, 119, 19, 62, 44, 38, 12, 70, 115, 113, 123, 77, 4, 140, 1, 41, 18),
    (180, 181, 172, 89, 12, 7, 51, 136, 102, 183, 165, 195, 124, 27, 140, 120, 101, 180, 6, 106, 101, 74, 136, 0, 41, 191, 118, 187, 106, 172, 186, 160, 83, 139, 160, 65, 3, 127, 162, 105),
    (181, 146, 45, 149, 44, 188, 155, 169, 162, 90, 93, 64, 187, 95, 135, 14, 90, 106, 120, 180, 49, 169, 18, 76, 18, 161, 139, 29, 18, 167, 102, 50, 101, 18, 85, 122, 175, 192, 189, 134),
    (182, 197, 193, 194, 53, 150, 45, 121, 35, 106, 130, 41, 135, 122, 0, 192, 21, 166, 52, 124, 104, 147, 193, 170, 113, 90, 171, 62, 65, 189, 174, 143, 2, 109, 128, 103, 190, 139, 78, 173),
    (183, 194, 153, 29, 24, 147, 89, 41, 80, 138, 29, 88, 33, 139, 93, 144, 175, 137, 55, 151, 181, 45, 179, 140, 190, 110, 186, 63, 175, 193, 198, 22, 64, 194, 33, 142, 102, 58, 79, 122),
    (184, 57, 138, 26, 98, 89, 104, 107, 151, 156, 73, 125, 194, 58, 197, 107, 38, 135, 170, 85, 71, 196, 181, 120, 31, 85, 19, 198, 106, 65, 132, 42, 141, 85, 64, 32, 128, 88, 46, 174),
    (185, 167, 178, 71, 58, 169, 12, 138, 17, 120, 102, 32, 72, 138, 35, 110, 64, 91, 92, 115, 156, 180, 47, 54, 21, 121, 198, 39, 89, 168, 70, 38, 101, 18, 121, 39, 198, 131, 2, 79),
    (186, 110, 64, 117, 52, 51, 8, 120, 195, 145, 157, 92, 81, 127, 99, 89, 108, 24, 23, 87, 86, 181, 36, 29, 105, 106, 135, 134, 144, 77, 28, 168, 131, 196, 115, 102, 33, 99, 51, 106),
    (187, 184, 161, 23, 49, 60, 104, 186, 181, 186, 113, 105, 190, 172, 141, 124, 37, 7, 29, 74, 72, 197, 74, 116, 64, 174, 177, 177, 106, 105, 6, 117, 44, 50, 134, 76, 62, 190, 74, 181),
    (188, 73, 162, 177, 149, 9, 37, 54, 172, 169, 41, 28, 22, 73, 50, 99, 132, 44, 78, 40, 195, 159, 5, 22, 172, 50, 150, 166, 194, 50, 23, 123, 130, 154, 9, 26, 54, 25, 92, 133),
    (189, 65, 137, 24, 68, 83, 71, 101, 105, 120, 105, 115, 39, 68, 52, 172, 19, 37, 149, 26, 11, 150, 136, 97, 124, 163, 112, 107, 39, 194, 197, 123, 105, 84, 182, 8, 88, 117, 105, 141),
    (190, 164, 35, 23, 59, 115, 168, 11, 20, 161, 164, 166, 100, 117, 194, 72, 15, 42, 28, 183, 134, 174, 103, 3, 86, 150, 75, 143, 29, 43, 9, 195, 33, 151, 54, 71, 99, 152, 13, 184),
    (191, 69, 43, 89, 104, 141, 75, 73, 186, 34, 163, 180, 98, 110, 49, 127, 134, 61, 136, 51, 17, 63, 43, 128, 97, 158, 33, 51, 97, 99, 179, 151, 101, 81, 97, 119, 80, 161, 175, 62),
    (192, 126, 83, 34, 71, 57, 65, 134, 169, 169, 90, 79, 142, 105, 119, 16, 89, 43, 51, 23, 132, 176, 159, 53, 160, 102, 36, 71, 122, 3, 150, 105, 86, 65, 115, 77, 41, 154, 89, 123),
    (193, 13, 80, 55, 161, 30, 179, 118, 123, 24, 76, 192, 104, 141, 65, 160, 185, 120, 70, 198, 64, 147, 78, 98, 24, 13, 55, 85, 97, 42, 34, 57, 168, 31, 120, 23, 146, 81, 107, 15),
    (194, 132, 142, 176, 121, 198, 102, 76, 142, 99, 78, 150, 145, 125, 125, 98, 11, 54, 100, 40, 42, 180, 6, 41, 193, 102, 153, 106, 83, 88, 45, 158, 184, 40, 163, 133, 122, 151, 44, 154),
    (195, 81, 143, 39, 54, 152, 30, 108, 127, 146, 140, 164, 86, 49, 111, 125, 103, 120, 169, 109, 63, 196, 115, 171, 84, 11, 124, 51, 177, 65, 36, 24, 113, 158, 49, 171, 71, 42, 50, 148),
    (196, 150, 111, 80, 116, 170, 166, 6, 14, 199, 110, 179, 75, 77, 192, 27, 52, 69, 181, 95, 34, 46, 17, 125, 175, 186, 123, 56, 34, 65, 107, 135, 35, 169, 82, 157, 181, 19, 9, 174),
    (197, 110, 155, 65, 73, 88, 176, 132, 13, 138, 128, 183, 163, 84, 1, 176, 127, 3, 114, 99, 75, 147, 162, 147, 161, 57, 125, 62, 149, 88, 95, 128, 143, 189, 174, 112, 189, 113, 131, 47),
    (198, 34, 31, 189, 180, 120, 60, 4, 145, 174, 118, 16, 102, 171, 101, 111, 118, 169, 40, 43, 44, 162, 127, 74, 46, 43, 162, 159, 193, 10, 39, 102, 106, 64, 196, 144, 102, 27, 104, 108),
    (199, 6, 81, 60, 91, 74, 66, 43, 1, 133, 93, 190, 96, 110, 183, 3, 118, 61, 2, 24, 140, 134, 81, 38, 1, 108, 57, 45, 129, 48, 99, 135, 163, 65, 58, 12, 30, 168, 160, 74);

INSERT INTO T17 (pk, t1, t2, t3, t4, t5, t6, t7, t8, t9, t10, t11, t12, t13, t14, t15, t16, t18, t19, t20, t21, t22, t23, t24, t25, t26, t27, t28, t29, t30, t31, t32, t33, t34, t35, t36, t37, t38, t39, t40)
VALUES
    (0, 137, 7, 143, 80, 82, 136, 98, 2, 72, 173, 18, 173, 134, 81, 97, 82, 120, 196, 71, 82, 60, 143, 15, 19, 137, 181, 182, 187, 101, 161, 22, 106, 144, 91, 15, 0, 59, 16, 126),
    (1, 169, 104, 97, 159, 126, 128, 60, 53, 164, 129, 92, 119, 114, 181, 58, 8, 192, 52, 116, 94, 26, 93, 12, 121, 119, 93, 73, 9, 122, 104, 63, 119, 24, 189, 10, 17, 98, 173, 47),
    (2, 22, 166, 199, 129, 1, 157, 170, 59, 36, 94, 192, 171, 172, 8, 14, 29, 173, 45, 36, 180, 67, 10, 58, 194, 40, 13, 4, 65, 27, 111, 83, 50, 0, 88, 23, 159, 187, 112, 13),
    (3, 113, 123, 49, 52, 92, 190, 132, 118, 55, 146, 101, 160, 169, 140, 2, 72, 79, 27, 145, 9, 67, 171, 18, 82, 3, 84, 190, 159, 126, 197, 133, 132, 184, 106, 148, 72, 148, 64, 53),
    (4, 74, 49, 138, 171, 56, 18, 199, 199, 154, 185, 43, 66, 57, 9, 33, 167, 119, 21, 188, 13, 103, 120, 55, 135, 126, 163, 72, 36, 30, 21, 118, 42, 105, 121, 73, 81, 151, 166, 122),
    (5, 99, 135, 112, 82, 51, 48, 145, 53, 107, 180, 36, 80, 144, 93, 112, 159, 69, 58, 174, 117, 82, 143, 19, 2, 93, 0, 108, 44, 124, 191, 28, 78, 170, 34, 169, 172, 168, 113, 11),
    (6, 70, 65, 139, 143, 82, 48, 33, 6, 107, 7, 160, 169, 124, 4, 173, 39, 100, 70, 16, 158, 103, 169, 98, 3, 180, 55, 123, 97, 159, 135, 92, 109, 161, 19, 53, 144, 150, 77, 170),
    (7, 18, 199, 30, 191, 91, 190, 65, 96, 19, 1, 178, 147, 116, 39, 61, 166, 193, 151, 180, 157, 156, 155, 144, 154, 69, 45, 165, 6, 87, 69, 158, 126, 85, 43, 95, 55, 155, 64, 53),
    (8, 74, 84, 80, 162, 122, 70, 33, 153, 117, 199, 44, 99, 78, 129, 47, 179, 76, 32, 50, 20, 153, 135, 169, 52, 112, 95, 140, 85, 162, 106, 8, 149, 16, 1, 147, 87, 113, 26, 11),
    (9, 160, 170, 147, 149, 50, 64, 122, 39, 135, 133, 189, 148, 65, 47, 52, 141, 153, 13, 156, 49, 17, 118, 54, 167, 133, 140, 152, 36, 179, 190, 67, 14, 24, 131, 101, 196, 188, 134, 178),
    (10, 137, 146, 90, 198, 14, 159, 29, 106, 110, 155, 46, 179, 58, 115, 123, 168, 189, 146, 110, 81, 89, 75, 189, 45, 143, 76, 85, 53, 10, 166, 28, 107, 163, 59, 59, 129, 26, 174, 19),
    (11, 163, 32, 86, 101, 49, 18, 138, 143, 64, 19, 181, 67, 57, 55, 90, 173, 86, 18, 95, 102, 14, 80, 157, 150, 184, 185, 136, 114, 47, 10, 33, 97, 152, 81, 49, 165, 77, 92, 63),
    (12, 94, 193, 173, 128, 72, 7, 151, 167, 13, 166, 158, 136, 139, 143, 13, 52, 92, 121, 92, 62, 152, 22, 130, 129, 94, 2, 59, 105, 168, 18, 100, 128, 4, 168, 113, 177, 129, 87, 150),
    (13, 190, 22, 183, 169, 30, 190, 114, 51, 95, 52, 103, 59, 8, 142, 48, 51, 124, 14, 185, 119, 95, 131, 143, 186, 63, 32, 142, 190, 77, 183, 0, 181, 7, 10, 40, 138, 46, 157, 47),
    (14, 52, 24, 95, 135, 88, 45, 37, 125, 16, 31, 74, 143, 75, 5, 56, 92, 17, 158, 158, 56, 94, 36, 53, 188, 190, 131, 173, 99, 148, 144, 179, 158, 184, 155, 104, 97, 53, 180, 20),
    (15, 138, 175, 105, 161, 64, 109, 144, 94, 148, 87, 77, 145, 119, 79, 65, 8, 116, 154, 103, 96, 117, 79, 25, 121, 130, 25, 63, 82, 44, 31, 87, 5, 4, 137, 83, 34, 40, 50, 44),
    (16, 27, 7, 184, 138, 174, 12, 77, 121, 196, 141, 96, 134, 199, 33, 95, 123, 137, 6, 82, 183, 159, 53, 61, 164, 107, 138, 5, 24, 163, 138, 17, 63, 180, 160, 185, 171, 148, 102, 59),
    (17, 187, 165, 133, 178, 193, 141, 143, 76, 149, 81, 146, 29, 99, 185, 80, 7, 170, 199, 61, 7, 134, 152, 24, 12, 101, 89, 55, 31, 39, 39, 62, 11, 114, 117, 163, 165, 116, 45, 141),
    (18, 41, 38, 83, 91, 155, 52, 52, 133, 152, 150, 77, 173, 171, 123, 73, 80, 176, 123, 37, 78, 149, 66, 198, 75, 174, 138, 32, 15, 118, 61, 70, 9, 143, 145, 140, 197, 121, 150, 88),
    (19, 154, 41, 151, 199, 34, 37, 122, 186, 21, 175, 89, 86, 44, 107, 43, 154, 76, 4, 101, 86, 108, 64, 41, 103, 173, 123, 131, 169, 139, 26, 112, 79, 64, 188, 99, 127, 169, 137, 22),
    (20, 26, 60, 23, 67, 24, 25, 132, 158, 82, 162, 140, 59, 164, 185, 111, 136, 0, 129, 116, 196, 151, 54, 175, 134, 95, 193, 9, 153, 40, 128, 149, 175, 78, 35, 147, 128, 141, 71, 157),
    (21, 95, 176, 155, 27, 48, 164, 83, 169, 191, 42, 93, 55, 62, 77, 97, 28, 112, 36, 112, 67, 131, 186, 41, 136, 185, 38, 140, 17, 131, 102, 100, 79, 176, 99, 17, 21, 1, 62, 102),
    (22, 100, 149, 103, 67, 10, 59, 130, 15, 54, 60, 197, 193, 101, 108, 32, 4, 167, 70, 115, 101, 173, 134, 51, 183, 112, 143, 180, 40, 101, 158, 195, 96, 177, 157, 127, 73, 44, 197, 24),
    (23, 31, 164, 21, 3, 130, 50, 120, 191, 77, 129, 3, 128, 138, 6, 46, 166, 18, 153, 181, 169, 81, 62, 161, 72, 101, 10, 47, 168, 97, 122, 42, 121, 153, 97, 178, 117, 6, 155, 104),
    (24, 65, 164, 119, 179, 125, 193, 128, 77, 138, 72, 83, 182, 175, 28, 185, 25, 27, 35, 146, 56, 130, 19, 126, 19, 2, 47, 37, 11, 107, 157, 73, 32, 125, 51, 193, 176, 78, 155, 102),
    (25, 183, 37, 47, 197, 125, 171, 172, 36, 97, 101, 44, 99, 193, 10, 180, 119, 156, 182, 159, 54, 131, 65, 102, 171, 39, 18, 170, 34, 153, 40, 18, 22, 171, 127, 160, 96, 141, 128, 1),
    (26, 69, 132, 150, 20, 11, 188, 35, 83, 34, 148, 62, 73, 174, 101, 165, 10, 172, 43, 100, 125, 108, 89, 92, 112, 59, 173, 191, 109, 98, 87, 103, 8, 158, 184, 183, 42, 6, 102, 40),
    (27, 157, 100, 70, 26, 59, 83, 43, 91, 188, 101, 123, 74, 51, 149, 193, 60, 148, 125, 99, 117, 153, 156, 47, 57, 77, 182, 140, 32, 120, 70, 9, 190, 187, 65, 129, 173, 15, 79, 120),
    (28, 146, 157, 197, 173, 44, 15, 118, 93, 97, 185, 180, 180, 146, 6, 107, 195, 99, 39, 11, 149, 77, 14, 193, 148, 196, 42, 180, 140, 40, 66, 126, 171, 149, 92, 170, 78, 66, 11, 79),
    (29, 14, 147, 133, 136, 61, 41, 18, 95, 179, 47, 195, 93, 48, 59, 92, 141, 147, 135, 47, 66, 174, 156, 170, 183, 105, 64, 139, 152, 191, 171, 163, 194, 153, 93, 24, 185, 183, 118, 195),
    (30, 142, 16, 170, 60, 179, 148, 168, 174, 53, 155, 75, 191, 134, 193, 38, 149, 142, 118, 60, 175, 126, 83, 39, 144, 164, 7, 114, 109, 166, 186, 107, 24, 37, 136, 191, 176, 44, 77, 187),
    (31, 198, 2, 83, 132, 45, 141, 22, 10, 149, 110, 2, 165, 133, 5, 64, 105, 16, 178, 116, 115, 75, 73, 6, 43, 30, 11, 142, 107, 182, 159, 136, 34, 69, 179, 37, 81, 98, 155, 4),
    (32, 104, 180, 75, 28, 31, 27, 106, 113, 52, 75, 90, 5, 71, 165, 75, 22, 39, 104, 114, 164, 194, 14, 165, 90, 8, 163, 194, 168, 145, 135, 139, 118, 33, 126, 128, 88, 172, 195, 100),
    (33, 112, 41, 164, 136, 41, 46, 0, 27, 166, 130, 194, 193, 167, 101, 138, 55, 154, 148, 137, 59, 60, 74, 14, 196, 196, 81, 135, 35, 33, 22, 136, 80, 135, 113, 27, 182, 182, 55, 26),
    (34, 118, 184, 67, 38, 14, 39, 118, 155, 69, 25, 80, 182, 142, 136, 123, 19, 82, 6, 57, 106, 169, 128, 188, 93, 122, 184, 49, 111, 114, 50, 46, 102, 72, 196, 165, 84, 66, 95, 104),
    (35, 178, 16, 136, 123, 16, 195, 124, 126, 154, 133, 53, 67, 42, 73, 160, 191, 181, 151, 37, 182, 120, 127, 14, 7, 45, 96, 35, 92, 93, 171, 47, 78, 131, 88, 178, 12, 114, 136, 67),
    (36, 80, 131, 83, 34, 56, 143, 143, 10, 61, 28, 99, 70, 190, 9, 83, 83, 142, 3, 49, 11, 63, 60, 147, 119, 178, 33, 19, 49, 92, 149, 18, 84, 74, 134, 106, 119, 135, 29, 126),
    (37, 117, 185, 178, 124, 174, 112, 37, 128, 162, 11, 171, 67, 143, 154, 198, 0, 64, 147, 16, 112, 99, 156, 182, 90, 1, 175, 116, 33, 139, 28, 30, 195, 150, 173, 16, 48, 48, 105, 69),
    (38, 74, 83, 127, 97, 189, 36, 121, 71, 156, 119, 27, 160, 173, 103, 197, 191, 126, 162, 41, 115, 147, 94, 165, 100, 96, 104, 101, 173, 129, 78, 54, 116, 14, 68, 154, 145, 125, 156, 120),
    (39, 94, 109, 152, 108, 180, 147, 53, 107, 178, 42, 43, 199, 89, 15, 117, 48, 88, 97, 82, 44, 6, 26, 151, 23, 72, 138, 191, 169, 156, 33, 192, 29, 164, 126, 146, 120, 84, 92, 127),
    (40, 155, 148, 18, 113, 90, 23, 55, 167, 50, 89, 133, 15, 80, 58, 55, 108, 9, 63, 135, 25, 194, 179, 32, 97, 5, 129, 169, 11, 159, 191, 48, 178, 178, 140, 3, 15, 104, 150, 59),
    (41, 169, 58, 183, 60, 46, 190, 192, 158, 164, 40, 198, 28, 128, 121, 2, 37, 126, 85, 129, 14, 91, 133, 32, 130, 29, 199, 105, 124, 185, 99, 170, 49, 122, 44, 173, 128, 122, 106, 7),
    (42, 36, 80, 132, 25, 97, 78, 147, 18, 32, 60, 142, 115, 138, 78, 192, 65, 4, 169, 125, 23, 9, 1, 133, 68, 174, 38, 154, 128, 45, 143, 110, 168, 148, 140, 78, 148, 42, 47, 180),
    (43, 132, 172, 110, 5, 117, 36, 77, 17, 4, 182, 22, 75, 168, 165, 158, 11, 75, 170, 187, 11, 94, 108, 65, 1, 55, 129, 176, 118, 142, 190, 1, 166, 146, 30, 74, 169, 193, 76, 127),
    (44, 64, 63, 107, 34, 192, 94, 20, 181, 14, 160, 127, 46, 154, 115, 174, 182, 44, 179, 115, 33, 153, 39, 31, 82, 75, 1, 89, 136, 49, 37, 94, 132, 191, 46, 5, 53, 57, 69, 127),
    (45, 11, 178, 166, 83, 189, 155, 41, 79, 176, 32, 71, 11, 120, 179, 28, 31, 141, 76, 52, 20, 145, 193, 97, 41, 2, 57, 147, 183, 159, 30, 30, 45, 51, 93, 153, 84, 71, 37, 197),
    (46, 145, 47, 64, 147, 136, 194, 176, 76, 9, 183, 42, 39, 169, 71, 120, 71, 109, 17, 10, 56, 193, 117, 196, 132, 189, 181, 56, 150, 116, 132, 51, 127, 36, 17, 143, 3, 193, 18, 102),
    (47, 158, 131, 194, 105, 0, 105, 156, 135, 119, 75, 163, 144, 140, 61, 69, 109, 104, 144, 31, 115, 166, 56, 49, 195, 185, 190, 148, 173, 181, 38, 67, 92, 30, 28, 60, 140, 145, 77, 103),
    (48, 41, 90, 28, 179, 107, 93, 2, 166, 2, 41, 41, 162, 172, 172, 193, 197, 29, 43, 165, 126, 38, 158, 30, 108, 125, 159, 152, 154, 34, 45, 70, 71, 120, 131, 15, 191, 115, 86, 93),
    (49, 81, 129, 32, 83, 185, 182, 33, 80, 146, 32, 169, 149, 144, 169, 149, 154, 157, 154, 97, 11, 150, 3, 2, 67, 130, 194, 175, 151, 163, 115, 37, 127, 9, 161, 145, 123, 118, 173, 138),
    (50, 40, 60, 195, 92, 168, 190, 188, 21, 25, 31, 10, 108, 138, 31, 161, 176, 28, 11, 102, 101, 119, 48, 84, 147, 63, 61, 41, 8, 15, 18, 88, 86, 134, 123, 93, 36, 143, 33, 72),
    (51, 177, 185, 54, 1, 161, 117, 194, 99, 122, 65, 127, 152, 121, 40, 175, 56, 190, 109, 67, 82, 186, 123, 17, 109, 123, 29, 173, 137, 185, 191, 62, 7, 10, 140, 107, 166, 67, 83, 23),
    (52, 3, 83, 98, 80, 105, 160, 165, 39, 106, 76, 88, 114, 194, 187, 57, 194, 17, 54, 165, 174, 132, 5, 58, 143, 152, 50, 172, 167, 116, 17, 70, 63, 31, 6, 64, 38, 53, 42, 180),
    (53, 135, 16, 163, 28, 117, 62, 44, 108, 90, 30, 105, 6, 117, 193, 94, 90, 103, 0, 148, 14, 163, 166, 163, 135, 198, 69, 0, 106, 20, 174, 61, 96, 11, 31, 75, 52, 112, 58, 171),
    (54, 15, 153, 160, 89, 61, 123, 112, 146, 117, 142, 114, 138, 41, 104, 143, 150, 105, 7, 110, 137, 127, 99, 38, 54, 37, 46, 86, 177, 198, 51, 109, 173, 135, 30, 47, 31, 39, 49, 9),
    (55, 29, 44, 142, 31, 78, 16, 14, 89, 150, 142, 150, 22, 186, 16, 0, 155, 189, 82, 113, 157, 44, 118, 156, 56, 16, 171, 57, 92, 199, 142, 98, 13, 51, 70, 156, 184, 2, 102, 91),
    (56, 94, 83, 47, 101, 23, 136, 115, 90, 71, 59, 17, 184, 28, 169, 186, 172, 35, 173, 73, 191, 95, 142, 156, 72, 170, 59, 26, 20, 189, 194, 36, 106, 55, 92, 91, 124, 9, 9, 51),
    (57, 60, 63, 49, 179, 127, 75, 83, 77, 51, 130, 186, 196, 121, 65, 74, 69, 47, 26, 192, 142, 60, 166, 64, 83, 185, 51, 6, 18, 47, 140, 49, 87, 111, 118, 16, 189, 144, 199, 40),
    (58, 149, 16, 86, 34, 33, 15, 94, 41, 81, 144, 158, 5, 58, 77, 123, 142, 49, 162, 93, 165, 107, 3, 139, 164, 193, 150, 102, 1, 97, 97, 46, 37, 121, 44, 51, 65, 82, 113, 125),
    (59, 21, 143, 45, 130, 185, 111, 187, 20, 85, 118, 119, 2, 60, 185, 185, 27, 133, 80, 4, 104, 39, 112, 55, 149, 78, 123, 102, 90, 58, 172, 35, 174, 172, 140, 152, 15, 71, 73, 61),
    (60, 81, 46, 67, 19, 160, 143, 44, 123, 21, 126, 190, 173, 127, 104, 99, 105, 40, 164, 20, 39, 70, 52, 76, 69, 33, 125, 54, 187, 186, 136, 148, 9, 186, 92, 47, 58, 55, 60, 180),
    (61, 111, 91, 28, 23, 167, 6, 69, 79, 168, 94, 139, 187, 141, 50, 163, 56, 118, 113, 100, 71, 176, 113, 110, 50, 89, 21, 195, 193, 9, 134, 71, 102, 101, 147, 187, 145, 47, 3, 111),
    (62, 151, 142, 122, 165, 133, 70, 46, 73, 16, 186, 37, 34, 45, 80, 186, 115, 26, 191, 87, 162, 43, 127, 36, 61, 65, 178, 109, 185, 93, 176, 181, 53, 74, 41, 188, 58, 147, 176, 194),
    (63, 131, 138, 182, 42, 199, 96, 197, 159, 117, 180, 193, 37, 183, 77, 166, 76, 68, 29, 153, 85, 94, 26, 187, 159, 76, 52, 162, 11, 58, 146, 113, 35, 179, 143, 52, 8, 144, 69, 182),
    (64, 24, 4, 123, 179, 65, 107, 197, 105, 44, 21, 41, 139, 167, 85, 170, 179, 7, 19, 146, 161, 143, 177, 22, 181, 151, 14, 191, 121, 113, 102, 104, 0, 125, 80, 187, 7, 189, 73, 59),
    (65, 149, 77, 47, 129, 135, 106, 157, 133, 91, 166, 157, 95, 19, 157, 2, 46, 149, 178, 111, 80, 143, 86, 103, 188, 140, 30, 190, 29, 154, 197, 30, 169, 63, 159, 97, 155, 172, 63, 155),
    (66, 60, 27, 32, 31, 32, 105, 102, 17, 189, 43, 13, 83, 114, 119, 69, 13, 35, 96, 173, 59, 68, 16, 171, 168, 51, 117, 91, 160, 73, 108, 159, 49, 115, 158, 111, 90, 74, 139, 69),
    (67, 169, 155, 15, 155, 78, 63, 160, 105, 75, 197, 64, 80, 72, 46, 32, 37, 153, 169, 143, 1, 162, 57, 33, 159, 96, 52, 3, 97, 139, 89, 153, 85, 59, 101, 108, 14, 119, 23, 63),
    (68, 102, 149, 29, 152, 189, 174, 10, 83, 154, 98, 72, 78, 116, 143, 169, 149, 125, 161, 116, 111, 103, 114, 154, 66, 42, 196, 157, 156, 87, 136, 148, 1, 195, 13, 132, 136, 197, 34, 59),
    (69, 151, 99, 128, 13, 111, 178, 162, 146, 102, 76, 82, 0, 162, 16, 61, 13, 83, 129, 48, 114, 196, 99, 185, 137, 18, 21, 56, 7, 189, 184, 136, 164, 52, 141, 50, 171, 10, 4, 151),
    (70, 96, 26, 158, 158, 20, 62, 51, 166, 55, 21, 110, 183, 173, 79, 179, 153, 44, 8, 195, 199, 9, 95, 97, 101, 15, 141, 151, 197, 46, 151, 198, 96, 183, 192, 96, 135, 117, 111, 145),
    (71, 29, 156, 198, 120, 143, 155, 152, 120, 28, 90, 153, 0, 141, 99, 125, 48, 175, 161, 127, 114, 10, 171, 80, 113, 186, 128, 43, 141, 124, 184, 157, 171, 23, 51, 195, 150, 159, 163, 150),
    (72, 60, 22, 98, 103, 95, 194, 68, 170, 82, 3, 149, 182, 45, 126, 176, 12, 59, 80, 114, 83, 186, 48, 175, 79, 196, 105, 146, 37, 111, 186, 82, 71, 187, 164, 168, 30, 122, 55, 178),
    (73, 195, 75, 136, 124, 88, 30, 32, 0, 54, 163, 154, 102, 46, 187, 96, 152, 160, 184, 171, 199, 135, 86, 167, 175, 49, 38, 188, 124, 65, 152, 63, 124, 98, 139, 35, 74, 19, 29, 158),
    (74, 142, 169, 109, 187, 137, 43, 141, 54, 42, 52, 14, 142, 124, 64, 42, 177, 120, 184, 186, 109, 81, 120, 100, 186, 34, 42, 110, 47, 188, 58, 98, 40, 196, 75, 111, 146, 6, 199, 54),
    (75, 127, 82, 39, 125, 18, 117, 172, 81, 152, 49, 140, 174, 103, 57, 132, 50, 73, 155, 71, 61, 147, 42, 171, 181, 73, 186, 0, 168, 28, 44, 31, 4, 166, 72, 76, 181, 143, 61, 86),
    (76, 18, 61, 3, 56, 179, 193, 46, 48, 110, 87, 39, 164, 102, 83, 33, 41, 175, 154, 92, 182, 139, 164, 120, 164, 107, 152, 30, 171, 93, 44, 133, 126, 96, 154, 64, 129, 174, 78, 84),
    (77, 153, 197, 150, 0, 126, 166, 72, 156, 16, 132, 1, 108, 128, 180, 198, 115, 85, 8, 86, 16, 83, 179, 53, 126, 85, 52, 60, 39, 33, 17, 123, 20, 181, 6, 170, 101, 41, 32, 126),
    (78, 100, 13, 68, 196, 131, 103, 116, 83, 137, 34, 186, 22, 182, 142, 43, 44, 126, 122, 194, 96, 41, 144, 67, 151, 95, 141, 173, 149, 25, 69, 92, 145, 59, 41, 98, 191, 104, 119, 75),
    (79, 127, 44, 55, 150, 177, 191, 116, 57, 63, 139, 125, 100, 131, 86, 84, 19, 179, 59, 135, 87, 113, 152, 130, 53, 132, 70, 74, 23, 3, 182, 40, 188, 167, 163, 189, 29, 156, 87, 161),
    (80, 130, 185, 126, 98, 85, 127, 139, 132, 36, 70, 85, 185, 64, 188, 171, 18, 28, 36, 14, 177, 123, 82, 152, 66, 158, 83, 84, 8, 75, 72, 71, 67, 15, 21, 44, 173, 10, 37, 58),
    (81, 197, 22, 36, 170, 123, 65, 156, 148, 36, 159, 168, 0, 123, 115, 21, 186, 87, 97, 92, 142, 33, 35, 131, 170, 122, 132, 92, 26, 116, 127, 93, 88, 119, 2, 187, 23, 50, 160, 88),
    (82, 14, 180, 29, 102, 28, 29, 126, 116, 157, 1, 4, 25, 17, 185, 12, 184, 49, 36, 98, 8, 71, 79, 176, 192, 162, 195, 57, 177, 89, 112, 37, 173, 117, 139, 135, 168, 83, 64, 67),
    (83, 155, 53, 67, 105, 167, 66, 42, 161, 119, 140, 48, 61, 172, 88, 103, 74, 91, 163, 123, 18, 15, 152, 73, 150, 112, 134, 178, 180, 143, 115, 23, 55, 92, 156, 198, 132, 156, 177, 188),
    (84, 90, 117, 179, 132, 186, 120, 9, 30, 107, 34, 82, 145, 165, 146, 113, 4, 163, 7, 91, 65, 30, 161, 90, 67, 196, 193, 122, 53, 92, 75, 192, 137, 183, 104, 5, 185, 94, 82, 6),
    (85, 66, 61, 119, 158, 108, 68, 24, 24, 130, 62, 139, 26, 143, 51, 76, 173, 113, 57, 164, 165, 28, 160, 67, 94, 100, 77, 109, 17, 132, 89, 61, 12, 65, 103, 196, 197, 177, 108, 80),
    (86, 183, 13, 110, 141, 143, 196, 93, 102, 47, 57, 133, 179, 38, 31, 111, 29, 184, 128, 88, 179, 155, 53, 194, 14, 163, 155, 168, 16, 119, 127, 99, 106, 63, 50, 44, 91, 26, 185, 136),
    (87, 50, 90, 176, 131, 108, 156, 7, 111, 31, 34, 71, 28, 52, 121, 135, 92, 159, 86, 10, 127, 192, 94, 78, 50, 5, 95, 67, 155, 87, 5, 171, 9, 157, 115, 66, 37, 97, 22, 169),
    (88, 130, 181, 60, 148, 127, 97, 57, 81, 141, 88, 157, 157, 99, 191, 92, 50, 93, 156, 88, 118, 41, 92, 132, 147, 192, 191, 30, 28, 87, 30, 41, 108, 75, 16, 51, 104, 32, 148, 150),
    (89, 195, 171, 5, 73, 145, 192, 34, 60, 172, 57, 62, 7, 64, 84, 88, 137, 159, 113, 3, 161, 69, 45, 199, 29, 70, 167, 170, 154, 125, 121, 167, 131, 67, 178, 26, 75, 83, 168, 121),
    (90, 169, 148, 168, 163, 139, 42, 173, 119, 20, 146, 140, 175, 186, 176, 69, 168, 75, 38, 78, 36, 171, 7, 142, 172, 77, 180, 195, 179, 78, 196, 2, 135, 109, 47, 36, 179, 195, 9, 58),
    (91, 28, 75, 186, 97, 90, 138, 160, 54, 87, 7, 90, 45, 28, 111, 82, 90, 59, 173, 27, 54, 73, 158, 98, 116, 192, 118, 148, 78, 101, 155, 68, 0, 158, 3, 96, 152, 131, 161, 79),
    (92, 17, 134, 159, 99, 110, 35, 171, 150, 148, 25, 51, 103, 116, 6, 155, 33, 96, 196, 80, 28, 180, 151, 36, 17, 80, 129, 178, 199, 186, 21, 57, 190, 166, 79, 30, 190, 142, 29, 169),
    (93, 8, 18, 112, 47, 8, 124, 154, 157, 184, 127, 199, 127, 135, 44, 64, 57, 195, 38, 110, 22, 82, 74, 139, 4, 98, 169, 11, 129, 188, 65, 19, 198, 12, 120, 40, 170, 114, 62, 126),
    (94, 130, 52, 34, 99, 61, 84, 194, 140, 26, 40, 176, 96, 85, 0, 78, 164, 42, 66, 130, 103, 109, 99, 98, 9, 5, 98, 18, 0, 180, 12, 116, 112, 121, 157, 170, 2, 184, 183, 190),
    (95, 55, 29, 198, 103, 80, 131, 109, 161, 12, 26, 11, 100, 44, 143, 175, 138, 198, 160, 192, 147, 172, 91, 89, 113, 50, 43, 51, 148, 171, 57, 45, 19, 161, 78, 177, 16, 117, 140, 104),
    (96, 137, 72, 137, 74, 11, 187, 127, 195, 192, 151, 60, 148, 100, 132, 174, 153, 171, 159, 152, 104, 2, 120, 193, 11, 176, 170, 107, 19, 158, 135, 95, 115, 107, 103, 40, 172, 178, 41, 101),
    (97, 98, 62, 23, 82, 146, 121, 41, 37, 28, 127, 93, 144, 164, 166, 38, 126, 0, 190, 105, 90, 1, 136, 139, 180, 8, 57, 95, 103, 40, 89, 139, 115, 127, 173, 59, 111, 83, 56, 159),
    (98, 10, 5, 87, 69, 71, 173, 82, 160, 110, 109, 182, 98, 105, 57, 14, 40, 35, 108, 50, 127, 93, 102, 78, 144, 105, 62, 98, 30, 154, 153, 25, 12, 193, 94, 148, 10, 111, 95, 160),
    (99, 22, 190, 47, 54, 112, 153, 71, 53, 98, 59, 178, 23, 30, 57, 64, 123, 74, 121, 101, 183, 2, 136, 30, 66, 68, 158, 24, 173, 51, 97, 67, 106, 43, 90, 146, 184, 94, 129, 97),
    (100, 93, 199, 159, 149, 77, 93, 40, 136, 2, 194, 40, 7, 193, 4, 97, 42, 155, 170, 117, 173, 191, 116, 171, 119, 63, 54, 41, 168, 65, 68, 109, 34, 182, 60, 10, 2, 42, 129, 25),
    (101, 168, 43, 15, 42, 35, 163, 63, 58, 4, 196, 108, 183, 77, 3, 33, 3, 59, 80, 143, 30, 105, 38, 92, 150, 93, 69, 172, 84, 33, 148, 24, 73, 126, 59, 96, 44, 121, 115, 71),
    (102, 50, 168, 108, 13, 55, 174, 134, 19, 27, 165, 0, 126, 191, 123, 86, 48, 120, 141, 106, 50, 85, 194, 196, 79, 191, 68, 179, 17, 7, 169, 196, 186, 177, 58, 95, 108, 187, 47, 107),
    (103, 141, 183, 107, 17, 27, 14, 48, 38, 190, 62, 123, 119, 67, 89, 122, 64, 190, 141, 79, 11, 61, 115, 159, 76, 33, 120, 31, 48, 17, 129, 14, 141, 142, 144, 187, 193, 176, 19, 16),
    (104, 113, 19, 173, 42, 100, 30, 152, 35, 64, 73, 119, 147, 93, 101, 85, 49, 21, 115, 38, 95, 127, 32, 152, 22, 23, 57, 94, 82, 161, 140, 0, 117, 24, 184, 123, 178, 60, 1, 103),
    (105, 93, 173, 192, 83, 87, 169, 199, 163, 180, 48, 161, 89, 171, 23, 171, 92, 99, 89, 6, 105, 198, 25, 34, 141, 143, 150, 21, 7, 175, 101, 189, 126, 138, 187, 95, 119, 154, 123, 19),
    (106, 87, 170, 102, 89, 22, 142, 145, 155, 60, 96, 58, 15, 26, 85, 146, 71, 116, 19, 162, 135, 193, 142, 171, 10, 48, 126, 62, 69, 14, 95, 70, 103, 64, 75, 6, 46, 82, 73, 16),
    (107, 115, 80, 84, 146, 153, 150, 104, 153, 143, 130, 130, 44, 81, 23, 0, 124, 126, 76, 8, 97, 150, 90, 33, 11, 152, 192, 131, 187, 2, 195, 98, 128, 166, 122, 138, 129, 16, 154, 181),
    (108, 43, 15, 70, 141, 103, 77, 118, 55, 176, 102, 198, 93, 56, 98, 154, 71, 188, 42, 25, 112, 29, 17, 20, 128, 130, 190, 42, 152, 94, 191, 179, 68, 106, 104, 197, 0, 150, 190, 67),
    (109, 89, 0, 196, 174, 184, 140, 180, 119, 165, 149, 135, 129, 83, 184, 128, 184, 64, 58, 142, 60, 191, 130, 68, 29, 91, 38, 151, 119, 182, 156, 35, 32, 23, 155, 63, 20, 152, 31, 76),
    (110, 108, 136, 72, 153, 194, 14, 21, 81, 157, 40, 61, 81, 28, 178, 59, 146, 88, 13, 97, 122, 144, 17, 161, 147, 106, 4, 155, 141, 37, 65, 169, 88, 166, 21, 115, 159, 164, 131, 40),
    (111, 108, 135, 97, 148, 151, 52, 37, 66, 117, 16, 148, 166, 113, 125, 135, 111, 42, 190, 174, 118, 97, 8, 148, 31, 176, 98, 197, 161, 133, 158, 33, 164, 163, 10, 187, 160, 135, 14, 94),
    (112, 151, 173, 40, 8, 53, 110, 13, 93, 110, 132, 181, 137, 162, 101, 189, 31, 9, 164, 128, 185, 105, 143, 41, 106, 96, 109, 184, 46, 127, 167, 179, 190, 196, 16, 14, 129, 27, 193, 56),
    (113, 58, 59, 126, 40, 59, 113, 21, 30, 184, 36, 169, 54, 143, 195, 165, 75, 76, 130, 1, 71, 160, 35, 171, 177, 183, 114, 96, 69, 58, 186, 86, 76, 136, 100, 120, 129, 161, 141, 70),
    (114, 15, 77, 113, 29, 32, 64, 191, 182, 187, 104, 115, 118, 112, 159, 182, 1, 87, 87, 62, 76, 106, 69, 102, 186, 29, 131, 60, 10, 136, 160, 36, 94, 153, 99, 28, 25, 163, 120, 157),
    (115, 106, 61, 128, 170, 103, 32, 72, 29, 8, 147, 70, 182, 190, 114, 107, 161, 82, 76, 11, 83, 69, 5, 189, 162, 48, 153, 55, 191, 113, 98, 111, 161, 198, 56, 112, 46, 185, 40, 177),
    (116, 40, 117, 149, 57, 131, 111, 84, 55, 107, 120, 92, 64, 1, 1, 187, 16, 103, 15, 121, 61, 98, 40, 144, 37, 26, 175, 10, 14, 91, 33, 60, 197, 20, 110, 121, 51, 140, 63, 65),
    (117, 27, 148, 132, 113, 108, 94, 157, 20, 153, 36, 98, 96, 184, 156, 172, 188, 82, 126, 136, 22, 107, 80, 55, 105, 77, 104, 35, 39, 167, 52, 5, 107, 57, 97, 107, 59, 119, 17, 7),
    (118, 57, 27, 178, 165, 95, 47, 68, 148, 168, 25, 40, 74, 167, 198, 24, 127, 157, 83, 88, 97, 68, 52, 33, 83, 199, 25, 6, 166, 163, 157, 119, 184, 138, 174, 137, 190, 125, 103, 124),
    (119, 96, 16, 42, 129, 9, 5, 195, 23, 40, 5, 55, 93, 7, 21, 173, 24, 26, 11, 58, 1, 56, 57, 92, 103, 19, 75, 17, 177, 186, 197, 187, 74, 4, 36, 181, 104, 108, 41, 3),
    (120, 21, 120, 43, 43, 183, 41, 61, 117, 28, 143, 189, 129, 191, 59, 126, 133, 11, 185, 9, 136, 128, 51, 52, 24, 177, 183, 184, 64, 146, 119, 9, 42, 137, 33, 198, 154, 182, 194, 96),
    (121, 67, 18, 154, 11, 27, 197, 194, 89, 47, 68, 91, 22, 27, 101, 122, 45, 25, 63, 38, 196, 158, 162, 32, 13, 162, 31, 108, 24, 21, 96, 98, 185, 108, 195, 55, 48, 20, 143, 166),
    (122, 95, 23, 56, 146, 33, 141, 157, 35, 24, 180, 134, 137, 80, 123, 153, 58, 161, 117, 94, 166, 179, 99, 158, 153, 70, 181, 64, 161, 141, 119, 0, 112, 49, 13, 141, 48, 105, 170, 165),
    (123, 5, 191, 171, 139, 102, 20, 123, 86, 177, 48, 76, 165, 152, 144, 151, 92, 156, 55, 89, 109, 37, 187, 144, 179, 27, 46, 193, 46, 190, 97, 169, 102, 131, 83, 87, 85, 10, 147, 104),
    (124, 154, 76, 110, 26, 5, 3, 90, 82, 30, 126, 38, 63, 4, 63, 138, 150, 21, 37, 20, 86, 71, 142, 96, 42, 197, 158, 162, 9, 41, 160, 148, 196, 145, 199, 160, 111, 155, 46, 2),
    (125, 143, 90, 85, 98, 9, 0, 163, 198, 45, 169, 115, 97, 148, 125, 50, 9, 61, 124, 41, 158, 34, 10, 107, 196, 30, 90, 28, 26, 100, 25, 1, 137, 198, 60, 123, 3, 157, 127, 145),
    (126, 88, 29, 146, 151, 124, 85, 143, 54, 12, 75, 7, 180, 113, 26, 54, 69, 82, 82, 144, 97, 20, 93, 174, 79, 183, 162, 65, 28, 105, 153, 110, 5, 93, 54, 101, 193, 197, 25, 146),
    (127, 101, 76, 0, 97, 180, 51, 49, 66, 103, 48, 121, 52, 183, 189, 97, 45, 54, 60, 112, 127, 119, 148, 108, 161, 15, 16, 165, 16, 167, 28, 37, 119, 61, 103, 33, 166, 85, 129, 93),
    (128, 80, 136, 58, 23, 67, 115, 52, 194, 76, 107, 60, 162, 126, 96, 149, 171, 75, 96, 128, 171, 131, 184, 64, 181, 30, 181, 101, 47, 79, 56, 151, 15, 13, 27, 9, 186, 134, 195, 102),
    (129, 155, 167, 114, 38, 172, 138, 135, 181, 108, 140, 48, 190, 31, 197, 103, 165, 167, 122, 116, 46, 68, 167, 172, 35, 24, 66, 19, 117, 189, 197, 197, 56, 6, 15, 199, 69, 121, 22, 149),
    (130, 48, 99, 154, 81, 145, 48, 117, 84, 139, 90, 136, 33, 152, 115, 28, 4, 63, 39, 97, 105, 179, 87, 118, 115, 41, 151, 184, 26, 174, 4, 173, 191, 77, 47, 93, 90, 141, 161, 71),
    (131, 67, 191, 99, 28, 17, 192, 26, 57, 104, 37, 195, 106, 2, 68, 149, 0, 36, 116, 103, 80, 38, 65, 169, 177, 72, 32, 92, 4, 170, 14, 114, 139, 152, 138, 21, 12, 168, 14, 194),
    (132, 23, 89, 158, 199, 145, 60, 170, 55, 103, 133, 74, 167, 185, 21, 177, 180, 34, 137, 90, 166, 172, 103, 85, 147, 9, 192, 199, 7, 6, 166, 183, 84, 3, 85, 125, 94, 112, 59, 36),
    (133, 137, 103, 138, 155, 46, 24, 93, 49, 72, 114, 67, 164, 147, 183, 87, 7, 191, 145, 136, 80, 115, 34, 24, 178, 56, 14, 173, 23, 125, 97, 138, 181, 109, 112, 115, 162, 36, 58, 79),
    (134, 154, 150, 112, 88, 171, 52, 28, 189, 169, 26, 42, 190, 129, 169, 12, 196, 71, 11, 21, 174, 76, 40, 5, 147, 4, 107, 19, 44, 90, 99, 135, 137, 196, 30, 130, 11, 127, 196, 49),
    (135, 76, 181, 7, 14, 114, 174, 127, 114, 21, 160, 7, 44, 181, 90, 187, 160, 80, 194, 123, 182, 96, 159, 169, 11, 89, 9, 1, 43, 19, 82, 67, 40, 75, 188, 45, 50, 80, 182, 4),
    (136, 172, 164, 26, 5, 143, 163, 42, 135, 114, 56, 189, 12, 7, 164, 59, 64, 174, 16, 44, 169, 179, 136, 105, 44, 59, 33, 18, 143, 83, 48, 11, 197, 30, 1, 50, 153, 89, 9, 24),
    (137, 174, 72, 146, 117, 71, 146, 105, 65, 123, 118, 165, 89, 183, 26, 107, 32, 198, 95, 173, 60, 20, 139, 131, 24, 121, 98, 176, 107, 3, 5, 88, 105, 172, 197, 155, 90, 41, 167, 47),
    (138, 184, 51, 138, 47, 97, 108, 143, 163, 2, 76, 17, 28, 171, 145, 31, 91, 185, 76, 30, 188, 179, 80, 164, 175, 196, 149, 75, 104, 193, 185, 117, 122, 65, 51, 34, 77, 136, 66, 78),
    (139, 86, 121, 23, 3, 85, 143, 109, 145, 53, 104, 11, 143, 104, 87, 3, 117, 98, 70, 127, 170, 63, 187, 121, 103, 175, 34, 55, 81, 120, 21, 89, 159, 17, 139, 74, 183, 81, 151, 2),
    (140, 86, 172, 10, 147, 196, 77, 183, 137, 129, 66, 137, 110, 181, 108, 3, 101, 132, 1, 185, 18, 193, 40, 60, 176, 89, 21, 154, 32, 71, 113, 147, 10, 77, 132, 116, 174, 82, 26, 92),
    (141, 120, 9, 15, 143, 62, 103, 153, 24, 18, 181, 122, 123, 22, 87, 164, 40, 6, 151, 157, 189, 77, 137, 185, 21, 4, 16, 106, 143, 0, 150, 139, 21, 1, 96, 163, 114, 151, 148, 82),
    (142, 17, 143, 189, 81, 14, 139, 192, 181, 111, 104, 75, 3, 39, 110, 88, 25, 17, 77, 141, 116, 177, 100, 11, 169, 124, 139, 185, 198, 129, 166, 60, 107, 87, 131, 52, 153, 39, 96, 47),
    (143, 121, 46, 53, 105, 106, 191, 85, 29, 114, 10, 156, 126, 159, 174, 192, 38, 150, 88, 152, 121, 174, 164, 197, 5, 159, 97, 40, 18, 140, 43, 43, 198, 5, 62, 164, 72, 190, 149, 152),
    (144, 153, 178, 10, 179, 34, 41, 41, 4, 2, 13, 44, 183, 169, 87, 155, 45, 188, 124, 120, 46, 170, 75, 111, 167, 163, 147, 184, 118, 13, 125, 93, 50, 182, 162, 147, 139, 121, 101, 80),
    (145, 66, 91, 195, 19, 190, 61, 163, 33, 150, 79, 146, 199, 75, 141, 197, 18, 169, 185, 94, 90, 13, 143, 170, 91, 102, 25, 111, 158, 180, 45, 166, 134, 108, 72, 63, 60, 18, 143, 197),
    (146, 102, 149, 175, 121, 101, 93, 193, 117, 177, 55, 120, 157, 33, 164, 8, 35, 82, 53, 53, 146, 2, 103, 65, 183, 32, 87, 119, 7, 93, 188, 2, 66, 186, 26, 67, 32, 79, 96, 148),
    (147, 190, 127, 168, 40, 147, 147, 37, 126, 142, 117, 190, 123, 2, 191, 107, 172, 103, 86, 33, 134, 179, 107, 89, 67, 76, 46, 108, 165, 111, 6, 147, 17, 156, 49, 131, 136, 176, 116, 61),
    (148, 93, 128, 53, 63, 49, 64, 40, 73, 138, 90, 19, 45, 154, 69, 43, 122, 38, 70, 11, 76, 149, 172, 31, 143, 39, 140, 146, 129, 18, 0, 36, 199, 152, 153, 127, 91, 152, 112, 0),
    (149, 88, 183, 122, 32, 92, 121, 147, 189, 1, 24, 49, 32, 131, 191, 19, 156, 42, 50, 150, 69, 175, 96, 47, 189, 104, 189, 90, 29, 158, 11, 113, 185, 6, 131, 62, 74, 2, 141, 92),
    (150, 104, 188, 182, 191, 28, 178, 65, 52, 135, 107, 165, 152, 142, 92, 189, 142, 27, 197, 78, 25, 112, 32, 165, 92, 52, 114, 92, 155, 144, 78, 93, 157, 192, 79, 197, 11, 115, 96, 110),
    (151, 135, 98, 174, 140, 53, 195, 42, 129, 117, 58, 130, 199, 86, 172, 172, 145, 40, 74, 172, 112, 37, 166, 167, 128, 147, 28, 130, 5, 58, 196, 51, 92, 55, 133, 44, 91, 172, 79, 12),
    (152, 2, 158, 146, 122, 168, 26, 173, 101, 68, 131, 82, 52, 126, 127, 133, 79, 29, 118, 190, 3, 124, 186, 198, 48, 190, 102, 172, 147, 6, 154, 78, 35, 38, 16, 193, 197, 140, 93, 114),
    (153, 48, 92, 198, 185, 176, 191, 45, 20, 144, 67, 178, 64, 164, 82, 146, 165, 155, 92, 30, 73, 112, 185, 166, 30, 77, 93, 155, 127, 195, 156, 32, 185, 161, 146, 71, 102, 181, 191, 25),
    (154, 93, 165, 2, 135, 156, 195, 177, 33, 196, 51, 18, 54, 186, 14, 150, 19, 179, 182, 10, 16, 47, 41, 105, 195, 50, 28, 100, 19, 191, 82, 158, 99, 126, 36, 20, 39, 62, 13, 174),
    (155, 128, 35, 112, 83, 172, 5, 134, 92, 72, 41, 51, 111, 174, 57, 174, 53, 24, 158, 149, 33, 65, 23, 161, 154, 52, 50, 158, 42, 49, 59, 15, 71, 24, 27, 79, 129, 172, 109, 100),
    (156, 29, 154, 17, 181, 83, 18, 27, 189, 195, 72, 153, 183, 10, 128, 57, 31, 35, 160, 119, 5, 75, 39, 104, 12, 128, 125, 133, 62, 91, 126, 143, 186, 15, 135, 42, 35, 4, 78, 127),
    (157, 151, 128, 72, 134, 177, 69, 161, 161, 176, 68, 32, 167, 198, 148, 39, 98, 105, 95, 132, 64, 130, 114, 194, 144, 29, 4, 48, 127, 81, 185, 37, 199, 78, 15, 137, 186, 94, 137, 59),
    (158, 184, 91, 85, 82, 77, 92, 132, 1, 19, 129, 160, 120, 176, 88, 76, 135, 171, 174, 146, 111, 28, 158, 164, 15, 163, 29, 183, 83, 170, 189, 52, 16, 117, 22, 172, 186, 78, 0, 3),
    (159, 31, 176, 159, 69, 149, 164, 159, 137, 73, 26, 157, 121, 168, 61, 38, 1, 126, 159, 177, 196, 41, 37, 173, 163, 150, 82, 33, 131, 124, 131, 108, 17, 171, 182, 197, 86, 162, 155, 47),
    (160, 61, 135, 74, 25, 7, 28, 18, 179, 41, 105, 42, 4, 193, 90, 44, 36, 14, 197, 59, 151, 140, 10, 185, 141, 135, 4, 12, 91, 75, 149, 161, 0, 184, 13, 8, 191, 29, 116, 184),
    (161, 161, 129, 83, 57, 24, 75, 126, 0, 153, 81, 54, 166, 83, 50, 80, 194, 186, 130, 38, 126, 47, 193, 75, 186, 113, 199, 50, 162, 152, 131, 13, 37, 101, 195, 54, 119, 151, 189, 32),
    (162, 153, 24, 85, 19, 59, 3, 92, 90, 181, 172, 146, 93, 150, 150, 15, 133, 195, 170, 182, 3, 160, 49, 129, 74, 111, 154, 162, 7, 145, 95, 18, 166, 28, 62, 190, 182, 82, 145, 174),
    (163, 189, 154, 171, 18, 64, 193, 172, 63, 35, 136, 80, 125, 140, 189, 67, 99, 189, 183, 20, 144, 67, 116, 137, 121, 101, 150, 3, 99, 145, 193, 97, 22, 118, 23, 63, 31, 116, 149, 167),
    (164, 47, 50, 144, 179, 174, 84, 101, 121, 174, 37, 153, 102, 110, 164, 46, 93, 15, 13, 17, 16, 82, 42, 22, 34, 33, 17, 105, 46, 3, 187, 61, 152, 10, 88, 78, 166, 155, 111, 160),
    (165, 183, 30, 41, 31, 165, 168, 156, 110, 173, 108, 17, 193, 164, 23, 195, 45, 48, 98, 77, 139, 115, 148, 89, 38, 79, 180, 149, 154, 156, 141, 122, 84, 87, 26, 57, 147, 90, 2, 82),
    (166, 106, 107, 20, 35, 89, 103, 72, 111, 97, 86, 46, 133, 31, 73, 10, 93, 196, 11, 162, 189, 2, 100, 146, 38, 127, 168, 198, 40, 84, 124, 98, 149, 57, 33, 175, 175, 156, 197, 36),
    (167, 51, 28, 85, 84, 160, 155, 166, 145, 4, 196, 0, 73, 156, 147, 44, 51, 69, 20, 41, 95, 124, 187, 90, 187, 162, 17, 22, 79, 116, 110, 24, 96, 43, 196, 102, 120, 84, 181, 124),
    (168, 89, 16, 22, 199, 84, 171, 72, 151, 58, 78, 106, 67, 119, 12, 63, 52, 50, 40, 140, 152, 8, 176, 65, 146, 105, 7, 19, 194, 23, 164, 130, 110, 191, 62, 46, 148, 2, 29, 84),
    (169, 103, 92, 152, 109, 82, 166, 189, 23, 196, 87, 154, 185, 56, 34, 146, 50, 79, 65, 144, 167, 105, 197, 123, 196, 109, 198, 120, 163, 89, 17, 150, 115, 4, 108, 80, 98, 56, 66, 109),
    (170, 104, 54, 104, 85, 88, 66, 8, 117, 151, 31, 95, 47, 1, 152, 36, 176, 89, 163, 32, 192, 44, 18, 50, 112, 134, 96, 17, 101, 127, 111, 92, 85, 146, 108, 125, 9, 63, 43, 147),
    (171, 75, 144, 90, 170, 160, 7, 158, 59, 145, 12, 21, 132, 83, 94, 24, 133, 149, 95, 29, 88, 194, 9, 189, 41, 47, 35, 135, 177, 182, 156, 15, 102, 120, 197, 158, 183, 18, 47, 148),
    (172, 154, 81, 66, 87, 84, 130, 47, 145, 81, 88, 92, 147, 49, 60, 87, 54, 128, 76, 144, 62, 42, 102, 38, 24, 12, 4, 125, 42, 34, 62, 192, 72, 20, 158, 77, 143, 70, 131, 163),
    (173, 153, 121, 21, 30, 158, 89, 27, 28, 3, 155, 130, 175, 177, 68, 26, 36, 52, 84, 41, 59, 125, 141, 157, 87, 135, 52, 127, 64, 145, 125, 179, 179, 58, 25, 36, 89, 126, 54, 112),
    (174, 104, 125, 102, 42, 149, 34, 70, 47, 80, 160, 156, 100, 189, 141, 199, 135, 33, 80, 75, 35, 59, 101, 108, 127, 179, 116, 102, 120, 181, 72, 69, 116, 93, 153, 21, 175, 149, 82, 136),
    (175, 48, 29, 6, 150, 13, 143, 184, 73, 131, 60, 83, 176, 83, 4, 199, 81, 10, 139, 171, 112, 127, 135, 74, 40, 16, 44, 31, 126, 135, 108, 81, 186, 106, 177, 107, 193, 136, 122, 169),
    (176, 178, 156, 17, 92, 166, 84, 174, 171, 155, 174, 138, 0, 118, 50, 21, 112, 97, 119, 192, 164, 58, 135, 190, 160, 55, 196, 49, 60, 158, 175, 32, 178, 192, 121, 47, 86, 49, 138, 8),
    (177, 46, 116, 177, 112, 116, 62, 66, 39, 116, 103, 18, 94, 75, 56, 111, 0, 54, 95, 110, 16, 142, 98, 19, 36, 174, 51, 42, 157, 6, 158, 116, 199, 14, 141, 90, 152, 163, 133, 32),
    (178, 168, 109, 41, 55, 51, 94, 146, 155, 92, 97, 174, 16, 184, 114, 188, 100, 107, 80, 163, 146, 60, 0, 36, 159, 178, 174, 128, 43, 127, 74, 105, 64, 147, 138, 30, 105, 23, 130, 179),
    (179, 2, 110, 15, 46, 147, 24, 154, 142, 57, 160, 31, 92, 63, 83, 100, 138, 153, 89, 176, 146, 34, 122, 78, 106, 2, 194, 137, 8, 16, 168, 184, 42, 21, 125, 153, 180, 94, 116, 1),
    (180, 11, 0, 156, 58, 61, 136, 71, 199, 82, 30, 8, 125, 95, 116, 175, 58, 18, 162, 176, 116, 162, 50, 116, 15, 163, 199, 74, 185, 15, 3, 198, 75, 64, 31, 90, 132, 165, 191, 173),
    (181, 15, 30, 6, 83, 93, 108, 71, 127, 169, 168, 101, 188, 77, 42, 50, 6, 130, 63, 151, 31, 40, 199, 119, 166, 17, 125, 67, 53, 59, 193, 25, 179, 59, 163, 197, 41, 65, 187, 7),
    (182, 0, 127, 67, 94, 137, 23, 48, 110, 21, 106, 157, 189, 147, 28, 87, 63, 25, 108, 132, 88, 177, 68, 189, 169, 33, 186, 188, 44, 144, 144, 85, 166, 170, 137, 121, 92, 132, 130, 18),
    (183, 43, 144, 32, 128, 165, 130, 133, 159, 83, 82, 183, 59, 32, 171, 178, 16, 115, 87, 149, 125, 13, 117, 166, 92, 169, 37, 135, 135, 182, 100, 164, 40, 186, 31, 195, 87, 71, 47, 21),
    (184, 9, 189, 70, 143, 103, 105, 63, 62, 140, 32, 101, 154, 161, 117, 184, 131, 46, 1, 70, 179, 41, 18, 107, 121, 25, 109, 181, 26, 143, 33, 139, 145, 53, 6, 60, 79, 62, 102, 21),
    (185, 91, 37, 59, 112, 88, 85, 199, 147, 76, 125, 32, 190, 131, 165, 116, 43, 87, 61, 161, 156, 29, 170, 169, 189, 195, 133, 66, 150, 83, 155, 84, 51, 100, 98, 8, 26, 58, 18, 67),
    (186, 195, 75, 123, 1, 173, 189, 81, 40, 102, 148, 29, 139, 181, 23, 174, 164, 59, 152, 60, 43, 170, 67, 56, 43, 75, 32, 75, 196, 3, 132, 191, 100, 154, 10, 53, 134, 93, 138, 34),
    (187, 110, 73, 96, 108, 21, 2, 97, 94, 102, 86, 82, 88, 86, 175, 127, 45, 156, 69, 154, 160, 175, 62, 39, 42, 1, 144, 177, 71, 8, 12, 95, 104, 123, 154, 61, 172, 79, 161, 53),
    (188, 86, 65, 83, 112, 42, 49, 137, 135, 199, 128, 43, 186, 198, 84, 182, 3, 63, 118, 4, 141, 56, 185, 94, 77, 47, 158, 192, 50, 38, 194, 82, 19, 122, 85, 6, 159, 107, 53, 108),
    (189, 18, 113, 84, 83, 65, 165, 99, 9, 40, 162, 70, 8, 151, 9, 65, 27, 107, 92, 187, 40, 54, 71, 75, 138, 114, 191, 168, 111, 148, 156, 2, 152, 83, 169, 16, 164, 127, 141, 135),
    (190, 60, 111, 76, 108, 33, 73, 133, 10, 152, 150, 31, 6, 39, 161, 110, 75, 51, 30, 184, 123, 168, 147, 129, 104, 92, 115, 162, 113, 90, 120, 64, 173, 170, 99, 39, 162, 42, 115, 14),
    (191, 172, 113, 111, 48, 98, 131, 53, 85, 53, 5, 149, 24, 88, 196, 49, 67, 104, 130, 144, 56, 8, 3, 170, 171, 33, 95, 138, 83, 138, 53, 51, 35, 77, 151, 30, 156, 82, 94, 119),
    (192, 31, 188, 111, 119, 50, 44, 127, 40, 67, 170, 198, 88, 84, 184, 140, 73, 103, 151, 85, 81, 199, 12, 162, 129, 135, 63, 151, 103, 1, 131, 16, 173, 49, 4, 41, 34, 119, 84, 81),
    (193, 189, 83, 47, 34, 130, 72, 64, 11, 72, 47, 195, 164, 133, 177, 163, 167, 120, 117, 123, 9, 32, 162, 134, 195, 132, 134, 75, 28, 3, 160, 113, 80, 93, 58, 109, 101, 50, 13, 149),
    (194, 133, 78, 41, 178, 197, 183, 133, 191, 62, 164, 184, 26, 56, 185, 53, 56, 170, 140, 125, 46, 185, 93, 75, 189, 110, 98, 39, 97, 132, 72, 189, 110, 98, 68, 177, 23, 122, 77, 47),
    (195, 181, 53, 59, 188, 123, 89, 193, 165, 124, 58, 4, 196, 183, 84, 152, 136, 20, 136, 24, 91, 158, 98, 49, 110, 41, 158, 105, 151, 190, 133, 97, 182, 139, 140, 58, 70, 52, 177, 193),
    (196, 30, 65, 128, 151, 57, 196, 33, 148, 38, 57, 35, 185, 81, 108, 147, 170, 39, 146, 56, 35, 37, 147, 39, 33, 27, 130, 134, 113, 146, 78, 190, 160, 36, 167, 21, 22, 149, 161, 102),
    (197, 132, 181, 120, 120, 9, 56, 118, 117, 13, 160, 98, 39, 95, 100, 130, 106, 47, 182, 7, 160, 22, 169, 73, 48, 24, 184, 167, 74, 128, 60, 124, 115, 73, 66, 131, 45, 45, 112, 187),
    (198, 66, 20, 76, 10, 85, 189, 87, 184, 105, 89, 85, 197, 94, 90, 151, 177, 3, 49, 151, 33, 0, 151, 73, 75, 57, 53, 199, 193, 80, 74, 169, 148, 52, 36, 98, 72, 142, 91, 60),
    (199, 39, 58, 180, 155, 93, 151, 3, 113, 98, 68, 190, 120, 117, 40, 81, 104, 65, 129, 25, 71, 160, 13, 124, 188, 74, 66, 88, 68, 75, 167, 114, 118, 124, 109, 147, 27, 170, 22, 27);

INSERT INTO T18 (pk, t1, t2, t3, t4, t5, t6, t7, t8, t9, t10, t11, t12, t13, t14, t15, t16, t17, t19, t20, t21, t22, t23, t24, t25, t26, t27, t28, t29, t30, t31, t32, t33, t34, t35, t36, t37, t38, t39, t40)
VALUES
    (0, 60, 135, 86, 84, 114, 99, 157, 34, 69, 65, 31, 84, 77, 11, 11, 22, 147, 107, 114, 174, 126, 50, 134, 15, 165, 157, 143, 103, 151, 123, 101, 41, 101, 30, 176, 44, 37, 196, 98),
    (1, 170, 43, 116, 86, 120, 33, 106, 4, 183, 182, 70, 5, 37, 16, 97, 178, 44, 18, 59, 20, 184, 123, 99, 192, 66, 93, 45, 121, 160, 84, 142, 11, 70, 157, 187, 4, 40, 124, 86),
    (2, 168, 154, 15, 82, 187, 38, 80, 5, 162, 144, 117, 166, 85, 141, 66, 100, 129, 133, 118, 42, 154, 37, 77, 31, 45, 166, 6, 82, 50, 61, 16, 95, 3, 100, 199, 173, 185, 72, 64),
    (3, 16, 94, 68, 157, 31, 59, 87, 137, 112, 39, 95, 126, 183, 108, 60, 95, 175, 3, 53, 105, 30, 74, 165, 169, 119, 199, 160, 5, 30, 37, 110, 4, 40, 137, 96, 77, 147, 42, 76),
    (4, 127, 198, 30, 26, 88, 106, 98, 26, 68, 92, 135, 38, 67, 114, 19, 105, 154, 173, 32, 23, 8, 4, 62, 121, 83, 190, 132, 173, 23, 106, 115, 47, 82, 57, 164, 155, 125, 196, 32),
    (5, 90, 120, 9, 57, 158, 61, 179, 12, 195, 4, 162, 8, 42, 196, 102, 94, 77, 33, 177, 7, 74, 162, 62, 154, 90, 143, 118, 126, 0, 43, 72, 23, 11, 146, 185, 27, 111, 23, 60),
    (6, 51, 162, 13, 120, 85, 157, 96, 147, 99, 21, 32, 104, 31, 196, 57, 8, 186, 121, 24, 186, 84, 95, 140, 36, 102, 6, 26, 102, 49, 156, 96, 56, 85, 185, 125, 18, 41, 34, 57),
    (7, 154, 27, 100, 15, 73, 147, 61, 136, 161, 3, 127, 31, 169, 142, 38, 132, 3, 184, 12, 27, 43, 125, 101, 181, 18, 132, 139, 164, 13, 58, 151, 109, 35, 157, 174, 76, 25, 58, 180),
    (8, 128, 4, 109, 13, 197, 110, 151, 189, 114, 170, 122, 132, 82, 29, 5, 39, 137, 114, 187, 36, 156, 149, 188, 46, 136, 112, 58, 65, 193, 71, 67, 131, 111, 41, 129, 81, 190, 85, 175),
    (9, 108, 4, 32, 171, 133, 108, 125, 10, 131, 105, 72, 82, 25, 98, 145, 169, 184, 55, 41, 98, 21, 118, 183, 117, 96, 82, 93, 22, 50, 110, 38, 60, 13, 54, 62, 95, 15, 36, 102),
    (10, 141, 133, 15, 108, 183, 66, 21, 126, 139, 22, 130, 86, 156, 172, 3, 40, 139, 50, 1, 74, 121, 86, 46, 183, 32, 142, 52, 59, 36, 7, 197, 36, 76, 113, 16, 198, 174, 21, 183),
    (11, 172, 67, 135, 119, 72, 168, 171, 177, 83, 71, 123, 150, 149, 10, 171, 114, 189, 145, 79, 1, 163, 38, 70, 130, 116, 23, 25, 145, 57, 54, 21, 192, 115, 4, 19, 3, 142, 63, 11),
    (12, 48, 87, 136, 29, 45, 88, 0, 80, 97, 76, 71, 79, 180, 14, 56, 32, 144, 134, 9, 192, 161, 87, 5, 195, 49, 161, 110, 37, 98, 115, 80, 150, 106, 96, 182, 112, 16, 187, 84),
    (13, 139, 142, 195, 52, 152, 30, 110, 3, 12, 82, 64, 165, 101, 155, 85, 119, 173, 8, 167, 175, 107, 173, 90, 85, 137, 54, 30, 98, 62, 132, 145, 41, 21, 161, 191, 136, 127, 18, 144),
    (14, 111, 118, 167, 133, 75, 91, 149, 53, 159, 30, 190, 196, 8, 62, 13, 182, 183, 174, 92, 0, 129, 136, 17, 83, 99, 90, 152, 101, 9, 58, 142, 43, 82, 103, 47, 168, 89, 172, 166),
    (15, 145, 190, 6, 129, 1, 41, 185, 46, 181, 188, 158, 149, 141, 146, 59, 157, 4, 132, 195, 33, 120, 61, 122, 92, 80, 11, 86, 17, 199, 84, 14, 11, 6, 40, 71, 76, 9, 181, 65),
    (16, 185, 148, 36, 110, 88, 37, 182, 14, 95, 188, 125, 139, 152, 90, 155, 124, 45, 77, 193, 2, 96, 166, 102, 89, 141, 116, 47, 166, 33, 59, 153, 121, 196, 84, 38, 51, 83, 151, 97),
    (17, 14, 98, 132, 69, 50, 171, 185, 28, 194, 150, 130, 170, 176, 174, 17, 106, 140, 39, 28, 10, 66, 183, 102, 116, 125, 98, 71, 74, 168, 94, 194, 23, 13, 55, 191, 80, 118, 143, 168),
    (18, 46, 120, 88, 48, 156, 126, 188, 46, 117, 73, 11, 159, 182, 164, 135, 33, 58, 162, 185, 168, 108, 67, 157, 124, 117, 107, 152, 63, 172, 125, 56, 131, 124, 140, 20, 136, 130, 193, 107),
    (19, 66, 72, 56, 177, 36, 34, 93, 162, 83, 57, 76, 150, 15, 65, 131, 168, 81, 155, 153, 162, 122, 103, 165, 163, 64, 172, 57, 142, 66, 193, 36, 75, 28, 139, 54, 81, 101, 132, 78),
    (20, 39, 127, 9, 17, 118, 105, 26, 120, 28, 195, 184, 119, 28, 127, 53, 89, 17, 43, 122, 56, 84, 17, 163, 71, 174, 32, 163, 75, 76, 0, 31, 191, 28, 128, 35, 66, 176, 132, 27),
    (21, 181, 62, 165, 4, 30, 38, 118, 136, 41, 145, 158, 127, 62, 32, 196, 28, 189, 109, 74, 183, 5, 163, 134, 53, 149, 197, 197, 64, 100, 67, 21, 166, 115, 1, 99, 95, 157, 40, 149),
    (22, 66, 156, 81, 146, 65, 137, 74, 54, 108, 26, 185, 67, 38, 95, 107, 77, 8, 117, 83, 153, 65, 68, 111, 122, 110, 140, 140, 118, 125, 108, 19, 23, 1, 188, 6, 94, 15, 133, 128),
    (23, 136, 6, 66, 105, 36, 14, 83, 84, 195, 41, 66, 168, 99, 166, 154, 15, 143, 182, 108, 38, 167, 10, 137, 114, 79, 24, 51, 180, 43, 6, 88, 22, 144, 8, 27, 59, 100, 192, 93),
    (24, 168, 75, 13, 65, 52, 37, 190, 103, 64, 88, 75, 120, 107, 3, 34, 95, 116, 1, 5, 176, 137, 41, 15, 110, 188, 28, 169, 180, 105, 146, 147, 175, 63, 197, 84, 196, 109, 88, 64),
    (25, 187, 66, 50, 1, 128, 177, 108, 13, 73, 152, 41, 184, 7, 86, 124, 164, 198, 141, 65, 109, 12, 171, 68, 34, 136, 30, 79, 138, 193, 19, 7, 92, 10, 179, 160, 178, 102, 15, 2),
    (26, 195, 15, 191, 190, 95, 48, 110, 108, 39, 43, 55, 185, 79, 175, 38, 40, 13, 131, 4, 32, 64, 186, 26, 53, 110, 150, 77, 147, 110, 14, 148, 146, 194, 142, 54, 99, 136, 100, 141),
    (27, 46, 195, 49, 84, 19, 94, 193, 173, 151, 63, 117, 152, 180, 6, 127, 85, 45, 187, 32, 172, 63, 58, 169, 72, 80, 196, 68, 55, 172, 119, 7, 77, 59, 32, 21, 69, 60, 128, 36),
    (28, 98, 54, 173, 140, 62, 2, 94, 13, 47, 123, 19, 124, 46, 137, 58, 19, 123, 31, 165, 137, 51, 38, 196, 66, 176, 115, 112, 154, 35, 150, 124, 58, 194, 153, 25, 65, 113, 167, 73),
    (29, 124, 185, 7, 19, 161, 35, 105, 143, 103, 70, 179, 50, 10, 152, 82, 119, 173, 135, 114, 101, 83, 78, 17, 126, 46, 105, 116, 88, 142, 189, 170, 126, 122, 135, 10, 195, 99, 28, 176),
    (30, 37, 111, 187, 63, 176, 162, 28, 152, 1, 60, 8, 13, 112, 140, 104, 192, 80, 120, 60, 105, 142, 122, 103, 142, 126, 135, 83, 63, 58, 98, 117, 132, 72, 45, 15, 66, 115, 163, 14),
    (31, 142, 173, 91, 152, 195, 127, 162, 0, 64, 97, 70, 107, 102, 97, 18, 28, 50, 53, 56, 194, 13, 75, 58, 20, 124, 142, 147, 40, 100, 13, 16, 65, 115, 138, 104, 155, 137, 144, 62),
    (32, 92, 173, 156, 54, 46, 126, 96, 135, 127, 167, 166, 42, 104, 109, 180, 58, 5, 129, 177, 174, 78, 193, 158, 195, 189, 77, 127, 76, 169, 128, 170, 17, 111, 158, 187, 72, 176, 20, 162),
    (33, 124, 43, 14, 155, 161, 2, 163, 45, 32, 167, 35, 103, 72, 153, 193, 6, 107, 105, 98, 68, 36, 161, 110, 14, 95, 48, 139, 156, 0, 67, 5, 159, 64, 90, 29, 54, 149, 185, 113),
    (34, 16, 166, 103, 38, 2, 100, 193, 116, 56, 11, 28, 55, 9, 108, 113, 106, 12, 46, 94, 52, 110, 158, 31, 120, 73, 76, 81, 108, 69, 77, 13, 112, 38, 67, 136, 140, 68, 118, 19),
    (35, 178, 103, 85, 190, 105, 148, 70, 2, 192, 40, 18, 127, 181, 148, 160, 9, 183, 175, 162, 109, 36, 153, 183, 53, 198, 36, 163, 11, 114, 106, 150, 123, 157, 195, 195, 78, 2, 58, 142),
    (36, 49, 69, 61, 151, 112, 75, 35, 97, 78, 74, 79, 145, 111, 155, 13, 5, 166, 108, 157, 68, 164, 183, 187, 34, 195, 121, 92, 145, 21, 104, 128, 127, 169, 137, 25, 155, 18, 4, 22),
    (37, 12, 156, 119, 119, 169, 126, 2, 101, 21, 196, 17, 32, 113, 132, 197, 134, 2, 137, 50, 182, 56, 31, 2, 135, 15, 21, 120, 31, 61, 150, 68, 179, 149, 192, 184, 171, 98, 150, 172),
    (38, 197, 19, 183, 150, 160, 118, 34, 40, 15, 186, 113, 167, 143, 173, 23, 59, 0, 158, 3, 188, 172, 197, 29, 191, 127, 188, 140, 42, 69, 145, 74, 114, 108, 195, 166, 153, 59, 58, 173),
    (39, 186, 76, 193, 39, 188, 101, 13, 19, 21, 149, 73, 194, 10, 26, 30, 42, 192, 159, 169, 188, 62, 9, 163, 26, 163, 188, 120, 94, 136, 96, 166, 158, 106, 21, 24, 98, 112, 63, 154),
    (40, 164, 180, 129, 122, 124, 24, 53, 131, 163, 58, 35, 144, 171, 94, 0, 199, 177, 161, 10, 27, 103, 143, 119, 48, 97, 73, 132, 134, 68, 61, 150, 120, 124, 125, 171, 152, 167, 81, 91),
    (41, 130, 112, 57, 19, 135, 191, 132, 132, 76, 38, 62, 149, 70, 102, 131, 161, 26, 157, 189, 113, 112, 157, 99, 12, 25, 27, 65, 147, 112, 77, 73, 181, 36, 66, 102, 131, 159, 25, 17),
    (42, 148, 167, 23, 100, 155, 35, 123, 124, 124, 136, 166, 52, 185, 87, 146, 50, 54, 66, 82, 53, 66, 133, 37, 81, 111, 70, 176, 146, 13, 25, 98, 13, 122, 49, 118, 50, 33, 86, 86),
    (43, 174, 3, 11, 68, 64, 127, 134, 6, 19, 158, 132, 185, 137, 131, 30, 58, 187, 161, 95, 18, 5, 35, 154, 114, 198, 32, 0, 199, 14, 49, 183, 193, 137, 136, 66, 174, 139, 140, 137),
    (44, 157, 64, 190, 180, 190, 54, 58, 105, 155, 34, 85, 3, 25, 26, 47, 78, 8, 8, 49, 6, 73, 118, 109, 188, 187, 160, 176, 87, 106, 54, 14, 77, 44, 90, 34, 104, 0, 73, 173),
    (45, 118, 195, 193, 171, 56, 80, 25, 170, 33, 72, 158, 80, 114, 4, 174, 147, 69, 65, 53, 71, 65, 16, 180, 160, 156, 87, 90, 33, 70, 115, 110, 168, 125, 93, 99, 103, 122, 57, 1),
    (46, 144, 12, 42, 154, 98, 178, 91, 171, 35, 61, 20, 62, 48, 145, 91, 154, 132, 48, 164, 172, 61, 69, 151, 160, 119, 169, 136, 107, 48, 72, 103, 55, 151, 114, 57, 52, 33, 33, 181),
    (47, 130, 47, 2, 35, 58, 120, 99, 82, 49, 12, 101, 86, 101, 133, 173, 137, 47, 76, 27, 117, 149, 63, 63, 189, 46, 130, 66, 167, 6, 184, 107, 186, 182, 163, 22, 193, 16, 0, 26),
    (48, 162, 20, 126, 5, 119, 110, 181, 40, 41, 40, 179, 169, 176, 124, 79, 160, 75, 148, 121, 0, 160, 173, 37, 169, 67, 172, 78, 5, 187, 182, 104, 16, 146, 78, 108, 138, 110, 126, 99),
    (49, 69, 131, 196, 148, 149, 162, 31, 192, 4, 188, 107, 135, 65, 92, 69, 95, 0, 49, 96, 15, 194, 145, 42, 107, 88, 7, 139, 99, 35, 165, 84, 103, 158, 136, 4, 120, 128, 141, 58),
    (50, 45, 163, 97, 132, 186, 168, 191, 74, 41, 153, 77, 112, 78, 112, 48, 87, 62, 164, 129, 72, 13, 43, 100, 149, 36, 158, 42, 170, 57, 189, 15, 182, 118, 24, 0, 59, 42, 135, 151),
    (51, 153, 21, 194, 42, 53, 85, 161, 60, 163, 96, 140, 56, 152, 41, 183, 94, 51, 47, 126, 103, 72, 128, 22, 198, 143, 157, 195, 18, 17, 180, 15, 131, 151, 39, 170, 38, 19, 59, 153),
    (52, 188, 157, 12, 140, 191, 180, 194, 185, 198, 197, 55, 59, 134, 31, 168, 85, 147, 131, 134, 16, 126, 164, 7, 90, 106, 149, 15, 174, 8, 132, 171, 24, 94, 177, 64, 181, 92, 129, 62),
    (53, 18, 121, 35, 13, 31, 77, 72, 54, 42, 12, 30, 122, 95, 185, 187, 59, 165, 156, 94, 69, 176, 92, 104, 192, 100, 192, 59, 158, 93, 121, 54, 164, 155, 102, 106, 111, 15, 120, 181),
    (54, 44, 79, 198, 134, 21, 121, 178, 106, 3, 68, 186, 85, 129, 57, 14, 172, 26, 114, 50, 93, 151, 122, 51, 186, 192, 39, 73, 73, 178, 104, 72, 71, 151, 129, 172, 25, 116, 32, 180),
    (55, 107, 15, 138, 58, 192, 1, 142, 109, 41, 138, 7, 40, 148, 16, 47, 136, 27, 32, 20, 16, 59, 34, 15, 195, 107, 97, 70, 141, 31, 191, 130, 174, 112, 126, 147, 192, 74, 8, 140),
    (56, 41, 171, 181, 123, 124, 13, 169, 39, 4, 70, 139, 49, 71, 11, 16, 88, 28, 103, 97, 29, 2, 100, 80, 100, 78, 69, 163, 133, 110, 31, 169, 141, 56, 27, 127, 170, 5, 23, 45),
    (57, 52, 80, 32, 95, 122, 87, 46, 89, 79, 185, 178, 89, 8, 18, 7, 132, 129, 149, 15, 65, 139, 22, 80, 70, 157, 143, 138, 70, 19, 29, 100, 116, 67, 146, 121, 22, 57, 181, 131),
    (58, 5, 178, 78, 31, 15, 112, 81, 79, 152, 16, 159, 186, 137, 163, 74, 108, 61, 197, 87, 21, 57, 98, 171, 85, 32, 72, 44, 180, 27, 97, 75, 193, 176, 4, 167, 59, 19, 159, 158),
    (59, 155, 120, 67, 94, 2, 118, 128, 67, 168, 34, 27, 14, 22, 74, 115, 131, 28, 118, 47, 135, 101, 82, 69, 76, 192, 15, 20, 45, 167, 199, 151, 153, 169, 109, 136, 12, 198, 20, 124),
    (60, 60, 185, 88, 6, 132, 86, 192, 60, 184, 127, 74, 36, 190, 78, 39, 66, 48, 165, 36, 74, 162, 25, 158, 179, 12, 106, 93, 19, 35, 58, 101, 127, 157, 84, 94, 184, 91, 19, 49),
    (61, 31, 145, 138, 139, 198, 172, 127, 182, 53, 126, 152, 36, 41, 99, 11, 168, 11, 41, 138, 143, 37, 169, 34, 181, 129, 59, 64, 175, 127, 69, 122, 78, 116, 194, 95, 186, 8, 78, 130),
    (62, 111, 70, 187, 196, 186, 30, 173, 28, 61, 113, 118, 37, 198, 40, 7, 139, 81, 72, 80, 121, 128, 79, 81, 105, 12, 5, 134, 64, 43, 117, 131, 93, 129, 145, 190, 23, 13, 159, 95),
    (63, 98, 99, 56, 111, 123, 155, 100, 131, 6, 156, 159, 66, 54, 11, 86, 98, 100, 125, 92, 86, 29, 125, 80, 125, 116, 106, 145, 111, 130, 64, 143, 49, 65, 133, 135, 109, 44, 46, 149),
    (64, 134, 79, 65, 62, 141, 27, 60, 168, 11, 51, 0, 16, 97, 116, 29, 134, 151, 61, 50, 41, 66, 112, 118, 172, 161, 39, 17, 188, 172, 189, 23, 175, 62, 18, 126, 74, 39, 199, 106),
    (65, 70, 45, 130, 72, 76, 77, 133, 40, 21, 180, 109, 199, 95, 107, 28, 106, 141, 148, 66, 103, 164, 17, 11, 27, 157, 88, 112, 0, 156, 108, 92, 4, 65, 95, 75, 62, 37, 18, 80),
    (66, 185, 101, 57, 35, 134, 124, 73, 65, 37, 60, 170, 180, 140, 49, 98, 87, 15, 166, 30, 156, 11, 57, 197, 137, 187, 110, 67, 95, 43, 128, 12, 130, 172, 21, 193, 109, 80, 20, 124),
    (67, 18, 61, 24, 3, 2, 158, 134, 192, 193, 168, 194, 75, 181, 106, 197, 13, 167, 121, 82, 66, 119, 28, 33, 124, 15, 122, 184, 36, 197, 147, 60, 173, 103, 57, 35, 180, 39, 47, 148),
    (68, 23, 172, 8, 170, 43, 97, 28, 21, 174, 12, 46, 166, 1, 165, 82, 62, 8, 118, 64, 144, 191, 179, 46, 32, 196, 2, 4, 36, 21, 34, 42, 1, 5, 173, 115, 194, 21, 114, 144),
    (69, 165, 23, 164, 138, 160, 189, 168, 186, 4, 165, 173, 71, 106, 85, 154, 173, 61, 107, 27, 40, 167, 164, 34, 146, 14, 59, 157, 0, 111, 135, 13, 75, 116, 43, 98, 122, 189, 43, 139),
    (70, 84, 108, 72, 191, 147, 136, 94, 141, 173, 13, 147, 91, 179, 42, 168, 130, 87, 6, 55, 71, 95, 150, 84, 196, 6, 193, 145, 37, 147, 82, 153, 98, 105, 21, 136, 118, 146, 144, 197),
    (71, 108, 17, 119, 145, 46, 168, 52, 110, 127, 169, 124, 106, 134, 173, 42, 23, 31, 94, 79, 117, 88, 32, 100, 50, 176, 129, 122, 58, 101, 139, 179, 2, 123, 37, 39, 63, 91, 59, 154),
    (72, 88, 41, 159, 9, 161, 151, 31, 85, 160, 113, 29, 161, 25, 148, 61, 169, 77, 77, 196, 184, 17, 86, 68, 96, 16, 83, 116, 172, 121, 3, 70, 34, 52, 67, 93, 188, 148, 134, 108),
    (73, 30, 52, 143, 2, 118, 110, 100, 98, 6, 62, 158, 174, 26, 179, 162, 125, 136, 20, 107, 145, 176, 20, 196, 166, 124, 162, 103, 134, 104, 21, 20, 138, 147, 22, 112, 6, 111, 25, 92),
    (74, 151, 0, 80, 148, 33, 167, 182, 68, 153, 66, 13, 15, 136, 66, 43, 53, 14, 146, 156, 61, 111, 134, 136, 48, 87, 197, 194, 15, 127, 13, 188, 144, 146, 20, 57, 45, 18, 47, 29),
    (75, 89, 39, 8, 156, 24, 196, 131, 27, 129, 36, 111, 22, 111, 169, 25, 190, 122, 15, 149, 134, 99, 22, 165, 36, 22, 167, 144, 106, 54, 106, 131, 165, 97, 90, 194, 3, 18, 87, 140),
    (76, 137, 49, 190, 139, 45, 20, 79, 107, 142, 88, 145, 83, 151, 84, 137, 6, 12, 32, 102, 139, 124, 35, 33, 170, 40, 74, 104, 101, 9, 170, 54, 40, 168, 8, 82, 76, 44, 127, 30),
    (77, 156, 163, 117, 21, 48, 24, 110, 199, 31, 33, 136, 31, 121, 53, 142, 45, 54, 171, 176, 191, 162, 76, 107, 39, 153, 182, 140, 147, 161, 131, 81, 163, 69, 119, 140, 68, 178, 144, 168),
    (78, 34, 134, 56, 158, 171, 50, 110, 1, 90, 118, 196, 160, 135, 182, 72, 161, 179, 1, 81, 96, 198, 170, 130, 51, 105, 167, 188, 121, 169, 11, 150, 64, 0, 95, 3, 100, 32, 123, 136),
    (79, 53, 72, 98, 4, 181, 136, 39, 196, 35, 109, 35, 189, 113, 199, 190, 145, 140, 190, 15, 78, 143, 108, 95, 34, 164, 0, 134, 86, 21, 107, 181, 85, 91, 103, 100, 151, 189, 84, 20),
    (80, 49, 71, 9, 48, 67, 20, 127, 148, 97, 34, 50, 181, 24, 129, 80, 160, 90, 5, 78, 105, 125, 98, 22, 79, 199, 51, 36, 22, 121, 1, 30, 46, 187, 9, 56, 148, 93, 22, 127),
    (81, 179, 24, 68, 192, 112, 59, 193, 182, 73, 175, 26, 132, 143, 115, 194, 157, 139, 84, 184, 129, 21, 29, 129, 59, 115, 46, 167, 6, 160, 178, 93, 100, 97, 147, 119, 101, 21, 180, 67),
    (82, 28, 122, 20, 27, 12, 160, 32, 53, 118, 143, 141, 192, 53, 146, 13, 197, 158, 166, 197, 153, 160, 102, 27, 101, 31, 168, 71, 145, 10, 120, 62, 196, 108, 25, 151, 193, 123, 169, 73),
    (83, 101, 23, 100, 182, 3, 17, 114, 185, 101, 189, 4, 189, 127, 70, 164, 182, 79, 28, 115, 125, 159, 105, 4, 103, 28, 150, 155, 111, 156, 13, 39, 33, 44, 58, 10, 99, 105, 55, 106),
    (84, 20, 143, 173, 123, 4, 11, 156, 90, 78, 170, 169, 75, 99, 12, 155, 15, 134, 58, 194, 169, 82, 152, 88, 144, 75, 99, 31, 41, 116, 31, 179, 102, 89, 132, 26, 196, 1, 134, 93),
    (85, 90, 5, 59, 182, 70, 140, 33, 32, 0, 64, 12, 50, 88, 26, 153, 84, 178, 185, 159, 118, 33, 143, 138, 144, 189, 81, 189, 94, 129, 0, 4, 152, 43, 127, 196, 173, 159, 187, 192),
    (86, 45, 27, 27, 198, 64, 82, 60, 143, 15, 104, 24, 184, 148, 36, 156, 170, 162, 144, 15, 165, 58, 113, 59, 177, 91, 109, 4, 8, 142, 16, 140, 138, 130, 87, 33, 26, 134, 7, 187),
    (87, 117, 93, 144, 32, 163, 163, 147, 179, 198, 13, 73, 162, 118, 134, 87, 176, 185, 171, 58, 141, 96, 98, 130, 7, 129, 39, 103, 62, 157, 79, 102, 157, 40, 124, 134, 117, 44, 195, 46),
    (88, 177, 51, 71, 100, 60, 22, 109, 171, 190, 19, 136, 18, 139, 91, 188, 38, 182, 118, 0, 77, 150, 101, 82, 133, 153, 86, 173, 111, 4, 77, 100, 125, 104, 167, 77, 84, 172, 106, 114),
    (89, 140, 174, 183, 148, 78, 26, 71, 187, 48, 195, 90, 26, 180, 175, 113, 164, 140, 85, 64, 125, 151, 191, 110, 95, 197, 113, 125, 16, 173, 196, 184, 137, 154, 25, 153, 173, 14, 91, 127),
    (90, 132, 17, 50, 176, 28, 38, 75, 31, 99, 118, 158, 12, 186, 113, 108, 140, 89, 73, 166, 32, 140, 83, 155, 16, 110, 47, 173, 180, 25, 162, 4, 10, 161, 97, 55, 11, 34, 99, 17),
    (91, 35, 8, 189, 93, 131, 25, 151, 42, 110, 81, 13, 131, 90, 68, 103, 114, 83, 38, 150, 136, 134, 25, 79, 32, 73, 75, 36, 102, 33, 88, 34, 121, 7, 135, 168, 4, 121, 157, 47),
    (92, 50, 54, 24, 33, 22, 24, 185, 158, 119, 181, 109, 18, 85, 5, 143, 37, 40, 167, 28, 149, 174, 69, 163, 74, 35, 17, 98, 68, 167, 24, 128, 63, 58, 5, 100, 191, 88, 20, 150),
    (93, 196, 97, 35, 149, 136, 26, 13, 32, 17, 46, 176, 104, 92, 188, 135, 190, 46, 18, 131, 181, 12, 190, 68, 98, 189, 172, 115, 192, 36, 56, 39, 105, 22, 118, 128, 72, 67, 75, 162),
    (94, 162, 75, 23, 192, 164, 123, 140, 134, 49, 108, 102, 161, 49, 126, 60, 58, 42, 44, 17, 175, 148, 155, 164, 123, 30, 180, 163, 138, 25, 41, 51, 158, 34, 103, 21, 173, 101, 53, 105),
    (95, 106, 61, 190, 92, 89, 110, 102, 167, 32, 118, 94, 0, 106, 10, 5, 36, 82, 137, 181, 182, 124, 199, 77, 32, 109, 79, 94, 20, 98, 192, 151, 98, 1, 38, 59, 79, 46, 0, 86),
    (96, 152, 166, 109, 197, 33, 120, 34, 9, 86, 82, 108, 119, 87, 181, 141, 161, 54, 3, 32, 166, 52, 171, 108, 51, 98, 98, 124, 127, 108, 172, 117, 199, 189, 41, 134, 86, 174, 134, 101),
    (97, 83, 111, 153, 130, 47, 100, 102, 168, 127, 23, 68, 48, 81, 89, 112, 64, 4, 59, 44, 123, 18, 179, 99, 152, 47, 107, 20, 58, 33, 169, 121, 112, 144, 159, 22, 173, 117, 40, 116),
    (98, 17, 154, 136, 69, 54, 160, 158, 91, 90, 156, 119, 129, 7, 114, 60, 64, 57, 44, 133, 109, 103, 60, 24, 195, 81, 9, 133, 110, 23, 93, 163, 76, 61, 128, 52, 91, 127, 100, 39),
    (99, 66, 67, 84, 164, 66, 15, 47, 111, 56, 134, 46, 133, 44, 127, 76, 24, 69, 165, 193, 56, 47, 89, 127, 1, 3, 165, 185, 140, 82, 32, 161, 85, 18, 190, 47, 127, 190, 174, 102),
    (100, 122, 90, 162, 172, 10, 134, 51, 63, 196, 125, 197, 82, 97, 75, 114, 177, 156, 192, 154, 89, 48, 24, 143, 75, 56, 147, 37, 194, 74, 34, 42, 132, 146, 192, 4, 85, 118, 56, 45),
    (101, 188, 65, 197, 9, 149, 110, 19, 180, 147, 20, 197, 11, 49, 97, 31, 179, 133, 41, 27, 56, 27, 91, 131, 183, 37, 155, 148, 189, 14, 21, 74, 62, 186, 81, 71, 112, 196, 94, 142),
    (102, 106, 180, 194, 20, 32, 116, 173, 145, 3, 103, 2, 90, 2, 193, 199, 1, 159, 170, 95, 153, 114, 144, 69, 147, 122, 104, 129, 112, 38, 37, 66, 59, 25, 189, 32, 155, 78, 187, 7),
    (103, 8, 149, 193, 195, 8, 69, 130, 31, 175, 108, 185, 170, 194, 46, 142, 114, 22, 94, 58, 130, 174, 24, 76, 189, 148, 132, 86, 109, 34, 47, 137, 108, 138, 194, 27, 193, 129, 93, 127),
    (104, 184, 61, 29, 98, 16, 65, 114, 57, 111, 50, 54, 75, 19, 176, 92, 54, 162, 115, 101, 68, 86, 0, 180, 151, 55, 127, 66, 89, 155, 87, 87, 46, 178, 168, 10, 101, 36, 114, 178),
    (105, 166, 42, 103, 193, 70, 179, 14, 166, 38, 6, 162, 85, 13, 185, 20, 15, 143, 101, 194, 11, 4, 181, 39, 90, 116, 18, 164, 90, 190, 156, 18, 127, 172, 9, 139, 54, 148, 9, 109),
    (106, 139, 123, 3, 105, 171, 22, 18, 6, 10, 176, 152, 26, 164, 1, 37, 69, 175, 179, 91, 4, 9, 127, 143, 152, 100, 111, 102, 182, 23, 20, 137, 66, 79, 15, 20, 64, 34, 100, 35),
    (107, 29, 157, 109, 144, 87, 89, 117, 116, 152, 84, 121, 64, 117, 57, 102, 100, 81, 152, 59, 68, 23, 138, 0, 164, 172, 50, 183, 150, 132, 96, 75, 115, 154, 178, 60, 57, 155, 138, 177),
    (108, 27, 196, 83, 50, 63, 117, 185, 57, 140, 150, 53, 91, 57, 95, 118, 141, 123, 109, 0, 157, 119, 70, 6, 40, 65, 191, 32, 63, 63, 131, 176, 58, 56, 42, 51, 80, 41, 196, 22),
    (109, 78, 194, 51, 85, 136, 49, 50, 5, 147, 153, 63, 82, 59, 100, 185, 17, 144, 6, 31, 44, 146, 33, 173, 107, 123, 157, 171, 92, 60, 15, 182, 62, 62, 199, 96, 18, 55, 187, 172),
    (110, 152, 114, 140, 77, 107, 140, 184, 40, 121, 185, 104, 160, 34, 70, 73, 108, 95, 165, 23, 121, 184, 69, 3, 170, 148, 23, 194, 88, 24, 166, 135, 6, 45, 141, 163, 44, 146, 112, 145),
    (111, 120, 87, 38, 160, 54, 141, 112, 37, 193, 122, 153, 158, 87, 113, 124, 35, 87, 139, 60, 148, 173, 45, 115, 40, 64, 37, 168, 195, 23, 99, 186, 165, 155, 95, 111, 94, 143, 34, 194),
    (112, 5, 102, 189, 166, 143, 113, 97, 117, 10, 198, 121, 52, 76, 181, 163, 184, 88, 80, 92, 46, 38, 155, 88, 10, 152, 132, 130, 69, 145, 14, 42, 199, 80, 120, 199, 151, 38, 67, 22),
    (113, 135, 9, 9, 128, 163, 37, 7, 199, 40, 101, 54, 163, 95, 174, 172, 38, 85, 71, 197, 190, 193, 60, 85, 125, 147, 78, 143, 121, 81, 181, 25, 30, 78, 24, 73, 142, 158, 105, 65),
    (114, 45, 86, 100, 199, 79, 135, 7, 185, 163, 60, 150, 25, 188, 40, 5, 155, 101, 143, 100, 134, 119, 65, 136, 110, 32, 164, 42, 164, 168, 129, 11, 160, 161, 164, 182, 3, 97, 171, 152),
    (115, 56, 142, 65, 13, 15, 38, 55, 13, 130, 96, 135, 26, 155, 115, 48, 103, 33, 199, 33, 8, 182, 0, 167, 195, 157, 166, 129, 177, 196, 147, 149, 27, 79, 85, 132, 36, 64, 79, 199),
    (116, 100, 172, 41, 47, 158, 199, 46, 15, 64, 196, 10, 0, 101, 61, 46, 122, 103, 152, 70, 134, 147, 187, 63, 82, 127, 131, 125, 60, 154, 169, 31, 155, 110, 144, 75, 102, 23, 74, 104),
    (117, 165, 148, 37, 29, 12, 173, 97, 20, 2, 103, 178, 1, 52, 156, 118, 195, 37, 159, 182, 62, 106, 73, 161, 133, 157, 65, 175, 130, 195, 61, 123, 149, 70, 48, 152, 191, 145, 75, 62),
    (118, 145, 17, 144, 173, 153, 89, 120, 29, 105, 125, 95, 179, 114, 136, 125, 25, 126, 119, 23, 164, 117, 68, 91, 128, 62, 49, 94, 150, 151, 30, 177, 10, 104, 84, 43, 174, 82, 160, 44),
    (119, 198, 114, 134, 21, 93, 43, 81, 9, 29, 140, 0, 29, 117, 75, 133, 45, 146, 121, 121, 75, 79, 181, 136, 172, 22, 22, 101, 27, 188, 149, 29, 109, 188, 157, 93, 184, 179, 12, 187),
    (120, 75, 4, 101, 89, 134, 184, 70, 40, 155, 179, 94, 137, 67, 131, 62, 15, 116, 131, 113, 14, 162, 148, 25, 31, 19, 111, 30, 5, 31, 43, 188, 98, 160, 79, 160, 175, 145, 191, 6),
    (121, 74, 98, 22, 154, 176, 135, 84, 150, 106, 19, 136, 115, 106, 118, 73, 177, 186, 144, 118, 136, 193, 148, 134, 64, 28, 102, 83, 146, 86, 62, 70, 165, 199, 59, 190, 193, 64, 199, 141),
    (122, 61, 165, 11, 140, 118, 187, 158, 161, 101, 78, 67, 127, 30, 99, 41, 156, 125, 92, 182, 73, 0, 59, 140, 77, 195, 80, 194, 195, 110, 191, 121, 76, 76, 138, 91, 179, 140, 128, 13),
    (123, 114, 10, 68, 193, 86, 54, 169, 34, 195, 103, 152, 83, 19, 69, 18, 40, 93, 8, 88, 52, 154, 177, 64, 50, 197, 74, 0, 177, 77, 26, 50, 44, 99, 68, 139, 188, 82, 8, 178),
    (124, 160, 190, 134, 25, 170, 145, 33, 117, 7, 4, 183, 53, 13, 186, 180, 80, 191, 99, 74, 190, 29, 141, 38, 119, 173, 161, 133, 109, 189, 177, 27, 60, 81, 18, 68, 121, 182, 130, 154),
    (125, 149, 75, 99, 195, 19, 58, 77, 148, 24, 42, 12, 166, 62, 59, 79, 107, 92, 127, 63, 189, 178, 190, 4, 51, 12, 154, 16, 28, 15, 46, 22, 36, 119, 96, 104, 185, 110, 61, 171),
    (126, 68, 6, 154, 152, 87, 33, 97, 165, 94, 178, 53, 154, 182, 130, 198, 28, 120, 130, 182, 151, 164, 95, 0, 16, 146, 195, 13, 173, 129, 68, 142, 158, 32, 11, 199, 28, 186, 162, 121),
    (127, 41, 75, 149, 34, 79, 153, 199, 104, 81, 104, 128, 196, 93, 154, 197, 64, 35, 27, 51, 78, 55, 196, 4, 31, 172, 73, 101, 57, 22, 119, 127, 5, 161, 72, 12, 9, 185, 102, 33),
    (128, 178, 114, 54, 197, 88, 131, 156, 155, 88, 178, 99, 41, 29, 184, 10, 74, 185, 78, 159, 66, 165, 18, 133, 172, 1, 166, 147, 58, 199, 163, 30, 13, 19, 90, 182, 40, 147, 44, 29),
    (129, 199, 110, 170, 93, 170, 104, 29, 122, 65, 109, 119, 6, 92, 64, 21, 143, 108, 63, 142, 51, 37, 1, 51, 109, 43, 180, 59, 11, 26, 126, 132, 175, 15, 142, 123, 147, 59, 82, 54),
    (130, 158, 56, 187, 91, 174, 71, 199, 91, 162, 135, 130, 95, 98, 29, 11, 76, 93, 101, 173, 138, 184, 171, 109, 9, 13, 37, 186, 53, 84, 151, 197, 191, 45, 43, 154, 173, 185, 31, 172),
    (131, 57, 148, 48, 170, 138, 158, 57, 176, 38, 58, 148, 48, 130, 78, 120, 27, 110, 99, 69, 166, 128, 133, 97, 53, 161, 174, 137, 159, 168, 71, 108, 40, 108, 26, 188, 58, 24, 122, 186),
    (132, 99, 173, 198, 179, 59, 13, 117, 184, 85, 151, 174, 105, 67, 115, 55, 47, 26, 125, 36, 90, 7, 63, 36, 144, 55, 184, 0, 46, 40, 32, 193, 27, 108, 43, 50, 112, 180, 96, 3),
    (133, 1, 101, 79, 32, 136, 136, 197, 95, 69, 163, 38, 72, 8, 66, 35, 10, 4, 178, 128, 33, 9, 81, 132, 190, 174, 199, 85, 9, 3, 66, 99, 38, 159, 44, 194, 64, 141, 33, 156),
    (134, 163, 187, 62, 171, 138, 56, 24, 194, 183, 96, 79, 129, 27, 85, 108, 59, 27, 78, 64, 113, 66, 162, 45, 102, 61, 110, 81, 120, 187, 78, 65, 123, 130, 78, 47, 99, 37, 147, 32),
    (135, 187, 147, 139, 14, 158, 56, 54, 56, 197, 150, 83, 70, 88, 190, 36, 103, 68, 182, 126, 26, 43, 81, 75, 143, 175, 6, 175, 11, 28, 198, 94, 29, 97, 138, 145, 78, 77, 48, 26),
    (136, 30, 21, 157, 20, 138, 136, 175, 148, 87, 65, 196, 110, 41, 24, 171, 38, 199, 180, 70, 51, 131, 92, 21, 68, 142, 38, 63, 13, 193, 41, 26, 195, 46, 28, 130, 101, 41, 121, 158),
    (137, 51, 13, 1, 52, 170, 161, 148, 181, 6, 170, 156, 159, 40, 45, 91, 11, 130, 11, 159, 33, 122, 119, 75, 1, 88, 61, 103, 136, 115, 195, 151, 91, 137, 130, 36, 79, 111, 39, 0),
    (138, 103, 142, 188, 97, 85, 159, 30, 76, 195, 19, 118, 127, 179, 59, 82, 158, 69, 178, 151, 148, 149, 102, 155, 124, 179, 197, 157, 45, 120, 103, 30, 101, 125, 66, 11, 60, 168, 65, 3),
    (139, 34, 120, 184, 5, 191, 104, 189, 124, 31, 84, 23, 3, 81, 5, 96, 17, 182, 47, 130, 18, 152, 11, 51, 100, 4, 2, 197, 86, 180, 172, 174, 130, 182, 41, 198, 151, 151, 124, 88),
    (140, 28, 126, 113, 30, 7, 174, 113, 74, 129, 163, 98, 187, 44, 98, 43, 15, 4, 49, 181, 59, 140, 46, 146, 193, 152, 34, 95, 12, 109, 97, 185, 42, 99, 29, 130, 104, 172, 168, 176),
    (141, 179, 137, 63, 194, 186, 183, 190, 89, 68, 67, 177, 173, 48, 65, 113, 22, 142, 116, 63, 54, 129, 85, 199, 44, 12, 107, 161, 42, 173, 120, 174, 97, 17, 38, 31, 141, 79, 133, 199),
    (142, 170, 122, 162, 58, 18, 4, 75, 21, 102, 125, 57, 169, 141, 66, 197, 85, 185, 100, 192, 40, 23, 77, 8, 174, 27, 79, 82, 118, 71, 64, 62, 120, 84, 185, 168, 152, 42, 5, 126),
    (143, 3, 167, 141, 99, 58, 133, 180, 133, 133, 12, 146, 2, 165, 164, 106, 1, 21, 18, 132, 112, 67, 145, 63, 188, 146, 165, 192, 168, 138, 128, 186, 128, 73, 145, 187, 157, 193, 153, 40),
    (144, 148, 167, 123, 44, 24, 188, 136, 90, 152, 192, 63, 157, 184, 139, 91, 38, 104, 66, 70, 12, 135, 15, 153, 136, 125, 77, 53, 69, 172, 184, 116, 115, 106, 162, 92, 139, 95, 66, 73),
    (145, 6, 132, 30, 29, 32, 36, 21, 55, 60, 7, 115, 74, 74, 85, 72, 57, 62, 138, 73, 48, 111, 34, 100, 6, 51, 134, 92, 44, 59, 1, 193, 123, 178, 14, 193, 35, 179, 108, 103),
    (146, 177, 21, 23, 124, 143, 151, 110, 107, 34, 113, 45, 138, 186, 115, 130, 18, 59, 121, 71, 127, 46, 156, 49, 101, 22, 4, 189, 150, 101, 6, 190, 103, 185, 38, 70, 68, 99, 188, 67),
    (147, 42, 145, 118, 119, 68, 33, 77, 10, 139, 184, 193, 102, 0, 165, 199, 169, 21, 168, 178, 59, 189, 179, 173, 183, 10, 148, 80, 163, 95, 182, 1, 0, 52, 101, 110, 149, 62, 26, 0),
    (148, 32, 38, 12, 142, 92, 172, 188, 7, 142, 179, 199, 13, 173, 55, 14, 149, 189, 196, 184, 57, 48, 194, 140, 6, 150, 53, 98, 61, 119, 39, 145, 196, 74, 136, 116, 46, 184, 50, 65),
    (149, 8, 144, 2, 192, 116, 188, 166, 176, 159, 25, 135, 164, 172, 64, 87, 0, 0, 114, 125, 25, 70, 36, 99, 198, 4, 144, 183, 117, 34, 64, 144, 186, 38, 141, 157, 100, 64, 138, 23),
    (150, 14, 46, 126, 58, 42, 19, 105, 17, 43, 50, 9, 36, 55, 13, 13, 189, 132, 17, 116, 41, 26, 80, 194, 1, 165, 187, 153, 122, 3, 95, 184, 104, 147, 185, 138, 115, 167, 77, 130),
    (151, 92, 178, 52, 75, 104, 35, 127, 128, 128, 74, 97, 36, 119, 195, 190, 28, 79, 101, 125, 27, 27, 17, 116, 138, 153, 0, 124, 8, 111, 38, 51, 149, 189, 113, 154, 184, 198, 74, 182),
    (152, 106, 67, 36, 81, 6, 172, 186, 46, 67, 184, 142, 145, 104, 175, 186, 26, 62, 25, 94, 118, 84, 172, 158, 186, 87, 15, 121, 128, 196, 5, 195, 165, 178, 88, 159, 145, 166, 40, 82),
    (153, 57, 17, 101, 146, 39, 53, 2, 5, 25, 174, 7, 71, 15, 57, 94, 193, 122, 112, 104, 29, 27, 55, 1, 118, 134, 67, 166, 154, 193, 131, 16, 110, 144, 80, 127, 180, 127, 147, 57),
    (154, 69, 150, 80, 31, 79, 172, 113, 148, 110, 191, 196, 2, 97, 46, 133, 31, 24, 82, 7, 29, 124, 136, 46, 97, 149, 134, 68, 34, 52, 168, 100, 160, 145, 64, 74, 29, 26, 16, 8),
    (155, 144, 178, 25, 194, 105, 165, 125, 53, 130, 193, 47, 10, 104, 185, 9, 112, 18, 198, 33, 74, 44, 188, 177, 46, 156, 94, 42, 148, 47, 180, 159, 57, 95, 180, 129, 167, 13, 50, 11),
    (156, 174, 185, 145, 174, 87, 113, 74, 71, 31, 83, 129, 100, 96, 89, 61, 97, 198, 163, 89, 160, 2, 54, 102, 37, 131, 71, 70, 77, 132, 162, 43, 82, 196, 122, 29, 142, 21, 83, 161),
    (157, 72, 46, 176, 28, 193, 175, 77, 29, 121, 74, 53, 55, 120, 68, 22, 20, 57, 120, 101, 52, 157, 129, 104, 40, 155, 12, 43, 71, 106, 165, 141, 134, 113, 64, 79, 165, 66, 165, 112),
    (158, 198, 35, 121, 194, 77, 88, 43, 177, 124, 161, 142, 58, 25, 123, 2, 84, 159, 136, 153, 10, 107, 79, 187, 130, 42, 10, 148, 121, 158, 11, 33, 139, 161, 39, 6, 39, 83, 30, 0),
    (159, 30, 148, 166, 121, 135, 152, 91, 130, 6, 101, 138, 182, 101, 145, 186, 9, 129, 197, 26, 199, 118, 5, 185, 32, 25, 61, 0, 110, 188, 165, 65, 120, 102, 28, 119, 92, 60, 15, 139),
    (160, 18, 137, 64, 50, 3, 90, 29, 104, 4, 196, 68, 133, 143, 92, 159, 145, 190, 181, 173, 100, 25, 106, 94, 123, 116, 42, 52, 152, 98, 172, 75, 129, 10, 41, 26, 152, 101, 127, 38),
    (161, 189, 135, 1, 23, 30, 65, 153, 159, 172, 116, 94, 61, 190, 117, 21, 139, 198, 193, 6, 126, 62, 97, 138, 189, 36, 83, 165, 94, 137, 199, 31, 8, 13, 128, 176, 134, 113, 113, 67),
    (162, 138, 104, 171, 66, 147, 65, 106, 38, 29, 94, 46, 150, 47, 146, 33, 149, 129, 3, 173, 160, 20, 102, 44, 186, 137, 183, 180, 149, 2, 45, 26, 80, 25, 11, 170, 1, 51, 39, 116),
    (163, 81, 3, 21, 88, 58, 160, 43, 100, 117, 152, 155, 133, 82, 54, 38, 5, 189, 62, 192, 182, 164, 97, 138, 6, 143, 60, 76, 131, 32, 133, 67, 118, 159, 138, 28, 103, 13, 39, 22),
    (164, 158, 1, 69, 159, 32, 123, 180, 2, 113, 39, 62, 36, 100, 4, 195, 78, 194, 130, 137, 35, 33, 71, 129, 39, 150, 62, 95, 171, 68, 146, 67, 21, 117, 21, 62, 120, 114, 26, 191),
    (165, 77, 136, 139, 177, 159, 76, 58, 41, 123, 10, 194, 157, 164, 65, 123, 54, 113, 96, 80, 93, 86, 13, 74, 30, 195, 107, 68, 175, 19, 119, 69, 44, 62, 36, 27, 139, 78, 154, 168),
    (166, 176, 173, 125, 103, 44, 108, 156, 100, 37, 158, 160, 106, 196, 115, 121, 65, 88, 111, 48, 43, 19, 110, 30, 162, 163, 154, 192, 98, 126, 194, 104, 157, 54, 153, 170, 103, 61, 126, 25),
    (167, 170, 141, 198, 4, 170, 195, 14, 122, 89, 15, 153, 82, 66, 42, 179, 167, 91, 25, 149, 102, 67, 100, 89, 181, 94, 3, 138, 154, 95, 52, 141, 57, 82, 26, 13, 167, 22, 181, 138),
    (168, 188, 199, 178, 162, 18, 79, 99, 18, 182, 1, 187, 105, 136, 197, 173, 149, 17, 169, 132, 102, 13, 176, 173, 136, 131, 7, 175, 55, 64, 111, 181, 128, 90, 174, 138, 10, 118, 140, 143),
    (169, 186, 185, 5, 124, 32, 114, 94, 15, 193, 129, 139, 152, 134, 88, 137, 79, 121, 30, 192, 81, 103, 104, 140, 104, 168, 71, 7, 92, 55, 131, 1, 7, 137, 191, 175, 129, 105, 143, 77),
    (170, 90, 134, 51, 195, 92, 34, 118, 56, 33, 102, 145, 125, 13, 16, 136, 189, 48, 77, 140, 106, 183, 58, 83, 182, 66, 36, 160, 110, 111, 12, 66, 167, 9, 38, 174, 4, 82, 65, 20),
    (171, 104, 71, 184, 77, 105, 44, 52, 80, 87, 5, 145, 137, 123, 3, 157, 184, 80, 7, 35, 63, 0, 88, 30, 54, 129, 123, 151, 79, 0, 94, 115, 102, 87, 199, 84, 109, 195, 47, 107),
    (172, 111, 173, 110, 7, 27, 120, 95, 9, 167, 182, 170, 183, 162, 121, 126, 152, 153, 151, 80, 111, 109, 126, 163, 119, 177, 180, 16, 155, 119, 96, 98, 113, 0, 162, 13, 129, 54, 194, 184),
    (173, 33, 64, 36, 93, 185, 40, 3, 194, 48, 152, 132, 172, 32, 4, 170, 84, 90, 93, 144, 14, 107, 135, 71, 87, 139, 29, 165, 75, 24, 193, 133, 191, 56, 68, 193, 116, 196, 50, 33),
    (174, 102, 182, 0, 176, 164, 133, 34, 122, 164, 7, 3, 185, 186, 98, 25, 68, 110, 117, 6, 90, 81, 13, 182, 99, 23, 18, 4, 192, 157, 127, 124, 60, 95, 11, 98, 90, 24, 115, 69),
    (175, 7, 110, 111, 21, 122, 67, 40, 74, 181, 26, 112, 170, 5, 37, 138, 29, 71, 164, 179, 172, 98, 83, 46, 142, 104, 64, 57, 143, 66, 169, 120, 140, 34, 80, 25, 116, 57, 168, 193),
    (176, 84, 77, 36, 66, 115, 23, 123, 52, 117, 76, 89, 33, 55, 116, 100, 159, 177, 101, 186, 162, 7, 75, 155, 126, 174, 160, 48, 199, 25, 106, 132, 95, 102, 146, 134, 140, 80, 93, 126),
    (177, 89, 150, 56, 157, 20, 50, 152, 146, 28, 52, 149, 54, 55, 82, 160, 46, 138, 145, 50, 99, 107, 30, 1, 148, 28, 150, 0, 4, 96, 66, 36, 48, 28, 14, 4, 48, 91, 190, 171),
    (178, 133, 135, 166, 63, 171, 171, 198, 135, 173, 151, 90, 190, 39, 6, 131, 143, 179, 89, 61, 174, 6, 53, 13, 21, 29, 89, 124, 179, 41, 33, 180, 50, 140, 0, 183, 15, 43, 163, 7),
    (179, 90, 184, 156, 56, 111, 107, 113, 193, 117, 199, 125, 83, 51, 193, 70, 129, 58, 133, 97, 143, 72, 148, 114, 66, 10, 122, 163, 170, 114, 10, 84, 45, 17, 23, 69, 32, 147, 31, 167),
    (180, 97, 31, 80, 33, 140, 118, 66, 172, 125, 111, 121, 165, 129, 6, 56, 63, 49, 152, 44, 70, 90, 4, 40, 94, 123, 152, 65, 94, 54, 165, 9, 158, 96, 113, 60, 41, 119, 6, 87),
    (181, 16, 188, 103, 144, 100, 140, 57, 180, 84, 140, 123, 3, 56, 4, 14, 95, 28, 147, 170, 79, 186, 70, 163, 5, 158, 164, 130, 172, 123, 64, 4, 120, 147, 194, 28, 39, 31, 6, 195),
    (182, 67, 69, 142, 126, 45, 13, 156, 47, 25, 142, 170, 138, 13, 42, 171, 63, 188, 18, 15, 172, 198, 43, 161, 56, 12, 6, 134, 173, 125, 35, 58, 165, 76, 1, 67, 126, 23, 56, 197),
    (183, 192, 8, 33, 78, 46, 128, 17, 114, 50, 148, 30, 97, 138, 109, 89, 4, 67, 90, 92, 56, 133, 53, 59, 8, 62, 114, 120, 24, 173, 198, 53, 127, 8, 23, 44, 119, 69, 62, 76),
    (184, 87, 173, 137, 4, 1, 175, 146, 144, 83, 13, 175, 108, 1, 84, 156, 23, 83, 124, 127, 111, 92, 167, 153, 151, 192, 105, 108, 27, 150, 47, 81, 79, 122, 191, 30, 150, 198, 87, 13),
    (185, 66, 125, 139, 125, 139, 149, 50, 51, 79, 148, 99, 62, 123, 147, 94, 25, 57, 108, 74, 128, 114, 56, 31, 133, 64, 70, 49, 92, 151, 130, 134, 24, 113, 22, 190, 57, 54, 46, 134),
    (186, 32, 179, 132, 117, 149, 172, 7, 129, 146, 46, 197, 67, 166, 170, 199, 26, 186, 13, 72, 59, 40, 39, 115, 164, 189, 39, 36, 117, 175, 59, 40, 118, 142, 100, 19, 40, 181, 166, 198),
    (187, 198, 10, 118, 17, 114, 13, 48, 2, 146, 96, 155, 89, 102, 63, 183, 51, 84, 49, 66, 27, 2, 70, 197, 57, 141, 124, 114, 90, 146, 63, 70, 157, 115, 52, 163, 61, 139, 0, 121),
    (188, 66, 89, 66, 117, 61, 88, 64, 49, 124, 131, 3, 53, 79, 197, 82, 182, 148, 66, 64, 67, 18, 16, 109, 83, 57, 125, 106, 3, 54, 170, 104, 37, 170, 184, 77, 61, 31, 7, 104),
    (189, 70, 104, 17, 111, 31, 159, 136, 119, 39, 162, 80, 8, 65, 144, 175, 122, 125, 115, 51, 167, 67, 64, 159, 178, 149, 112, 14, 183, 3, 198, 153, 113, 35, 171, 115, 35, 168, 18, 89),
    (190, 143, 194, 117, 156, 5, 90, 87, 186, 142, 46, 102, 145, 125, 124, 88, 134, 161, 140, 148, 35, 93, 67, 42, 102, 161, 72, 156, 157, 107, 127, 62, 100, 35, 114, 176, 142, 184, 111, 28),
    (191, 23, 15, 69, 167, 153, 160, 80, 125, 146, 148, 12, 123, 80, 178, 157, 118, 169, 9, 55, 197, 101, 53, 120, 35, 59, 176, 169, 32, 9, 118, 129, 90, 141, 10, 6, 89, 197, 152, 92),
    (192, 178, 1, 83, 144, 39, 122, 90, 180, 72, 85, 62, 175, 123, 157, 37, 5, 71, 144, 188, 102, 166, 67, 103, 48, 74, 51, 96, 37, 21, 94, 5, 79, 31, 85, 158, 125, 2, 8, 194),
    (193, 5, 71, 37, 75, 83, 194, 119, 2, 140, 150, 64, 29, 133, 50, 95, 132, 15, 44, 83, 162, 122, 194, 60, 187, 25, 100, 67, 121, 150, 161, 46, 19, 64, 119, 47, 55, 117, 38, 176),
    (194, 108, 128, 56, 118, 84, 186, 175, 87, 199, 198, 54, 56, 17, 147, 2, 68, 35, 37, 96, 110, 142, 133, 194, 97, 114, 32, 6, 133, 28, 123, 93, 153, 130, 113, 125, 186, 111, 46, 151),
    (195, 162, 60, 153, 159, 78, 95, 184, 21, 135, 77, 11, 175, 85, 95, 75, 152, 34, 114, 13, 48, 192, 66, 68, 192, 87, 14, 20, 95, 131, 89, 122, 141, 192, 123, 36, 15, 146, 17, 75),
    (196, 34, 66, 172, 2, 13, 36, 62, 53, 148, 39, 142, 121, 13, 56, 33, 196, 88, 189, 140, 2, 191, 30, 60, 148, 120, 33, 48, 93, 121, 135, 140, 172, 151, 160, 23, 76, 100, 63, 59),
    (197, 66, 145, 0, 47, 116, 182, 130, 31, 138, 18, 143, 36, 193, 142, 194, 25, 100, 183, 163, 106, 40, 165, 4, 126, 19, 124, 13, 20, 186, 86, 158, 172, 177, 21, 162, 100, 187, 102, 66),
    (198, 179, 61, 24, 155, 27, 139, 37, 121, 1, 39, 112, 164, 61, 117, 131, 148, 171, 117, 156, 84, 136, 183, 141, 47, 70, 129, 52, 87, 141, 27, 79, 166, 131, 50, 128, 21, 9, 84, 2),
    (199, 178, 13, 55, 78, 99, 15, 168, 77, 143, 196, 116, 189, 116, 133, 132, 95, 71, 115, 9, 188, 143, 64, 20, 93, 151, 191, 94, 15, 80, 190, 64, 192, 118, 86, 32, 143, 62, 91, 50);

INSERT INTO T19 (pk, t1, t2, t3, t4, t5, t6, t7, t8, t9, t10, t11, t12, t13, t14, t15, t16, t17, t18, t20, t21, t22, t23, t24, t25, t26, t27, t28, t29, t30, t31, t32, t33, t34, t35, t36, t37, t38, t39, t40)
VALUES
    (0, 84, 162, 130, 20, 172, 30, 166, 0, 53, 18, 44, 29, 129, 120, 66, 184, 149, 115, 187, 12, 163, 191, 110, 89, 148, 149, 199, 23, 198, 152, 66, 2, 14, 130, 44, 121, 154, 14, 191),
    (1, 45, 168, 104, 38, 171, 54, 76, 5, 160, 82, 180, 28, 51, 88, 189, 63, 141, 120, 86, 143, 170, 1, 45, 168, 31, 172, 53, 156, 108, 183, 107, 74, 112, 25, 191, 21, 131, 182, 194),
    (2, 20, 194, 109, 118, 54, 180, 96, 112, 64, 6, 136, 140, 183, 68, 177, 160, 1, 17, 35, 115, 108, 100, 16, 126, 50, 40, 182, 21, 123, 193, 49, 189, 21, 54, 90, 5, 58, 127, 18),
    (3, 47, 70, 166, 111, 122, 39, 118, 136, 14, 55, 55, 127, 148, 2, 150, 190, 22, 29, 19, 91, 102, 130, 80, 49, 167, 100, 17, 32, 84, 116, 166, 156, 90, 122, 154, 178, 125, 76, 41),
    (4, 124, 79, 175, 127, 112, 192, 57, 160, 151, 169, 166, 25, 148, 80, 114, 71, 190, 4, 97, 101, 140, 138, 191, 184, 143, 97, 69, 150, 27, 173, 177, 1, 72, 84, 108, 109, 120, 50, 43),
    (5, 82, 95, 175, 155, 87, 124, 164, 66, 101, 63, 62, 133, 65, 188, 100, 178, 136, 74, 5, 60, 96, 110, 86, 193, 11, 144, 179, 153, 111, 134, 47, 16, 85, 85, 173, 118, 70, 93, 89),
    (6, 28, 127, 68, 118, 70, 68, 52, 158, 195, 176, 100, 177, 53, 111, 7, 21, 154, 24, 181, 12, 15, 5, 108, 191, 122, 50, 152, 195, 81, 80, 157, 135, 76, 127, 53, 119, 8, 120, 156),
    (7, 31, 77, 11, 192, 169, 104, 8, 144, 63, 11, 158, 65, 170, 29, 157, 85, 96, 53, 9, 74, 7, 38, 170, 64, 86, 98, 58, 151, 138, 143, 66, 1, 191, 63, 52, 67, 98, 150, 105),
    (8, 44, 189, 192, 172, 85, 173, 154, 17, 178, 45, 60, 193, 46, 157, 66, 77, 92, 103, 142, 155, 49, 125, 61, 49, 90, 181, 21, 92, 70, 50, 169, 117, 124, 70, 35, 124, 56, 82, 88),
    (9, 73, 40, 124, 98, 189, 131, 58, 147, 169, 193, 46, 123, 160, 196, 166, 163, 190, 189, 194, 33, 164, 130, 188, 134, 171, 174, 168, 25, 24, 41, 133, 57, 186, 64, 93, 7, 146, 54, 62),
    (10, 100, 24, 147, 153, 15, 29, 99, 87, 135, 6, 163, 144, 145, 48, 189, 90, 114, 51, 134, 140, 16, 10, 4, 30, 176, 87, 49, 139, 177, 187, 148, 174, 85, 0, 41, 11, 160, 166, 46),
    (11, 34, 97, 42, 52, 108, 50, 27, 26, 51, 142, 31, 51, 105, 101, 112, 59, 176, 191, 193, 13, 118, 197, 189, 189, 28, 44, 127, 13, 190, 164, 21, 30, 120, 88, 0, 101, 118, 108, 26),
    (12, 177, 175, 196, 103, 20, 52, 9, 38, 72, 159, 184, 182, 112, 199, 168, 64, 125, 17, 150, 183, 103, 143, 193, 152, 61, 0, 182, 45, 131, 120, 197, 65, 73, 128, 4, 52, 6, 159, 181),
    (13, 177, 168, 95, 81, 178, 93, 100, 82, 132, 33, 172, 37, 16, 6, 38, 69, 116, 164, 163, 52, 10, 91, 137, 9, 1, 117, 126, 122, 144, 34, 192, 46, 85, 24, 9, 47, 50, 172, 21),
    (14, 26, 173, 141, 10, 108, 52, 120, 155, 143, 119, 54, 196, 180, 116, 56, 168, 100, 138, 160, 160, 38, 92, 49, 113, 23, 18, 167, 180, 106, 183, 146, 186, 127, 64, 135, 0, 177, 27, 119),
    (15, 21, 30, 155, 0, 117, 98, 15, 37, 81, 172, 103, 151, 60, 15, 19, 139, 57, 140, 41, 120, 1, 38, 2, 41, 130, 183, 177, 68, 71, 161, 68, 110, 90, 10, 80, 194, 31, 198, 190),
    (16, 12, 123, 15, 122, 14, 149, 165, 117, 174, 57, 65, 72, 162, 42, 4, 58, 14, 104, 25, 162, 121, 79, 177, 36, 155, 18, 72, 146, 93, 113, 36, 76, 195, 111, 12, 116, 11, 77, 43),
    (17, 124, 119, 17, 140, 133, 143, 79, 159, 88, 113, 197, 88, 62, 151, 150, 152, 101, 93, 28, 193, 83, 188, 141, 153, 154, 158, 160, 96, 173, 81, 150, 68, 43, 128, 92, 18, 5, 70, 8),
    (18, 35, 18, 33, 18, 136, 171, 16, 85, 118, 100, 188, 7, 64, 190, 93, 11, 42, 192, 21, 196, 2, 40, 112, 150, 33, 78, 87, 147, 74, 153, 17, 171, 199, 114, 126, 176, 67, 121, 58),
    (19, 78, 33, 113, 106, 42, 75, 106, 73, 111, 155, 141, 1, 163, 150, 182, 157, 74, 167, 26, 150, 114, 107, 164, 100, 136, 150, 147, 156, 50, 87, 44, 69, 156, 188, 172, 79, 1, 70, 92),
    (20, 60, 21, 185, 126, 20, 122, 25, 33, 24, 75, 118, 132, 31, 39, 125, 82, 164, 147, 50, 156, 58, 97, 101, 191, 63, 190, 182, 16, 174, 59, 40, 51, 98, 37, 20, 19, 116, 49, 147),
    (21, 30, 137, 9, 19, 55, 134, 186, 145, 132, 19, 95, 11, 49, 174, 46, 36, 38, 151, 24, 16, 89, 129, 65, 179, 161, 118, 157, 90, 18, 175, 90, 110, 142, 115, 109, 193, 43, 36, 67),
    (22, 69, 31, 121, 192, 110, 89, 57, 128, 50, 94, 113, 10, 155, 86, 5, 165, 145, 39, 165, 111, 162, 127, 141, 109, 3, 0, 194, 37, 168, 147, 55, 196, 83, 43, 170, 53, 8, 175, 10),
    (23, 185, 140, 49, 59, 50, 32, 25, 45, 175, 82, 64, 115, 35, 69, 49, 38, 57, 114, 91, 188, 155, 72, 131, 136, 52, 72, 128, 98, 57, 41, 114, 75, 85, 162, 177, 117, 102, 94, 35),
    (24, 183, 17, 79, 94, 153, 195, 40, 83, 73, 142, 73, 153, 106, 135, 148, 84, 29, 68, 166, 56, 6, 186, 189, 172, 178, 127, 11, 63, 64, 18, 9, 161, 102, 172, 182, 196, 149, 24, 53),
    (25, 129, 63, 108, 16, 18, 59, 161, 58, 167, 85, 12, 175, 44, 187, 161, 128, 116, 110, 64, 31, 91, 36, 140, 81, 161, 25, 43, 130, 34, 0, 60, 41, 155, 77, 174, 103, 124, 97, 21),
    (26, 196, 18, 157, 44, 2, 155, 64, 97, 68, 50, 131, 157, 26, 194, 59, 198, 56, 110, 40, 79, 23, 58, 48, 143, 28, 176, 65, 179, 66, 67, 30, 57, 5, 151, 39, 135, 101, 69, 188),
    (27, 143, 152, 139, 151, 114, 148, 153, 138, 186, 45, 9, 102, 17, 27, 47, 42, 65, 123, 115, 125, 27, 143, 174, 193, 4, 2, 71, 186, 78, 15, 147, 79, 1, 194, 145, 12, 7, 198, 162),
    (28, 160, 14, 173, 69, 78, 17, 192, 184, 19, 22, 80, 98, 113, 27, 128, 83, 12, 123, 117, 7, 79, 50, 185, 4, 86, 13, 92, 191, 123, 111, 37, 64, 75, 174, 120, 6, 53, 91, 7),
    (29, 76, 12, 0, 51, 30, 70, 37, 10, 5, 92, 152, 193, 8, 165, 35, 142, 61, 32, 3, 152, 196, 129, 31, 154, 192, 169, 166, 5, 54, 76, 165, 14, 185, 175, 4, 14, 183, 25, 177),
    (30, 134, 44, 172, 105, 184, 86, 122, 18, 31, 64, 70, 23, 118, 76, 22, 195, 51, 62, 113, 54, 181, 162, 100, 149, 153, 129, 102, 86, 68, 33, 92, 65, 155, 115, 159, 67, 73, 113, 184),
    (31, 132, 72, 128, 86, 129, 27, 96, 74, 126, 171, 119, 147, 17, 43, 121, 172, 77, 5, 104, 77, 185, 180, 4, 22, 179, 187, 119, 155, 79, 67, 177, 31, 87, 9, 182, 177, 37, 137, 175),
    (32, 112, 47, 196, 65, 18, 61, 51, 195, 5, 119, 195, 141, 3, 154, 186, 182, 139, 57, 115, 187, 97, 153, 130, 101, 0, 115, 108, 94, 172, 85, 91, 20, 188, 18, 7, 87, 157, 128, 86),
    (33, 105, 85, 36, 69, 196, 186, 39, 156, 32, 118, 100, 197, 13, 11, 153, 94, 78, 95, 37, 73, 193, 79, 22, 124, 41, 132, 139, 109, 65, 145, 107, 174, 163, 138, 194, 49, 185, 101, 19),
    (34, 110, 120, 191, 183, 187, 106, 160, 110, 144, 86, 59, 141, 78, 78, 151, 79, 173, 18, 192, 184, 2, 49, 3, 35, 136, 28, 194, 138, 55, 168, 129, 114, 117, 73, 148, 97, 5, 6, 142),
    (35, 59, 75, 127, 189, 178, 29, 15, 47, 196, 120, 71, 76, 185, 178, 131, 104, 39, 50, 183, 37, 78, 120, 81, 199, 17, 76, 5, 1, 125, 189, 109, 151, 57, 65, 121, 154, 161, 37, 95),
    (36, 24, 112, 158, 167, 39, 135, 144, 10, 78, 155, 156, 183, 179, 13, 98, 48, 74, 183, 62, 16, 39, 127, 60, 138, 76, 123, 0, 198, 17, 157, 151, 12, 113, 91, 154, 182, 177, 2, 120),
    (37, 105, 25, 157, 197, 79, 28, 65, 68, 133, 157, 183, 174, 55, 8, 169, 33, 112, 117, 181, 198, 115, 79, 157, 77, 23, 183, 162, 147, 117, 86, 67, 42, 102, 185, 198, 178, 93, 22, 151),
    (38, 4, 139, 27, 57, 48, 53, 128, 127, 43, 76, 157, 100, 164, 90, 80, 28, 84, 25, 70, 6, 192, 77, 83, 21, 3, 149, 30, 4, 187, 29, 68, 176, 122, 58, 198, 166, 135, 31, 120),
    (39, 140, 161, 84, 48, 51, 36, 118, 84, 40, 59, 18, 119, 142, 48, 10, 189, 124, 146, 50, 147, 164, 16, 34, 145, 156, 156, 180, 62, 138, 104, 118, 119, 183, 122, 53, 166, 175, 11, 94),
    (40, 176, 155, 73, 17, 57, 74, 82, 75, 61, 102, 139, 161, 44, 155, 94, 4, 150, 84, 181, 136, 52, 188, 4, 58, 136, 0, 114, 109, 112, 185, 121, 14, 49, 128, 159, 115, 189, 145, 176),
    (41, 1, 142, 63, 123, 187, 115, 131, 51, 142, 106, 104, 125, 199, 37, 194, 153, 188, 130, 43, 175, 167, 118, 136, 63, 122, 170, 27, 78, 82, 170, 149, 7, 50, 1, 43, 8, 38, 19, 199),
    (42, 135, 152, 133, 156, 184, 10, 81, 131, 171, 27, 98, 156, 35, 38, 26, 63, 172, 189, 30, 62, 59, 142, 103, 63, 73, 102, 160, 132, 182, 137, 175, 164, 104, 36, 102, 18, 140, 121, 192),
    (43, 35, 174, 62, 45, 22, 70, 125, 64, 125, 39, 37, 128, 16, 92, 12, 87, 52, 155, 173, 141, 57, 119, 1, 87, 34, 82, 56, 9, 119, 128, 173, 48, 28, 101, 22, 7, 38, 181, 96),
    (44, 132, 79, 173, 3, 62, 150, 48, 13, 168, 115, 178, 179, 148, 154, 119, 155, 152, 13, 94, 25, 191, 84, 28, 17, 38, 188, 101, 154, 174, 141, 199, 104, 116, 37, 93, 124, 66, 9, 59),
    (45, 32, 45, 34, 152, 168, 131, 15, 55, 128, 141, 21, 163, 121, 39, 54, 159, 162, 14, 68, 142, 91, 99, 27, 55, 109, 161, 143, 70, 14, 17, 156, 29, 81, 81, 180, 6, 135, 134, 22),
    (46, 197, 131, 156, 172, 28, 18, 113, 145, 49, 83, 106, 6, 35, 75, 87, 146, 151, 74, 99, 69, 30, 191, 110, 25, 143, 24, 141, 44, 51, 16, 41, 95, 132, 104, 171, 65, 131, 150, 191),
    (47, 55, 142, 181, 51, 6, 112, 196, 76, 187, 165, 29, 192, 157, 35, 149, 196, 6, 78, 54, 27, 144, 2, 119, 132, 153, 91, 158, 96, 116, 74, 51, 45, 123, 128, 139, 169, 131, 161, 3),
    (48, 117, 30, 57, 126, 96, 7, 167, 18, 63, 60, 12, 90, 91, 167, 139, 155, 165, 187, 112, 166, 42, 181, 117, 141, 183, 49, 93, 155, 54, 119, 119, 84, 110, 49, 182, 169, 51, 60, 88),
    (49, 165, 155, 44, 32, 77, 150, 196, 124, 56, 162, 144, 130, 177, 129, 29, 67, 60, 90, 174, 66, 36, 37, 96, 163, 23, 77, 97, 10, 49, 35, 58, 135, 129, 178, 179, 73, 151, 87, 33),
    (50, 65, 146, 99, 193, 46, 9, 6, 133, 23, 57, 96, 93, 162, 118, 18, 109, 161, 65, 152, 32, 174, 50, 177, 144, 47, 71, 57, 141, 184, 183, 186, 190, 198, 88, 127, 141, 83, 152, 34),
    (51, 55, 121, 100, 131, 86, 128, 186, 90, 93, 110, 96, 87, 113, 18, 93, 63, 161, 67, 61, 128, 171, 178, 22, 66, 28, 196, 190, 117, 181, 17, 54, 118, 113, 166, 136, 117, 49, 27, 196),
    (52, 134, 183, 146, 168, 130, 190, 88, 6, 9, 56, 26, 15, 152, 151, 106, 192, 143, 22, 5, 106, 27, 131, 55, 81, 2, 1, 116, 46, 120, 182, 181, 26, 141, 126, 183, 105, 54, 133, 88),
    (53, 183, 36, 95, 34, 189, 1, 178, 149, 157, 126, 82, 121, 31, 127, 84, 20, 107, 182, 194, 83, 117, 25, 137, 116, 2, 74, 52, 2, 116, 13, 171, 188, 102, 42, 110, 169, 88, 122, 138),
    (54, 60, 33, 95, 145, 17, 61, 125, 188, 91, 190, 183, 87, 88, 190, 158, 192, 138, 80, 196, 144, 110, 120, 125, 164, 35, 37, 113, 100, 173, 177, 12, 19, 198, 156, 98, 180, 103, 152, 36),
    (55, 41, 25, 142, 166, 25, 36, 184, 131, 199, 131, 26, 13, 40, 24, 31, 26, 2, 19, 92, 148, 130, 74, 38, 177, 24, 77, 129, 173, 124, 2, 107, 9, 22, 45, 161, 151, 89, 97, 141),
    (56, 0, 189, 192, 147, 165, 29, 8, 69, 36, 79, 165, 51, 147, 62, 127, 91, 139, 44, 14, 27, 141, 175, 196, 69, 168, 101, 177, 154, 107, 153, 13, 147, 116, 182, 67, 143, 69, 46, 136),
    (57, 40, 152, 126, 61, 37, 140, 47, 197, 190, 64, 187, 90, 130, 98, 134, 199, 168, 153, 98, 104, 120, 164, 24, 46, 113, 14, 83, 37, 76, 194, 9, 170, 156, 86, 59, 17, 145, 45, 102),
    (58, 22, 43, 136, 74, 27, 137, 163, 142, 169, 115, 14, 79, 73, 127, 120, 121, 26, 99, 102, 121, 48, 160, 20, 90, 125, 112, 164, 168, 131, 67, 75, 123, 9, 120, 149, 163, 66, 131, 187),
    (59, 40, 5, 11, 68, 39, 13, 25, 96, 143, 194, 192, 126, 120, 161, 63, 124, 19, 9, 107, 7, 167, 12, 26, 35, 23, 164, 181, 25, 173, 155, 85, 118, 170, 148, 97, 113, 102, 153, 10),
    (60, 72, 187, 145, 4, 13, 20, 166, 49, 176, 130, 87, 12, 169, 62, 198, 152, 28, 54, 117, 179, 129, 161, 133, 168, 180, 188, 111, 4, 28, 191, 94, 144, 160, 24, 92, 83, 111, 16, 82),
    (61, 38, 139, 52, 146, 115, 52, 188, 144, 88, 162, 13, 81, 62, 161, 13, 176, 26, 149, 16, 35, 12, 11, 104, 98, 58, 153, 92, 154, 57, 142, 187, 59, 30, 186, 13, 191, 185, 4, 185),
    (62, 80, 47, 21, 17, 61, 57, 141, 149, 64, 71, 197, 176, 107, 94, 148, 12, 125, 163, 185, 65, 93, 126, 116, 147, 108, 116, 35, 129, 157, 34, 121, 138, 138, 58, 4, 112, 87, 166, 128),
    (63, 104, 35, 169, 1, 66, 80, 23, 69, 33, 84, 120, 175, 114, 146, 149, 24, 92, 109, 84, 173, 166, 92, 198, 122, 198, 87, 189, 66, 176, 71, 9, 3, 101, 90, 52, 93, 184, 198, 173),
    (64, 174, 104, 171, 189, 135, 175, 2, 106, 34, 111, 5, 103, 171, 49, 165, 144, 188, 97, 11, 90, 176, 142, 48, 18, 143, 67, 7, 113, 68, 129, 108, 168, 95, 52, 163, 145, 158, 24, 191),
    (65, 5, 41, 7, 87, 5, 47, 117, 19, 66, 191, 90, 137, 11, 39, 62, 35, 121, 103, 42, 90, 91, 186, 76, 46, 116, 132, 23, 83, 1, 115, 198, 147, 59, 3, 99, 174, 49, 176, 126),
    (66, 65, 38, 139, 13, 152, 67, 8, 40, 47, 188, 187, 199, 13, 106, 29, 146, 140, 174, 124, 131, 12, 146, 25, 2, 2, 129, 195, 19, 40, 60, 71, 7, 177, 85, 170, 18, 11, 137, 64),
    (67, 54, 124, 166, 164, 15, 40, 7, 13, 60, 30, 146, 94, 104, 191, 104, 99, 183, 123, 10, 34, 80, 74, 58, 28, 134, 73, 3, 37, 144, 145, 131, 51, 162, 178, 148, 7, 136, 127, 172),
    (68, 13, 17, 133, 105, 109, 196, 161, 194, 140, 59, 116, 180, 148, 147, 150, 66, 111, 170, 35, 78, 91, 117, 96, 163, 83, 176, 110, 62, 57, 142, 76, 51, 18, 94, 65, 21, 25, 128, 16),
    (69, 155, 97, 29, 171, 130, 117, 143, 69, 74, 79, 100, 32, 188, 157, 49, 153, 10, 129, 57, 146, 18, 55, 47, 10, 102, 38, 109, 35, 137, 183, 35, 189, 97, 103, 77, 15, 69, 130, 17),
    (70, 22, 153, 178, 38, 109, 17, 96, 55, 3, 5, 162, 16, 76, 178, 131, 89, 68, 140, 84, 21, 105, 106, 190, 126, 18, 184, 140, 44, 96, 14, 93, 166, 6, 9, 144, 24, 106, 50, 21),
    (71, 31, 64, 48, 148, 98, 32, 80, 100, 3, 44, 113, 83, 181, 92, 43, 159, 112, 19, 80, 95, 169, 171, 149, 11, 74, 20, 87, 72, 180, 21, 62, 115, 112, 146, 38, 68, 81, 46, 18),
    (72, 168, 12, 167, 174, 125, 82, 55, 86, 14, 10, 104, 175, 174, 55, 19, 80, 130, 131, 193, 39, 82, 58, 135, 37, 170, 6, 162, 183, 100, 141, 49, 61, 184, 75, 110, 47, 13, 86, 12),
    (73, 134, 137, 154, 64, 173, 185, 139, 101, 3, 150, 44, 24, 3, 38, 103, 134, 183, 43, 104, 23, 177, 185, 62, 2, 140, 80, 112, 163, 15, 166, 30, 61, 49, 179, 117, 12, 10, 50, 130),
    (74, 136, 55, 131, 181, 193, 86, 120, 103, 36, 35, 47, 174, 19, 112, 138, 56, 105, 150, 134, 50, 76, 34, 111, 1, 26, 81, 55, 81, 194, 106, 22, 22, 91, 176, 23, 199, 157, 10, 99),
    (75, 76, 108, 17, 108, 16, 34, 75, 99, 198, 100, 44, 50, 144, 26, 115, 46, 156, 109, 197, 119, 101, 2, 148, 51, 149, 48, 78, 137, 38, 88, 107, 106, 195, 132, 40, 40, 37, 154, 184),
    (76, 38, 75, 109, 67, 50, 11, 168, 88, 118, 177, 1, 102, 155, 17, 97, 13, 191, 191, 182, 141, 177, 137, 178, 35, 41, 197, 5, 68, 18, 9, 58, 70, 198, 20, 87, 14, 69, 45, 74),
    (77, 33, 176, 154, 187, 186, 10, 119, 8, 99, 146, 134, 160, 152, 93, 42, 0, 179, 70, 108, 54, 179, 41, 94, 147, 102, 76, 95, 11, 57, 91, 40, 88, 44, 93, 140, 33, 110, 72, 46),
    (78, 117, 84, 85, 5, 124, 38, 4, 33, 39, 157, 81, 187, 119, 18, 57, 9, 150, 7, 124, 116, 78, 17, 51, 15, 115, 116, 93, 172, 192, 83, 132, 166, 181, 52, 179, 19, 114, 80, 171),
    (79, 159, 129, 192, 102, 47, 52, 176, 189, 55, 162, 114, 171, 192, 130, 35, 69, 166, 86, 82, 55, 160, 43, 5, 19, 124, 183, 196, 177, 58, 126, 91, 98, 122, 129, 87, 13, 70, 170, 128),
    (80, 114, 181, 102, 46, 121, 91, 105, 166, 45, 21, 143, 93, 43, 68, 12, 19, 125, 16, 11, 105, 178, 36, 134, 174, 174, 153, 180, 135, 126, 82, 5, 12, 36, 126, 3, 126, 100, 97, 17),
    (81, 121, 40, 24, 198, 49, 178, 10, 98, 145, 133, 84, 70, 166, 131, 34, 57, 127, 139, 158, 163, 94, 139, 42, 98, 176, 4, 73, 111, 14, 83, 19, 100, 80, 92, 102, 29, 14, 30, 124),
    (82, 179, 116, 74, 35, 43, 117, 8, 197, 138, 5, 199, 141, 129, 15, 59, 117, 86, 70, 70, 141, 167, 186, 126, 64, 64, 67, 149, 37, 145, 120, 95, 4, 172, 83, 132, 153, 46, 36, 17),
    (83, 193, 144, 184, 163, 137, 176, 116, 16, 199, 153, 94, 8, 68, 51, 111, 3, 78, 160, 131, 0, 116, 184, 46, 43, 65, 84, 138, 86, 3, 140, 47, 82, 96, 23, 157, 166, 79, 45, 164),
    (84, 35, 1, 66, 152, 35, 174, 70, 168, 44, 177, 58, 59, 52, 17, 10, 121, 48, 193, 153, 134, 156, 24, 133, 123, 43, 117, 189, 150, 73, 73, 14, 115, 22, 81, 48, 176, 50, 60, 45),
    (85, 33, 60, 24, 78, 150, 187, 44, 0, 80, 50, 144, 147, 47, 101, 95, 82, 83, 52, 1, 79, 92, 33, 85, 32, 30, 174, 91, 75, 120, 54, 126, 9, 79, 178, 54, 32, 52, 148, 72),
    (86, 56, 25, 25, 41, 47, 134, 197, 163, 56, 81, 127, 4, 186, 32, 0, 72, 165, 161, 102, 3, 33, 195, 189, 170, 63, 104, 85, 118, 113, 179, 54, 107, 87, 50, 19, 30, 187, 87, 118),
    (87, 174, 123, 168, 19, 130, 46, 72, 34, 27, 18, 80, 178, 68, 105, 53, 50, 187, 39, 78, 9, 39, 85, 71, 164, 145, 124, 183, 132, 171, 35, 169, 65, 44, 164, 109, 82, 124, 141, 56),
    (88, 28, 155, 131, 129, 15, 129, 3, 81, 179, 30, 31, 190, 170, 152, 149, 182, 147, 32, 147, 86, 166, 0, 68, 86, 124, 137, 190, 155, 46, 57, 96, 192, 113, 76, 61, 26, 58, 171, 193),
    (89, 91, 86, 45, 184, 39, 76, 117, 101, 148, 101, 40, 17, 56, 30, 137, 54, 18, 26, 7, 26, 140, 109, 109, 185, 26, 23, 90, 111, 194, 107, 109, 167, 16, 53, 16, 122, 41, 45, 157),
    (90, 68, 53, 128, 167, 45, 40, 141, 185, 174, 93, 161, 93, 114, 124, 23, 162, 15, 199, 117, 24, 150, 79, 62, 92, 121, 179, 185, 187, 49, 130, 77, 186, 138, 41, 124, 10, 108, 180, 129),
    (91, 66, 48, 24, 137, 57, 60, 88, 83, 72, 118, 94, 110, 4, 142, 135, 164, 196, 15, 126, 15, 74, 52, 34, 44, 179, 144, 173, 112, 141, 98, 64, 55, 8, 129, 25, 134, 61, 41, 32),
    (92, 193, 166, 51, 62, 37, 54, 32, 71, 23, 15, 84, 81, 70, 186, 80, 24, 167, 102, 43, 191, 7, 24, 156, 197, 79, 2, 55, 30, 119, 185, 199, 106, 82, 74, 36, 74, 70, 24, 64),
    (93, 117, 40, 115, 19, 141, 24, 189, 159, 54, 195, 32, 10, 46, 193, 102, 41, 135, 170, 69, 41, 199, 58, 126, 13, 141, 101, 40, 139, 51, 116, 155, 151, 54, 154, 163, 46, 9, 76, 193),
    (94, 99, 155, 40, 130, 105, 26, 86, 124, 49, 9, 38, 77, 155, 93, 41, 70, 114, 118, 43, 31, 77, 154, 90, 95, 177, 2, 50, 46, 151, 175, 93, 159, 155, 24, 139, 56, 179, 143, 171),
    (95, 165, 125, 197, 30, 59, 46, 15, 71, 161, 53, 136, 44, 67, 169, 124, 158, 127, 95, 143, 75, 196, 129, 101, 83, 109, 53, 0, 130, 46, 107, 139, 191, 170, 118, 36, 136, 87, 32, 120),
    (96, 18, 197, 164, 195, 44, 141, 182, 96, 79, 66, 102, 61, 119, 145, 93, 93, 144, 172, 94, 25, 19, 104, 161, 136, 93, 184, 186, 47, 5, 49, 110, 14, 121, 47, 148, 0, 97, 150, 159),
    (97, 85, 192, 172, 56, 68, 17, 9, 167, 157, 49, 11, 132, 149, 115, 173, 117, 66, 82, 31, 199, 113, 132, 57, 30, 6, 37, 178, 120, 163, 195, 69, 96, 97, 35, 6, 189, 36, 39, 164),
    (98, 174, 146, 24, 46, 103, 128, 159, 117, 81, 94, 41, 43, 77, 151, 80, 40, 198, 191, 100, 78, 95, 128, 103, 98, 79, 140, 124, 56, 172, 103, 184, 133, 68, 80, 13, 67, 195, 45, 164),
    (99, 150, 47, 192, 133, 113, 141, 199, 108, 189, 56, 85, 180, 177, 110, 98, 139, 3, 149, 7, 83, 42, 31, 116, 132, 122, 134, 147, 152, 118, 138, 124, 111, 146, 94, 107, 191, 121, 146, 88),
    (100, 188, 78, 140, 41, 159, 28, 76, 195, 3, 122, 159, 96, 163, 62, 22, 118, 38, 75, 172, 110, 85, 83, 59, 136, 70, 105, 64, 108, 156, 129, 86, 154, 129, 90, 116, 180, 2, 27, 172),
    (101, 137, 73, 113, 137, 117, 82, 183, 17, 72, 137, 138, 128, 103, 95, 145, 54, 5, 15, 90, 147, 68, 133, 11, 169, 190, 120, 183, 64, 81, 193, 180, 74, 10, 75, 96, 167, 195, 79, 130),
    (102, 22, 124, 9, 61, 33, 53, 199, 42, 63, 110, 121, 38, 58, 125, 174, 153, 166, 122, 61, 45, 91, 42, 5, 134, 50, 89, 132, 17, 79, 107, 89, 148, 124, 57, 80, 182, 189, 168, 91),
    (103, 100, 131, 1, 184, 192, 27, 17, 140, 10, 187, 28, 3, 123, 160, 17, 31, 53, 141, 116, 176, 39, 48, 0, 16, 33, 15, 123, 143, 160, 146, 158, 50, 96, 140, 75, 7, 157, 120, 136),
    (104, 114, 6, 27, 155, 196, 114, 47, 14, 44, 144, 127, 111, 3, 40, 156, 104, 32, 31, 22, 161, 8, 58, 85, 123, 103, 155, 94, 99, 49, 102, 105, 45, 103, 63, 186, 98, 135, 124, 158),
    (105, 109, 6, 40, 170, 96, 8, 196, 22, 28, 95, 138, 68, 56, 133, 190, 194, 120, 156, 109, 190, 29, 94, 1, 175, 44, 85, 99, 40, 172, 0, 194, 173, 30, 87, 13, 197, 188, 92, 37),
    (106, 161, 117, 136, 52, 74, 65, 99, 75, 28, 9, 31, 14, 38, 61, 103, 136, 78, 13, 79, 54, 107, 26, 127, 70, 34, 135, 8, 4, 12, 147, 118, 129, 190, 118, 38, 151, 131, 104, 84),
    (107, 8, 95, 33, 63, 89, 160, 164, 120, 35, 102, 36, 163, 28, 79, 126, 98, 35, 47, 50, 112, 34, 11, 159, 48, 100, 91, 176, 112, 30, 72, 93, 195, 173, 108, 50, 100, 154, 31, 71),
    (108, 112, 35, 190, 148, 164, 98, 146, 23, 178, 93, 74, 114, 157, 142, 173, 175, 44, 134, 28, 161, 15, 160, 67, 195, 44, 38, 70, 18, 60, 100, 35, 113, 128, 74, 47, 50, 31, 137, 103),
    (109, 42, 194, 104, 143, 101, 15, 103, 1, 27, 15, 151, 199, 52, 73, 10, 105, 67, 45, 143, 99, 181, 120, 75, 82, 52, 162, 124, 163, 136, 28, 20, 92, 136, 106, 12, 0, 171, 181, 10),
    (110, 194, 87, 82, 196, 57, 21, 102, 108, 110, 37, 77, 160, 43, 168, 152, 25, 48, 54, 147, 55, 115, 87, 130, 37, 108, 149, 122, 173, 56, 93, 20, 155, 6, 174, 66, 169, 2, 16, 69),
    (111, 170, 37, 161, 41, 162, 58, 169, 12, 42, 89, 119, 106, 80, 57, 6, 146, 114, 36, 183, 123, 122, 130, 29, 20, 75, 64, 158, 27, 189, 47, 141, 187, 157, 143, 68, 192, 170, 142, 71),
    (112, 160, 133, 128, 63, 53, 115, 199, 184, 25, 5, 118, 75, 152, 87, 162, 143, 41, 173, 197, 9, 76, 18, 43, 115, 6, 45, 166, 105, 158, 133, 3, 143, 7, 125, 82, 119, 65, 143, 12),
    (113, 97, 29, 1, 159, 124, 175, 150, 151, 42, 171, 62, 70, 165, 22, 20, 81, 8, 8, 69, 176, 76, 120, 82, 47, 17, 17, 34, 116, 136, 149, 166, 94, 98, 84, 15, 109, 175, 27, 119),
    (114, 153, 190, 40, 190, 163, 183, 23, 48, 35, 186, 136, 136, 78, 124, 74, 94, 197, 13, 88, 134, 58, 58, 187, 180, 129, 67, 167, 44, 101, 83, 3, 69, 57, 73, 110, 112, 133, 95, 185),
    (115, 89, 31, 183, 193, 104, 160, 52, 144, 187, 5, 91, 98, 170, 54, 191, 88, 197, 133, 40, 64, 182, 6, 188, 189, 99, 73, 4, 126, 197, 61, 84, 73, 172, 33, 166, 30, 83, 105, 51),
    (116, 199, 109, 84, 4, 37, 27, 74, 124, 133, 2, 136, 29, 28, 101, 143, 99, 117, 172, 157, 12, 74, 92, 2, 69, 107, 108, 10, 158, 92, 159, 27, 104, 160, 89, 159, 80, 8, 137, 181),
    (117, 191, 22, 144, 48, 127, 167, 179, 39, 28, 3, 107, 94, 20, 27, 186, 22, 171, 28, 64, 7, 43, 133, 52, 53, 1, 190, 57, 160, 173, 144, 81, 171, 79, 197, 105, 97, 104, 49, 99),
    (118, 157, 187, 198, 30, 181, 90, 105, 59, 88, 11, 35, 116, 178, 187, 70, 129, 30, 102, 167, 81, 126, 10, 11, 84, 65, 76, 197, 80, 96, 126, 182, 62, 25, 39, 158, 123, 177, 170, 176),
    (119, 84, 3, 93, 23, 42, 90, 75, 129, 195, 155, 92, 162, 166, 128, 57, 198, 93, 82, 135, 7, 180, 24, 108, 64, 148, 19, 42, 63, 110, 74, 175, 194, 31, 116, 129, 148, 1, 39, 152),
    (120, 68, 139, 70, 104, 131, 61, 153, 107, 184, 98, 82, 123, 154, 36, 77, 130, 196, 58, 66, 54, 124, 51, 101, 168, 189, 46, 147, 87, 82, 72, 121, 134, 83, 96, 125, 186, 152, 169, 19),
    (121, 63, 168, 44, 133, 56, 60, 56, 192, 127, 39, 72, 14, 166, 108, 57, 23, 129, 30, 64, 102, 145, 190, 92, 70, 99, 165, 157, 162, 138, 40, 134, 105, 165, 107, 180, 141, 99, 171, 121),
    (122, 198, 102, 125, 170, 28, 56, 122, 39, 35, 145, 89, 67, 177, 166, 167, 62, 42, 47, 161, 2, 52, 177, 188, 34, 179, 173, 90, 85, 26, 177, 154, 179, 80, 21, 133, 127, 56, 122, 5),
    (123, 151, 28, 177, 70, 156, 177, 33, 8, 74, 31, 56, 188, 6, 74, 122, 144, 171, 110, 6, 193, 159, 123, 158, 22, 5, 5, 196, 63, 170, 44, 165, 157, 96, 50, 5, 40, 125, 121, 143),
    (124, 183, 187, 71, 48, 10, 77, 169, 47, 38, 94, 3, 196, 38, 146, 105, 199, 152, 65, 171, 131, 155, 65, 79, 72, 65, 182, 160, 59, 124, 51, 161, 64, 53, 179, 94, 157, 53, 36, 97),
    (125, 98, 98, 80, 152, 16, 50, 159, 191, 45, 5, 83, 70, 98, 30, 183, 18, 56, 31, 14, 45, 149, 63, 3, 11, 12, 128, 197, 83, 71, 64, 100, 35, 88, 189, 79, 114, 74, 120, 153),
    (126, 199, 75, 74, 26, 34, 166, 121, 87, 93, 157, 143, 179, 12, 121, 140, 115, 173, 133, 81, 4, 54, 151, 175, 189, 192, 126, 67, 112, 56, 192, 102, 157, 91, 150, 89, 124, 69, 162, 93),
    (127, 141, 169, 22, 133, 5, 166, 71, 44, 83, 93, 65, 137, 116, 114, 8, 47, 146, 169, 11, 129, 138, 184, 172, 4, 177, 185, 99, 59, 65, 4, 190, 191, 4, 65, 172, 45, 26, 64, 111),
    (128, 159, 34, 81, 32, 26, 7, 78, 19, 70, 160, 107, 85, 76, 135, 139, 73, 146, 151, 137, 161, 14, 18, 144, 82, 128, 164, 60, 149, 132, 17, 102, 192, 42, 92, 50, 62, 29, 163, 156),
    (129, 143, 109, 65, 110, 34, 89, 91, 187, 75, 101, 138, 18, 72, 113, 61, 173, 163, 199, 22, 183, 127, 41, 180, 168, 137, 39, 63, 32, 170, 46, 14, 102, 94, 87, 107, 33, 197, 125, 119),
    (130, 140, 112, 98, 76, 61, 76, 15, 40, 112, 111, 86, 32, 192, 62, 124, 121, 179, 199, 104, 110, 136, 42, 146, 172, 88, 16, 58, 26, 152, 95, 117, 179, 53, 45, 137, 126, 11, 54, 107),
    (131, 31, 117, 24, 151, 169, 94, 172, 112, 35, 199, 139, 97, 46, 32, 26, 87, 195, 113, 31, 112, 30, 63, 133, 111, 195, 92, 37, 88, 33, 21, 118, 135, 113, 124, 35, 165, 61, 182, 69),
    (132, 26, 56, 166, 157, 64, 174, 27, 110, 158, 111, 100, 180, 147, 136, 17, 172, 16, 194, 58, 88, 92, 183, 180, 185, 120, 167, 20, 46, 61, 120, 194, 127, 78, 10, 20, 102, 122, 56, 150),
    (133, 90, 129, 134, 99, 125, 121, 8, 141, 129, 57, 172, 132, 180, 39, 66, 99, 40, 51, 4, 4, 169, 122, 23, 78, 81, 48, 188, 29, 182, 109, 77, 112, 6, 69, 162, 122, 141, 120, 24),
    (134, 99, 75, 158, 102, 22, 184, 178, 176, 82, 92, 10, 60, 153, 57, 199, 56, 163, 35, 158, 122, 144, 188, 18, 111, 7, 115, 47, 11, 51, 31, 102, 117, 175, 15, 109, 158, 65, 92, 90),
    (135, 60, 132, 126, 65, 75, 59, 196, 140, 37, 100, 81, 33, 155, 134, 172, 185, 120, 90, 51, 185, 132, 153, 108, 71, 119, 170, 31, 148, 19, 76, 181, 21, 146, 42, 115, 196, 5, 72, 149),
    (136, 30, 14, 22, 56, 158, 63, 15, 78, 22, 17, 180, 74, 179, 131, 192, 67, 81, 61, 195, 30, 138, 8, 149, 123, 188, 198, 85, 142, 166, 10, 129, 25, 126, 49, 23, 101, 53, 142, 108),
    (137, 185, 37, 173, 59, 135, 36, 39, 139, 31, 26, 154, 27, 188, 130, 113, 7, 93, 128, 135, 179, 181, 61, 28, 187, 142, 27, 144, 7, 132, 80, 109, 90, 3, 133, 43, 3, 57, 71, 31),
    (138, 168, 68, 58, 114, 178, 108, 185, 154, 145, 96, 47, 21, 143, 56, 93, 87, 170, 16, 62, 168, 93, 39, 116, 98, 56, 171, 53, 81, 22, 9, 16, 29, 53, 5, 146, 100, 93, 102, 60),
    (139, 106, 9, 117, 141, 31, 65, 121, 69, 165, 28, 109, 182, 133, 139, 60, 52, 186, 183, 142, 143, 76, 119, 121, 198, 71, 159, 102, 45, 163, 183, 21, 78, 178, 159, 77, 78, 164, 138, 58),
    (140, 54, 185, 177, 185, 199, 81, 83, 37, 134, 77, 3, 54, 181, 165, 59, 165, 196, 25, 117, 15, 165, 33, 190, 41, 61, 66, 185, 182, 47, 133, 94, 71, 172, 87, 132, 192, 22, 183, 191),
    (141, 195, 56, 26, 83, 42, 86, 180, 139, 173, 139, 59, 153, 149, 27, 50, 140, 79, 107, 75, 158, 1, 75, 47, 35, 0, 169, 50, 37, 62, 45, 140, 162, 143, 12, 90, 179, 113, 118, 112),
    (142, 14, 48, 191, 123, 141, 51, 127, 31, 186, 146, 91, 173, 143, 56, 48, 180, 103, 111, 92, 194, 127, 41, 164, 66, 79, 164, 106, 104, 43, 75, 49, 89, 109, 100, 50, 29, 89, 150, 4),
    (143, 147, 184, 183, 142, 146, 139, 19, 50, 5, 10, 179, 106, 130, 195, 122, 35, 66, 38, 165, 145, 49, 152, 144, 74, 13, 88, 61, 132, 2, 22, 173, 132, 181, 56, 139, 97, 40, 79, 83),
    (144, 190, 27, 41, 178, 85, 140, 115, 160, 56, 11, 23, 189, 102, 87, 17, 78, 124, 181, 108, 93, 78, 131, 120, 41, 28, 27, 43, 96, 188, 187, 101, 28, 20, 124, 7, 133, 100, 29, 172),
    (145, 165, 126, 44, 149, 61, 0, 13, 53, 21, 183, 154, 143, 79, 67, 179, 45, 161, 142, 16, 95, 177, 54, 163, 39, 54, 181, 179, 36, 149, 114, 136, 165, 140, 2, 92, 82, 158, 124, 30),
    (146, 104, 88, 130, 160, 151, 54, 45, 38, 121, 89, 72, 174, 90, 145, 27, 50, 117, 189, 79, 14, 102, 68, 116, 99, 135, 70, 44, 77, 119, 30, 158, 15, 166, 169, 49, 80, 72, 29, 77),
    (147, 52, 135, 177, 23, 85, 39, 34, 56, 4, 130, 107, 168, 198, 56, 7, 34, 32, 108, 157, 127, 167, 91, 165, 117, 13, 88, 98, 110, 38, 93, 92, 146, 2, 88, 15, 54, 82, 92, 130),
    (148, 193, 101, 165, 115, 9, 165, 174, 1, 25, 24, 131, 97, 79, 74, 8, 34, 185, 39, 145, 99, 94, 94, 94, 36, 26, 20, 158, 17, 127, 150, 131, 179, 117, 193, 49, 144, 182, 58, 104),
    (149, 107, 99, 178, 31, 132, 187, 89, 25, 153, 39, 147, 69, 152, 141, 178, 156, 40, 156, 75, 133, 117, 28, 123, 190, 54, 176, 164, 118, 22, 13, 31, 172, 192, 71, 151, 83, 46, 136, 122),
    (150, 184, 137, 195, 190, 131, 24, 180, 57, 7, 103, 93, 109, 3, 123, 56, 158, 143, 7, 1, 42, 39, 184, 187, 17, 25, 177, 26, 120, 116, 157, 72, 0, 43, 160, 12, 62, 145, 104, 35),
    (151, 36, 68, 21, 55, 91, 130, 185, 18, 80, 103, 76, 16, 139, 137, 51, 45, 94, 100, 104, 101, 69, 146, 178, 101, 165, 69, 90, 84, 88, 170, 107, 129, 139, 76, 15, 83, 25, 176, 98),
    (152, 74, 63, 51, 51, 52, 21, 106, 45, 146, 23, 70, 80, 185, 121, 101, 63, 158, 169, 123, 122, 109, 136, 74, 41, 111, 146, 36, 124, 133, 91, 160, 187, 188, 28, 51, 106, 160, 68, 178),
    (153, 194, 170, 181, 124, 127, 157, 119, 64, 197, 75, 92, 87, 46, 2, 161, 134, 60, 113, 167, 4, 195, 93, 95, 163, 27, 83, 121, 103, 179, 134, 160, 148, 128, 148, 122, 55, 152, 5, 15),
    (154, 103, 54, 93, 119, 22, 168, 26, 74, 94, 76, 36, 15, 140, 158, 35, 72, 165, 113, 68, 48, 83, 124, 70, 193, 137, 91, 19, 187, 151, 113, 98, 38, 143, 178, 180, 115, 187, 8, 34),
    (155, 110, 133, 79, 171, 101, 93, 157, 59, 21, 40, 115, 170, 18, 164, 86, 4, 71, 189, 144, 155, 76, 61, 98, 159, 116, 24, 96, 29, 0, 157, 71, 133, 4, 133, 62, 167, 27, 15, 15),
    (156, 92, 169, 167, 66, 183, 78, 124, 23, 95, 78, 24, 0, 113, 55, 65, 11, 152, 105, 57, 120, 4, 50, 97, 90, 76, 137, 174, 19, 25, 106, 114, 34, 94, 81, 39, 73, 43, 31, 123),
    (157, 7, 6, 11, 188, 111, 83, 159, 7, 38, 122, 170, 103, 191, 94, 23, 171, 90, 124, 108, 144, 172, 187, 79, 129, 73, 92, 174, 61, 30, 159, 50, 83, 144, 104, 143, 111, 183, 19, 53),
    (158, 73, 90, 175, 188, 140, 142, 25, 150, 23, 52, 63, 10, 17, 68, 33, 65, 179, 1, 104, 175, 4, 69, 192, 118, 46, 120, 121, 116, 106, 195, 83, 190, 58, 147, 88, 137, 118, 90, 85),
    (159, 115, 25, 12, 115, 85, 50, 92, 190, 29, 139, 7, 184, 65, 61, 139, 148, 116, 76, 37, 147, 55, 140, 156, 93, 63, 102, 141, 128, 180, 98, 93, 173, 123, 58, 182, 1, 146, 139, 95),
    (160, 182, 28, 144, 118, 163, 161, 62, 115, 10, 164, 164, 34, 129, 147, 175, 49, 188, 105, 4, 98, 93, 125, 151, 37, 106, 14, 99, 13, 43, 153, 131, 16, 2, 47, 178, 63, 15, 126, 84),
    (161, 94, 159, 86, 170, 173, 165, 70, 179, 160, 40, 60, 44, 51, 12, 49, 190, 141, 187, 54, 114, 50, 125, 97, 148, 109, 115, 8, 0, 128, 139, 6, 196, 196, 59, 111, 192, 198, 183, 50),
    (162, 150, 145, 127, 31, 118, 64, 157, 123, 197, 153, 118, 102, 34, 120, 91, 165, 43, 159, 189, 41, 34, 141, 68, 95, 174, 185, 106, 11, 62, 4, 116, 189, 35, 38, 58, 78, 191, 116, 98),
    (163, 114, 8, 86, 16, 6, 59, 100, 171, 40, 112, 103, 6, 185, 86, 63, 127, 5, 4, 127, 102, 49, 193, 195, 59, 36, 115, 172, 76, 24, 24, 34, 92, 162, 45, 8, 108, 126, 28, 155),
    (164, 66, 39, 160, 4, 193, 19, 134, 57, 119, 5, 46, 11, 25, 113, 169, 60, 199, 54, 190, 173, 86, 82, 132, 32, 168, 178, 87, 43, 149, 102, 67, 123, 165, 151, 98, 27, 37, 162, 75),
    (165, 67, 32, 151, 113, 169, 94, 87, 177, 98, 72, 83, 137, 105, 74, 65, 76, 35, 163, 56, 124, 177, 155, 12, 124, 114, 3, 127, 76, 75, 105, 180, 145, 159, 156, 81, 111, 114, 146, 48),
    (166, 63, 14, 42, 153, 82, 106, 146, 184, 48, 105, 28, 34, 76, 117, 65, 160, 8, 131, 173, 93, 199, 165, 94, 36, 57, 74, 184, 72, 40, 60, 133, 177, 123, 126, 33, 36, 23, 82, 188),
    (167, 18, 144, 75, 104, 162, 107, 114, 104, 190, 197, 117, 149, 10, 81, 13, 10, 8, 115, 8, 168, 71, 12, 133, 54, 70, 142, 2, 56, 35, 58, 67, 90, 112, 114, 0, 194, 53, 189, 63),
    (168, 54, 163, 197, 77, 107, 103, 198, 9, 35, 60, 183, 115, 98, 82, 60, 65, 133, 128, 132, 66, 156, 22, 120, 60, 7, 143, 89, 98, 125, 165, 139, 60, 139, 68, 3, 192, 73, 198, 28),
    (169, 160, 88, 62, 122, 15, 74, 42, 185, 73, 28, 159, 190, 28, 34, 9, 53, 119, 116, 79, 19, 192, 49, 17, 164, 189, 161, 172, 123, 51, 137, 8, 49, 149, 148, 197, 173, 93, 82, 38),
    (170, 0, 139, 141, 13, 52, 188, 92, 195, 86, 65, 133, 33, 104, 123, 39, 81, 153, 94, 86, 137, 169, 41, 30, 16, 5, 52, 31, 158, 142, 8, 2, 26, 40, 185, 79, 92, 77, 134, 11),
    (171, 49, 98, 41, 120, 43, 124, 132, 3, 92, 52, 75, 76, 119, 69, 0, 189, 32, 64, 45, 93, 39, 54, 195, 11, 169, 180, 43, 136, 31, 128, 193, 167, 148, 59, 10, 41, 14, 139, 62),
    (172, 44, 85, 20, 140, 124, 32, 32, 83, 65, 100, 101, 156, 74, 61, 53, 156, 171, 79, 167, 196, 39, 69, 77, 177, 156, 99, 38, 145, 180, 159, 143, 117, 152, 89, 116, 29, 180, 196, 39),
    (173, 109, 34, 99, 19, 120, 32, 50, 74, 70, 89, 109, 135, 8, 10, 99, 116, 144, 190, 113, 159, 129, 44, 48, 48, 36, 25, 181, 136, 159, 191, 183, 157, 41, 30, 7, 143, 122, 124, 45),
    (174, 136, 32, 100, 183, 144, 42, 195, 17, 184, 36, 121, 66, 91, 184, 62, 86, 19, 57, 174, 97, 182, 9, 116, 0, 196, 35, 134, 161, 90, 162, 103, 66, 144, 101, 10, 103, 21, 17, 104),
    (175, 94, 39, 136, 82, 123, 152, 16, 146, 22, 190, 141, 129, 102, 120, 103, 4, 149, 104, 13, 128, 115, 9, 150, 121, 56, 67, 90, 29, 136, 46, 147, 106, 120, 1, 121, 112, 178, 170, 116),
    (176, 44, 154, 191, 85, 38, 59, 189, 89, 162, 119, 98, 137, 122, 34, 183, 115, 54, 88, 14, 53, 138, 175, 15, 129, 191, 126, 144, 197, 159, 109, 31, 188, 76, 107, 51, 54, 76, 131, 32),
    (177, 12, 53, 114, 189, 16, 5, 12, 66, 95, 122, 154, 126, 55, 112, 9, 140, 146, 72, 135, 51, 82, 64, 24, 159, 127, 51, 111, 1, 7, 68, 55, 33, 112, 188, 93, 162, 30, 126, 107),
    (178, 36, 16, 57, 54, 109, 52, 157, 120, 155, 154, 60, 61, 41, 121, 72, 23, 106, 45, 44, 78, 67, 12, 154, 32, 154, 154, 198, 117, 199, 82, 44, 161, 13, 24, 132, 117, 20, 173, 15),
    (179, 1, 48, 111, 29, 47, 162, 105, 39, 55, 57, 169, 132, 16, 191, 65, 100, 129, 146, 51, 9, 94, 88, 103, 11, 168, 109, 70, 27, 159, 156, 3, 52, 6, 35, 199, 3, 77, 160, 119),
    (180, 131, 17, 184, 59, 190, 30, 64, 38, 165, 131, 189, 16, 180, 105, 193, 35, 92, 14, 105, 3, 55, 142, 74, 41, 162, 45, 53, 178, 146, 177, 70, 87, 48, 166, 121, 88, 6, 89, 56),
    (181, 93, 187, 196, 145, 68, 7, 36, 172, 101, 55, 146, 112, 178, 163, 160, 56, 117, 146, 4, 157, 138, 115, 28, 5, 163, 21, 180, 160, 118, 79, 17, 47, 29, 185, 95, 69, 162, 191, 97),
    (182, 11, 88, 0, 105, 37, 194, 89, 79, 77, 80, 30, 183, 190, 165, 77, 41, 104, 75, 163, 21, 25, 98, 46, 66, 42, 62, 45, 63, 123, 9, 171, 25, 99, 105, 136, 136, 124, 92, 154),
    (183, 142, 32, 70, 76, 5, 30, 106, 178, 189, 180, 17, 174, 23, 71, 80, 103, 67, 160, 172, 143, 172, 79, 75, 55, 2, 83, 195, 129, 30, 36, 78, 184, 119, 33, 190, 155, 68, 147, 152),
    (184, 98, 104, 171, 10, 137, 159, 19, 112, 124, 181, 113, 109, 55, 199, 75, 142, 165, 82, 73, 24, 18, 164, 156, 151, 122, 97, 4, 86, 2, 73, 91, 176, 15, 49, 18, 75, 74, 99, 148),
    (185, 81, 44, 130, 91, 53, 161, 68, 110, 91, 6, 131, 156, 52, 4, 42, 136, 163, 111, 9, 150, 112, 155, 25, 110, 33, 102, 116, 149, 4, 177, 30, 150, 53, 12, 70, 140, 112, 54, 103),
    (186, 152, 114, 78, 153, 3, 12, 140, 118, 54, 152, 147, 65, 17, 193, 29, 195, 105, 174, 198, 199, 131, 16, 108, 80, 185, 98, 7, 94, 187, 47, 154, 72, 167, 125, 184, 42, 34, 94, 151),
    (187, 72, 29, 172, 68, 123, 58, 20, 163, 86, 178, 173, 50, 37, 25, 105, 19, 38, 170, 30, 20, 49, 100, 80, 125, 147, 48, 119, 177, 25, 103, 17, 94, 173, 120, 129, 74, 31, 41, 194),
    (188, 30, 69, 54, 96, 18, 7, 105, 138, 22, 101, 0, 84, 93, 83, 155, 115, 61, 135, 173, 47, 194, 16, 161, 133, 120, 47, 2, 28, 80, 140, 154, 2, 37, 30, 87, 139, 178, 178, 22),
    (189, 59, 89, 163, 101, 68, 91, 188, 40, 143, 168, 4, 50, 15, 184, 88, 75, 2, 20, 127, 159, 142, 70, 116, 84, 108, 54, 35, 102, 196, 191, 186, 94, 78, 73, 115, 176, 59, 0, 38),
    (190, 115, 165, 110, 76, 170, 73, 15, 69, 144, 22, 153, 199, 6, 25, 3, 196, 45, 192, 80, 160, 188, 164, 22, 173, 61, 153, 91, 184, 187, 71, 42, 179, 193, 54, 116, 101, 31, 118, 21),
    (191, 108, 59, 63, 167, 120, 162, 168, 178, 64, 142, 74, 71, 99, 188, 173, 127, 44, 54, 72, 101, 35, 46, 90, 130, 165, 129, 39, 14, 113, 39, 94, 27, 196, 35, 128, 53, 74, 181, 126),
    (192, 192, 114, 35, 151, 109, 3, 115, 54, 43, 136, 160, 67, 140, 119, 70, 103, 146, 85, 128, 18, 171, 182, 132, 142, 21, 151, 52, 156, 111, 43, 9, 69, 51, 121, 140, 68, 90, 110, 135),
    (193, 168, 195, 136, 146, 146, 23, 125, 35, 177, 170, 155, 123, 195, 18, 52, 119, 43, 32, 156, 90, 45, 196, 24, 6, 66, 188, 83, 46, 98, 179, 133, 53, 185, 45, 198, 52, 185, 83, 162),
    (194, 95, 50, 21, 97, 188, 147, 158, 194, 141, 113, 102, 80, 39, 179, 28, 99, 22, 56, 110, 84, 191, 108, 59, 182, 53, 40, 58, 46, 34, 163, 15, 148, 100, 49, 95, 178, 192, 81, 124),
    (195, 191, 127, 144, 127, 63, 136, 167, 17, 102, 126, 133, 18, 195, 172, 199, 96, 29, 155, 157, 16, 63, 150, 144, 177, 107, 4, 148, 146, 53, 57, 131, 183, 121, 133, 164, 169, 112, 86, 61),
    (196, 164, 88, 10, 186, 10, 119, 96, 182, 150, 4, 157, 199, 138, 153, 94, 27, 157, 46, 116, 162, 148, 190, 54, 39, 44, 186, 111, 165, 104, 24, 128, 100, 25, 95, 53, 116, 17, 51, 35),
    (197, 8, 185, 45, 80, 54, 17, 175, 185, 20, 160, 118, 161, 98, 0, 131, 21, 168, 124, 76, 54, 44, 33, 165, 109, 162, 67, 5, 130, 172, 127, 109, 115, 120, 96, 11, 148, 96, 8, 64),
    (198, 69, 162, 114, 147, 74, 81, 130, 176, 41, 23, 116, 33, 146, 110, 15, 52, 99, 192, 142, 115, 190, 77, 5, 89, 165, 185, 110, 160, 28, 199, 60, 39, 121, 179, 126, 47, 36, 161, 174),
    (199, 34, 131, 12, 25, 158, 29, 108, 173, 84, 129, 86, 135, 148, 83, 46, 104, 161, 100, 156, 105, 6, 10, 29, 18, 64, 61, 159, 136, 70, 148, 96, 182, 182, 66, 127, 74, 120, 167, 62);

INSERT INTO T20 (pk, t1, t2, t3, t4, t5, t6, t7, t8, t9, t10, t11, t12, t13, t14, t15, t16, t17, t18, t19, t21, t22, t23, t24, t25, t26, t27, t28, t29, t30, t31, t32, t33, t34, t35, t36, t37, t38, t39, t40)
VALUES
    (0, 35, 76, 104, 162, 132, 29, 133, 190, 51, 177, 137, 64, 120, 74, 151, 104, 198, 163, 157, 139, 119, 123, 198, 105, 10, 143, 58, 53, 106, 88, 160, 198, 167, 183, 140, 105, 194, 13, 178),
    (1, 42, 16, 6, 63, 118, 173, 148, 55, 109, 6, 183, 156, 53, 148, 7, 119, 147, 91, 124, 155, 40, 17, 131, 123, 92, 149, 143, 100, 137, 73, 38, 155, 73, 56, 68, 143, 47, 159, 100),
    (2, 38, 170, 82, 2, 45, 145, 112, 140, 187, 34, 172, 115, 103, 104, 53, 189, 164, 53, 171, 36, 181, 37, 111, 154, 64, 95, 17, 125, 109, 125, 135, 71, 80, 107, 126, 120, 162, 131, 148),
    (3, 177, 193, 196, 121, 169, 15, 112, 15, 31, 16, 115, 140, 51, 26, 168, 119, 112, 90, 34, 160, 49, 62, 177, 161, 96, 33, 3, 20, 3, 134, 56, 2, 185, 122, 91, 171, 140, 184, 185),
    (4, 127, 0, 152, 94, 27, 86, 4, 93, 112, 85, 5, 190, 157, 153, 42, 188, 116, 11, 182, 111, 126, 115, 25, 4, 150, 91, 32, 119, 21, 24, 101, 60, 172, 169, 94, 33, 96, 84, 176),
    (5, 188, 98, 174, 196, 130, 114, 117, 31, 86, 74, 195, 199, 43, 51, 130, 190, 82, 166, 10, 134, 1, 20, 98, 107, 151, 191, 35, 67, 168, 110, 65, 81, 8, 116, 43, 26, 157, 172, 48),
    (6, 38, 124, 118, 86, 33, 71, 17, 117, 187, 112, 86, 76, 35, 131, 43, 133, 2, 198, 6, 104, 44, 135, 164, 5, 125, 189, 119, 148, 184, 192, 78, 11, 119, 129, 70, 111, 45, 187, 185),
    (7, 12, 20, 68, 171, 34, 36, 174, 48, 174, 17, 136, 43, 151, 140, 140, 90, 116, 109, 163, 198, 141, 97, 29, 139, 61, 18, 95, 108, 85, 175, 145, 92, 122, 66, 96, 190, 137, 132, 32),
    (8, 158, 173, 56, 146, 109, 7, 15, 52, 32, 22, 95, 97, 175, 149, 59, 83, 124, 76, 134, 163, 160, 107, 26, 60, 127, 95, 128, 31, 61, 35, 150, 21, 174, 34, 131, 170, 139, 126, 163),
    (9, 42, 57, 52, 88, 176, 46, 48, 52, 152, 158, 93, 102, 196, 98, 40, 145, 108, 33, 120, 167, 146, 127, 103, 29, 33, 160, 119, 173, 92, 160, 187, 25, 80, 25, 167, 175, 23, 69, 89),
    (10, 90, 51, 172, 142, 102, 186, 161, 56, 109, 20, 137, 91, 91, 159, 17, 117, 28, 42, 24, 51, 132, 7, 35, 138, 107, 182, 122, 1, 73, 108, 68, 57, 72, 185, 135, 105, 84, 89, 128),
    (11, 172, 187, 136, 54, 34, 35, 197, 10, 74, 80, 81, 27, 7, 105, 128, 186, 10, 184, 27, 56, 133, 120, 122, 138, 192, 100, 31, 60, 102, 83, 155, 19, 148, 3, 156, 146, 161, 30, 160),
    (12, 129, 47, 17, 163, 50, 30, 11, 58, 123, 80, 191, 166, 78, 174, 1, 144, 137, 19, 66, 114, 163, 26, 139, 97, 193, 36, 127, 107, 55, 77, 30, 146, 147, 187, 21, 22, 158, 41, 124),
    (13, 198, 65, 161, 197, 67, 193, 34, 103, 24, 158, 128, 130, 186, 188, 190, 157, 182, 60, 104, 108, 21, 71, 128, 31, 130, 193, 127, 193, 51, 48, 58, 176, 15, 137, 23, 8, 167, 152, 160),
    (14, 99, 37, 162, 120, 95, 190, 79, 140, 89, 150, 82, 198, 72, 121, 65, 174, 74, 30, 1, 194, 191, 0, 62, 152, 48, 2, 9, 173, 131, 161, 179, 180, 91, 135, 181, 159, 96, 8, 71),
    (15, 117, 37, 73, 137, 193, 34, 146, 172, 178, 76, 15, 65, 145, 12, 47, 48, 121, 82, 24, 181, 17, 98, 102, 158, 26, 15, 97, 7, 109, 134, 119, 123, 63, 59, 150, 120, 147, 139, 9),
    (16, 148, 169, 120, 53, 45, 95, 93, 183, 30, 28, 50, 184, 1, 121, 25, 164, 84, 122, 33, 47, 86, 194, 60, 45, 121, 39, 155, 191, 89, 23, 137, 198, 109, 85, 129, 77, 101, 134, 69),
    (17, 76, 155, 42, 91, 156, 177, 102, 174, 14, 189, 41, 121, 26, 16, 132, 129, 90, 124, 188, 58, 97, 155, 131, 142, 17, 127, 13, 133, 177, 8, 173, 60, 103, 184, 36, 181, 133, 45, 9),
    (18, 192, 43, 72, 0, 51, 25, 87, 51, 147, 40, 190, 147, 111, 64, 134, 66, 41, 85, 191, 70, 59, 148, 157, 69, 168, 161, 16, 98, 102, 112, 163, 67, 166, 186, 136, 89, 158, 61, 195),
    (19, 14, 65, 33, 39, 158, 61, 82, 99, 61, 160, 143, 107, 147, 58, 64, 14, 32, 175, 129, 192, 141, 136, 84, 20, 194, 173, 130, 134, 25, 194, 188, 69, 18, 117, 167, 190, 185, 15, 54),
    (20, 152, 177, 195, 80, 40, 9, 121, 12, 6, 58, 154, 78, 149, 196, 31, 65, 32, 158, 98, 12, 8, 65, 54, 88, 94, 97, 18, 61, 183, 105, 80, 168, 69, 39, 94, 188, 122, 131, 29),
    (21, 123, 197, 23, 67, 151, 176, 83, 110, 54, 192, 120, 144, 90, 9, 107, 196, 7, 30, 131, 121, 15, 119, 102, 115, 96, 145, 195, 41, 179, 165, 31, 96, 41, 20, 65, 27, 98, 3, 59),
    (22, 102, 158, 178, 150, 145, 187, 73, 179, 151, 49, 157, 191, 141, 2, 48, 59, 199, 14, 0, 0, 49, 9, 191, 134, 10, 34, 198, 65, 20, 132, 61, 169, 107, 160, 104, 82, 159, 167, 151),
    (23, 7, 77, 104, 193, 157, 72, 90, 44, 172, 67, 65, 40, 24, 172, 137, 42, 97, 127, 161, 174, 127, 141, 115, 6, 109, 145, 12, 34, 102, 21, 15, 163, 80, 21, 199, 43, 47, 160, 29),
    (24, 160, 112, 72, 187, 116, 53, 198, 95, 143, 96, 178, 9, 45, 88, 2, 179, 191, 188, 66, 159, 23, 173, 72, 196, 15, 127, 43, 144, 94, 110, 156, 168, 75, 49, 79, 168, 124, 127, 146),
    (25, 122, 66, 78, 118, 117, 77, 188, 161, 101, 122, 93, 33, 165, 40, 125, 194, 95, 107, 59, 163, 148, 78, 42, 39, 169, 58, 14, 10, 139, 42, 1, 103, 148, 76, 160, 3, 127, 117, 100),
    (26, 138, 28, 114, 130, 3, 172, 2, 89, 19, 116, 44, 51, 49, 15, 89, 91, 125, 56, 163, 142, 17, 190, 97, 48, 46, 191, 51, 118, 6, 159, 71, 187, 181, 18, 147, 163, 136, 190, 38),
    (27, 52, 119, 25, 108, 71, 0, 7, 198, 2, 37, 50, 85, 14, 0, 14, 138, 175, 196, 89, 11, 149, 35, 199, 146, 107, 81, 13, 34, 31, 15, 116, 73, 22, 70, 13, 193, 28, 98, 183),
    (28, 155, 37, 156, 83, 179, 111, 125, 81, 47, 4, 57, 162, 154, 23, 108, 128, 32, 146, 106, 110, 115, 19, 141, 23, 152, 166, 72, 174, 118, 153, 160, 77, 60, 94, 160, 133, 17, 184, 137),
    (29, 100, 61, 163, 157, 157, 69, 25, 139, 5, 176, 171, 6, 9, 67, 88, 2, 152, 119, 1, 125, 10, 76, 31, 74, 71, 182, 195, 115, 16, 121, 166, 10, 38, 171, 65, 41, 119, 25, 81),
    (30, 191, 97, 149, 37, 151, 22, 102, 18, 197, 47, 84, 149, 97, 190, 32, 169, 37, 122, 121, 131, 85, 161, 137, 57, 147, 16, 128, 58, 125, 105, 30, 20, 52, 198, 44, 3, 54, 161, 83),
    (31, 79, 61, 7, 179, 25, 108, 50, 121, 42, 198, 37, 19, 134, 16, 84, 165, 71, 131, 6, 172, 20, 179, 112, 158, 9, 22, 51, 173, 110, 36, 37, 15, 158, 71, 45, 51, 15, 137, 7),
    (32, 58, 146, 131, 80, 102, 14, 90, 29, 163, 56, 140, 156, 123, 106, 49, 156, 140, 159, 77, 190, 87, 76, 0, 7, 55, 101, 129, 139, 30, 185, 91, 23, 35, 86, 124, 23, 198, 50, 32),
    (33, 135, 121, 87, 109, 115, 76, 110, 186, 46, 106, 136, 102, 178, 84, 104, 177, 63, 78, 193, 42, 45, 28, 154, 62, 171, 85, 49, 160, 77, 128, 108, 36, 167, 160, 34, 119, 174, 17, 186),
    (34, 47, 104, 28, 119, 199, 86, 103, 40, 175, 133, 80, 113, 152, 100, 21, 160, 13, 124, 193, 141, 185, 80, 191, 61, 115, 118, 107, 59, 153, 150, 42, 14, 17, 126, 8, 116, 146, 47, 196),
    (35, 7, 114, 124, 150, 106, 70, 149, 145, 58, 113, 138, 31, 189, 27, 134, 114, 166, 33, 14, 83, 172, 194, 57, 46, 63, 49, 23, 152, 119, 166, 65, 1, 129, 32, 129, 28, 79, 43, 137),
    (36, 56, 12, 112, 56, 130, 81, 98, 178, 143, 182, 14, 39, 60, 189, 51, 4, 174, 194, 195, 25, 70, 39, 184, 121, 102, 161, 168, 22, 59, 60, 148, 181, 96, 18, 100, 142, 191, 170, 14),
    (37, 193, 171, 197, 125, 108, 163, 100, 160, 198, 79, 166, 64, 102, 23, 161, 55, 100, 180, 122, 75, 92, 125, 187, 2, 32, 148, 147, 171, 55, 12, 150, 24, 141, 137, 58, 120, 38, 35, 13),
    (38, 116, 199, 181, 73, 120, 84, 148, 180, 109, 151, 100, 18, 17, 165, 166, 62, 13, 58, 173, 142, 196, 108, 99, 70, 162, 76, 17, 74, 82, 63, 93, 95, 46, 14, 171, 134, 58, 150, 121),
    (39, 138, 30, 64, 193, 58, 128, 14, 25, 144, 63, 180, 73, 175, 106, 79, 141, 19, 166, 14, 3, 152, 49, 106, 124, 113, 100, 89, 34, 183, 38, 108, 185, 176, 170, 106, 42, 32, 16, 84),
    (40, 172, 188, 2, 128, 11, 187, 147, 170, 21, 182, 164, 94, 181, 18, 104, 90, 106, 178, 178, 71, 53, 20, 73, 148, 34, 70, 102, 182, 89, 142, 98, 129, 110, 46, 153, 154, 161, 75, 167),
    (41, 189, 163, 52, 55, 77, 134, 34, 34, 170, 124, 89, 45, 129, 137, 108, 37, 168, 69, 145, 50, 189, 95, 166, 53, 37, 59, 98, 8, 19, 80, 135, 58, 174, 165, 190, 11, 192, 2, 72),
    (42, 80, 165, 104, 160, 194, 128, 42, 47, 114, 121, 1, 9, 153, 22, 61, 135, 142, 10, 29, 80, 28, 92, 170, 111, 193, 67, 66, 6, 56, 84, 144, 42, 99, 191, 67, 67, 193, 169, 119),
    (43, 63, 94, 13, 45, 195, 196, 192, 5, 137, 101, 157, 22, 78, 135, 61, 94, 86, 195, 140, 38, 92, 50, 164, 192, 148, 81, 135, 57, 97, 158, 162, 132, 97, 162, 135, 62, 35, 125, 24),
    (44, 111, 138, 151, 140, 176, 69, 76, 135, 176, 33, 61, 123, 176, 92, 92, 112, 46, 155, 158, 38, 135, 184, 108, 47, 35, 38, 88, 10, 27, 88, 49, 60, 43, 144, 7, 136, 46, 139, 57),
    (45, 52, 198, 104, 48, 141, 102, 192, 44, 175, 97, 66, 126, 36, 154, 131, 35, 193, 153, 90, 161, 135, 172, 187, 42, 151, 26, 37, 128, 130, 1, 135, 104, 68, 88, 130, 184, 148, 132, 124),
    (46, 10, 19, 44, 56, 23, 191, 25, 85, 176, 0, 191, 11, 128, 64, 156, 89, 198, 56, 106, 165, 118, 4, 62, 161, 193, 134, 104, 91, 64, 172, 25, 170, 143, 2, 150, 36, 54, 181, 127),
    (47, 13, 7, 116, 131, 161, 128, 66, 114, 5, 199, 156, 10, 178, 134, 27, 177, 26, 154, 54, 118, 132, 55, 155, 73, 88, 5, 192, 4, 15, 177, 128, 116, 116, 26, 106, 42, 12, 122, 110),
    (48, 80, 19, 188, 54, 109, 37, 57, 78, 142, 119, 47, 163, 190, 100, 98, 179, 60, 193, 117, 93, 122, 125, 126, 18, 1, 66, 140, 136, 4, 176, 26, 24, 102, 30, 109, 189, 38, 151, 12),
    (49, 44, 23, 115, 162, 41, 88, 22, 169, 94, 20, 130, 184, 96, 16, 113, 13, 152, 43, 66, 124, 73, 42, 2, 68, 194, 152, 12, 190, 153, 188, 66, 60, 143, 65, 177, 171, 192, 69, 157),
    (50, 165, 24, 7, 24, 131, 167, 56, 73, 92, 168, 17, 13, 93, 52, 56, 100, 162, 83, 19, 199, 180, 167, 107, 27, 179, 137, 130, 140, 191, 115, 73, 95, 73, 44, 29, 33, 23, 71, 159),
    (51, 94, 193, 43, 2, 52, 123, 156, 19, 18, 14, 5, 123, 180, 132, 155, 67, 155, 188, 131, 134, 170, 2, 139, 59, 113, 185, 24, 126, 190, 75, 120, 179, 28, 92, 1, 171, 157, 135, 179),
    (52, 19, 190, 164, 4, 23, 22, 42, 12, 108, 183, 78, 62, 168, 65, 167, 17, 131, 170, 69, 97, 67, 76, 164, 13, 131, 127, 199, 79, 114, 23, 1, 99, 148, 190, 54, 35, 85, 145, 160),
    (53, 78, 191, 189, 62, 51, 170, 120, 117, 88, 107, 152, 187, 174, 198, 108, 175, 60, 90, 5, 198, 54, 133, 127, 185, 109, 29, 141, 12, 59, 160, 65, 139, 103, 39, 35, 139, 48, 18, 28),
    (54, 107, 24, 79, 67, 14, 197, 73, 29, 119, 188, 19, 187, 107, 178, 48, 45, 167, 70, 79, 136, 136, 188, 188, 176, 57, 15, 60, 192, 106, 14, 154, 194, 196, 157, 153, 108, 64, 94, 114),
    (55, 194, 78, 154, 102, 198, 127, 65, 193, 8, 180, 188, 194, 130, 199, 141, 61, 48, 190, 11, 95, 4, 77, 116, 52, 190, 132, 31, 74, 40, 25, 150, 144, 176, 58, 196, 105, 58, 137, 0),
    (56, 118, 163, 62, 85, 48, 13, 174, 92, 24, 170, 183, 135, 4, 80, 84, 91, 75, 40, 101, 37, 77, 42, 136, 193, 173, 46, 62, 148, 44, 199, 37, 183, 186, 24, 76, 71, 102, 164, 81),
    (57, 197, 105, 142, 28, 28, 40, 4, 25, 129, 21, 60, 43, 28, 39, 116, 74, 134, 44, 140, 192, 32, 111, 154, 59, 102, 2, 117, 99, 46, 55, 87, 104, 146, 78, 68, 21, 164, 136, 109),
    (58, 178, 57, 149, 54, 144, 52, 175, 21, 146, 43, 49, 62, 167, 3, 151, 11, 46, 108, 72, 69, 106, 9, 109, 49, 72, 129, 114, 74, 18, 198, 151, 77, 37, 108, 119, 170, 22, 148, 98),
    (59, 87, 17, 95, 163, 160, 25, 16, 96, 0, 94, 61, 56, 70, 20, 45, 23, 70, 174, 104, 15, 12, 103, 145, 100, 179, 53, 150, 176, 42, 102, 24, 40, 126, 33, 186, 44, 154, 109, 53),
    (60, 137, 14, 6, 107, 34, 149, 155, 191, 70, 106, 46, 165, 57, 164, 58, 194, 56, 69, 72, 79, 19, 189, 160, 26, 120, 22, 185, 30, 150, 87, 149, 198, 66, 28, 193, 70, 13, 109, 156),
    (61, 60, 194, 167, 136, 60, 171, 146, 33, 42, 31, 188, 192, 81, 158, 39, 43, 154, 190, 197, 66, 107, 167, 18, 2, 39, 130, 109, 75, 101, 167, 13, 29, 17, 177, 177, 159, 103, 180, 29),
    (62, 3, 170, 22, 67, 182, 32, 165, 47, 1, 106, 184, 165, 178, 101, 182, 183, 90, 166, 71, 62, 97, 26, 165, 59, 55, 88, 196, 157, 59, 124, 116, 83, 88, 152, 178, 166, 101, 2, 36),
    (63, 167, 22, 110, 146, 109, 6, 59, 173, 155, 56, 62, 31, 187, 67, 42, 192, 182, 83, 9, 185, 12, 11, 146, 63, 120, 0, 143, 49, 39, 166, 124, 33, 153, 39, 146, 162, 13, 54, 91),
    (64, 98, 28, 195, 183, 107, 121, 184, 30, 160, 84, 152, 77, 32, 126, 30, 155, 85, 185, 6, 157, 39, 117, 66, 106, 40, 196, 82, 97, 9, 154, 82, 102, 183, 92, 155, 22, 139, 14, 137),
    (65, 144, 17, 115, 104, 131, 184, 140, 158, 102, 192, 39, 146, 193, 58, 102, 117, 113, 107, 160, 14, 142, 145, 100, 111, 1, 184, 179, 71, 191, 40, 25, 32, 90, 51, 162, 63, 196, 5, 13),
    (66, 91, 84, 79, 157, 38, 171, 81, 67, 39, 42, 36, 188, 132, 98, 167, 2, 93, 32, 130, 18, 137, 124, 65, 166, 124, 93, 99, 137, 182, 186, 30, 85, 117, 23, 49, 150, 95, 25, 60),
    (67, 80, 185, 6, 1, 88, 150, 128, 92, 49, 108, 135, 22, 62, 180, 152, 42, 67, 79, 100, 59, 92, 131, 115, 6, 171, 125, 89, 165, 60, 179, 4, 13, 98, 117, 56, 60, 90, 70, 195),
    (68, 134, 60, 193, 150, 190, 168, 28, 198, 119, 106, 3, 81, 93, 181, 80, 139, 110, 95, 171, 144, 15, 91, 38, 48, 172, 65, 60, 15, 51, 4, 173, 68, 57, 191, 196, 187, 1, 142, 58),
    (69, 197, 106, 162, 165, 181, 144, 59, 108, 96, 139, 64, 114, 7, 143, 124, 97, 171, 66, 82, 21, 35, 42, 9, 103, 159, 183, 20, 193, 95, 6, 149, 96, 84, 80, 73, 18, 20, 118, 101),
    (70, 121, 100, 28, 175, 34, 143, 132, 36, 137, 148, 72, 82, 103, 87, 141, 54, 155, 65, 192, 117, 155, 68, 96, 192, 71, 102, 141, 111, 148, 118, 185, 7, 116, 162, 110, 142, 86, 36, 79),
    (71, 16, 199, 1, 38, 181, 60, 37, 13, 85, 185, 42, 127, 68, 124, 135, 10, 66, 134, 139, 139, 130, 6, 179, 48, 190, 95, 73, 52, 140, 197, 53, 81, 6, 154, 95, 142, 83, 78, 58),
    (72, 131, 19, 197, 7, 51, 156, 194, 85, 21, 77, 89, 13, 173, 32, 100, 92, 41, 94, 159, 79, 167, 172, 3, 158, 28, 143, 164, 23, 82, 115, 181, 29, 49, 37, 117, 120, 77, 52, 6),
    (73, 160, 194, 38, 86, 193, 69, 44, 28, 105, 22, 109, 197, 77, 152, 169, 161, 139, 175, 104, 53, 105, 66, 84, 199, 159, 83, 173, 27, 73, 90, 67, 31, 63, 26, 20, 33, 43, 90, 166),
    (74, 100, 19, 22, 145, 93, 123, 46, 128, 42, 11, 48, 73, 114, 0, 174, 88, 164, 143, 4, 109, 168, 47, 32, 55, 40, 153, 3, 42, 82, 159, 7, 79, 189, 99, 30, 167, 163, 140, 66),
    (75, 191, 6, 131, 198, 185, 157, 106, 187, 95, 15, 179, 12, 67, 177, 91, 66, 172, 89, 5, 84, 70, 86, 6, 27, 186, 52, 11, 134, 193, 193, 123, 52, 6, 169, 138, 68, 50, 72, 140),
    (76, 58, 132, 57, 21, 93, 43, 98, 43, 53, 23, 16, 116, 195, 108, 192, 35, 167, 24, 161, 174, 175, 196, 84, 103, 127, 69, 159, 168, 198, 176, 181, 119, 160, 32, 182, 35, 106, 78, 46),
    (77, 177, 170, 169, 38, 76, 37, 28, 45, 89, 65, 140, 120, 108, 144, 147, 198, 62, 102, 102, 141, 56, 21, 80, 57, 27, 14, 60, 157, 157, 69, 44, 167, 106, 14, 71, 191, 161, 109, 121),
    (78, 67, 132, 5, 105, 176, 78, 98, 43, 83, 12, 66, 154, 77, 173, 126, 69, 102, 174, 107, 30, 171, 164, 119, 44, 139, 111, 177, 52, 199, 185, 106, 37, 54, 119, 52, 57, 157, 60, 3),
    (79, 157, 96, 142, 149, 49, 103, 85, 132, 25, 177, 138, 82, 183, 156, 17, 159, 125, 38, 149, 62, 79, 89, 125, 37, 7, 110, 196, 80, 113, 187, 2, 65, 71, 151, 9, 152, 18, 88, 99),
    (80, 110, 174, 82, 76, 30, 152, 146, 63, 70, 118, 185, 76, 140, 48, 189, 55, 19, 65, 35, 152, 69, 183, 101, 166, 143, 60, 32, 19, 177, 87, 160, 76, 21, 131, 20, 92, 42, 167, 83),
    (81, 197, 147, 161, 161, 158, 70, 116, 56, 19, 135, 47, 139, 132, 75, 84, 6, 70, 66, 128, 71, 135, 84, 69, 130, 30, 141, 101, 25, 80, 146, 79, 123, 4, 118, 72, 168, 39, 35, 131),
    (82, 179, 76, 68, 9, 108, 152, 179, 79, 187, 117, 158, 163, 145, 43, 143, 105, 127, 43, 10, 167, 77, 45, 92, 87, 125, 146, 73, 183, 131, 40, 70, 152, 96, 196, 62, 59, 34, 48, 170),
    (83, 141, 160, 148, 17, 96, 153, 116, 167, 135, 151, 127, 183, 141, 172, 86, 83, 94, 156, 105, 89, 62, 151, 69, 124, 50, 164, 93, 99, 32, 196, 66, 173, 105, 93, 180, 47, 139, 32, 45),
    (84, 120, 164, 82, 82, 156, 107, 164, 182, 140, 109, 141, 1, 93, 56, 177, 139, 100, 175, 77, 51, 0, 7, 30, 127, 75, 151, 51, 28, 179, 66, 50, 169, 92, 90, 104, 49, 58, 114, 84),
    (85, 61, 105, 137, 149, 54, 185, 5, 128, 128, 88, 123, 59, 96, 92, 156, 67, 52, 9, 139, 64, 75, 122, 185, 8, 34, 176, 161, 69, 110, 45, 161, 135, 112, 40, 136, 165, 26, 10, 75),
    (86, 47, 55, 193, 69, 160, 27, 20, 82, 7, 89, 124, 134, 0, 150, 117, 137, 179, 74, 132, 195, 194, 75, 158, 86, 123, 22, 128, 171, 13, 85, 156, 22, 13, 6, 193, 168, 78, 196, 199),
    (87, 191, 16, 130, 49, 55, 98, 157, 65, 190, 57, 192, 71, 182, 101, 4, 91, 104, 36, 150, 76, 182, 0, 123, 45, 192, 20, 120, 18, 58, 174, 163, 93, 146, 124, 190, 167, 20, 86, 77),
    (88, 7, 173, 128, 82, 74, 105, 11, 153, 89, 84, 65, 91, 168, 95, 100, 10, 112, 184, 133, 168, 170, 3, 175, 98, 181, 137, 138, 75, 148, 74, 97, 31, 166, 12, 89, 70, 19, 122, 26),
    (89, 36, 43, 101, 197, 132, 6, 28, 111, 51, 111, 30, 182, 6, 58, 136, 171, 7, 171, 52, 125, 145, 115, 122, 93, 172, 60, 132, 92, 163, 130, 18, 13, 191, 12, 55, 135, 21, 115, 14),
    (90, 81, 183, 80, 83, 150, 62, 105, 136, 179, 160, 21, 37, 100, 116, 163, 108, 96, 121, 117, 114, 60, 149, 77, 133, 78, 57, 167, 30, 143, 159, 199, 57, 89, 189, 86, 25, 58, 105, 23),
    (91, 188, 10, 95, 136, 117, 29, 154, 165, 168, 86, 63, 57, 21, 147, 63, 39, 95, 15, 11, 73, 54, 15, 82, 125, 54, 126, 97, 161, 64, 15, 86, 121, 35, 137, 58, 173, 43, 70, 170),
    (92, 165, 19, 62, 188, 132, 92, 127, 38, 189, 95, 55, 168, 91, 40, 70, 197, 33, 151, 16, 57, 98, 79, 170, 189, 40, 52, 120, 69, 84, 42, 35, 152, 81, 150, 198, 155, 29, 194, 169),
    (93, 89, 54, 174, 151, 28, 74, 29, 113, 121, 117, 53, 181, 193, 10, 177, 88, 143, 159, 76, 148, 42, 127, 96, 35, 142, 89, 62, 105, 108, 7, 24, 35, 64, 163, 125, 134, 120, 46, 6),
    (94, 24, 23, 1, 181, 122, 177, 40, 119, 30, 16, 42, 65, 94, 30, 85, 41, 65, 53, 161, 173, 167, 159, 96, 156, 178, 92, 3, 144, 19, 183, 113, 73, 133, 152, 185, 166, 172, 170, 120),
    (95, 131, 98, 187, 91, 163, 86, 194, 168, 188, 51, 44, 8, 36, 72, 55, 68, 158, 141, 48, 37, 26, 125, 180, 76, 90, 21, 7, 181, 41, 77, 46, 145, 154, 102, 156, 25, 12, 20, 112),
    (96, 83, 38, 72, 62, 174, 72, 14, 162, 198, 11, 109, 71, 44, 46, 86, 112, 87, 38, 27, 78, 173, 194, 171, 197, 56, 154, 75, 119, 161, 32, 60, 186, 62, 163, 62, 99, 38, 133, 51),
    (97, 91, 177, 97, 24, 141, 112, 159, 101, 39, 141, 52, 80, 120, 196, 166, 131, 37, 109, 167, 3, 196, 61, 24, 108, 159, 80, 97, 20, 141, 174, 101, 108, 47, 130, 77, 58, 6, 169, 39),
    (98, 82, 114, 72, 7, 145, 95, 179, 56, 118, 77, 8, 156, 42, 73, 195, 22, 146, 155, 113, 120, 23, 37, 65, 36, 42, 131, 131, 106, 166, 20, 87, 162, 14, 148, 95, 128, 158, 112, 7),
    (99, 91, 69, 153, 26, 0, 100, 81, 59, 2, 10, 36, 4, 17, 137, 156, 98, 122, 44, 175, 97, 139, 150, 36, 81, 90, 74, 196, 194, 142, 171, 61, 89, 96, 59, 197, 74, 158, 28, 149),
    (100, 69, 135, 149, 192, 23, 31, 22, 85, 69, 98, 72, 123, 92, 107, 74, 126, 172, 108, 62, 177, 150, 49, 86, 167, 24, 48, 97, 123, 199, 148, 105, 98, 10, 39, 93, 152, 185, 129, 127),
    (101, 157, 92, 135, 133, 153, 37, 4, 162, 22, 65, 54, 196, 54, 72, 138, 33, 62, 34, 162, 177, 191, 14, 48, 161, 172, 183, 160, 12, 0, 148, 18, 174, 127, 155, 107, 111, 90, 165, 50),
    (102, 60, 129, 191, 112, 91, 199, 131, 28, 159, 167, 141, 62, 120, 133, 111, 143, 40, 95, 122, 99, 22, 75, 70, 58, 11, 8, 71, 115, 41, 94, 24, 142, 195, 41, 76, 54, 156, 29, 8),
    (103, 78, 161, 85, 63, 132, 175, 41, 124, 54, 192, 198, 151, 135, 127, 57, 12, 184, 189, 25, 199, 27, 98, 176, 176, 159, 191, 152, 169, 77, 180, 166, 51, 62, 109, 38, 186, 191, 3, 16),
    (104, 68, 86, 177, 109, 90, 199, 162, 52, 160, 24, 58, 49, 65, 82, 44, 172, 159, 68, 54, 71, 69, 88, 66, 8, 61, 130, 48, 101, 139, 141, 3, 156, 190, 75, 174, 68, 159, 182, 25),
    (105, 196, 30, 117, 161, 144, 154, 29, 2, 121, 107, 17, 116, 150, 109, 124, 35, 19, 176, 77, 164, 112, 49, 19, 103, 12, 24, 93, 140, 180, 109, 181, 34, 191, 157, 123, 176, 51, 158, 81),
    (106, 119, 68, 171, 125, 167, 39, 70, 177, 15, 128, 166, 24, 64, 187, 167, 96, 138, 29, 44, 135, 48, 27, 91, 141, 119, 16, 55, 163, 81, 88, 106, 130, 30, 90, 73, 32, 87, 91, 154),
    (107, 68, 28, 182, 186, 104, 12, 93, 172, 60, 37, 42, 193, 197, 99, 40, 103, 196, 21, 170, 195, 121, 118, 198, 19, 32, 73, 115, 175, 166, 46, 177, 168, 135, 104, 17, 107, 146, 178, 175),
    (108, 163, 107, 152, 73, 89, 109, 104, 117, 120, 143, 163, 79, 67, 57, 58, 25, 122, 66, 3, 48, 46, 153, 159, 17, 61, 65, 132, 149, 62, 64, 11, 167, 23, 186, 109, 13, 102, 192, 8),
    (109, 59, 93, 126, 70, 21, 18, 139, 66, 187, 122, 3, 62, 5, 43, 30, 187, 52, 171, 199, 127, 35, 131, 158, 36, 154, 196, 28, 106, 44, 31, 168, 36, 112, 30, 86, 115, 123, 190, 100),
    (110, 132, 132, 36, 3, 101, 183, 45, 3, 38, 25, 7, 122, 116, 194, 95, 47, 133, 138, 60, 54, 19, 139, 94, 165, 144, 170, 62, 65, 184, 20, 51, 109, 31, 74, 61, 122, 77, 90, 124),
    (111, 119, 95, 129, 21, 168, 98, 143, 16, 112, 131, 62, 42, 74, 93, 178, 170, 95, 47, 92, 27, 41, 180, 44, 59, 33, 145, 197, 164, 161, 123, 106, 182, 37, 14, 58, 111, 161, 27, 9),
    (112, 46, 146, 111, 34, 171, 146, 171, 94, 64, 33, 39, 130, 145, 164, 168, 145, 2, 182, 193, 19, 120, 25, 16, 152, 64, 66, 116, 147, 38, 33, 197, 56, 43, 38, 115, 80, 103, 58, 67),
    (113, 76, 82, 51, 99, 26, 2, 98, 95, 33, 160, 64, 8, 33, 115, 171, 6, 178, 3, 39, 80, 140, 16, 25, 21, 77, 106, 40, 82, 118, 123, 66, 5, 124, 109, 1, 54, 51, 177, 175),
    (114, 81, 115, 72, 121, 162, 130, 22, 33, 83, 154, 147, 192, 131, 90, 171, 94, 59, 49, 22, 184, 32, 183, 57, 67, 155, 115, 9, 142, 102, 129, 102, 24, 14, 144, 76, 28, 182, 50, 123),
    (115, 30, 162, 39, 10, 4, 190, 164, 181, 61, 49, 84, 190, 81, 44, 168, 54, 24, 144, 101, 2, 151, 123, 27, 128, 28, 107, 104, 115, 142, 79, 173, 40, 105, 153, 72, 14, 45, 161, 123),
    (116, 75, 163, 140, 151, 130, 44, 46, 82, 20, 154, 87, 145, 156, 73, 161, 103, 98, 30, 102, 9, 182, 70, 8, 198, 140, 6, 75, 48, 173, 52, 76, 96, 73, 5, 63, 69, 23, 55, 12),
    (117, 128, 145, 15, 10, 151, 7, 197, 144, 197, 147, 180, 191, 63, 105, 122, 144, 154, 144, 3, 123, 66, 69, 12, 165, 17, 108, 79, 79, 1, 123, 173, 80, 176, 8, 33, 89, 101, 33, 182),
    (118, 74, 130, 74, 161, 23, 172, 178, 92, 17, 189, 137, 2, 75, 122, 68, 71, 107, 32, 110, 113, 83, 188, 146, 81, 50, 95, 19, 143, 122, 196, 130, 34, 59, 40, 2, 152, 95, 137, 23),
    (119, 107, 137, 121, 38, 93, 83, 34, 67, 143, 73, 197, 72, 56, 33, 10, 167, 2, 30, 61, 132, 167, 170, 36, 50, 60, 25, 84, 95, 90, 152, 46, 20, 27, 24, 167, 11, 198, 86, 175),
    (120, 155, 89, 158, 68, 4, 141, 12, 104, 26, 152, 121, 62, 14, 125, 121, 17, 27, 23, 164, 75, 29, 51, 105, 65, 71, 122, 145, 75, 180, 198, 8, 64, 10, 147, 92, 4, 67, 32, 80),
    (121, 170, 183, 35, 12, 12, 161, 129, 176, 187, 193, 175, 51, 44, 65, 33, 64, 166, 43, 67, 12, 62, 33, 110, 146, 77, 98, 112, 178, 70, 165, 186, 91, 46, 129, 23, 183, 45, 63, 185),
    (122, 162, 166, 44, 94, 145, 25, 42, 44, 0, 14, 45, 85, 65, 82, 102, 152, 87, 149, 124, 148, 5, 47, 13, 71, 95, 182, 49, 79, 53, 29, 178, 194, 42, 93, 70, 21, 181, 106, 45),
    (123, 158, 40, 69, 58, 195, 102, 3, 151, 49, 66, 73, 168, 80, 112, 133, 164, 93, 106, 100, 163, 189, 76, 34, 13, 11, 110, 41, 31, 181, 7, 114, 105, 21, 199, 8, 159, 175, 121, 46),
    (124, 134, 141, 37, 2, 13, 63, 65, 135, 73, 102, 84, 147, 187, 35, 54, 52, 59, 135, 183, 43, 121, 107, 47, 161, 160, 110, 112, 164, 34, 97, 171, 189, 43, 169, 59, 97, 127, 187, 195),
    (125, 44, 77, 110, 151, 118, 81, 181, 166, 188, 53, 74, 181, 52, 125, 134, 143, 195, 132, 79, 158, 171, 103, 164, 117, 133, 54, 3, 87, 149, 179, 193, 12, 114, 120, 115, 169, 103, 135, 62),
    (126, 38, 120, 28, 116, 113, 172, 72, 46, 193, 27, 15, 178, 60, 196, 136, 148, 164, 130, 63, 115, 45, 143, 23, 158, 195, 139, 125, 181, 140, 99, 2, 45, 95, 36, 81, 167, 103, 0, 141),
    (127, 100, 118, 163, 187, 114, 56, 45, 4, 82, 86, 105, 92, 117, 172, 9, 105, 140, 146, 191, 16, 29, 74, 122, 4, 25, 22, 189, 136, 178, 104, 24, 199, 156, 165, 35, 122, 149, 100, 0),
    (128, 101, 128, 100, 196, 188, 18, 13, 99, 106, 126, 21, 197, 183, 151, 63, 59, 163, 22, 157, 37, 119, 12, 191, 72, 140, 144, 9, 157, 180, 46, 67, 192, 83, 96, 85, 20, 104, 4, 39),
    (129, 8, 39, 52, 97, 13, 117, 94, 97, 165, 171, 119, 113, 101, 20, 179, 18, 120, 100, 22, 76, 32, 157, 197, 193, 32, 39, 90, 178, 38, 146, 130, 162, 59, 80, 149, 18, 31, 154, 172),
    (130, 151, 73, 73, 27, 47, 182, 29, 46, 139, 82, 18, 132, 120, 14, 51, 139, 188, 84, 83, 16, 13, 28, 8, 32, 173, 171, 85, 82, 28, 160, 176, 150, 98, 166, 1, 53, 65, 17, 114),
    (131, 32, 25, 82, 43, 121, 186, 94, 41, 113, 75, 161, 32, 89, 125, 69, 119, 189, 103, 87, 43, 69, 27, 72, 143, 75, 20, 193, 50, 176, 123, 48, 135, 89, 179, 131, 53, 85, 89, 108),
    (132, 56, 154, 100, 163, 143, 153, 53, 81, 23, 3, 105, 109, 131, 143, 106, 36, 87, 9, 20, 84, 86, 120, 161, 180, 135, 84, 95, 57, 134, 95, 25, 100, 166, 56, 98, 178, 7, 103, 27),
    (133, 20, 22, 192, 180, 171, 83, 17, 196, 50, 105, 184, 135, 117, 99, 141, 179, 121, 184, 79, 25, 2, 164, 79, 173, 90, 97, 59, 130, 71, 191, 5, 0, 198, 42, 156, 21, 165, 22, 131),
    (134, 161, 52, 116, 112, 190, 50, 150, 140, 97, 137, 147, 77, 92, 150, 55, 175, 198, 118, 86, 46, 116, 199, 79, 65, 87, 71, 6, 114, 181, 127, 132, 47, 151, 125, 118, 142, 107, 5, 61),
    (135, 91, 31, 42, 152, 124, 94, 154, 38, 17, 161, 15, 138, 129, 47, 101, 66, 58, 75, 174, 101, 97, 196, 112, 18, 92, 49, 153, 134, 99, 99, 93, 181, 134, 99, 160, 149, 49, 3, 44),
    (136, 6, 145, 106, 26, 22, 34, 20, 90, 175, 122, 133, 135, 183, 41, 144, 89, 80, 27, 142, 28, 30, 194, 118, 122, 25, 198, 80, 97, 116, 139, 50, 84, 30, 186, 58, 25, 105, 34, 149),
    (137, 149, 197, 49, 15, 168, 123, 30, 27, 26, 133, 76, 2, 173, 14, 78, 111, 56, 46, 188, 26, 104, 141, 158, 153, 157, 2, 76, 189, 195, 146, 46, 102, 181, 7, 61, 10, 169, 70, 58),
    (138, 127, 156, 174, 54, 7, 36, 66, 67, 70, 31, 188, 4, 162, 99, 176, 39, 128, 191, 157, 174, 6, 24, 182, 68, 99, 46, 192, 86, 3, 184, 125, 136, 59, 101, 154, 198, 189, 18, 136),
    (139, 26, 60, 7, 122, 70, 4, 122, 29, 74, 101, 199, 63, 173, 166, 155, 174, 77, 111, 124, 136, 20, 29, 98, 22, 199, 195, 56, 72, 80, 22, 160, 156, 138, 15, 117, 42, 38, 89, 144),
    (140, 97, 22, 172, 94, 19, 29, 73, 127, 90, 35, 157, 85, 12, 91, 189, 42, 116, 112, 49, 168, 167, 86, 55, 4, 6, 12, 64, 158, 179, 80, 150, 24, 22, 132, 156, 81, 24, 22, 12),
    (141, 94, 161, 74, 119, 152, 69, 181, 114, 6, 151, 121, 63, 35, 39, 2, 26, 148, 47, 171, 161, 7, 6, 37, 111, 161, 42, 130, 105, 10, 43, 68, 131, 189, 26, 64, 60, 85, 93, 177),
    (142, 88, 90, 53, 170, 47, 143, 75, 2, 129, 55, 100, 178, 27, 196, 1, 48, 28, 153, 82, 16, 158, 30, 66, 75, 58, 118, 125, 85, 198, 73, 191, 99, 186, 69, 116, 79, 126, 13, 164),
    (143, 3, 23, 164, 8, 45, 162, 91, 182, 116, 132, 40, 155, 17, 63, 61, 100, 151, 105, 140, 111, 113, 111, 57, 182, 8, 158, 123, 56, 110, 114, 9, 123, 139, 134, 89, 111, 40, 185, 102),
    (144, 109, 154, 94, 71, 9, 89, 37, 63, 27, 164, 84, 136, 107, 86, 67, 189, 68, 184, 148, 121, 196, 58, 114, 165, 4, 104, 48, 192, 120, 64, 57, 171, 59, 76, 109, 129, 191, 87, 87),
    (145, 151, 32, 131, 47, 55, 137, 21, 155, 175, 50, 76, 48, 30, 100, 152, 198, 57, 45, 130, 35, 161, 19, 172, 52, 141, 161, 168, 147, 177, 55, 48, 95, 9, 60, 157, 15, 116, 63, 47),
    (146, 76, 187, 153, 99, 98, 57, 42, 33, 143, 78, 96, 175, 125, 191, 57, 89, 121, 161, 10, 77, 28, 146, 163, 0, 86, 59, 65, 160, 57, 52, 20, 170, 84, 86, 164, 77, 43, 46, 86),
    (147, 35, 63, 28, 87, 42, 1, 111, 165, 143, 112, 86, 121, 25, 51, 156, 91, 70, 134, 141, 48, 118, 162, 138, 51, 10, 124, 99, 45, 51, 193, 76, 161, 2, 98, 11, 126, 109, 183, 156),
    (148, 30, 11, 94, 44, 58, 72, 66, 81, 63, 26, 117, 94, 194, 50, 151, 8, 170, 163, 82, 29, 109, 111, 103, 27, 175, 171, 122, 30, 164, 101, 19, 84, 107, 173, 22, 15, 66, 145, 148),
    (149, 168, 46, 115, 93, 3, 42, 197, 68, 104, 138, 136, 103, 157, 21, 81, 160, 151, 16, 131, 112, 5, 112, 124, 114, 29, 166, 66, 184, 15, 110, 96, 80, 49, 185, 8, 59, 27, 186, 95),
    (150, 141, 196, 75, 55, 11, 190, 48, 15, 156, 50, 137, 103, 62, 74, 90, 121, 65, 0, 199, 50, 53, 23, 101, 191, 124, 131, 34, 159, 36, 94, 28, 56, 183, 197, 99, 113, 156, 9, 131),
    (151, 184, 75, 117, 94, 2, 48, 192, 125, 158, 103, 92, 174, 164, 137, 120, 113, 118, 47, 174, 174, 167, 157, 140, 72, 71, 102, 62, 147, 138, 1, 30, 72, 62, 193, 85, 12, 135, 153, 96),
    (152, 3, 30, 70, 150, 131, 199, 192, 133, 98, 63, 81, 38, 149, 119, 49, 61, 1, 32, 124, 182, 9, 139, 108, 3, 80, 107, 127, 175, 34, 175, 177, 139, 69, 108, 32, 48, 40, 87, 59),
    (153, 132, 86, 75, 199, 186, 119, 56, 9, 142, 11, 40, 86, 153, 196, 60, 111, 197, 20, 5, 163, 42, 167, 197, 137, 45, 8, 189, 132, 6, 37, 199, 51, 147, 157, 127, 13, 43, 56, 173),
    (154, 183, 81, 32, 4, 125, 106, 5, 89, 86, 77, 160, 6, 88, 22, 198, 50, 71, 92, 179, 175, 15, 69, 76, 21, 3, 189, 79, 5, 35, 63, 181, 20, 135, 19, 64, 169, 104, 87, 97),
    (155, 195, 122, 112, 124, 180, 38, 142, 191, 181, 0, 136, 8, 11, 14, 192, 67, 49, 5, 50, 62, 55, 97, 41, 169, 181, 12, 117, 119, 19, 166, 191, 168, 135, 179, 115, 179, 91, 36, 175),
    (156, 82, 88, 97, 49, 112, 181, 50, 90, 166, 38, 73, 55, 27, 169, 141, 149, 187, 100, 84, 197, 178, 164, 157, 28, 32, 164, 145, 181, 87, 55, 155, 134, 7, 159, 49, 151, 26, 77, 150),
    (157, 199, 198, 149, 195, 103, 97, 143, 170, 107, 6, 155, 188, 24, 182, 193, 175, 142, 148, 22, 18, 52, 41, 154, 116, 42, 107, 108, 129, 75, 66, 24, 89, 118, 126, 96, 6, 104, 52, 69),
    (158, 0, 136, 139, 148, 60, 86, 77, 28, 106, 44, 100, 93, 22, 25, 161, 99, 176, 20, 22, 42, 199, 67, 49, 183, 127, 8, 127, 175, 1, 173, 152, 97, 178, 9, 169, 11, 14, 139, 60),
    (159, 65, 44, 195, 12, 196, 195, 141, 118, 164, 186, 153, 145, 157, 61, 9, 126, 146, 48, 164, 16, 0, 132, 176, 2, 139, 66, 178, 183, 138, 198, 193, 124, 173, 63, 162, 20, 4, 44, 3),
    (160, 137, 64, 174, 166, 114, 144, 45, 78, 62, 24, 196, 173, 167, 51, 86, 133, 48, 129, 43, 118, 77, 55, 57, 47, 42, 80, 70, 155, 198, 123, 52, 5, 85, 112, 39, 93, 185, 178, 12),
    (161, 7, 135, 138, 192, 69, 7, 33, 156, 8, 26, 15, 89, 15, 121, 93, 146, 81, 161, 168, 135, 125, 108, 192, 182, 155, 67, 126, 54, 55, 22, 102, 37, 53, 4, 127, 66, 41, 146, 74),
    (162, 135, 153, 0, 167, 88, 32, 3, 26, 153, 135, 169, 94, 147, 60, 116, 146, 137, 178, 131, 165, 194, 24, 70, 151, 106, 42, 194, 147, 56, 59, 171, 106, 85, 102, 199, 47, 78, 21, 15),
    (163, 109, 126, 141, 146, 180, 174, 92, 9, 157, 10, 45, 8, 69, 23, 190, 19, 80, 160, 103, 72, 167, 39, 186, 80, 20, 0, 10, 164, 132, 16, 161, 164, 199, 111, 161, 165, 76, 107, 65),
    (164, 122, 79, 161, 168, 97, 6, 86, 89, 46, 9, 93, 28, 51, 38, 117, 54, 157, 70, 125, 29, 25, 4, 20, 139, 12, 62, 54, 151, 19, 153, 7, 85, 180, 98, 75, 194, 31, 9, 146),
    (165, 55, 70, 43, 24, 56, 30, 158, 126, 87, 56, 152, 172, 77, 33, 134, 129, 29, 183, 169, 85, 195, 74, 14, 102, 142, 134, 66, 11, 115, 114, 81, 170, 166, 57, 111, 157, 97, 144, 93),
    (166, 195, 136, 127, 173, 183, 179, 41, 84, 186, 149, 113, 138, 77, 130, 24, 19, 63, 116, 77, 169, 68, 127, 66, 83, 193, 47, 163, 34, 11, 180, 101, 155, 35, 1, 96, 42, 163, 67, 181),
    (167, 68, 135, 37, 85, 52, 189, 50, 107, 172, 41, 125, 175, 18, 24, 98, 181, 187, 41, 150, 112, 100, 38, 117, 181, 167, 144, 161, 77, 57, 53, 60, 180, 19, 80, 170, 97, 196, 70, 65),
    (168, 54, 149, 180, 100, 138, 101, 39, 126, 179, 63, 90, 16, 57, 17, 170, 47, 0, 108, 110, 84, 185, 83, 163, 28, 132, 18, 187, 29, 50, 175, 59, 162, 53, 16, 132, 36, 13, 19, 4),
    (169, 188, 36, 94, 20, 0, 40, 20, 182, 128, 39, 89, 177, 21, 154, 110, 86, 139, 103, 84, 3, 29, 167, 178, 190, 199, 51, 18, 114, 85, 140, 131, 87, 140, 34, 68, 39, 80, 194, 174),
    (170, 45, 122, 104, 152, 199, 118, 90, 195, 127, 80, 191, 195, 53, 179, 188, 8, 48, 169, 55, 93, 25, 97, 149, 44, 33, 83, 163, 60, 173, 148, 160, 82, 20, 99, 95, 50, 117, 38, 40),
    (171, 93, 42, 69, 60, 87, 55, 24, 69, 46, 158, 108, 30, 28, 1, 120, 195, 90, 6, 109, 85, 170, 136, 106, 3, 59, 51, 24, 47, 95, 62, 160, 186, 18, 148, 126, 140, 151, 159, 20),
    (172, 130, 102, 2, 148, 160, 162, 123, 159, 86, 92, 58, 175, 134, 55, 168, 11, 45, 182, 35, 143, 174, 6, 150, 197, 186, 112, 77, 176, 45, 16, 115, 140, 47, 159, 76, 19, 38, 38, 114),
    (173, 9, 52, 190, 181, 116, 122, 46, 10, 139, 144, 84, 54, 21, 87, 134, 26, 95, 102, 47, 39, 129, 14, 84, 73, 46, 27, 94, 39, 111, 159, 11, 103, 84, 6, 51, 38, 14, 39, 81),
    (174, 98, 188, 91, 191, 29, 79, 23, 4, 138, 178, 68, 115, 63, 49, 192, 17, 166, 119, 153, 133, 199, 139, 168, 36, 11, 173, 121, 156, 60, 146, 36, 15, 73, 80, 155, 15, 172, 58, 169),
    (175, 36, 88, 76, 141, 91, 54, 10, 81, 107, 42, 145, 45, 121, 19, 84, 23, 8, 104, 60, 39, 138, 47, 4, 23, 79, 140, 86, 152, 40, 13, 44, 101, 71, 13, 184, 163, 31, 53, 108),
    (176, 144, 81, 160, 63, 154, 16, 44, 68, 28, 121, 189, 8, 83, 58, 161, 118, 170, 95, 196, 186, 141, 5, 54, 89, 38, 38, 18, 108, 96, 120, 110, 51, 81, 64, 54, 155, 179, 183, 25),
    (177, 159, 140, 53, 163, 104, 6, 115, 46, 18, 22, 95, 10, 6, 18, 121, 192, 124, 81, 163, 140, 63, 153, 5, 110, 61, 50, 149, 183, 52, 162, 110, 152, 127, 62, 74, 98, 15, 149, 91),
    (178, 185, 117, 12, 132, 104, 5, 84, 149, 7, 153, 1, 50, 185, 29, 131, 60, 177, 175, 137, 45, 20, 18, 81, 59, 196, 37, 147, 73, 13, 64, 70, 114, 139, 198, 24, 150, 35, 192, 28),
    (179, 17, 107, 181, 115, 13, 84, 24, 129, 46, 69, 36, 101, 159, 103, 116, 2, 136, 174, 37, 12, 95, 25, 21, 109, 187, 131, 100, 13, 68, 151, 193, 185, 116, 164, 1, 88, 154, 55, 174),
    (180, 118, 76, 119, 85, 151, 171, 169, 144, 9, 98, 108, 42, 171, 97, 24, 174, 118, 135, 145, 30, 167, 110, 139, 55, 133, 94, 162, 145, 172, 57, 128, 29, 75, 13, 53, 49, 88, 132, 17),
    (181, 181, 145, 45, 81, 33, 27, 196, 56, 89, 143, 117, 169, 138, 173, 121, 134, 37, 21, 115, 9, 114, 152, 22, 101, 167, 138, 124, 131, 184, 111, 62, 153, 154, 152, 118, 139, 62, 103, 179),
    (182, 105, 32, 82, 193, 102, 107, 196, 104, 12, 136, 94, 47, 86, 95, 16, 171, 125, 66, 10, 107, 82, 151, 1, 99, 46, 81, 130, 91, 132, 104, 157, 60, 62, 78, 12, 90, 150, 111, 106),
    (183, 59, 97, 163, 124, 50, 142, 124, 62, 50, 8, 194, 76, 74, 32, 107, 10, 70, 119, 48, 155, 9, 1, 186, 6, 88, 131, 26, 71, 7, 52, 119, 50, 178, 141, 145, 90, 68, 168, 104),
    (184, 150, 111, 175, 104, 104, 104, 79, 167, 149, 119, 52, 53, 81, 174, 8, 118, 58, 101, 52, 72, 83, 30, 94, 96, 66, 55, 160, 149, 194, 124, 167, 103, 171, 190, 26, 96, 125, 162, 10),
    (185, 126, 92, 26, 81, 134, 35, 174, 177, 43, 149, 83, 148, 23, 118, 73, 62, 162, 153, 92, 30, 98, 105, 6, 76, 193, 50, 104, 44, 70, 191, 186, 114, 99, 77, 70, 124, 8, 45, 150),
    (186, 102, 108, 144, 10, 196, 87, 90, 76, 177, 90, 4, 124, 56, 7, 79, 184, 152, 58, 113, 21, 8, 108, 38, 83, 173, 117, 35, 199, 130, 161, 154, 152, 12, 139, 77, 93, 125, 61, 150),
    (187, 122, 156, 177, 135, 68, 140, 71, 11, 35, 102, 113, 121, 183, 134, 137, 18, 50, 132, 40, 120, 154, 101, 48, 57, 190, 190, 69, 54, 151, 162, 90, 189, 27, 26, 183, 68, 75, 185, 177),
    (188, 151, 34, 50, 131, 39, 16, 16, 65, 107, 69, 79, 164, 6, 51, 96, 159, 163, 40, 12, 128, 129, 25, 171, 62, 148, 107, 163, 62, 170, 126, 157, 126, 123, 102, 21, 121, 137, 49, 62),
    (189, 57, 142, 26, 124, 14, 142, 43, 167, 111, 51, 82, 47, 144, 65, 29, 4, 34, 108, 3, 156, 42, 70, 49, 165, 15, 53, 129, 136, 110, 64, 110, 170, 63, 174, 123, 126, 102, 118, 138),
    (190, 170, 163, 181, 159, 197, 156, 137, 33, 121, 61, 111, 136, 83, 185, 3, 188, 133, 124, 108, 22, 137, 160, 33, 125, 5, 104, 137, 182, 177, 131, 125, 127, 145, 63, 59, 61, 186, 32, 31),
    (191, 118, 15, 74, 58, 56, 120, 148, 28, 106, 84, 29, 162, 132, 70, 51, 184, 165, 103, 76, 170, 0, 156, 17, 23, 40, 197, 191, 151, 86, 95, 137, 10, 27, 14, 61, 156, 139, 141, 89),
    (192, 85, 67, 169, 182, 195, 85, 85, 91, 108, 65, 179, 22, 190, 118, 43, 121, 110, 48, 109, 103, 109, 18, 147, 122, 197, 166, 158, 113, 136, 5, 112, 4, 131, 110, 75, 50, 157, 145, 183),
    (193, 154, 78, 46, 1, 158, 187, 133, 132, 41, 43, 153, 6, 87, 177, 169, 36, 67, 156, 184, 7, 98, 150, 50, 196, 187, 97, 121, 16, 7, 184, 65, 55, 46, 181, 106, 157, 174, 175, 137),
    (194, 86, 26, 171, 98, 94, 74, 16, 31, 174, 155, 48, 133, 0, 187, 154, 41, 177, 45, 193, 70, 39, 59, 76, 67, 30, 177, 72, 27, 51, 119, 86, 38, 34, 117, 154, 98, 179, 6, 109),
    (195, 35, 20, 116, 47, 21, 198, 142, 81, 54, 76, 164, 22, 81, 9, 83, 116, 141, 149, 82, 126, 65, 93, 174, 1, 196, 57, 176, 177, 153, 128, 185, 27, 159, 158, 179, 104, 100, 123, 3),
    (196, 90, 147, 126, 32, 82, 52, 92, 32, 189, 138, 134, 185, 45, 111, 64, 181, 198, 120, 195, 150, 151, 54, 141, 106, 98, 94, 111, 120, 150, 111, 69, 59, 198, 54, 197, 119, 49, 36, 14),
    (197, 67, 124, 115, 124, 9, 63, 8, 88, 33, 96, 2, 9, 149, 79, 12, 7, 76, 167, 166, 162, 177, 145, 104, 196, 32, 34, 86, 52, 166, 68, 194, 98, 16, 3, 123, 133, 126, 30, 118),
    (198, 144, 102, 126, 189, 195, 153, 102, 100, 96, 11, 104, 145, 22, 103, 45, 71, 82, 133, 150, 104, 88, 165, 137, 89, 132, 61, 172, 4, 131, 118, 148, 0, 9, 53, 78, 134, 168, 181, 195),
    (199, 117, 48, 155, 4, 154, 146, 1, 158, 29, 193, 39, 21, 100, 158, 46, 193, 119, 150, 111, 15, 138, 8, 76, 77, 47, 70, 192, 169, 155, 31, 15, 167, 199, 35, 128, 57, 67, 182, 83);

INSERT INTO T21 (pk, t1, t2, t3, t4, t5, t6, t7, t8, t9, t10, t11, t12, t13, t14, t15, t16, t17, t18, t19, t20, t22, t23, t24, t25, t26, t27, t28, t29, t30, t31, t32, t33, t34, t35, t36, t37, t38, t39, t40)
VALUES
    (0, 126, 3, 190, 124, 70, 9, 105, 181, 131, 0, 146, 50, 137, 196, 57, 46, 105, 150, 138, 115, 181, 74, 168, 126, 185, 56, 121, 39, 128, 139, 116, 12, 68, 41, 128, 51, 9, 168, 156),
    (1, 50, 184, 41, 122, 155, 51, 198, 87, 64, 104, 54, 166, 135, 101, 151, 118, 138, 41, 50, 39, 104, 20, 185, 63, 28, 76, 189, 150, 138, 187, 131, 63, 180, 179, 102, 139, 110, 22, 192),
    (2, 126, 155, 16, 178, 27, 129, 151, 157, 114, 187, 40, 19, 123, 69, 25, 173, 0, 112, 134, 35, 121, 143, 86, 48, 15, 141, 10, 20, 191, 75, 32, 53, 28, 69, 141, 79, 91, 27, 57),
    (3, 127, 13, 50, 1, 160, 157, 135, 93, 181, 192, 151, 195, 17, 99, 110, 118, 102, 11, 128, 177, 76, 142, 119, 51, 161, 19, 173, 145, 135, 82, 47, 126, 24, 198, 21, 145, 186, 29, 155),
    (4, 100, 42, 105, 116, 159, 29, 58, 15, 163, 124, 21, 61, 139, 26, 189, 149, 142, 18, 48, 118, 45, 197, 149, 198, 0, 188, 106, 21, 116, 21, 36, 49, 171, 185, 119, 73, 6, 190, 123),
    (5, 181, 154, 44, 110, 50, 113, 48, 18, 73, 199, 98, 29, 136, 161, 122, 154, 21, 148, 103, 192, 123, 191, 7, 51, 148, 85, 145, 45, 51, 103, 63, 169, 180, 133, 76, 134, 40, 192, 133),
    (6, 80, 28, 173, 72, 147, 15, 48, 127, 20, 26, 54, 117, 76, 7, 63, 27, 190, 102, 76, 43, 46, 40, 46, 15, 102, 45, 188, 40, 23, 23, 67, 2, 114, 88, 36, 8, 127, 89, 127),
    (7, 96, 79, 38, 73, 64, 195, 158, 87, 31, 74, 198, 35, 80, 184, 187, 166, 152, 4, 82, 167, 191, 21, 57, 122, 5, 194, 143, 82, 130, 31, 53, 114, 147, 76, 195, 69, 169, 157, 126),
    (8, 136, 103, 43, 1, 187, 178, 21, 31, 106, 127, 35, 156, 121, 106, 160, 131, 116, 48, 89, 82, 99, 186, 80, 113, 121, 169, 114, 34, 21, 197, 109, 146, 123, 170, 102, 88, 155, 48, 145),
    (9, 125, 175, 179, 104, 151, 91, 33, 46, 147, 73, 14, 36, 136, 75, 187, 60, 177, 118, 117, 35, 116, 177, 112, 22, 50, 100, 77, 129, 168, 119, 94, 8, 123, 49, 9, 113, 132, 7, 199),
    (10, 120, 153, 180, 77, 48, 65, 77, 155, 131, 161, 71, 84, 37, 170, 10, 190, 101, 130, 23, 195, 16, 176, 118, 48, 59, 195, 173, 103, 38, 153, 82, 139, 33, 178, 173, 131, 51, 176, 132),
    (11, 179, 181, 76, 164, 114, 117, 67, 167, 199, 92, 68, 148, 188, 178, 92, 91, 117, 177, 145, 53, 147, 87, 7, 71, 7, 126, 15, 111, 110, 114, 86, 168, 95, 74, 34, 132, 181, 160, 84),
    (12, 168, 142, 183, 54, 63, 127, 76, 184, 151, 113, 11, 7, 101, 88, 194, 28, 114, 30, 163, 193, 187, 52, 43, 127, 39, 79, 87, 50, 161, 182, 71, 69, 179, 113, 196, 194, 168, 98, 59),
    (13, 64, 116, 131, 156, 120, 78, 14, 122, 156, 3, 189, 82, 26, 193, 182, 131, 31, 91, 132, 40, 36, 10, 63, 13, 190, 149, 39, 13, 199, 167, 96, 194, 8, 39, 81, 176, 72, 79, 136),
    (14, 102, 131, 13, 62, 93, 58, 154, 161, 122, 193, 193, 138, 127, 28, 17, 60, 51, 115, 71, 75, 21, 118, 127, 192, 127, 79, 117, 5, 6, 193, 32, 179, 40, 18, 109, 160, 123, 120, 17),
    (15, 130, 40, 178, 40, 85, 16, 145, 136, 105, 120, 126, 158, 1, 138, 11, 176, 58, 145, 34, 168, 101, 64, 46, 178, 26, 2, 49, 167, 59, 100, 173, 174, 45, 125, 184, 108, 137, 85, 105),
    (16, 118, 49, 144, 34, 72, 105, 15, 98, 150, 54, 170, 139, 118, 106, 161, 106, 146, 122, 115, 192, 100, 23, 164, 88, 116, 41, 8, 1, 72, 116, 100, 124, 110, 111, 97, 26, 145, 33, 161),
    (17, 142, 79, 173, 41, 41, 172, 155, 34, 8, 89, 51, 113, 30, 42, 135, 191, 74, 11, 146, 69, 93, 78, 152, 64, 108, 23, 113, 73, 185, 7, 187, 4, 124, 92, 89, 106, 166, 59, 30),
    (18, 181, 144, 114, 84, 2, 159, 16, 27, 43, 46, 196, 82, 90, 190, 176, 44, 49, 27, 146, 51, 67, 143, 165, 5, 160, 40, 1, 25, 48, 84, 182, 41, 25, 87, 116, 23, 93, 9, 126),
    (19, 22, 159, 32, 58, 143, 179, 95, 90, 123, 44, 135, 19, 144, 12, 21, 50, 30, 107, 174, 171, 174, 44, 40, 189, 186, 8, 81, 12, 111, 44, 17, 140, 156, 151, 187, 81, 35, 79, 90),
    (20, 85, 66, 93, 67, 129, 155, 192, 37, 81, 68, 153, 176, 41, 38, 4, 34, 198, 42, 27, 178, 8, 9, 100, 55, 87, 171, 97, 56, 92, 80, 102, 113, 141, 141, 36, 141, 6, 2, 130),
    (21, 131, 190, 21, 139, 198, 141, 30, 109, 172, 117, 14, 128, 105, 176, 70, 65, 121, 74, 84, 29, 29, 29, 40, 7, 113, 172, 86, 181, 62, 112, 31, 91, 79, 136, 193, 149, 25, 25, 100),
    (22, 93, 198, 122, 43, 181, 116, 56, 30, 111, 17, 50, 34, 49, 90, 90, 148, 39, 48, 94, 47, 22, 30, 192, 38, 41, 194, 196, 29, 176, 10, 150, 79, 159, 99, 40, 54, 165, 57, 190),
    (23, 163, 24, 117, 61, 71, 40, 164, 78, 120, 111, 131, 54, 108, 119, 140, 110, 153, 132, 67, 96, 141, 190, 169, 74, 64, 45, 89, 0, 13, 30, 90, 192, 43, 75, 124, 161, 31, 140, 105),
    (24, 128, 93, 19, 111, 179, 103, 156, 17, 60, 57, 67, 112, 50, 0, 184, 108, 110, 153, 65, 42, 187, 6, 74, 16, 181, 20, 15, 103, 17, 59, 11, 84, 61, 55, 194, 40, 151, 26, 163),
    (25, 162, 67, 118, 23, 199, 71, 198, 157, 138, 35, 117, 174, 81, 46, 95, 51, 66, 154, 180, 97, 69, 24, 180, 194, 173, 36, 185, 92, 119, 160, 195, 78, 167, 180, 118, 23, 31, 161, 192),
    (26, 33, 193, 83, 100, 24, 132, 185, 192, 150, 22, 117, 90, 135, 33, 51, 18, 179, 13, 116, 179, 161, 116, 1, 20, 184, 192, 27, 88, 67, 95, 55, 93, 192, 108, 112, 158, 75, 80, 16),
    (27, 171, 162, 36, 104, 7, 141, 167, 43, 57, 42, 56, 50, 90, 37, 109, 64, 184, 63, 120, 159, 46, 75, 88, 157, 1, 116, 42, 168, 38, 177, 189, 86, 91, 111, 112, 82, 171, 76, 26),
    (28, 152, 77, 11, 68, 146, 118, 98, 91, 120, 39, 93, 163, 198, 182, 50, 29, 11, 171, 152, 184, 195, 117, 177, 8, 136, 102, 189, 5, 18, 4, 115, 160, 24, 117, 60, 19, 54, 127, 63),
    (29, 194, 116, 151, 110, 101, 118, 1, 14, 46, 101, 62, 90, 76, 103, 167, 8, 21, 86, 150, 102, 108, 82, 198, 59, 158, 50, 21, 15, 72, 20, 98, 30, 199, 187, 39, 116, 1, 111, 94),
    (30, 20, 189, 102, 5, 137, 60, 42, 117, 75, 191, 127, 23, 139, 145, 41, 92, 172, 23, 171, 60, 189, 82, 37, 103, 147, 24, 62, 84, 152, 81, 72, 48, 181, 56, 7, 189, 51, 176, 191),
    (31, 113, 77, 145, 111, 101, 159, 189, 58, 147, 23, 54, 39, 11, 173, 82, 118, 67, 61, 2, 127, 51, 77, 49, 174, 69, 194, 185, 93, 196, 128, 92, 188, 49, 109, 141, 176, 147, 51, 1),
    (32, 144, 187, 173, 80, 134, 156, 186, 118, 62, 26, 49, 114, 74, 115, 47, 141, 38, 55, 75, 80, 97, 20, 112, 74, 151, 33, 123, 187, 152, 102, 123, 121, 167, 27, 193, 74, 59, 64, 154),
    (33, 20, 198, 32, 191, 164, 134, 103, 92, 133, 199, 25, 30, 198, 22, 7, 29, 191, 82, 13, 194, 114, 54, 188, 143, 29, 47, 55, 80, 127, 159, 48, 116, 173, 60, 49, 86, 80, 146, 118),
    (34, 98, 50, 167, 169, 84, 134, 13, 193, 80, 96, 0, 52, 171, 122, 56, 118, 69, 23, 163, 124, 33, 115, 128, 80, 127, 134, 7, 63, 119, 31, 1, 58, 144, 193, 14, 179, 63, 35, 58),
    (35, 194, 163, 196, 78, 126, 148, 53, 55, 57, 20, 37, 146, 100, 77, 170, 29, 146, 18, 151, 168, 31, 40, 116, 32, 147, 85, 151, 121, 105, 124, 190, 181, 151, 144, 31, 93, 66, 145, 119),
    (36, 71, 123, 190, 164, 192, 149, 124, 141, 133, 34, 189, 183, 140, 154, 120, 168, 109, 52, 149, 171, 44, 1, 78, 67, 60, 118, 148, 129, 137, 77, 130, 118, 40, 25, 189, 140, 87, 167, 69),
    (37, 129, 62, 129, 177, 162, 59, 45, 15, 182, 104, 59, 144, 139, 121, 28, 171, 107, 46, 140, 94, 176, 138, 121, 67, 97, 144, 7, 167, 91, 27, 53, 171, 97, 61, 26, 51, 161, 37, 164),
    (38, 180, 185, 169, 8, 76, 50, 132, 76, 86, 24, 191, 113, 150, 60, 59, 67, 49, 7, 106, 36, 69, 119, 13, 190, 148, 3, 181, 123, 29, 40, 150, 121, 138, 62, 43, 100, 161, 0, 62),
    (39, 76, 92, 151, 114, 189, 165, 4, 179, 103, 116, 89, 181, 34, 90, 199, 199, 127, 116, 38, 188, 116, 145, 190, 116, 145, 2, 98, 154, 162, 79, 42, 105, 22, 50, 121, 38, 63, 76, 26),
    (40, 158, 173, 67, 115, 110, 92, 6, 67, 162, 149, 156, 39, 179, 176, 189, 180, 46, 105, 27, 77, 121, 113, 0, 45, 92, 168, 78, 84, 43, 184, 167, 172, 12, 23, 44, 109, 196, 162, 171),
    (41, 110, 174, 180, 179, 66, 166, 115, 169, 64, 174, 189, 1, 66, 175, 69, 24, 144, 163, 37, 69, 61, 102, 125, 73, 5, 153, 72, 0, 58, 106, 35, 97, 59, 111, 175, 168, 97, 104, 188),
    (42, 154, 3, 125, 46, 167, 20, 65, 0, 38, 139, 89, 191, 178, 133, 194, 193, 52, 66, 53, 117, 157, 119, 81, 183, 9, 191, 49, 104, 198, 82, 124, 69, 168, 75, 77, 106, 131, 136, 17),
    (43, 24, 16, 37, 75, 114, 39, 18, 12, 129, 18, 1, 15, 61, 42, 134, 155, 12, 180, 33, 198, 144, 16, 11, 78, 57, 158, 42, 180, 92, 8, 0, 26, 128, 193, 32, 16, 127, 82, 188),
    (44, 96, 2, 156, 108, 112, 142, 19, 147, 95, 8, 88, 29, 94, 129, 175, 147, 87, 105, 162, 25, 82, 43, 109, 61, 95, 81, 143, 44, 4, 45, 1, 50, 185, 145, 175, 79, 165, 70, 23),
    (45, 45, 39, 69, 47, 11, 39, 73, 156, 169, 116, 161, 84, 89, 32, 119, 128, 149, 121, 188, 56, 1, 135, 25, 8, 24, 48, 67, 187, 106, 171, 64, 176, 29, 77, 177, 192, 32, 0, 78),
    (46, 109, 75, 92, 182, 188, 180, 14, 182, 9, 25, 197, 83, 167, 103, 83, 182, 159, 121, 30, 40, 156, 125, 188, 21, 104, 123, 100, 197, 124, 167, 59, 85, 91, 52, 168, 147, 124, 11, 100),
    (47, 26, 183, 121, 50, 78, 175, 78, 0, 158, 196, 135, 43, 25, 175, 115, 80, 153, 185, 35, 131, 85, 136, 139, 36, 44, 193, 62, 164, 43, 75, 192, 0, 67, 16, 123, 158, 102, 107, 24),
    (48, 110, 52, 130, 2, 4, 120, 9, 79, 131, 98, 184, 147, 96, 5, 66, 46, 112, 76, 83, 48, 74, 49, 181, 42, 29, 161, 27, 187, 49, 89, 33, 88, 154, 179, 110, 114, 52, 150, 31),
    (49, 102, 170, 20, 37, 12, 195, 48, 172, 78, 122, 163, 6, 0, 144, 120, 58, 126, 157, 136, 57, 48, 13, 83, 143, 40, 75, 167, 152, 20, 89, 160, 128, 187, 51, 116, 124, 39, 137, 22),
    (50, 102, 189, 171, 56, 124, 16, 112, 109, 44, 49, 163, 181, 69, 150, 163, 136, 79, 162, 130, 48, 24, 192, 114, 8, 146, 109, 168, 61, 26, 123, 118, 138, 17, 42, 41, 57, 114, 157, 142),
    (51, 110, 84, 80, 6, 28, 86, 114, 25, 39, 128, 155, 92, 157, 148, 108, 171, 52, 55, 92, 102, 187, 179, 92, 120, 43, 155, 6, 69, 185, 124, 40, 58, 24, 73, 8, 13, 69, 171, 135),
    (52, 23, 14, 105, 34, 89, 63, 39, 71, 41, 32, 170, 165, 6, 141, 63, 34, 78, 91, 127, 86, 19, 11, 29, 39, 155, 158, 158, 22, 1, 191, 1, 72, 5, 66, 115, 160, 199, 61, 30),
    (53, 130, 85, 47, 90, 50, 64, 51, 87, 118, 54, 174, 145, 41, 113, 199, 110, 132, 39, 133, 131, 168, 124, 83, 85, 56, 40, 66, 66, 172, 180, 3, 93, 5, 80, 23, 109, 26, 106, 171),
    (54, 49, 19, 66, 140, 6, 178, 16, 192, 148, 86, 42, 128, 102, 99, 92, 110, 63, 105, 159, 66, 61, 78, 55, 80, 71, 103, 11, 94, 191, 30, 52, 148, 113, 168, 94, 176, 190, 136, 72),
    (55, 94, 140, 87, 24, 30, 1, 123, 67, 26, 32, 5, 100, 197, 166, 106, 50, 44, 15, 46, 19, 108, 170, 77, 99, 125, 125, 52, 91, 6, 18, 44, 72, 109, 148, 164, 181, 156, 71, 93),
    (56, 78, 100, 10, 175, 49, 191, 118, 190, 42, 2, 187, 99, 178, 99, 141, 83, 39, 61, 2, 191, 121, 99, 169, 95, 120, 189, 38, 85, 145, 102, 36, 188, 97, 169, 2, 57, 184, 64, 88),
    (57, 134, 32, 35, 164, 123, 45, 115, 31, 143, 140, 42, 52, 175, 149, 125, 110, 192, 24, 196, 135, 86, 119, 159, 79, 26, 159, 42, 15, 84, 34, 110, 174, 131, 101, 165, 18, 24, 151, 30),
    (58, 181, 193, 15, 115, 162, 117, 188, 85, 67, 150, 185, 51, 127, 44, 82, 105, 114, 195, 107, 112, 197, 49, 174, 182, 133, 81, 123, 121, 42, 77, 178, 171, 65, 91, 177, 16, 19, 52, 150),
    (59, 20, 47, 194, 196, 106, 78, 63, 28, 172, 124, 87, 73, 170, 38, 58, 88, 9, 158, 15, 171, 74, 188, 162, 110, 49, 159, 61, 173, 10, 24, 9, 193, 130, 94, 31, 55, 65, 162, 103),
    (60, 158, 160, 198, 55, 24, 47, 162, 49, 128, 171, 152, 69, 35, 160, 6, 149, 56, 138, 51, 177, 50, 80, 111, 108, 180, 178, 116, 103, 59, 44, 152, 155, 154, 155, 53, 110, 105, 117, 82),
    (61, 121, 144, 28, 80, 10, 144, 132, 96, 109, 157, 28, 118, 3, 141, 118, 91, 28, 37, 121, 163, 139, 47, 164, 117, 107, 152, 161, 69, 195, 81, 193, 109, 39, 90, 73, 25, 173, 82, 48),
    (62, 97, 154, 36, 115, 21, 57, 119, 176, 97, 148, 130, 112, 75, 48, 139, 185, 185, 191, 112, 93, 149, 58, 49, 18, 142, 31, 67, 114, 163, 69, 144, 19, 169, 110, 72, 77, 102, 32, 183),
    (63, 110, 145, 61, 143, 187, 101, 78, 164, 120, 97, 49, 104, 12, 109, 85, 6, 161, 180, 140, 21, 32, 116, 161, 153, 39, 194, 101, 156, 87, 120, 118, 12, 1, 195, 148, 146, 175, 193, 179),
    (64, 103, 44, 45, 82, 72, 18, 54, 137, 141, 136, 178, 12, 148, 78, 93, 93, 13, 92, 99, 117, 135, 180, 19, 9, 55, 64, 19, 19, 138, 172, 46, 6, 87, 77, 147, 190, 45, 181, 44),
    (65, 135, 157, 92, 49, 6, 179, 77, 152, 68, 82, 27, 80, 11, 13, 179, 157, 174, 69, 93, 64, 106, 27, 113, 64, 145, 190, 36, 75, 122, 143, 9, 136, 84, 165, 42, 167, 84, 9, 193),
    (66, 67, 98, 28, 160, 142, 137, 129, 166, 112, 95, 140, 134, 53, 28, 167, 41, 103, 174, 186, 170, 185, 5, 16, 24, 2, 156, 9, 31, 143, 21, 45, 181, 77, 153, 68, 20, 73, 82, 152),
    (67, 82, 17, 97, 56, 172, 178, 155, 102, 166, 42, 188, 24, 178, 143, 59, 24, 71, 162, 139, 87, 61, 170, 18, 126, 126, 113, 180, 72, 191, 145, 171, 67, 147, 119, 75, 171, 94, 20, 32),
    (68, 168, 151, 133, 194, 168, 91, 114, 5, 132, 150, 138, 194, 199, 178, 56, 35, 45, 70, 72, 106, 59, 122, 97, 146, 156, 129, 185, 135, 108, 12, 63, 97, 116, 76, 93, 5, 61, 105, 47),
    (69, 13, 123, 156, 66, 18, 164, 22, 8, 118, 93, 123, 73, 184, 30, 33, 133, 41, 102, 62, 153, 179, 199, 178, 105, 169, 164, 145, 57, 79, 128, 141, 75, 136, 126, 30, 104, 123, 88, 7),
    (70, 195, 37, 142, 83, 194, 57, 148, 9, 76, 157, 134, 172, 167, 120, 199, 46, 57, 0, 108, 71, 9, 166, 103, 98, 141, 147, 194, 19, 3, 3, 173, 37, 191, 152, 149, 87, 192, 97, 158),
    (71, 135, 149, 138, 154, 2, 176, 198, 180, 161, 122, 151, 134, 75, 141, 72, 26, 89, 100, 100, 23, 34, 42, 30, 69, 185, 192, 4, 63, 191, 68, 51, 9, 1, 50, 19, 87, 177, 161, 2),
    (72, 3, 181, 27, 45, 7, 31, 174, 193, 164, 160, 86, 111, 132, 26, 168, 3, 40, 52, 117, 125, 55, 146, 151, 138, 1, 89, 120, 78, 132, 51, 196, 183, 46, 2, 7, 199, 8, 42, 145),
    (73, 115, 99, 40, 77, 66, 113, 145, 53, 116, 173, 82, 122, 123, 65, 110, 184, 43, 88, 182, 106, 135, 35, 193, 199, 51, 127, 58, 99, 152, 86, 67, 92, 71, 142, 72, 34, 28, 89, 112),
    (74, 96, 183, 178, 171, 35, 8, 60, 160, 76, 59, 162, 104, 11, 40, 143, 191, 154, 171, 92, 185, 61, 188, 38, 92, 137, 125, 93, 169, 99, 16, 29, 23, 135, 190, 134, 95, 125, 198, 190),
    (75, 42, 1, 121, 0, 42, 56, 142, 196, 128, 134, 85, 84, 61, 149, 12, 92, 16, 121, 9, 26, 34, 63, 16, 70, 25, 3, 19, 37, 198, 4, 48, 172, 180, 43, 98, 174, 92, 137, 134),
    (76, 45, 199, 53, 110, 138, 141, 162, 112, 195, 46, 71, 133, 113, 54, 132, 15, 158, 138, 52, 170, 80, 106, 177, 104, 95, 148, 53, 101, 132, 166, 70, 81, 91, 170, 164, 142, 111, 177, 10),
    (77, 185, 93, 77, 199, 158, 198, 196, 54, 34, 118, 98, 134, 176, 130, 84, 151, 78, 45, 150, 107, 82, 77, 84, 49, 26, 147, 52, 94, 168, 165, 117, 172, 83, 115, 85, 143, 171, 164, 36),
    (78, 2, 29, 180, 159, 124, 124, 52, 43, 176, 26, 180, 125, 105, 108, 84, 71, 183, 146, 186, 140, 41, 47, 193, 105, 162, 118, 71, 7, 198, 174, 112, 148, 147, 144, 74, 133, 30, 153, 113),
    (79, 95, 131, 132, 69, 151, 92, 12, 47, 64, 135, 167, 176, 51, 109, 64, 39, 199, 172, 194, 7, 143, 28, 71, 23, 137, 125, 41, 47, 141, 64, 125, 106, 139, 0, 62, 135, 187, 191, 165),
    (80, 146, 62, 179, 125, 92, 88, 64, 51, 93, 66, 83, 71, 116, 87, 53, 101, 139, 25, 89, 149, 6, 33, 49, 28, 27, 110, 84, 63, 150, 73, 21, 19, 164, 168, 21, 92, 71, 45, 187),
    (81, 162, 103, 154, 126, 129, 29, 74, 0, 158, 16, 178, 191, 52, 142, 175, 47, 27, 177, 156, 27, 151, 134, 181, 167, 98, 52, 114, 33, 16, 73, 81, 116, 12, 36, 3, 115, 77, 46, 47),
    (82, 26, 120, 84, 6, 133, 152, 62, 177, 90, 173, 69, 19, 51, 52, 17, 25, 6, 83, 8, 197, 79, 136, 22, 12, 24, 128, 133, 151, 69, 78, 159, 196, 68, 97, 101, 80, 41, 152, 25),
    (83, 28, 161, 40, 15, 153, 123, 57, 19, 29, 36, 63, 179, 174, 18, 157, 91, 49, 35, 166, 52, 27, 65, 61, 88, 78, 50, 59, 88, 54, 78, 13, 190, 185, 136, 91, 75, 193, 114, 31),
    (84, 71, 76, 37, 190, 147, 100, 181, 188, 46, 116, 179, 86, 76, 98, 27, 2, 118, 138, 38, 164, 196, 114, 87, 192, 62, 44, 87, 139, 113, 6, 138, 178, 64, 141, 85, 25, 153, 93, 152),
    (85, 68, 185, 29, 61, 101, 139, 27, 26, 192, 48, 189, 124, 126, 11, 66, 7, 84, 15, 162, 21, 1, 80, 105, 154, 141, 69, 163, 113, 99, 103, 33, 176, 134, 95, 80, 60, 85, 4, 60),
    (86, 75, 152, 127, 78, 199, 147, 199, 90, 148, 5, 145, 164, 127, 147, 152, 5, 48, 121, 97, 65, 23, 139, 50, 123, 182, 103, 10, 39, 80, 41, 141, 138, 193, 48, 36, 120, 33, 96, 185),
    (87, 35, 192, 33, 65, 68, 118, 0, 25, 67, 169, 8, 22, 69, 108, 59, 19, 43, 136, 162, 116, 19, 120, 183, 137, 144, 43, 55, 153, 23, 27, 8, 153, 68, 122, 127, 84, 4, 140, 52),
    (88, 139, 63, 153, 94, 175, 86, 115, 90, 120, 106, 103, 135, 107, 51, 7, 151, 30, 28, 18, 186, 53, 61, 184, 49, 63, 72, 100, 135, 101, 55, 34, 108, 3, 11, 108, 179, 183, 108, 183),
    (89, 152, 41, 143, 199, 109, 108, 122, 57, 7, 71, 44, 100, 71, 136, 168, 115, 59, 15, 5, 84, 195, 101, 42, 146, 26, 29, 13, 0, 135, 33, 145, 199, 29, 161, 42, 153, 113, 164, 68),
    (90, 185, 128, 168, 172, 169, 121, 64, 12, 17, 187, 144, 153, 3, 58, 74, 26, 76, 57, 179, 10, 57, 51, 33, 165, 70, 176, 58, 123, 135, 98, 111, 87, 88, 41, 151, 165, 97, 75, 127),
    (91, 155, 22, 175, 43, 22, 58, 38, 78, 168, 125, 92, 115, 116, 64, 106, 128, 72, 173, 95, 92, 47, 10, 47, 2, 19, 114, 98, 151, 57, 198, 28, 71, 118, 172, 194, 4, 161, 196, 107),
    (92, 109, 31, 160, 165, 123, 177, 198, 76, 126, 119, 104, 190, 172, 27, 81, 70, 77, 41, 92, 150, 92, 181, 41, 55, 36, 129, 196, 117, 90, 124, 91, 1, 141, 175, 23, 152, 196, 183, 75),
    (93, 30, 149, 137, 98, 47, 158, 112, 43, 81, 151, 68, 165, 111, 183, 56, 20, 98, 38, 191, 184, 42, 124, 190, 193, 127, 53, 65, 25, 49, 72, 171, 160, 96, 7, 64, 169, 62, 184, 161),
    (94, 3, 57, 3, 130, 19, 29, 32, 127, 84, 11, 127, 181, 30, 5, 151, 3, 26, 187, 48, 153, 36, 2, 27, 28, 131, 106, 0, 55, 198, 47, 186, 78, 132, 94, 79, 33, 196, 168, 75),
    (95, 46, 69, 125, 135, 118, 170, 78, 95, 169, 154, 199, 166, 9, 14, 193, 165, 175, 189, 48, 111, 21, 155, 180, 175, 149, 120, 99, 87, 117, 130, 91, 68, 121, 185, 177, 103, 155, 50, 67),
    (96, 47, 183, 178, 30, 67, 24, 122, 27, 40, 28, 107, 77, 1, 42, 35, 13, 121, 19, 171, 174, 62, 12, 178, 72, 96, 63, 89, 88, 192, 55, 103, 41, 160, 41, 37, 114, 59, 164, 45),
    (97, 160, 187, 160, 7, 64, 118, 161, 86, 122, 192, 73, 105, 139, 130, 188, 187, 175, 155, 170, 94, 53, 7, 56, 195, 174, 147, 65, 197, 197, 132, 21, 126, 58, 29, 95, 123, 150, 116, 1),
    (98, 134, 83, 20, 138, 149, 46, 143, 154, 106, 177, 135, 1, 100, 21, 112, 166, 161, 30, 56, 19, 186, 193, 191, 85, 142, 152, 119, 115, 161, 51, 86, 139, 18, 32, 42, 15, 184, 75, 117),
    (99, 106, 100, 69, 135, 21, 188, 104, 142, 187, 94, 147, 197, 159, 11, 113, 80, 144, 172, 159, 16, 16, 71, 83, 163, 194, 186, 167, 53, 54, 164, 1, 99, 117, 29, 150, 151, 168, 149, 87),
    (100, 141, 124, 78, 123, 151, 114, 39, 190, 190, 83, 122, 193, 164, 146, 101, 134, 150, 4, 163, 66, 48, 190, 27, 24, 124, 111, 199, 25, 48, 113, 38, 36, 83, 31, 173, 18, 149, 54, 141),
    (101, 98, 58, 97, 176, 34, 113, 197, 26, 74, 199, 133, 160, 71, 159, 76, 165, 42, 67, 154, 157, 95, 50, 39, 55, 7, 138, 97, 190, 159, 26, 161, 50, 61, 135, 55, 126, 176, 15, 170),
    (102, 103, 19, 151, 61, 146, 183, 153, 107, 199, 50, 29, 9, 186, 38, 78, 17, 9, 190, 146, 134, 162, 52, 1, 2, 157, 120, 172, 98, 96, 139, 191, 14, 43, 157, 172, 102, 113, 195, 82),
    (103, 57, 127, 46, 144, 88, 142, 145, 126, 167, 23, 72, 129, 13, 123, 15, 189, 8, 177, 158, 177, 174, 194, 41, 51, 46, 46, 107, 78, 67, 115, 167, 10, 60, 172, 117, 79, 12, 188, 23),
    (104, 96, 121, 2, 86, 185, 34, 137, 5, 194, 120, 195, 102, 115, 186, 126, 136, 166, 109, 185, 144, 4, 179, 122, 49, 188, 188, 163, 1, 120, 95, 114, 152, 196, 176, 178, 187, 55, 56, 29),
    (105, 143, 126, 137, 105, 38, 150, 51, 168, 143, 174, 39, 17, 31, 59, 8, 73, 50, 148, 169, 48, 22, 97, 151, 75, 52, 103, 169, 41, 133, 30, 15, 67, 185, 63, 104, 120, 164, 158, 63),
    (106, 101, 22, 180, 33, 169, 71, 111, 141, 116, 175, 156, 76, 184, 148, 183, 190, 96, 5, 124, 72, 1, 138, 139, 110, 92, 153, 118, 173, 158, 63, 49, 163, 173, 103, 143, 52, 33, 129, 116),
    (107, 59, 24, 130, 37, 197, 55, 55, 26, 13, 192, 105, 183, 0, 182, 179, 155, 157, 183, 23, 64, 25, 105, 20, 125, 71, 18, 75, 83, 128, 84, 96, 113, 79, 190, 68, 1, 178, 190, 142),
    (108, 168, 44, 133, 152, 123, 52, 102, 123, 166, 56, 12, 41, 187, 55, 142, 186, 86, 23, 108, 68, 123, 9, 108, 137, 29, 167, 134, 28, 145, 28, 96, 68, 29, 143, 103, 72, 59, 143, 132),
    (109, 26, 178, 61, 31, 146, 91, 33, 186, 7, 188, 184, 86, 127, 14, 41, 194, 168, 35, 78, 70, 124, 49, 158, 39, 168, 88, 150, 195, 35, 164, 144, 194, 176, 85, 113, 60, 115, 154, 108),
    (110, 36, 108, 68, 63, 64, 67, 67, 45, 197, 118, 119, 185, 57, 141, 90, 150, 139, 182, 32, 133, 163, 50, 91, 152, 52, 100, 63, 196, 163, 72, 152, 104, 89, 36, 151, 193, 64, 158, 46),
    (111, 11, 147, 63, 145, 65, 59, 11, 178, 194, 29, 72, 163, 181, 88, 77, 55, 103, 185, 142, 51, 159, 51, 20, 82, 109, 38, 162, 96, 100, 32, 188, 37, 37, 184, 194, 88, 35, 135, 23),
    (112, 141, 55, 138, 20, 49, 83, 190, 185, 37, 73, 196, 87, 171, 41, 167, 70, 96, 74, 193, 55, 162, 54, 177, 146, 87, 14, 30, 81, 47, 160, 79, 127, 198, 108, 178, 24, 95, 0, 136),
    (113, 13, 114, 186, 22, 41, 145, 149, 129, 118, 60, 40, 144, 33, 21, 137, 118, 29, 131, 81, 195, 69, 140, 73, 149, 73, 77, 33, 50, 72, 20, 126, 74, 93, 128, 12, 164, 194, 89, 168),
    (114, 112, 116, 174, 102, 90, 168, 76, 189, 63, 170, 188, 167, 95, 151, 156, 139, 90, 155, 4, 190, 122, 83, 150, 162, 167, 79, 145, 179, 66, 147, 192, 21, 71, 116, 134, 103, 183, 90, 145),
    (115, 194, 149, 163, 83, 164, 48, 9, 129, 92, 199, 147, 69, 187, 184, 28, 121, 199, 170, 169, 198, 40, 111, 23, 2, 2, 106, 102, 172, 186, 94, 32, 112, 147, 5, 166, 161, 120, 4, 130),
    (116, 48, 94, 109, 117, 74, 129, 8, 52, 129, 42, 50, 38, 187, 7, 26, 96, 130, 81, 84, 52, 11, 92, 39, 79, 135, 152, 33, 154, 151, 191, 193, 18, 58, 66, 46, 156, 102, 108, 5),
    (117, 142, 68, 169, 26, 10, 46, 181, 79, 152, 64, 112, 30, 96, 166, 179, 136, 169, 120, 185, 133, 108, 28, 59, 90, 145, 55, 125, 14, 150, 122, 167, 131, 0, 33, 128, 90, 151, 90, 18),
    (118, 38, 160, 171, 145, 182, 36, 86, 187, 184, 77, 7, 169, 56, 196, 162, 120, 81, 52, 185, 7, 95, 45, 194, 20, 68, 70, 187, 161, 142, 121, 153, 196, 1, 140, 73, 76, 164, 115, 190),
    (119, 61, 150, 46, 48, 59, 112, 161, 172, 9, 35, 124, 192, 106, 125, 83, 28, 197, 30, 62, 8, 1, 136, 157, 52, 34, 37, 13, 74, 7, 154, 63, 79, 172, 190, 157, 26, 21, 11, 116),
    (120, 8, 123, 151, 161, 68, 26, 175, 198, 104, 166, 179, 136, 193, 181, 25, 69, 68, 34, 23, 70, 134, 152, 14, 156, 56, 124, 193, 58, 22, 173, 159, 32, 159, 26, 109, 171, 38, 56, 169),
    (121, 57, 123, 134, 187, 175, 75, 151, 96, 22, 167, 10, 94, 199, 120, 156, 34, 52, 27, 131, 168, 145, 137, 48, 23, 1, 40, 79, 187, 43, 51, 143, 28, 87, 20, 25, 91, 86, 47, 189),
    (122, 114, 9, 10, 33, 110, 114, 68, 10, 134, 119, 122, 168, 37, 52, 97, 116, 94, 97, 161, 143, 147, 130, 5, 143, 9, 111, 23, 133, 4, 191, 109, 154, 30, 22, 140, 71, 160, 99, 21),
    (123, 99, 36, 74, 112, 17, 128, 43, 33, 148, 76, 26, 81, 67, 155, 23, 26, 3, 69, 97, 197, 3, 22, 112, 177, 135, 21, 161, 180, 108, 61, 147, 15, 91, 156, 137, 85, 117, 121, 103),
    (124, 53, 45, 133, 106, 132, 116, 43, 89, 41, 57, 109, 154, 86, 177, 46, 160, 170, 165, 92, 192, 52, 129, 90, 63, 125, 12, 25, 110, 41, 88, 103, 182, 116, 142, 12, 25, 109, 130, 67),
    (125, 44, 193, 125, 70, 6, 186, 75, 104, 186, 194, 120, 190, 164, 128, 25, 121, 83, 108, 170, 101, 158, 69, 184, 109, 32, 198, 70, 162, 137, 19, 63, 30, 156, 91, 60, 163, 124, 25, 196),
    (126, 86, 35, 18, 169, 10, 28, 115, 177, 8, 60, 114, 40, 45, 126, 141, 164, 173, 46, 150, 69, 123, 170, 157, 85, 104, 2, 114, 22, 185, 85, 133, 110, 150, 199, 146, 77, 147, 166, 36),
    (127, 186, 118, 0, 148, 38, 64, 180, 83, 43, 63, 34, 116, 137, 47, 52, 151, 8, 16, 122, 166, 82, 94, 6, 25, 199, 3, 79, 160, 125, 69, 31, 130, 141, 146, 13, 55, 129, 11, 83),
    (128, 34, 177, 134, 142, 82, 59, 24, 48, 122, 44, 162, 170, 105, 112, 199, 85, 65, 156, 57, 130, 177, 69, 17, 31, 25, 104, 49, 59, 65, 35, 55, 34, 110, 51, 26, 119, 91, 115, 161),
    (129, 7, 145, 53, 158, 34, 89, 62, 101, 156, 86, 137, 92, 197, 156, 15, 178, 2, 169, 187, 23, 180, 22, 168, 49, 68, 29, 46, 51, 77, 184, 52, 194, 107, 144, 85, 60, 122, 118, 58),
    (130, 12, 26, 14, 16, 160, 11, 79, 153, 66, 35, 116, 17, 115, 140, 77, 11, 199, 77, 107, 167, 168, 195, 19, 142, 135, 118, 126, 141, 6, 31, 25, 184, 78, 7, 48, 90, 5, 9, 121),
    (131, 42, 43, 27, 75, 127, 14, 168, 132, 23, 198, 126, 50, 10, 55, 121, 144, 2, 18, 60, 158, 184, 147, 182, 94, 26, 85, 177, 193, 19, 21, 46, 90, 107, 3, 191, 154, 147, 58, 54),
    (132, 33, 186, 24, 41, 54, 69, 172, 174, 119, 31, 182, 54, 72, 137, 114, 1, 52, 173, 100, 111, 153, 159, 77, 41, 159, 163, 159, 80, 130, 195, 79, 152, 175, 135, 49, 143, 65, 169, 155),
    (133, 86, 94, 107, 126, 79, 45, 15, 24, 194, 149, 188, 14, 87, 129, 123, 186, 77, 127, 147, 164, 87, 49, 39, 76, 105, 183, 96, 151, 17, 161, 33, 122, 108, 90, 35, 155, 105, 44, 86),
    (134, 106, 94, 147, 158, 63, 87, 3, 62, 173, 97, 29, 183, 171, 13, 183, 91, 146, 111, 39, 89, 30, 61, 167, 53, 40, 124, 123, 68, 74, 47, 93, 101, 98, 80, 183, 106, 35, 150, 86),
    (135, 187, 136, 53, 106, 126, 15, 79, 72, 9, 7, 134, 19, 49, 188, 163, 106, 99, 198, 106, 121, 35, 114, 25, 8, 120, 92, 12, 137, 63, 135, 147, 24, 164, 122, 33, 30, 130, 116, 188),
    (136, 179, 172, 139, 51, 74, 74, 151, 59, 164, 39, 106, 181, 175, 155, 5, 95, 0, 150, 24, 58, 169, 17, 137, 98, 136, 152, 32, 62, 160, 2, 7, 70, 56, 40, 39, 188, 57, 127, 149),
    (137, 140, 141, 152, 92, 46, 122, 108, 153, 90, 49, 57, 117, 42, 116, 147, 168, 123, 5, 59, 172, 108, 170, 182, 73, 18, 24, 175, 134, 23, 147, 2, 47, 18, 72, 51, 75, 158, 159, 164),
    (138, 133, 95, 7, 109, 23, 154, 128, 47, 73, 12, 172, 41, 192, 198, 148, 26, 29, 130, 192, 195, 127, 65, 36, 85, 108, 66, 125, 35, 54, 144, 146, 101, 113, 46, 1, 40, 161, 115, 61),
    (139, 17, 89, 114, 100, 19, 84, 76, 29, 161, 153, 186, 71, 129, 82, 113, 143, 162, 169, 158, 2, 104, 118, 3, 11, 23, 26, 9, 170, 86, 26, 27, 55, 63, 124, 185, 36, 66, 127, 153),
    (140, 104, 27, 34, 194, 124, 192, 159, 82, 16, 31, 118, 125, 118, 126, 185, 60, 181, 79, 106, 100, 103, 57, 69, 109, 31, 67, 7, 134, 116, 80, 12, 156, 63, 69, 140, 162, 140, 74, 5),
    (141, 83, 69, 34, 86, 29, 179, 127, 172, 162, 75, 170, 66, 184, 80, 147, 117, 15, 185, 64, 172, 153, 98, 167, 198, 67, 22, 71, 9, 128, 130, 116, 30, 32, 188, 48, 167, 165, 130, 114),
    (142, 22, 190, 12, 12, 190, 101, 182, 70, 191, 85, 127, 13, 178, 110, 46, 26, 87, 104, 155, 138, 95, 165, 34, 154, 19, 137, 79, 17, 41, 2, 39, 55, 50, 102, 69, 161, 58, 129, 33),
    (143, 73, 62, 105, 0, 8, 123, 154, 84, 34, 155, 115, 164, 147, 68, 190, 105, 90, 135, 108, 6, 181, 26, 24, 195, 144, 3, 86, 178, 153, 54, 14, 161, 67, 98, 53, 177, 42, 38, 74),
    (144, 182, 63, 159, 157, 99, 45, 101, 15, 126, 150, 110, 97, 136, 47, 103, 136, 105, 33, 173, 140, 52, 54, 18, 22, 21, 198, 182, 176, 173, 133, 45, 57, 18, 116, 6, 3, 167, 29, 162),
    (145, 40, 164, 45, 59, 59, 52, 160, 93, 43, 1, 87, 45, 150, 105, 193, 134, 28, 88, 12, 15, 171, 117, 93, 36, 102, 138, 179, 33, 168, 118, 128, 76, 148, 197, 102, 154, 69, 57, 53),
    (146, 198, 53, 5, 20, 172, 56, 35, 87, 86, 180, 122, 104, 193, 172, 44, 75, 173, 100, 21, 184, 105, 57, 91, 4, 56, 129, 190, 1, 167, 51, 82, 88, 53, 17, 123, 62, 86, 157, 25),
    (147, 119, 114, 179, 121, 22, 127, 147, 34, 41, 151, 57, 132, 19, 113, 27, 189, 158, 169, 49, 137, 17, 197, 96, 68, 140, 72, 162, 30, 142, 166, 89, 41, 88, 177, 144, 30, 159, 190, 43),
    (148, 18, 174, 69, 181, 94, 196, 30, 65, 7, 141, 130, 118, 84, 140, 113, 197, 135, 148, 74, 37, 33, 47, 14, 182, 118, 176, 117, 46, 109, 2, 153, 174, 87, 82, 134, 90, 74, 143, 106),
    (149, 86, 172, 161, 7, 143, 89, 135, 138, 66, 23, 54, 24, 189, 135, 178, 2, 15, 62, 2, 130, 74, 15, 192, 163, 99, 119, 175, 117, 163, 91, 2, 92, 159, 5, 41, 189, 12, 147, 46),
    (150, 23, 14, 192, 169, 29, 130, 43, 116, 186, 76, 3, 10, 16, 100, 95, 123, 152, 191, 161, 170, 142, 90, 56, 122, 119, 4, 136, 56, 76, 45, 76, 84, 93, 82, 189, 27, 136, 134, 186),
    (151, 137, 176, 187, 147, 49, 51, 194, 23, 89, 199, 158, 176, 136, 169, 60, 129, 13, 48, 191, 30, 168, 199, 74, 107, 81, 156, 125, 9, 165, 55, 39, 86, 42, 80, 173, 26, 50, 59, 80),
    (152, 81, 38, 9, 165, 21, 137, 86, 187, 28, 52, 104, 150, 161, 197, 9, 174, 68, 49, 51, 13, 103, 34, 114, 116, 131, 197, 90, 123, 57, 150, 179, 33, 154, 18, 88, 19, 78, 183, 195),
    (153, 15, 52, 191, 142, 93, 196, 194, 10, 129, 17, 57, 83, 161, 34, 157, 93, 192, 94, 135, 137, 127, 0, 38, 140, 142, 82, 58, 11, 16, 127, 140, 125, 61, 44, 66, 28, 30, 51, 154),
    (154, 22, 161, 135, 9, 29, 35, 44, 181, 32, 16, 79, 94, 95, 40, 165, 190, 146, 111, 117, 80, 78, 31, 168, 160, 57, 183, 83, 185, 174, 130, 71, 83, 132, 141, 81, 73, 4, 0, 196),
    (155, 139, 52, 51, 112, 185, 102, 12, 129, 89, 195, 113, 64, 65, 171, 48, 161, 54, 153, 178, 119, 48, 26, 20, 35, 9, 58, 54, 10, 164, 8, 125, 12, 70, 23, 31, 175, 196, 42, 133),
    (156, 121, 98, 127, 177, 199, 153, 170, 171, 80, 21, 3, 141, 19, 167, 179, 64, 193, 85, 187, 66, 49, 45, 98, 155, 118, 145, 164, 60, 46, 93, 136, 64, 61, 1, 176, 102, 111, 95, 138),
    (157, 96, 7, 60, 194, 170, 197, 18, 155, 39, 26, 190, 46, 59, 117, 41, 182, 67, 189, 5, 68, 64, 47, 149, 55, 165, 3, 94, 163, 46, 184, 76, 132, 156, 107, 149, 97, 165, 13, 3),
    (158, 112, 50, 23, 52, 80, 182, 29, 187, 77, 168, 56, 148, 70, 153, 126, 181, 34, 16, 178, 56, 80, 117, 178, 186, 130, 155, 123, 31, 17, 36, 196, 121, 9, 58, 26, 97, 90, 2, 112),
    (159, 4, 165, 24, 5, 52, 80, 27, 25, 4, 110, 36, 130, 13, 13, 116, 61, 85, 94, 5, 172, 152, 198, 63, 55, 192, 0, 76, 42, 7, 119, 86, 117, 70, 23, 76, 33, 62, 105, 138),
    (160, 129, 4, 159, 190, 126, 120, 143, 143, 98, 116, 167, 171, 75, 1, 101, 111, 56, 106, 42, 123, 111, 134, 171, 21, 26, 75, 101, 37, 108, 126, 123, 74, 64, 33, 177, 181, 109, 66, 192),
    (161, 164, 26, 52, 178, 185, 155, 51, 28, 189, 43, 127, 107, 165, 14, 99, 196, 81, 5, 152, 69, 187, 85, 154, 62, 134, 131, 114, 199, 46, 169, 89, 4, 90, 34, 68, 112, 111, 109, 127),
    (162, 70, 23, 3, 159, 147, 72, 13, 47, 185, 164, 196, 184, 90, 11, 89, 105, 117, 111, 123, 122, 150, 128, 38, 80, 170, 58, 43, 28, 74, 93, 192, 90, 79, 187, 37, 125, 122, 75, 61),
    (163, 90, 153, 37, 36, 134, 149, 160, 125, 44, 22, 167, 165, 89, 28, 8, 7, 22, 187, 164, 55, 178, 156, 90, 56, 137, 0, 2, 100, 27, 189, 197, 174, 98, 82, 191, 51, 170, 108, 169),
    (164, 145, 109, 5, 33, 162, 7, 146, 42, 58, 13, 97, 10, 28, 12, 80, 4, 77, 64, 101, 31, 155, 22, 57, 177, 12, 127, 39, 86, 166, 127, 2, 100, 24, 131, 43, 30, 171, 182, 80),
    (165, 112, 135, 126, 125, 65, 102, 170, 56, 162, 111, 136, 10, 112, 40, 39, 92, 190, 145, 158, 16, 84, 137, 46, 166, 186, 182, 191, 150, 49, 170, 142, 42, 77, 5, 66, 84, 187, 70, 111),
    (166, 8, 144, 130, 111, 21, 191, 174, 171, 79, 158, 11, 28, 75, 145, 38, 56, 26, 18, 36, 65, 188, 162, 114, 38, 3, 182, 119, 51, 185, 53, 48, 68, 64, 160, 86, 102, 2, 77, 110),
    (167, 75, 192, 9, 178, 144, 120, 36, 50, 115, 11, 83, 128, 127, 26, 116, 119, 26, 149, 19, 7, 112, 116, 93, 185, 43, 12, 30, 166, 17, 41, 20, 98, 21, 40, 14, 126, 66, 31, 93),
    (168, 9, 93, 187, 8, 26, 6, 2, 197, 169, 144, 94, 70, 25, 161, 29, 37, 12, 177, 9, 103, 165, 78, 50, 94, 170, 186, 19, 37, 38, 48, 196, 71, 46, 90, 91, 56, 34, 67, 85),
    (169, 93, 7, 123, 11, 130, 198, 167, 32, 145, 6, 80, 112, 10, 172, 20, 57, 4, 77, 29, 102, 102, 164, 150, 33, 3, 196, 168, 52, 26, 73, 149, 161, 174, 191, 107, 102, 183, 131, 11),
    (170, 128, 105, 195, 80, 164, 23, 2, 61, 163, 178, 78, 87, 45, 192, 184, 0, 33, 10, 51, 118, 75, 4, 148, 64, 129, 11, 55, 179, 147, 0, 167, 28, 104, 55, 73, 95, 18, 100, 142),
    (171, 134, 72, 136, 34, 1, 86, 62, 157, 132, 136, 185, 174, 161, 154, 9, 180, 60, 2, 71, 3, 26, 166, 197, 196, 26, 107, 104, 129, 71, 195, 23, 165, 102, 71, 3, 126, 78, 4, 24),
    (172, 110, 199, 58, 45, 134, 67, 111, 76, 197, 40, 18, 102, 44, 155, 156, 158, 173, 82, 104, 118, 188, 93, 3, 47, 173, 20, 199, 50, 135, 58, 157, 29, 141, 17, 84, 146, 132, 150, 190),
    (173, 98, 131, 120, 35, 95, 135, 54, 118, 50, 127, 119, 88, 178, 139, 199, 20, 191, 91, 172, 74, 139, 166, 187, 90, 121, 30, 10, 146, 15, 181, 86, 38, 99, 74, 14, 197, 3, 82, 179),
    (174, 163, 124, 74, 5, 140, 54, 161, 166, 120, 130, 15, 37, 61, 41, 48, 173, 93, 123, 192, 124, 149, 139, 175, 92, 11, 89, 53, 167, 40, 199, 69, 7, 20, 192, 143, 33, 107, 14, 129),
    (175, 14, 137, 72, 141, 7, 168, 184, 4, 146, 24, 162, 108, 38, 162, 149, 106, 29, 43, 11, 121, 11, 144, 195, 112, 83, 21, 84, 140, 15, 128, 68, 150, 182, 24, 21, 152, 183, 167, 155),
    (176, 6, 160, 173, 143, 199, 172, 132, 162, 58, 46, 133, 148, 159, 42, 122, 107, 55, 110, 91, 165, 150, 91, 86, 72, 50, 18, 84, 105, 44, 17, 25, 130, 183, 104, 99, 93, 10, 117, 15),
    (177, 173, 144, 137, 65, 114, 138, 34, 95, 161, 149, 103, 152, 137, 172, 12, 74, 13, 56, 51, 80, 135, 88, 144, 134, 132, 188, 180, 18, 118, 93, 106, 148, 24, 119, 90, 54, 122, 34, 34),
    (178, 145, 114, 199, 168, 109, 44, 93, 175, 14, 125, 177, 13, 51, 63, 156, 141, 58, 173, 142, 6, 104, 82, 157, 63, 185, 17, 27, 181, 40, 183, 178, 65, 178, 45, 181, 137, 174, 60, 54),
    (179, 173, 116, 192, 65, 183, 96, 165, 165, 28, 131, 44, 56, 195, 71, 82, 133, 128, 153, 179, 48, 177, 61, 99, 167, 161, 158, 0, 67, 103, 82, 45, 99, 144, 102, 79, 3, 66, 72, 173),
    (180, 143, 156, 8, 169, 47, 126, 199, 18, 93, 104, 89, 132, 155, 3, 113, 51, 101, 159, 78, 187, 86, 120, 169, 175, 181, 196, 98, 25, 161, 184, 44, 145, 47, 186, 72, 42, 170, 9, 113),
    (181, 58, 74, 199, 197, 25, 144, 38, 10, 66, 105, 198, 139, 23, 124, 145, 74, 124, 167, 7, 50, 153, 76, 156, 178, 75, 87, 15, 181, 69, 134, 174, 194, 46, 28, 112, 76, 137, 110, 13),
    (182, 158, 55, 99, 76, 153, 141, 72, 71, 65, 60, 115, 123, 65, 0, 14, 13, 2, 174, 140, 117, 165, 119, 58, 199, 34, 156, 30, 185, 168, 196, 124, 113, 128, 79, 28, 164, 1, 197, 197),
    (183, 42, 185, 191, 186, 52, 146, 19, 97, 196, 109, 120, 29, 148, 79, 193, 82, 149, 100, 145, 17, 95, 2, 130, 196, 172, 146, 33, 187, 171, 91, 100, 119, 29, 8, 139, 37, 130, 91, 76),
    (184, 177, 67, 11, 169, 76, 68, 119, 115, 101, 88, 81, 11, 183, 10, 155, 70, 36, 161, 188, 94, 96, 66, 135, 176, 122, 16, 5, 189, 197, 64, 182, 126, 112, 125, 9, 113, 148, 68, 113),
    (185, 11, 52, 83, 2, 167, 144, 37, 67, 115, 164, 175, 122, 16, 37, 10, 89, 199, 176, 57, 12, 17, 83, 107, 50, 75, 50, 120, 14, 56, 172, 160, 1, 35, 148, 187, 60, 62, 53, 0),
    (186, 15, 149, 191, 159, 101, 162, 116, 126, 179, 105, 195, 9, 34, 195, 70, 179, 110, 61, 171, 47, 53, 172, 5, 137, 93, 56, 177, 30, 130, 127, 99, 17, 96, 72, 112, 153, 65, 22, 21),
    (187, 1, 13, 138, 83, 13, 12, 132, 111, 145, 89, 183, 8, 85, 13, 170, 88, 159, 86, 148, 63, 125, 47, 12, 129, 92, 167, 185, 127, 76, 117, 172, 199, 158, 49, 66, 3, 67, 157, 63),
    (188, 45, 29, 145, 23, 147, 38, 82, 25, 134, 152, 196, 105, 55, 140, 83, 187, 94, 196, 2, 73, 65, 173, 117, 126, 65, 12, 102, 143, 176, 15, 187, 74, 110, 112, 164, 139, 47, 120, 43),
    (189, 93, 119, 68, 131, 164, 163, 197, 143, 36, 154, 116, 184, 52, 77, 116, 33, 89, 86, 28, 18, 46, 4, 97, 193, 113, 40, 194, 96, 112, 61, 19, 10, 94, 127, 99, 140, 94, 194, 68),
    (190, 147, 190, 126, 103, 184, 165, 124, 198, 15, 110, 90, 35, 88, 188, 81, 8, 80, 146, 156, 9, 167, 157, 54, 45, 160, 173, 176, 137, 114, 81, 83, 112, 107, 41, 153, 20, 105, 28, 172),
    (191, 144, 19, 65, 102, 79, 191, 8, 111, 65, 172, 94, 140, 21, 187, 121, 167, 1, 144, 84, 31, 146, 112, 76, 75, 64, 136, 74, 108, 168, 189, 1, 41, 117, 59, 140, 109, 35, 12, 23),
    (192, 143, 40, 133, 37, 132, 83, 162, 71, 189, 120, 76, 17, 156, 5, 115, 112, 128, 25, 137, 184, 95, 79, 108, 28, 135, 49, 129, 3, 108, 22, 120, 112, 120, 114, 117, 11, 40, 192, 95),
    (193, 79, 137, 98, 193, 189, 91, 150, 21, 50, 107, 198, 84, 41, 92, 29, 85, 96, 88, 188, 63, 50, 50, 78, 75, 46, 99, 113, 16, 85, 172, 18, 22, 72, 79, 41, 168, 121, 39, 150),
    (194, 13, 8, 58, 192, 11, 32, 142, 137, 144, 74, 100, 7, 57, 50, 95, 99, 169, 39, 17, 62, 54, 191, 146, 120, 9, 182, 75, 142, 87, 171, 98, 175, 6, 34, 152, 99, 173, 82, 163),
    (195, 119, 121, 43, 24, 87, 128, 57, 137, 35, 160, 18, 4, 39, 81, 195, 184, 29, 32, 173, 77, 43, 176, 118, 196, 20, 134, 194, 193, 23, 43, 90, 162, 108, 81, 83, 125, 135, 67, 138),
    (196, 18, 61, 87, 95, 23, 116, 54, 143, 28, 104, 55, 147, 151, 133, 95, 172, 71, 14, 120, 12, 181, 90, 65, 134, 198, 64, 6, 138, 193, 22, 41, 110, 70, 26, 158, 183, 156, 191, 32),
    (197, 78, 149, 118, 183, 158, 150, 82, 163, 34, 40, 60, 21, 165, 35, 75, 109, 169, 130, 12, 41, 157, 125, 91, 175, 188, 20, 120, 98, 53, 117, 171, 114, 146, 186, 84, 63, 167, 73, 14),
    (198, 113, 7, 125, 108, 136, 97, 51, 79, 69, 25, 58, 184, 6, 66, 127, 110, 146, 183, 28, 103, 157, 51, 62, 9, 96, 162, 146, 92, 82, 156, 55, 47, 25, 20, 15, 120, 133, 73, 176),
    (199, 66, 5, 31, 76, 124, 76, 109, 91, 24, 120, 148, 118, 182, 148, 93, 198, 43, 26, 79, 172, 79, 60, 114, 109, 101, 40, 188, 188, 33, 176, 175, 71, 55, 52, 134, 199, 31, 158, 115);

INSERT INTO T22 (pk, t1, t2, t3, t4, t5, t6, t7, t8, t9, t10, t11, t12, t13, t14, t15, t16, t17, t18, t19, t20, t21, t23, t24, t25, t26, t27, t28, t29, t30, t31, t32, t33, t34, t35, t36, t37, t38, t39, t40)
VALUES
    (0, 154, 111, 105, 38, 56, 97, 86, 91, 84, 36, 185, 15, 101, 125, 75, 103, 105, 153, 41, 61, 72, 141, 11, 50, 189, 114, 14, 176, 94, 113, 89, 167, 192, 80, 54, 95, 32, 30, 46),
    (1, 35, 193, 164, 112, 33, 25, 124, 150, 83, 192, 40, 140, 50, 7, 126, 16, 112, 126, 135, 160, 155, 28, 15, 137, 15, 177, 28, 49, 102, 19, 40, 39, 176, 179, 162, 62, 142, 94, 20),
    (2, 173, 36, 133, 22, 90, 94, 31, 27, 94, 92, 130, 143, 115, 45, 66, 75, 20, 20, 54, 78, 110, 37, 37, 179, 60, 79, 147, 144, 68, 4, 182, 139, 112, 95, 36, 98, 11, 0, 5),
    (3, 60, 100, 27, 94, 25, 23, 49, 35, 115, 22, 78, 141, 38, 115, 11, 6, 135, 119, 43, 110, 197, 144, 67, 87, 144, 153, 129, 191, 127, 147, 153, 151, 126, 52, 157, 191, 111, 62, 90),
    (4, 156, 161, 42, 168, 11, 35, 198, 181, 1, 80, 158, 28, 61, 45, 78, 36, 110, 109, 126, 94, 165, 32, 4, 188, 3, 116, 69, 61, 13, 131, 107, 177, 54, 134, 124, 53, 91, 73, 25),
    (5, 182, 119, 69, 187, 102, 5, 15, 12, 80, 171, 94, 44, 114, 39, 36, 53, 173, 145, 197, 46, 122, 11, 76, 13, 178, 138, 25, 45, 124, 96, 133, 175, 80, 107, 96, 51, 137, 50, 21),
    (6, 194, 21, 38, 106, 130, 91, 28, 103, 166, 98, 97, 95, 138, 28, 93, 3, 60, 91, 132, 131, 131, 179, 90, 117, 86, 187, 66, 110, 107, 198, 30, 136, 198, 69, 166, 104, 153, 180, 11),
    (7, 57, 159, 156, 151, 75, 8, 146, 82, 147, 32, 54, 120, 55, 35, 49, 99, 32, 87, 135, 164, 150, 65, 158, 165, 18, 157, 162, 135, 112, 62, 25, 60, 10, 45, 199, 124, 5, 114, 78),
    (8, 126, 191, 107, 187, 183, 141, 120, 194, 152, 127, 24, 196, 84, 51, 85, 175, 159, 119, 82, 9, 40, 123, 123, 113, 188, 100, 87, 55, 34, 188, 35, 199, 23, 161, 167, 2, 78, 32, 87),
    (9, 74, 152, 69, 91, 76, 24, 10, 186, 86, 102, 151, 119, 181, 132, 21, 96, 187, 37, 20, 117, 3, 113, 22, 86, 154, 112, 74, 78, 71, 144, 20, 95, 189, 97, 37, 23, 81, 16, 137),
    (10, 109, 82, 100, 136, 67, 15, 116, 178, 145, 160, 188, 67, 11, 67, 179, 81, 58, 132, 73, 27, 173, 9, 145, 51, 173, 43, 62, 64, 120, 114, 159, 124, 30, 47, 96, 161, 123, 132, 82),
    (11, 197, 6, 176, 102, 2, 18, 125, 112, 168, 52, 92, 125, 62, 130, 194, 114, 106, 9, 29, 25, 61, 199, 55, 70, 163, 32, 178, 118, 168, 30, 43, 192, 185, 188, 117, 173, 191, 67, 68),
    (12, 122, 180, 71, 71, 146, 9, 157, 83, 136, 76, 99, 40, 79, 58, 47, 16, 166, 14, 196, 123, 84, 37, 90, 165, 6, 101, 51, 24, 161, 80, 143, 85, 128, 109, 101, 176, 17, 62, 124),
    (13, 0, 49, 123, 147, 119, 173, 171, 20, 55, 180, 34, 54, 123, 129, 102, 31, 55, 48, 163, 120, 174, 97, 144, 140, 35, 35, 24, 95, 101, 6, 25, 179, 171, 13, 36, 12, 47, 106, 70),
    (14, 194, 165, 77, 107, 66, 108, 154, 153, 141, 184, 145, 126, 26, 178, 188, 48, 104, 199, 187, 144, 183, 14, 181, 143, 194, 182, 42, 58, 180, 39, 44, 181, 26, 45, 171, 172, 20, 57, 185),
    (15, 13, 125, 13, 50, 127, 35, 85, 26, 22, 72, 140, 86, 188, 0, 145, 187, 29, 83, 105, 143, 82, 179, 186, 116, 154, 26, 48, 140, 89, 16, 135, 85, 188, 83, 131, 180, 94, 172, 121),
    (16, 83, 81, 48, 69, 195, 8, 113, 180, 34, 47, 124, 60, 53, 148, 37, 164, 12, 110, 27, 182, 123, 41, 56, 17, 61, 199, 176, 138, 151, 124, 187, 172, 167, 52, 91, 31, 165, 156, 90),
    (17, 85, 104, 112, 176, 185, 181, 44, 108, 161, 118, 103, 111, 162, 29, 62, 9, 67, 73, 127, 138, 156, 125, 108, 151, 104, 141, 89, 37, 114, 66, 44, 40, 63, 111, 122, 174, 99, 61, 133),
    (18, 104, 15, 115, 190, 110, 83, 71, 56, 130, 150, 56, 20, 81, 163, 9, 136, 170, 198, 163, 109, 15, 46, 190, 84, 87, 31, 31, 44, 72, 149, 29, 12, 143, 185, 125, 197, 55, 77, 112),
    (19, 6, 134, 139, 132, 122, 124, 166, 54, 4, 153, 24, 179, 33, 110, 171, 97, 56, 69, 176, 64, 13, 22, 169, 82, 20, 77, 85, 142, 27, 154, 194, 165, 188, 117, 2, 54, 52, 162, 114),
    (20, 191, 32, 137, 94, 180, 79, 25, 194, 119, 20, 146, 35, 61, 43, 124, 71, 35, 57, 101, 64, 153, 193, 14, 55, 29, 183, 196, 87, 144, 13, 61, 83, 5, 43, 65, 53, 71, 70, 97),
    (21, 9, 26, 122, 85, 163, 6, 185, 192, 145, 107, 116, 172, 121, 17, 26, 5, 196, 33, 141, 34, 171, 110, 51, 181, 41, 8, 68, 160, 125, 38, 36, 72, 89, 87, 51, 138, 101, 41, 180),
    (22, 56, 148, 89, 180, 24, 73, 108, 74, 109, 148, 186, 164, 104, 29, 134, 166, 21, 158, 41, 145, 16, 112, 23, 154, 65, 38, 176, 45, 112, 27, 184, 68, 174, 146, 83, 118, 52, 1, 174),
    (23, 123, 36, 128, 93, 92, 44, 1, 91, 33, 128, 83, 59, 28, 183, 103, 179, 188, 62, 188, 100, 106, 25, 44, 26, 39, 2, 123, 123, 25, 137, 18, 50, 36, 136, 121, 21, 61, 128, 192),
    (24, 50, 163, 64, 116, 188, 95, 22, 146, 168, 15, 65, 150, 77, 69, 97, 125, 93, 34, 181, 122, 53, 91, 158, 112, 69, 64, 94, 175, 129, 180, 107, 97, 145, 107, 66, 119, 193, 48, 144),
    (25, 119, 145, 127, 73, 167, 193, 12, 0, 172, 114, 37, 157, 45, 157, 66, 105, 199, 74, 149, 74, 48, 74, 151, 162, 21, 1, 72, 4, 5, 145, 75, 101, 191, 12, 199, 162, 2, 31, 38),
    (26, 168, 108, 81, 122, 139, 143, 29, 45, 11, 118, 94, 31, 130, 29, 63, 10, 41, 66, 89, 103, 95, 162, 37, 68, 76, 59, 24, 23, 1, 24, 85, 145, 94, 155, 143, 30, 185, 168, 45),
    (27, 166, 85, 88, 42, 75, 23, 162, 194, 65, 21, 5, 80, 1, 160, 105, 78, 81, 198, 198, 171, 36, 194, 85, 33, 20, 84, 87, 162, 156, 81, 53, 9, 67, 31, 0, 135, 114, 54, 79),
    (28, 116, 45, 128, 71, 185, 21, 66, 89, 192, 151, 112, 124, 123, 179, 179, 24, 125, 28, 31, 176, 170, 193, 51, 50, 60, 117, 190, 84, 44, 160, 65, 3, 32, 77, 23, 23, 15, 113, 20),
    (29, 29, 174, 8, 104, 145, 181, 22, 196, 93, 140, 130, 58, 18, 156, 8, 125, 100, 199, 100, 92, 156, 19, 176, 179, 182, 168, 80, 92, 57, 103, 198, 165, 58, 154, 136, 68, 42, 86, 97),
    (30, 118, 149, 199, 61, 4, 23, 20, 146, 73, 80, 170, 117, 97, 67, 25, 151, 102, 131, 0, 86, 171, 161, 5, 158, 104, 195, 40, 167, 139, 181, 136, 191, 127, 185, 30, 172, 131, 172, 179),
    (31, 91, 62, 20, 111, 178, 92, 145, 62, 144, 102, 59, 120, 103, 199, 93, 60, 81, 17, 67, 171, 142, 26, 88, 159, 157, 105, 61, 36, 188, 71, 188, 91, 181, 103, 181, 175, 193, 198, 185),
    (32, 114, 36, 32, 8, 78, 54, 183, 169, 166, 115, 38, 106, 155, 61, 178, 113, 182, 199, 165, 41, 89, 23, 149, 67, 132, 191, 124, 66, 194, 140, 110, 71, 89, 27, 143, 160, 158, 77, 179),
    (33, 145, 156, 198, 79, 196, 195, 198, 3, 121, 52, 68, 51, 39, 103, 172, 105, 62, 110, 75, 132, 46, 31, 153, 134, 73, 1, 124, 49, 187, 107, 68, 6, 81, 169, 179, 77, 38, 169, 100),
    (34, 171, 88, 13, 117, 22, 88, 182, 181, 110, 56, 48, 108, 160, 121, 20, 128, 82, 100, 2, 152, 124, 5, 91, 108, 101, 6, 99, 198, 189, 71, 166, 111, 83, 117, 11, 150, 156, 68, 56),
    (35, 5, 145, 168, 4, 112, 11, 52, 121, 102, 132, 30, 160, 129, 61, 168, 179, 150, 11, 121, 189, 75, 186, 180, 99, 76, 9, 129, 69, 147, 163, 127, 25, 75, 133, 150, 140, 149, 134, 53),
    (36, 62, 58, 160, 77, 129, 78, 11, 40, 128, 92, 105, 23, 67, 69, 165, 124, 145, 112, 67, 52, 187, 173, 20, 195, 27, 59, 110, 30, 24, 45, 123, 85, 166, 17, 178, 54, 97, 75, 73),
    (37, 44, 6, 45, 24, 195, 172, 73, 34, 125, 43, 68, 149, 91, 67, 64, 159, 93, 128, 2, 177, 27, 53, 139, 139, 12, 183, 172, 1, 125, 174, 196, 55, 22, 131, 192, 15, 153, 94, 77),
    (38, 106, 35, 180, 144, 22, 21, 39, 38, 117, 134, 109, 191, 114, 92, 171, 24, 53, 106, 54, 106, 48, 115, 148, 69, 27, 18, 61, 6, 96, 79, 29, 19, 159, 165, 69, 64, 52, 17, 96),
    (39, 70, 165, 101, 161, 62, 118, 57, 25, 126, 9, 39, 47, 23, 22, 28, 115, 183, 19, 164, 57, 44, 170, 74, 84, 88, 141, 120, 113, 53, 46, 84, 6, 184, 156, 19, 162, 63, 88, 19),
    (40, 96, 98, 25, 50, 45, 18, 13, 18, 76, 89, 143, 101, 71, 86, 77, 117, 168, 83, 185, 187, 80, 104, 95, 58, 24, 136, 195, 130, 9, 103, 141, 99, 139, 17, 187, 165, 8, 39, 31),
    (41, 122, 176, 48, 102, 164, 100, 195, 2, 106, 116, 46, 21, 140, 138, 146, 8, 196, 76, 161, 176, 106, 181, 77, 180, 160, 106, 13, 163, 52, 85, 169, 136, 168, 126, 50, 45, 174, 111, 158),
    (42, 139, 70, 162, 127, 184, 18, 19, 49, 108, 47, 132, 73, 29, 2, 98, 60, 116, 59, 24, 4, 84, 159, 48, 195, 106, 178, 160, 26, 169, 101, 149, 113, 117, 118, 166, 98, 116, 54, 71),
    (43, 89, 133, 27, 13, 26, 178, 6, 177, 72, 134, 101, 1, 99, 188, 156, 80, 79, 24, 175, 97, 169, 194, 111, 144, 142, 161, 145, 158, 30, 129, 43, 85, 158, 24, 82, 0, 170, 198, 8),
    (44, 129, 77, 43, 158, 109, 151, 188, 190, 137, 13, 58, 84, 172, 76, 56, 58, 2, 164, 133, 59, 104, 17, 94, 123, 167, 153, 189, 25, 68, 129, 93, 177, 141, 163, 168, 66, 32, 134, 147),
    (45, 197, 104, 2, 43, 84, 145, 28, 133, 154, 168, 90, 26, 78, 180, 189, 175, 42, 122, 75, 175, 167, 191, 168, 85, 78, 157, 25, 66, 176, 189, 16, 103, 149, 57, 109, 73, 179, 88, 67),
    (46, 53, 198, 80, 175, 165, 190, 188, 182, 4, 63, 91, 148, 71, 106, 179, 101, 166, 19, 188, 75, 23, 187, 151, 61, 175, 7, 22, 23, 63, 120, 10, 106, 105, 113, 190, 94, 24, 52, 176),
    (47, 13, 69, 85, 146, 98, 40, 101, 120, 25, 27, 35, 44, 56, 52, 55, 131, 127, 109, 32, 78, 142, 53, 174, 16, 21, 146, 150, 151, 129, 146, 11, 18, 17, 137, 70, 129, 66, 168, 179),
    (48, 72, 159, 134, 51, 145, 67, 69, 59, 75, 150, 183, 54, 65, 130, 44, 174, 97, 97, 37, 18, 52, 140, 149, 144, 57, 130, 175, 33, 33, 1, 152, 4, 106, 175, 26, 94, 114, 49, 184),
    (49, 108, 131, 22, 152, 193, 35, 168, 54, 40, 106, 17, 78, 36, 161, 142, 177, 190, 197, 163, 46, 94, 69, 121, 85, 160, 66, 54, 48, 16, 125, 153, 115, 20, 54, 136, 92, 118, 179, 54),
    (50, 40, 180, 118, 59, 15, 16, 151, 95, 75, 148, 44, 58, 176, 65, 180, 181, 70, 151, 68, 119, 186, 162, 33, 44, 104, 43, 22, 62, 135, 0, 134, 82, 139, 160, 26, 47, 79, 49, 114),
    (51, 16, 183, 125, 66, 181, 62, 114, 28, 6, 44, 158, 20, 65, 62, 73, 95, 186, 28, 93, 36, 104, 61, 151, 36, 50, 125, 29, 26, 170, 65, 45, 17, 34, 67, 192, 187, 158, 193, 54),
    (52, 71, 195, 47, 24, 106, 120, 15, 84, 0, 86, 153, 5, 107, 31, 20, 59, 110, 16, 16, 54, 84, 95, 137, 122, 165, 191, 82, 47, 36, 182, 179, 111, 99, 189, 135, 13, 154, 136, 166),
    (53, 15, 61, 45, 143, 180, 26, 91, 76, 53, 44, 142, 19, 108, 118, 109, 125, 193, 144, 168, 128, 185, 70, 126, 23, 163, 172, 106, 87, 84, 111, 178, 135, 48, 180, 137, 22, 58, 118, 88),
    (54, 145, 36, 73, 19, 98, 118, 139, 142, 108, 18, 174, 45, 35, 106, 80, 172, 198, 41, 127, 72, 180, 65, 168, 126, 8, 92, 64, 156, 39, 130, 82, 186, 134, 64, 65, 142, 59, 188, 155),
    (55, 148, 74, 24, 135, 124, 45, 128, 135, 162, 39, 152, 101, 62, 159, 184, 95, 148, 18, 189, 177, 113, 111, 143, 14, 154, 138, 195, 192, 178, 97, 15, 155, 95, 76, 17, 51, 150, 80, 100),
    (56, 55, 117, 132, 65, 100, 16, 141, 19, 136, 138, 62, 129, 43, 96, 110, 137, 95, 97, 137, 80, 16, 85, 188, 79, 5, 156, 7, 119, 68, 1, 69, 171, 31, 57, 48, 16, 39, 36, 57),
    (57, 80, 21, 121, 64, 152, 182, 22, 22, 139, 104, 108, 153, 82, 168, 35, 191, 28, 174, 37, 184, 117, 27, 182, 191, 9, 170, 13, 125, 128, 141, 132, 106, 78, 196, 0, 109, 124, 59, 2),
    (58, 92, 94, 57, 188, 28, 198, 196, 19, 198, 151, 136, 51, 5, 95, 3, 155, 115, 196, 150, 175, 35, 82, 90, 91, 58, 56, 4, 186, 40, 179, 143, 88, 3, 73, 106, 59, 132, 6, 134),
    (59, 80, 5, 82, 199, 79, 109, 3, 88, 72, 21, 19, 22, 164, 132, 185, 86, 25, 88, 68, 4, 4, 48, 163, 140, 131, 194, 62, 58, 91, 196, 19, 62, 13, 89, 163, 23, 7, 191, 113),
    (60, 13, 83, 16, 147, 174, 26, 93, 26, 69, 179, 126, 106, 126, 22, 121, 48, 188, 29, 103, 163, 109, 7, 148, 191, 90, 107, 42, 185, 80, 91, 83, 126, 38, 57, 45, 112, 125, 156, 125),
    (61, 18, 78, 50, 59, 25, 29, 146, 129, 26, 166, 3, 102, 78, 97, 142, 103, 109, 18, 175, 72, 180, 196, 137, 86, 63, 131, 195, 165, 187, 130, 174, 129, 147, 41, 148, 163, 33, 104, 109),
    (62, 184, 158, 1, 127, 171, 129, 129, 159, 95, 21, 50, 57, 168, 94, 9, 146, 164, 169, 54, 192, 96, 74, 153, 87, 134, 48, 194, 152, 141, 4, 160, 189, 32, 111, 75, 149, 92, 60, 49),
    (63, 173, 31, 59, 49, 9, 176, 120, 81, 118, 90, 182, 35, 12, 199, 143, 72, 61, 25, 176, 93, 185, 91, 91, 34, 41, 30, 132, 131, 152, 158, 105, 196, 80, 18, 140, 166, 51, 160, 91),
    (64, 157, 80, 112, 123, 159, 176, 146, 24, 87, 154, 94, 94, 83, 130, 175, 17, 44, 108, 105, 116, 178, 152, 108, 147, 50, 13, 46, 83, 175, 135, 140, 162, 138, 101, 71, 77, 143, 47, 150),
    (65, 14, 99, 6, 36, 83, 56, 107, 3, 57, 101, 130, 108, 85, 62, 42, 101, 126, 113, 163, 42, 113, 65, 21, 121, 79, 49, 184, 147, 145, 30, 7, 196, 62, 20, 139, 140, 141, 96, 167),
    (66, 94, 39, 180, 20, 135, 175, 40, 174, 85, 12, 139, 119, 45, 102, 59, 108, 100, 112, 150, 151, 24, 192, 120, 46, 10, 77, 79, 170, 136, 130, 77, 42, 76, 97, 30, 105, 75, 19, 129),
    (67, 127, 81, 99, 193, 46, 64, 156, 57, 8, 165, 12, 69, 144, 154, 89, 121, 78, 34, 37, 199, 36, 57, 178, 139, 118, 23, 100, 147, 32, 152, 53, 84, 189, 82, 25, 122, 120, 31, 46),
    (68, 42, 31, 194, 44, 32, 1, 144, 152, 195, 83, 120, 94, 49, 80, 179, 68, 51, 98, 23, 132, 194, 64, 59, 58, 46, 128, 1, 95, 87, 1, 78, 159, 98, 121, 19, 164, 54, 120, 60),
    (69, 21, 154, 111, 123, 146, 13, 97, 52, 170, 140, 161, 41, 65, 180, 70, 192, 111, 3, 128, 17, 151, 196, 57, 186, 175, 123, 80, 21, 99, 134, 76, 191, 68, 47, 64, 73, 93, 181, 128),
    (70, 182, 91, 16, 145, 102, 130, 187, 101, 12, 192, 92, 6, 163, 78, 168, 174, 127, 117, 14, 155, 174, 52, 79, 172, 41, 154, 142, 61, 59, 131, 185, 39, 125, 54, 186, 118, 149, 129, 84),
    (71, 191, 178, 7, 125, 142, 111, 147, 72, 95, 83, 103, 115, 44, 47, 54, 169, 156, 92, 117, 106, 168, 33, 164, 106, 1, 87, 85, 12, 160, 69, 136, 71, 66, 169, 52, 108, 177, 157, 107),
    (72, 92, 131, 113, 158, 154, 149, 113, 89, 107, 175, 94, 96, 105, 97, 198, 28, 168, 43, 76, 191, 143, 178, 103, 30, 169, 13, 73, 143, 168, 45, 85, 37, 138, 92, 152, 119, 149, 13, 144),
    (73, 107, 94, 70, 163, 106, 49, 102, 112, 79, 51, 104, 160, 103, 48, 118, 28, 115, 39, 171, 23, 114, 60, 113, 130, 78, 160, 126, 121, 90, 189, 71, 166, 12, 191, 110, 70, 93, 16, 179),
    (74, 176, 64, 119, 125, 185, 168, 19, 147, 123, 137, 154, 92, 109, 178, 17, 22, 158, 158, 106, 146, 66, 30, 107, 164, 179, 41, 61, 28, 47, 95, 193, 99, 75, 127, 134, 179, 144, 170, 53),
    (75, 128, 186, 86, 127, 41, 154, 139, 153, 10, 179, 185, 144, 101, 82, 143, 199, 32, 198, 133, 110, 49, 154, 190, 14, 185, 46, 155, 123, 50, 26, 14, 108, 104, 195, 196, 2, 138, 177, 133),
    (76, 64, 20, 127, 194, 184, 96, 166, 188, 75, 33, 169, 31, 113, 106, 180, 196, 103, 190, 83, 132, 198, 103, 172, 169, 180, 71, 53, 62, 85, 174, 2, 43, 35, 19, 124, 132, 185, 27, 78),
    (77, 161, 115, 174, 6, 128, 38, 182, 10, 177, 86, 188, 194, 67, 45, 137, 174, 151, 119, 132, 42, 155, 48, 59, 197, 160, 41, 25, 170, 62, 173, 92, 112, 48, 58, 132, 5, 106, 153, 11),
    (78, 36, 182, 13, 167, 56, 68, 124, 103, 77, 174, 187, 74, 160, 107, 149, 132, 118, 114, 99, 154, 21, 101, 48, 22, 39, 139, 198, 7, 101, 153, 150, 79, 108, 9, 153, 170, 126, 57, 54),
    (79, 155, 28, 184, 185, 163, 67, 76, 166, 96, 119, 195, 162, 22, 49, 155, 140, 146, 23, 15, 162, 138, 12, 13, 21, 182, 87, 150, 42, 73, 32, 181, 46, 71, 158, 126, 32, 130, 18, 61),
    (80, 190, 169, 62, 125, 162, 176, 76, 77, 7, 149, 159, 35, 129, 119, 174, 166, 70, 148, 78, 34, 146, 18, 70, 149, 17, 187, 111, 30, 167, 142, 83, 75, 26, 29, 181, 94, 179, 23, 104),
    (81, 69, 170, 180, 53, 172, 116, 153, 85, 73, 91, 87, 118, 106, 2, 160, 114, 127, 15, 36, 8, 11, 155, 52, 40, 122, 108, 194, 186, 126, 97, 92, 147, 154, 105, 188, 117, 26, 194, 150),
    (82, 47, 94, 47, 18, 195, 0, 38, 26, 74, 38, 184, 66, 159, 178, 49, 33, 24, 86, 165, 4, 167, 77, 25, 157, 11, 116, 40, 63, 160, 185, 96, 109, 112, 111, 126, 95, 93, 68, 63),
    (83, 39, 30, 177, 109, 68, 106, 140, 175, 115, 172, 87, 36, 104, 80, 199, 150, 175, 171, 37, 157, 43, 84, 90, 59, 132, 92, 192, 58, 20, 148, 142, 61, 65, 126, 115, 169, 23, 170, 192),
    (84, 103, 24, 166, 92, 17, 69, 2, 57, 148, 12, 149, 147, 0, 62, 121, 23, 39, 183, 155, 31, 2, 199, 72, 49, 189, 146, 98, 120, 130, 106, 5, 172, 147, 65, 105, 175, 180, 102, 137),
    (85, 74, 66, 65, 148, 34, 133, 172, 123, 96, 91, 131, 107, 118, 173, 170, 163, 60, 107, 173, 60, 156, 5, 100, 19, 162, 16, 119, 156, 14, 178, 158, 121, 134, 82, 98, 161, 190, 180, 158),
    (86, 178, 19, 130, 161, 11, 97, 129, 90, 164, 148, 48, 35, 91, 66, 146, 149, 94, 66, 189, 122, 88, 116, 32, 81, 67, 189, 66, 191, 15, 166, 56, 32, 37, 159, 129, 189, 8, 121, 140),
    (87, 190, 131, 151, 78, 185, 199, 76, 55, 118, 25, 143, 26, 77, 12, 48, 186, 178, 147, 175, 149, 121, 186, 103, 112, 145, 102, 139, 81, 110, 39, 139, 179, 71, 27, 50, 177, 81, 121, 8),
    (88, 199, 40, 117, 93, 34, 153, 127, 42, 91, 67, 64, 186, 117, 199, 135, 173, 158, 197, 84, 115, 131, 166, 184, 199, 9, 74, 161, 60, 101, 64, 89, 187, 187, 95, 116, 80, 26, 121, 7),
    (89, 148, 17, 156, 112, 103, 174, 81, 14, 26, 192, 169, 103, 130, 147, 60, 159, 179, 46, 11, 145, 37, 64, 106, 172, 51, 51, 120, 77, 160, 59, 15, 52, 132, 196, 56, 73, 10, 63, 163),
    (90, 43, 160, 70, 118, 117, 77, 4, 71, 190, 79, 125, 65, 38, 179, 12, 30, 55, 69, 132, 100, 192, 175, 15, 191, 1, 46, 86, 91, 171, 173, 74, 178, 14, 87, 92, 97, 3, 88, 47),
    (91, 74, 63, 187, 12, 34, 52, 23, 138, 113, 193, 163, 87, 127, 137, 150, 128, 190, 179, 39, 164, 104, 73, 85, 50, 161, 31, 99, 61, 29, 6, 123, 86, 123, 40, 189, 20, 196, 160, 93),
    (92, 177, 169, 106, 126, 147, 7, 128, 65, 151, 193, 30, 76, 84, 64, 105, 177, 13, 166, 155, 21, 179, 32, 9, 174, 163, 89, 40, 133, 175, 82, 1, 37, 86, 16, 115, 135, 16, 157, 74),
    (93, 136, 106, 157, 35, 173, 183, 157, 7, 113, 132, 107, 100, 173, 57, 5, 53, 105, 13, 16, 71, 11, 25, 170, 93, 16, 32, 173, 198, 184, 105, 78, 135, 12, 175, 25, 33, 94, 146, 63),
    (94, 92, 165, 148, 148, 79, 5, 35, 81, 92, 42, 91, 121, 144, 67, 28, 4, 37, 75, 83, 51, 135, 87, 189, 167, 5, 7, 199, 192, 190, 86, 64, 37, 51, 17, 58, 90, 49, 146, 134),
    (95, 76, 195, 104, 77, 8, 163, 17, 197, 105, 87, 133, 66, 147, 160, 163, 171, 4, 14, 148, 24, 38, 87, 39, 187, 30, 190, 186, 176, 167, 102, 35, 84, 133, 124, 154, 55, 50, 81, 110),
    (96, 117, 189, 53, 7, 90, 105, 118, 96, 191, 192, 136, 22, 37, 40, 17, 85, 102, 142, 191, 6, 7, 105, 45, 134, 155, 6, 183, 102, 107, 43, 96, 127, 161, 176, 197, 77, 42, 17, 18),
    (97, 46, 126, 195, 162, 73, 170, 108, 140, 54, 179, 44, 51, 55, 117, 157, 120, 116, 107, 140, 34, 113, 103, 97, 36, 110, 113, 93, 49, 32, 82, 120, 137, 28, 6, 118, 133, 74, 86, 173),
    (98, 111, 9, 41, 113, 103, 145, 147, 55, 14, 199, 66, 186, 40, 179, 32, 69, 136, 182, 34, 29, 19, 15, 20, 160, 4, 151, 146, 102, 69, 165, 67, 0, 98, 69, 48, 63, 95, 42, 117),
    (99, 101, 124, 24, 74, 98, 61, 8, 51, 106, 9, 62, 184, 16, 82, 199, 119, 23, 7, 176, 128, 104, 34, 131, 103, 171, 142, 19, 21, 80, 78, 112, 51, 67, 197, 32, 199, 108, 20, 22),
    (100, 30, 13, 155, 100, 149, 25, 146, 132, 164, 59, 92, 161, 54, 172, 19, 170, 143, 67, 175, 109, 38, 172, 32, 198, 110, 176, 142, 173, 75, 116, 125, 30, 103, 53, 86, 95, 40, 122, 34),
    (101, 117, 58, 174, 33, 107, 72, 143, 97, 128, 146, 10, 72, 73, 187, 92, 113, 156, 85, 74, 81, 110, 24, 35, 176, 51, 1, 45, 133, 116, 183, 71, 162, 175, 98, 46, 197, 138, 154, 83),
    (102, 39, 65, 56, 49, 3, 15, 114, 25, 18, 5, 63, 77, 73, 110, 104, 71, 94, 101, 103, 92, 134, 5, 91, 29, 111, 133, 169, 93, 52, 35, 17, 57, 183, 80, 87, 11, 134, 51, 127),
    (103, 88, 82, 156, 55, 110, 162, 54, 119, 114, 66, 45, 94, 24, 180, 128, 1, 43, 154, 180, 66, 22, 103, 3, 105, 59, 135, 79, 1, 17, 116, 2, 83, 166, 78, 189, 34, 100, 59, 40),
    (104, 90, 87, 193, 197, 168, 46, 149, 192, 187, 48, 98, 80, 60, 138, 60, 2, 173, 172, 38, 77, 65, 166, 178, 31, 132, 162, 120, 7, 54, 165, 162, 57, 120, 61, 44, 16, 146, 46, 4),
    (105, 38, 52, 91, 40, 180, 74, 58, 181, 65, 112, 33, 86, 178, 92, 124, 170, 45, 47, 53, 3, 193, 11, 191, 190, 129, 190, 56, 110, 88, 183, 25, 50, 88, 96, 8, 52, 184, 27, 103),
    (106, 167, 140, 92, 145, 148, 87, 55, 93, 15, 84, 55, 98, 108, 43, 82, 189, 63, 165, 145, 12, 75, 84, 76, 146, 14, 109, 37, 13, 74, 190, 63, 181, 54, 57, 44, 66, 192, 161, 68),
    (107, 66, 73, 109, 147, 46, 28, 57, 56, 105, 9, 145, 19, 12, 178, 150, 172, 79, 36, 10, 177, 25, 65, 76, 123, 172, 38, 54, 115, 27, 149, 117, 87, 170, 136, 157, 182, 162, 165, 44),
    (108, 22, 192, 26, 163, 182, 196, 165, 37, 158, 58, 52, 85, 95, 109, 143, 105, 0, 119, 11, 80, 174, 79, 82, 82, 144, 45, 163, 6, 167, 42, 175, 58, 74, 150, 89, 91, 199, 24, 65),
    (109, 180, 100, 159, 50, 145, 114, 38, 38, 94, 73, 129, 110, 154, 88, 161, 166, 98, 167, 49, 35, 183, 147, 72, 156, 150, 47, 179, 28, 70, 119, 180, 159, 77, 166, 108, 0, 87, 92, 163),
    (110, 164, 72, 158, 189, 47, 156, 20, 76, 99, 112, 77, 28, 77, 91, 40, 90, 161, 44, 187, 5, 192, 180, 68, 149, 44, 2, 8, 190, 22, 112, 110, 49, 160, 43, 99, 132, 93, 148, 95),
    (111, 26, 162, 193, 85, 86, 124, 65, 138, 159, 59, 52, 192, 7, 111, 31, 69, 173, 75, 34, 14, 170, 83, 14, 184, 82, 10, 135, 168, 22, 68, 152, 112, 147, 3, 113, 46, 13, 186, 22),
    (112, 65, 55, 122, 195, 132, 194, 103, 38, 96, 185, 171, 13, 50, 2, 101, 36, 124, 96, 64, 122, 18, 110, 33, 109, 94, 19, 51, 102, 37, 54, 101, 33, 43, 176, 41, 87, 74, 177, 18),
    (113, 110, 122, 171, 70, 120, 57, 143, 47, 83, 78, 126, 185, 180, 127, 95, 9, 94, 104, 21, 0, 56, 132, 122, 195, 171, 99, 198, 74, 59, 151, 195, 38, 118, 114, 192, 198, 103, 72, 164),
    (114, 41, 87, 37, 112, 100, 37, 142, 198, 63, 4, 95, 78, 57, 22, 27, 112, 109, 49, 0, 25, 103, 178, 45, 30, 178, 79, 176, 40, 187, 183, 28, 163, 109, 145, 151, 52, 177, 17, 26),
    (115, 93, 70, 33, 112, 11, 72, 185, 126, 89, 178, 197, 97, 145, 66, 126, 70, 134, 145, 186, 98, 110, 39, 69, 84, 68, 92, 96, 179, 143, 38, 177, 9, 120, 51, 99, 2, 149, 148, 137),
    (116, 102, 47, 47, 114, 187, 53, 16, 58, 89, 71, 135, 187, 114, 109, 168, 92, 32, 86, 115, 150, 161, 61, 24, 39, 112, 15, 196, 189, 193, 145, 52, 69, 68, 53, 119, 189, 142, 156, 186),
    (117, 141, 16, 140, 92, 118, 159, 186, 23, 7, 152, 94, 113, 143, 40, 35, 151, 166, 178, 60, 145, 54, 10, 33, 177, 9, 131, 166, 49, 93, 45, 91, 92, 129, 130, 53, 182, 106, 131, 47),
    (118, 43, 35, 151, 183, 60, 132, 18, 146, 166, 31, 94, 5, 164, 21, 39, 63, 89, 63, 14, 79, 80, 61, 78, 40, 83, 68, 189, 93, 82, 133, 47, 33, 10, 15, 17, 73, 18, 150, 170),
    (119, 170, 13, 131, 88, 174, 36, 87, 69, 88, 75, 92, 78, 164, 128, 167, 46, 11, 90, 50, 150, 196, 125, 14, 64, 73, 180, 195, 48, 45, 128, 139, 146, 191, 109, 9, 116, 154, 169, 20),
    (120, 76, 70, 10, 27, 71, 41, 110, 9, 152, 49, 165, 88, 165, 57, 175, 66, 174, 35, 84, 41, 18, 152, 98, 195, 47, 149, 37, 112, 171, 39, 189, 72, 177, 187, 122, 27, 73, 192, 36),
    (121, 82, 112, 52, 58, 125, 9, 148, 117, 111, 104, 134, 11, 103, 168, 115, 194, 145, 119, 186, 36, 31, 5, 29, 110, 130, 139, 111, 27, 114, 21, 31, 16, 143, 192, 38, 196, 173, 38, 106),
    (122, 133, 52, 108, 188, 6, 170, 150, 164, 20, 1, 70, 152, 165, 101, 195, 140, 185, 4, 62, 1, 132, 155, 30, 70, 142, 30, 23, 100, 17, 18, 165, 148, 2, 38, 65, 104, 181, 60, 7),
    (123, 74, 63, 191, 52, 31, 176, 63, 119, 48, 37, 59, 28, 194, 79, 61, 112, 3, 198, 20, 199, 40, 6, 152, 76, 190, 47, 32, 9, 80, 190, 170, 199, 116, 115, 141, 21, 117, 35, 10),
    (124, 76, 88, 13, 188, 139, 157, 154, 81, 171, 65, 168, 116, 84, 48, 53, 72, 178, 42, 117, 80, 56, 192, 172, 191, 131, 51, 47, 175, 193, 152, 27, 124, 165, 52, 63, 115, 59, 135, 75),
    (125, 173, 142, 85, 82, 32, 129, 117, 181, 63, 158, 172, 90, 146, 27, 165, 199, 13, 17, 65, 87, 31, 94, 71, 152, 90, 124, 175, 93, 11, 152, 167, 189, 99, 137, 20, 21, 97, 109, 123),
    (126, 180, 36, 167, 123, 27, 55, 16, 169, 149, 4, 163, 101, 169, 60, 106, 135, 138, 90, 102, 75, 189, 58, 22, 175, 17, 85, 148, 157, 16, 27, 59, 116, 23, 180, 148, 190, 163, 117, 145),
    (127, 46, 71, 65, 150, 180, 56, 38, 182, 53, 104, 42, 29, 3, 29, 142, 22, 48, 4, 82, 109, 49, 94, 89, 89, 24, 149, 126, 122, 2, 26, 70, 188, 30, 175, 194, 147, 12, 73, 127),
    (128, 130, 185, 199, 16, 38, 64, 127, 57, 81, 90, 122, 116, 145, 6, 149, 30, 129, 191, 170, 136, 4, 91, 86, 63, 178, 119, 100, 51, 98, 190, 30, 28, 26, 102, 25, 113, 111, 179, 142),
    (129, 26, 20, 132, 174, 106, 169, 132, 152, 67, 6, 126, 94, 180, 108, 125, 167, 183, 74, 55, 57, 166, 135, 28, 83, 165, 158, 82, 91, 96, 179, 178, 112, 47, 120, 36, 10, 93, 96, 184),
    (130, 137, 187, 96, 189, 125, 94, 132, 172, 101, 178, 62, 91, 31, 3, 94, 195, 150, 147, 91, 151, 137, 53, 117, 177, 11, 181, 127, 78, 131, 162, 162, 150, 138, 145, 10, 45, 159, 178, 149),
    (131, 179, 124, 47, 134, 144, 142, 29, 45, 52, 62, 135, 134, 177, 104, 150, 130, 179, 63, 127, 128, 196, 185, 131, 99, 199, 108, 69, 183, 31, 96, 63, 83, 3, 163, 158, 56, 88, 190, 164),
    (132, 128, 134, 163, 145, 5, 108, 43, 119, 158, 93, 76, 164, 77, 96, 48, 98, 116, 112, 168, 44, 62, 72, 28, 8, 171, 152, 88, 137, 80, 122, 26, 26, 20, 165, 97, 31, 125, 106, 177),
    (133, 22, 91, 147, 140, 120, 50, 96, 28, 42, 165, 16, 49, 195, 187, 149, 189, 93, 197, 76, 126, 124, 73, 146, 42, 100, 35, 7, 123, 29, 146, 177, 198, 97, 146, 68, 135, 128, 13, 186),
    (134, 132, 87, 67, 83, 164, 37, 102, 51, 78, 62, 87, 130, 155, 144, 1, 65, 64, 55, 11, 195, 160, 32, 82, 100, 0, 64, 79, 10, 30, 105, 111, 71, 171, 23, 174, 52, 123, 194, 180),
    (135, 69, 90, 89, 65, 37, 16, 84, 42, 77, 10, 96, 54, 34, 43, 181, 36, 181, 78, 4, 127, 183, 30, 119, 24, 7, 22, 88, 145, 192, 13, 44, 27, 32, 147, 90, 138, 90, 187, 25),
    (136, 163, 63, 128, 196, 142, 14, 3, 157, 110, 3, 146, 66, 196, 87, 1, 162, 9, 20, 162, 193, 137, 104, 53, 108, 52, 34, 112, 194, 11, 151, 10, 80, 73, 23, 196, 165, 21, 106, 147),
    (137, 66, 123, 119, 152, 130, 197, 47, 145, 143, 39, 180, 113, 52, 138, 129, 28, 133, 124, 29, 147, 115, 97, 64, 64, 45, 78, 69, 197, 57, 79, 133, 87, 102, 83, 85, 123, 100, 113, 91),
    (138, 194, 152, 0, 185, 15, 33, 120, 123, 36, 65, 168, 184, 186, 115, 135, 171, 18, 38, 176, 105, 95, 167, 171, 22, 49, 131, 71, 44, 88, 36, 10, 130, 27, 157, 86, 105, 34, 141, 83),
    (139, 162, 136, 11, 154, 83, 12, 28, 39, 129, 166, 197, 113, 158, 157, 132, 49, 51, 25, 71, 7, 107, 83, 87, 68, 21, 25, 109, 86, 35, 71, 22, 108, 50, 77, 176, 97, 177, 60, 117),
    (140, 69, 23, 195, 11, 29, 164, 91, 194, 21, 29, 91, 45, 189, 191, 141, 81, 167, 88, 43, 198, 182, 160, 81, 163, 79, 160, 171, 141, 44, 100, 96, 18, 1, 55, 139, 79, 38, 139, 106),
    (141, 115, 18, 101, 65, 23, 167, 128, 68, 108, 196, 127, 15, 109, 198, 192, 91, 45, 61, 171, 147, 72, 60, 96, 17, 56, 25, 199, 156, 30, 163, 152, 127, 97, 190, 121, 136, 25, 179, 174),
    (142, 73, 46, 188, 124, 168, 133, 18, 40, 184, 54, 81, 3, 13, 5, 82, 12, 188, 120, 81, 22, 17, 104, 22, 106, 198, 71, 38, 56, 6, 172, 168, 62, 89, 181, 38, 92, 164, 146, 124),
    (143, 99, 185, 197, 34, 49, 2, 130, 141, 121, 106, 68, 32, 86, 165, 31, 174, 120, 176, 28, 1, 32, 165, 1, 110, 48, 157, 62, 46, 120, 84, 166, 167, 0, 115, 5, 0, 94, 187, 158),
    (144, 170, 113, 157, 181, 168, 68, 139, 54, 98, 148, 53, 162, 32, 177, 174, 60, 108, 65, 139, 95, 47, 112, 94, 100, 170, 114, 3, 140, 118, 160, 48, 57, 59, 116, 32, 69, 54, 162, 129),
    (145, 65, 60, 48, 1, 191, 147, 193, 93, 78, 169, 25, 155, 9, 115, 1, 78, 73, 164, 176, 13, 42, 196, 80, 47, 78, 65, 154, 114, 75, 159, 4, 165, 155, 22, 168, 98, 196, 22, 168),
    (146, 27, 110, 1, 99, 45, 28, 17, 154, 85, 184, 73, 103, 18, 45, 175, 174, 171, 75, 117, 87, 16, 63, 164, 119, 154, 129, 170, 93, 20, 18, 104, 157, 164, 129, 70, 199, 181, 66, 184),
    (147, 45, 43, 26, 25, 18, 132, 86, 128, 22, 63, 14, 27, 171, 199, 137, 142, 139, 61, 136, 34, 14, 137, 143, 41, 70, 184, 97, 33, 66, 33, 121, 10, 111, 60, 141, 35, 34, 172, 36),
    (148, 197, 160, 116, 57, 187, 185, 174, 97, 24, 95, 0, 43, 60, 64, 45, 12, 42, 135, 101, 191, 143, 168, 44, 73, 86, 36, 118, 11, 98, 59, 43, 186, 112, 15, 68, 21, 80, 61, 111),
    (149, 132, 79, 186, 160, 24, 97, 93, 113, 60, 47, 32, 60, 18, 81, 40, 20, 85, 156, 124, 192, 28, 72, 104, 28, 22, 114, 74, 61, 127, 145, 173, 169, 113, 146, 170, 115, 109, 163, 187),
    (150, 18, 21, 27, 182, 36, 118, 118, 153, 175, 49, 160, 107, 84, 69, 199, 4, 164, 136, 75, 62, 160, 64, 197, 192, 42, 189, 40, 153, 99, 96, 94, 55, 151, 197, 79, 23, 144, 138, 164),
    (151, 155, 96, 12, 100, 182, 103, 86, 74, 147, 39, 83, 82, 150, 166, 73, 14, 29, 8, 167, 123, 159, 175, 65, 74, 108, 21, 186, 118, 189, 17, 44, 84, 169, 95, 9, 65, 178, 64, 169),
    (152, 29, 137, 89, 153, 171, 38, 78, 120, 186, 98, 77, 78, 145, 5, 188, 68, 175, 176, 88, 142, 157, 158, 152, 12, 82, 134, 70, 82, 8, 22, 72, 120, 103, 135, 56, 198, 173, 107, 37),
    (153, 105, 164, 71, 5, 41, 60, 177, 163, 3, 87, 24, 47, 79, 143, 56, 107, 136, 70, 197, 89, 158, 195, 7, 135, 180, 152, 173, 25, 1, 153, 132, 177, 69, 146, 163, 26, 6, 0, 191),
    (154, 105, 36, 99, 138, 154, 29, 196, 158, 179, 176, 57, 87, 113, 26, 155, 176, 173, 101, 73, 187, 190, 173, 58, 46, 6, 172, 112, 183, 192, 143, 125, 50, 159, 100, 28, 121, 196, 17, 152),
    (155, 37, 134, 27, 144, 19, 20, 14, 9, 1, 111, 97, 160, 79, 144, 191, 187, 186, 11, 100, 131, 120, 179, 146, 160, 49, 9, 124, 155, 11, 96, 32, 2, 181, 1, 91, 25, 44, 77, 53),
    (156, 58, 157, 100, 140, 118, 105, 185, 98, 137, 135, 70, 161, 21, 128, 7, 43, 107, 86, 173, 16, 49, 176, 63, 44, 196, 5, 113, 186, 105, 24, 54, 161, 72, 177, 53, 166, 151, 60, 92),
    (157, 157, 6, 95, 64, 130, 84, 73, 83, 73, 52, 45, 176, 179, 179, 195, 79, 35, 125, 59, 140, 37, 105, 72, 179, 37, 186, 65, 86, 31, 95, 3, 198, 135, 22, 155, 162, 75, 84, 71),
    (158, 80, 21, 66, 18, 181, 107, 48, 80, 168, 51, 124, 188, 62, 34, 1, 136, 155, 111, 132, 119, 11, 184, 167, 90, 156, 87, 47, 101, 8, 91, 7, 157, 121, 198, 176, 19, 7, 20, 142),
    (159, 79, 54, 167, 142, 129, 5, 181, 54, 117, 114, 90, 72, 10, 198, 141, 165, 1, 168, 163, 86, 19, 150, 87, 50, 107, 66, 30, 97, 144, 50, 186, 66, 81, 169, 157, 74, 127, 140, 74),
    (160, 181, 169, 49, 21, 101, 183, 171, 117, 43, 35, 111, 45, 61, 59, 192, 85, 14, 56, 157, 27, 78, 59, 102, 125, 87, 90, 24, 178, 67, 3, 34, 41, 48, 72, 119, 41, 134, 108, 62),
    (161, 23, 80, 23, 63, 71, 179, 113, 96, 9, 6, 96, 180, 36, 115, 103, 96, 165, 130, 78, 152, 92, 197, 39, 67, 181, 166, 21, 187, 171, 14, 103, 70, 86, 35, 117, 127, 45, 100, 147),
    (162, 118, 185, 185, 147, 155, 138, 80, 149, 91, 119, 166, 57, 81, 137, 19, 131, 116, 11, 29, 67, 91, 102, 5, 163, 49, 43, 32, 125, 161, 83, 114, 139, 30, 37, 170, 82, 21, 39, 77),
    (163, 198, 98, 196, 170, 125, 22, 80, 154, 136, 108, 145, 48, 102, 150, 183, 76, 93, 60, 28, 74, 108, 94, 43, 31, 180, 32, 159, 43, 15, 159, 22, 16, 34, 166, 117, 58, 62, 195, 10),
    (164, 167, 116, 80, 160, 19, 69, 37, 17, 17, 178, 142, 138, 66, 145, 195, 151, 177, 91, 117, 54, 40, 139, 19, 43, 71, 131, 74, 59, 190, 141, 32, 151, 18, 161, 143, 126, 92, 132, 16),
    (165, 32, 124, 62, 188, 190, 150, 110, 62, 134, 71, 76, 100, 49, 45, 159, 148, 102, 65, 108, 152, 54, 66, 32, 181, 14, 50, 71, 158, 142, 188, 115, 166, 125, 144, 184, 79, 18, 64, 100),
    (166, 182, 41, 58, 123, 191, 135, 172, 51, 39, 68, 139, 12, 76, 16, 121, 168, 0, 63, 78, 155, 92, 58, 88, 111, 175, 36, 84, 2, 167, 84, 193, 127, 150, 156, 101, 152, 141, 15, 156),
    (167, 3, 45, 127, 88, 88, 22, 94, 64, 51, 85, 67, 27, 142, 153, 87, 9, 146, 34, 165, 191, 4, 170, 142, 130, 176, 23, 70, 141, 61, 183, 86, 187, 157, 48, 16, 61, 102, 181, 71),
    (168, 185, 57, 26, 160, 188, 160, 59, 12, 128, 174, 72, 170, 188, 71, 122, 168, 14, 195, 49, 81, 5, 54, 8, 135, 136, 63, 128, 82, 84, 14, 161, 196, 23, 83, 195, 143, 47, 68, 59),
    (169, 27, 24, 161, 143, 79, 133, 53, 23, 94, 7, 65, 23, 79, 196, 161, 170, 44, 152, 139, 10, 94, 199, 20, 83, 17, 109, 113, 155, 81, 94, 184, 168, 12, 161, 76, 149, 142, 30, 68),
    (170, 178, 179, 74, 95, 196, 81, 93, 70, 106, 46, 115, 49, 75, 9, 35, 121, 48, 119, 4, 30, 11, 23, 126, 129, 21, 159, 21, 88, 65, 160, 163, 35, 33, 172, 53, 89, 81, 27, 82),
    (171, 171, 139, 6, 179, 44, 51, 33, 79, 140, 17, 190, 127, 137, 12, 92, 152, 30, 95, 42, 71, 95, 64, 69, 73, 41, 37, 167, 181, 37, 85, 54, 60, 112, 15, 53, 18, 126, 181, 127),
    (172, 140, 161, 155, 7, 45, 101, 112, 58, 50, 146, 184, 2, 65, 36, 70, 95, 189, 185, 82, 83, 75, 71, 186, 143, 151, 159, 182, 72, 107, 164, 75, 5, 180, 63, 43, 156, 110, 92, 96),
    (173, 48, 71, 22, 52, 160, 49, 146, 147, 159, 131, 121, 1, 132, 24, 121, 35, 67, 193, 47, 167, 46, 37, 88, 175, 16, 177, 162, 90, 123, 72, 22, 42, 122, 151, 136, 115, 162, 50, 194),
    (174, 2, 109, 140, 82, 93, 171, 193, 115, 91, 130, 198, 86, 69, 97, 78, 13, 111, 64, 85, 144, 140, 26, 143, 199, 34, 6, 195, 12, 140, 7, 37, 80, 114, 80, 122, 139, 13, 151, 196),
    (175, 44, 114, 112, 142, 13, 83, 3, 142, 51, 106, 100, 123, 8, 122, 173, 130, 94, 64, 111, 94, 145, 165, 183, 9, 157, 187, 96, 69, 41, 102, 191, 125, 123, 149, 112, 172, 194, 199, 16),
    (176, 130, 82, 41, 19, 39, 12, 85, 95, 78, 196, 56, 83, 153, 9, 55, 5, 19, 44, 114, 149, 36, 188, 170, 148, 34, 96, 129, 89, 8, 42, 0, 69, 60, 123, 138, 21, 71, 88, 65),
    (177, 198, 57, 147, 119, 160, 134, 82, 51, 180, 42, 25, 180, 197, 199, 72, 57, 127, 131, 106, 177, 35, 18, 156, 47, 7, 164, 0, 197, 49, 53, 82, 45, 150, 100, 10, 88, 4, 83, 37),
    (178, 155, 5, 69, 39, 175, 137, 61, 55, 182, 47, 76, 62, 132, 174, 6, 130, 126, 11, 166, 21, 34, 190, 130, 194, 18, 161, 148, 89, 116, 140, 114, 177, 98, 124, 190, 63, 46, 8, 41),
    (179, 106, 90, 63, 78, 66, 82, 178, 168, 114, 78, 41, 128, 124, 123, 140, 110, 93, 7, 82, 143, 127, 2, 130, 187, 18, 109, 87, 150, 29, 51, 130, 138, 92, 169, 89, 60, 193, 34, 199),
    (180, 94, 157, 186, 179, 47, 121, 94, 97, 31, 111, 52, 148, 2, 81, 155, 195, 57, 74, 5, 173, 84, 88, 151, 39, 37, 168, 29, 178, 44, 70, 137, 119, 164, 121, 99, 172, 17, 149, 120),
    (181, 56, 150, 53, 65, 63, 83, 4, 63, 69, 110, 188, 91, 117, 169, 161, 71, 118, 107, 100, 68, 165, 160, 62, 122, 49, 20, 6, 92, 32, 183, 82, 134, 195, 106, 22, 136, 117, 197, 176),
    (182, 64, 122, 11, 25, 196, 148, 15, 107, 92, 138, 182, 22, 154, 127, 94, 46, 8, 28, 6, 166, 97, 166, 180, 92, 194, 56, 44, 165, 111, 111, 82, 19, 132, 40, 9, 9, 178, 171, 161),
    (183, 111, 122, 2, 54, 53, 41, 24, 149, 158, 123, 2, 79, 87, 8, 3, 103, 47, 54, 167, 9, 12, 115, 177, 129, 158, 69, 198, 22, 156, 8, 35, 38, 14, 35, 160, 171, 153, 12, 84),
    (184, 184, 119, 30, 41, 31, 80, 79, 25, 28, 170, 64, 84, 140, 59, 116, 156, 126, 50, 73, 5, 34, 51, 29, 184, 11, 121, 61, 43, 30, 110, 112, 183, 29, 49, 173, 183, 116, 133, 48),
    (185, 88, 172, 7, 104, 84, 29, 118, 128, 71, 147, 116, 13, 3, 172, 26, 32, 65, 169, 35, 170, 5, 143, 28, 77, 154, 36, 117, 154, 148, 178, 113, 151, 35, 78, 192, 33, 54, 27, 57),
    (186, 28, 110, 124, 121, 126, 14, 8, 73, 80, 88, 128, 143, 161, 148, 195, 37, 4, 90, 172, 131, 166, 35, 107, 173, 55, 122, 154, 181, 165, 115, 7, 131, 100, 131, 0, 133, 196, 175, 44),
    (187, 58, 52, 33, 174, 33, 128, 131, 43, 71, 123, 16, 117, 101, 122, 12, 90, 36, 28, 120, 88, 45, 185, 74, 136, 162, 165, 8, 105, 122, 102, 9, 4, 159, 55, 27, 184, 178, 194, 177),
    (188, 191, 192, 33, 113, 180, 66, 35, 111, 33, 125, 145, 23, 62, 129, 23, 88, 63, 42, 53, 192, 89, 106, 196, 29, 48, 112, 3, 109, 48, 21, 50, 26, 129, 120, 68, 167, 7, 106, 41),
    (189, 35, 142, 1, 28, 54, 115, 111, 74, 20, 91, 73, 24, 130, 178, 20, 144, 7, 162, 87, 121, 179, 44, 159, 113, 19, 45, 141, 188, 2, 116, 191, 159, 55, 55, 8, 125, 136, 2, 125),
    (190, 154, 132, 144, 3, 138, 88, 106, 155, 155, 101, 89, 57, 83, 193, 19, 12, 182, 151, 179, 196, 142, 46, 60, 155, 104, 107, 184, 158, 14, 191, 55, 147, 93, 123, 153, 36, 168, 6, 91),
    (191, 123, 19, 76, 172, 24, 55, 160, 127, 140, 108, 51, 189, 77, 163, 118, 125, 83, 12, 40, 189, 121, 55, 1, 152, 189, 112, 8, 127, 9, 124, 124, 88, 190, 147, 51, 39, 124, 87, 45),
    (192, 79, 44, 18, 68, 142, 10, 7, 40, 58, 27, 55, 114, 77, 193, 170, 152, 122, 7, 61, 35, 71, 95, 38, 90, 20, 147, 127, 67, 128, 184, 156, 91, 74, 83, 35, 125, 158, 15, 115),
    (193, 164, 138, 6, 55, 97, 27, 145, 151, 115, 71, 25, 148, 181, 123, 151, 5, 165, 87, 6, 90, 135, 109, 30, 4, 152, 103, 138, 11, 58, 6, 59, 132, 57, 199, 71, 94, 56, 38, 153),
    (194, 7, 30, 88, 145, 28, 158, 109, 100, 36, 163, 144, 145, 134, 151, 175, 189, 40, 99, 120, 151, 78, 188, 42, 189, 129, 78, 43, 146, 170, 176, 176, 187, 13, 78, 182, 152, 169, 88, 123),
    (195, 197, 177, 38, 26, 117, 19, 17, 41, 103, 42, 38, 129, 166, 50, 111, 133, 110, 44, 81, 45, 43, 9, 34, 53, 144, 142, 153, 163, 43, 67, 106, 77, 86, 132, 68, 161, 91, 107, 193),
    (196, 184, 71, 44, 79, 163, 143, 139, 82, 183, 199, 106, 188, 151, 133, 46, 171, 11, 67, 131, 117, 162, 117, 49, 194, 64, 23, 103, 139, 132, 40, 38, 197, 44, 20, 61, 179, 63, 177, 128),
    (197, 95, 152, 123, 198, 118, 82, 19, 123, 38, 101, 30, 143, 23, 164, 8, 54, 116, 56, 128, 24, 173, 82, 67, 152, 171, 195, 131, 112, 168, 132, 14, 38, 44, 81, 144, 193, 109, 102, 146),
    (198, 15, 136, 75, 19, 3, 136, 84, 68, 140, 49, 17, 48, 171, 179, 95, 142, 73, 63, 139, 45, 197, 61, 147, 160, 119, 103, 152, 195, 128, 62, 79, 4, 100, 166, 172, 175, 118, 86, 144),
    (199, 103, 148, 132, 101, 149, 57, 193, 130, 122, 67, 131, 174, 43, 156, 149, 15, 5, 19, 111, 13, 77, 127, 190, 0, 125, 25, 72, 118, 99, 64, 87, 49, 143, 3, 10, 92, 128, 167, 104);

INSERT INTO T23 (pk, t1, t2, t3, t4, t5, t6, t7, t8, t9, t10, t11, t12, t13, t14, t15, t16, t17, t18, t19, t20, t21, t22, t24, t25, t26, t27, t28, t29, t30, t31, t32, t33, t34, t35, t36, t37, t38, t39, t40)
VALUES
    (0, 89, 178, 127, 141, 42, 120, 63, 38, 129, 84, 69, 185, 103, 169, 38, 142, 77, 56, 25, 89, 94, 149, 2, 112, 34, 114, 158, 111, 110, 108, 50, 109, 33, 44, 41, 147, 163, 103, 103),
    (1, 132, 68, 170, 186, 88, 151, 71, 183, 162, 70, 84, 194, 24, 76, 31, 61, 48, 96, 20, 156, 191, 179, 77, 100, 18, 1, 109, 161, 175, 30, 49, 60, 141, 49, 114, 35, 1, 144, 102),
    (2, 145, 155, 49, 167, 121, 113, 174, 106, 122, 110, 62, 61, 186, 88, 101, 46, 142, 76, 150, 52, 126, 104, 22, 187, 160, 3, 32, 159, 118, 195, 184, 49, 53, 1, 69, 58, 138, 144, 142),
    (3, 95, 39, 174, 193, 178, 40, 147, 56, 69, 30, 0, 6, 114, 196, 67, 134, 155, 130, 51, 151, 53, 178, 172, 33, 180, 10, 143, 161, 161, 119, 21, 110, 150, 157, 3, 40, 141, 61, 164),
    (4, 104, 6, 86, 142, 150, 107, 149, 80, 51, 21, 101, 65, 92, 103, 6, 28, 79, 175, 185, 192, 126, 102, 192, 5, 10, 140, 124, 163, 84, 176, 168, 63, 195, 8, 150, 40, 127, 9, 56),
    (5, 62, 173, 150, 72, 23, 149, 12, 126, 111, 54, 30, 115, 108, 98, 55, 44, 103, 47, 179, 185, 192, 172, 59, 8, 25, 144, 90, 34, 98, 23, 57, 183, 1, 150, 196, 32, 126, 187, 77),
    (6, 56, 173, 2, 151, 179, 47, 24, 119, 67, 193, 158, 107, 177, 28, 16, 187, 83, 96, 138, 72, 72, 162, 180, 102, 101, 155, 115, 33, 29, 30, 19, 60, 110, 98, 25, 13, 37, 177, 101),
    (7, 134, 53, 25, 162, 125, 96, 82, 44, 98, 189, 70, 182, 91, 133, 130, 154, 199, 112, 33, 101, 7, 23, 105, 148, 16, 3, 91, 69, 71, 162, 68, 122, 180, 117, 18, 51, 15, 102, 46),
    (8, 107, 128, 163, 83, 139, 13, 72, 86, 184, 28, 44, 69, 76, 157, 61, 97, 53, 171, 29, 183, 181, 44, 163, 29, 7, 157, 143, 165, 83, 158, 16, 55, 86, 72, 31, 145, 153, 192, 117),
    (9, 156, 27, 84, 95, 177, 21, 83, 138, 162, 72, 127, 190, 86, 171, 136, 139, 24, 116, 76, 43, 140, 122, 196, 7, 182, 92, 106, 69, 193, 98, 36, 13, 97, 59, 197, 153, 79, 59, 115),
    (10, 107, 181, 67, 175, 93, 1, 82, 42, 57, 102, 180, 106, 191, 188, 1, 45, 30, 120, 92, 172, 195, 96, 82, 192, 130, 199, 111, 130, 40, 50, 74, 190, 156, 62, 112, 61, 138, 19, 114),
    (11, 127, 176, 19, 143, 32, 83, 110, 80, 55, 34, 162, 65, 16, 44, 74, 137, 85, 78, 122, 69, 181, 54, 30, 2, 132, 83, 170, 73, 0, 54, 142, 86, 33, 161, 3, 91, 81, 76, 49),
    (12, 180, 112, 7, 122, 0, 114, 173, 72, 101, 160, 25, 18, 110, 185, 25, 98, 51, 198, 184, 156, 140, 67, 51, 173, 34, 26, 3, 138, 160, 58, 180, 124, 31, 43, 44, 48, 177, 50, 54),
    (13, 67, 70, 186, 0, 74, 151, 104, 184, 130, 119, 185, 26, 167, 153, 123, 48, 73, 199, 61, 149, 191, 158, 11, 140, 33, 19, 177, 153, 136, 81, 6, 112, 139, 49, 182, 166, 153, 133, 56),
    (14, 125, 11, 30, 25, 79, 157, 13, 97, 173, 125, 19, 133, 150, 136, 42, 101, 107, 9, 144, 119, 19, 20, 150, 61, 18, 52, 79, 50, 189, 77, 156, 117, 157, 180, 120, 40, 54, 5, 55),
    (15, 195, 81, 186, 134, 11, 141, 75, 10, 27, 174, 199, 103, 103, 158, 99, 158, 129, 17, 15, 139, 14, 155, 47, 19, 59, 183, 140, 53, 167, 116, 154, 109, 79, 180, 12, 189, 152, 74, 93),
    (16, 146, 109, 168, 177, 13, 107, 173, 85, 60, 140, 106, 135, 176, 136, 141, 105, 94, 196, 5, 45, 102, 17, 151, 32, 141, 49, 196, 147, 91, 22, 194, 131, 138, 80, 190, 33, 139, 197, 36),
    (17, 160, 149, 1, 95, 155, 50, 42, 7, 3, 81, 33, 137, 89, 102, 106, 160, 124, 85, 71, 52, 165, 102, 27, 25, 134, 145, 113, 147, 157, 131, 153, 97, 57, 3, 70, 18, 189, 169, 174),
    (18, 39, 30, 48, 1, 176, 5, 61, 166, 53, 39, 167, 88, 120, 95, 48, 10, 42, 171, 57, 120, 122, 190, 100, 12, 45, 69, 194, 112, 15, 176, 66, 79, 50, 135, 31, 126, 187, 122, 105),
    (19, 28, 55, 54, 64, 88, 96, 170, 175, 21, 98, 163, 44, 4, 38, 18, 103, 48, 68, 156, 106, 76, 28, 190, 166, 199, 150, 48, 34, 97, 47, 56, 112, 114, 135, 102, 194, 80, 56, 12),
    (20, 190, 15, 6, 15, 147, 139, 136, 122, 151, 130, 46, 37, 135, 103, 188, 106, 56, 32, 131, 41, 130, 131, 180, 195, 146, 46, 19, 109, 46, 152, 194, 37, 65, 68, 157, 193, 91, 9, 60),
    (21, 47, 140, 198, 89, 78, 188, 176, 73, 82, 108, 3, 119, 146, 104, 22, 198, 106, 144, 142, 137, 116, 9, 151, 187, 51, 76, 91, 186, 125, 85, 67, 195, 106, 14, 165, 69, 149, 76, 98),
    (22, 95, 179, 10, 97, 156, 5, 112, 64, 58, 77, 198, 57, 60, 152, 118, 124, 161, 183, 178, 64, 112, 119, 113, 86, 132, 191, 67, 83, 112, 83, 189, 158, 18, 138, 120, 167, 170, 108, 126),
    (23, 21, 148, 123, 1, 165, 42, 91, 113, 159, 188, 28, 94, 165, 73, 199, 12, 2, 163, 26, 84, 116, 135, 159, 16, 80, 139, 141, 131, 122, 4, 34, 100, 6, 81, 22, 55, 101, 158, 97),
    (24, 9, 190, 59, 80, 197, 25, 121, 114, 27, 63, 153, 2, 106, 42, 143, 192, 50, 96, 192, 84, 197, 143, 147, 20, 6, 130, 114, 74, 22, 117, 147, 116, 171, 76, 37, 87, 80, 73, 66),
    (25, 7, 83, 71, 43, 63, 150, 23, 96, 182, 129, 39, 137, 62, 184, 56, 4, 84, 181, 175, 145, 73, 167, 74, 136, 17, 187, 74, 123, 123, 52, 52, 166, 131, 59, 69, 34, 108, 195, 71),
    (26, 115, 5, 82, 47, 44, 172, 185, 190, 197, 161, 135, 120, 146, 197, 47, 57, 60, 160, 82, 109, 134, 160, 190, 108, 160, 79, 20, 51, 131, 29, 162, 62, 109, 109, 1, 100, 1, 109, 77),
    (27, 147, 188, 31, 55, 93, 140, 91, 142, 180, 88, 11, 24, 37, 15, 15, 102, 137, 58, 54, 28, 78, 92, 183, 3, 157, 164, 52, 28, 35, 3, 183, 52, 110, 133, 50, 156, 76, 108, 55),
    (28, 83, 171, 95, 2, 81, 166, 70, 151, 134, 190, 145, 126, 187, 44, 116, 22, 20, 164, 60, 180, 28, 14, 22, 111, 169, 99, 59, 106, 144, 170, 102, 12, 81, 69, 77, 103, 90, 84, 161),
    (29, 153, 133, 183, 108, 69, 83, 85, 4, 91, 121, 173, 61, 14, 42, 105, 173, 91, 59, 176, 6, 184, 187, 74, 28, 154, 105, 185, 13, 88, 133, 103, 45, 76, 197, 143, 10, 169, 40, 24),
    (30, 114, 157, 26, 172, 199, 100, 89, 88, 179, 139, 64, 96, 71, 90, 197, 74, 114, 22, 175, 119, 142, 121, 98, 58, 138, 161, 44, 3, 15, 159, 138, 124, 93, 13, 165, 99, 185, 105, 137),
    (31, 148, 192, 139, 120, 151, 125, 33, 36, 98, 15, 75, 86, 129, 62, 171, 178, 75, 186, 28, 102, 56, 142, 126, 3, 120, 39, 190, 13, 101, 155, 3, 186, 37, 137, 20, 167, 140, 176, 60),
    (32, 175, 45, 153, 138, 25, 35, 129, 120, 136, 118, 151, 160, 183, 9, 88, 116, 80, 147, 51, 13, 47, 46, 85, 41, 33, 44, 119, 174, 45, 75, 151, 111, 24, 188, 167, 46, 183, 59, 63),
    (33, 156, 158, 19, 5, 33, 71, 152, 13, 11, 58, 157, 140, 24, 140, 153, 19, 186, 144, 110, 185, 109, 81, 195, 17, 30, 156, 130, 185, 96, 3, 179, 117, 105, 174, 122, 168, 9, 37, 181),
    (34, 81, 26, 25, 147, 8, 168, 45, 47, 33, 160, 191, 70, 159, 186, 35, 33, 86, 71, 118, 141, 118, 198, 190, 96, 27, 140, 148, 87, 105, 125, 170, 159, 104, 31, 62, 194, 138, 156, 1),
    (35, 182, 46, 115, 137, 88, 165, 155, 125, 126, 117, 191, 24, 156, 187, 197, 138, 96, 45, 67, 12, 30, 189, 114, 0, 97, 98, 155, 173, 28, 19, 150, 199, 95, 23, 53, 143, 139, 34, 67),
    (36, 61, 150, 14, 91, 135, 40, 36, 191, 115, 55, 103, 11, 159, 81, 18, 135, 101, 173, 3, 194, 115, 123, 116, 31, 147, 27, 179, 195, 113, 53, 129, 90, 184, 38, 55, 4, 42, 154, 25),
    (37, 25, 31, 136, 124, 167, 96, 121, 173, 71, 49, 51, 177, 170, 120, 84, 181, 8, 102, 136, 144, 90, 64, 35, 196, 191, 40, 107, 199, 170, 46, 35, 90, 5, 1, 134, 165, 118, 156, 158),
    (38, 83, 70, 172, 149, 30, 57, 102, 73, 0, 128, 111, 22, 7, 46, 71, 58, 128, 58, 17, 194, 26, 178, 107, 138, 127, 153, 109, 194, 100, 61, 146, 37, 50, 93, 184, 115, 102, 123, 37),
    (39, 12, 186, 183, 88, 126, 102, 140, 174, 169, 112, 133, 56, 53, 34, 108, 53, 43, 59, 180, 24, 104, 197, 21, 109, 16, 183, 18, 95, 122, 144, 180, 126, 171, 143, 116, 161, 171, 171, 187),
    (40, 47, 51, 82, 80, 141, 12, 81, 128, 41, 195, 45, 23, 137, 162, 174, 125, 113, 125, 64, 185, 151, 53, 104, 24, 196, 156, 0, 14, 175, 182, 84, 75, 157, 1, 27, 132, 150, 163, 35),
    (41, 153, 199, 138, 146, 0, 154, 78, 14, 137, 97, 183, 92, 183, 56, 1, 93, 136, 46, 59, 92, 136, 33, 104, 186, 74, 135, 42, 45, 181, 138, 118, 15, 196, 65, 110, 53, 111, 37, 111),
    (42, 4, 91, 75, 5, 93, 94, 184, 79, 149, 19, 17, 170, 11, 149, 46, 189, 75, 61, 65, 87, 55, 184, 155, 2, 3, 66, 36, 185, 4, 85, 52, 176, 11, 41, 76, 77, 160, 187, 197),
    (43, 67, 124, 20, 125, 34, 1, 4, 176, 127, 126, 81, 11, 83, 92, 38, 194, 27, 94, 7, 131, 27, 150, 73, 104, 191, 194, 84, 48, 76, 59, 138, 13, 17, 102, 159, 119, 176, 159, 37),
    (44, 17, 131, 8, 93, 9, 55, 94, 152, 52, 118, 1, 1, 87, 115, 70, 162, 37, 68, 142, 117, 98, 50, 186, 81, 88, 196, 159, 105, 92, 75, 94, 179, 162, 70, 126, 150, 195, 90, 119),
    (45, 31, 163, 179, 119, 23, 87, 175, 166, 17, 170, 12, 102, 139, 198, 109, 158, 1, 113, 141, 179, 53, 175, 13, 76, 24, 199, 100, 3, 149, 81, 96, 72, 92, 159, 110, 180, 6, 155, 8),
    (46, 134, 128, 116, 176, 127, 50, 2, 87, 72, 104, 156, 63, 184, 46, 83, 36, 59, 143, 182, 16, 164, 196, 90, 197, 119, 41, 6, 1, 21, 98, 132, 81, 66, 9, 103, 25, 42, 21, 82),
    (47, 29, 73, 171, 141, 146, 79, 4, 80, 75, 142, 28, 63, 75, 189, 122, 96, 117, 70, 117, 97, 53, 8, 162, 135, 53, 7, 152, 140, 80, 46, 188, 19, 55, 198, 185, 133, 14, 29, 49),
    (48, 59, 16, 16, 37, 3, 76, 181, 170, 72, 95, 153, 50, 58, 110, 143, 190, 39, 91, 99, 145, 52, 171, 3, 101, 93, 29, 157, 138, 93, 79, 111, 50, 152, 63, 56, 33, 74, 175, 8),
    (49, 192, 91, 118, 42, 29, 74, 31, 154, 15, 152, 152, 124, 149, 33, 182, 156, 67, 170, 172, 139, 39, 99, 188, 19, 171, 133, 125, 142, 61, 65, 122, 194, 119, 1, 93, 40, 198, 43, 8),
    (50, 85, 11, 16, 96, 141, 99, 123, 105, 71, 163, 150, 89, 7, 34, 16, 102, 54, 193, 100, 85, 57, 45, 147, 67, 197, 183, 125, 131, 8, 98, 163, 172, 135, 145, 78, 87, 43, 1, 93),
    (51, 9, 17, 97, 145, 5, 108, 197, 138, 196, 71, 189, 31, 115, 102, 141, 167, 9, 21, 87, 172, 116, 20, 91, 106, 72, 102, 33, 190, 123, 96, 162, 51, 18, 124, 30, 149, 26, 47, 84),
    (52, 194, 104, 95, 62, 149, 90, 134, 2, 171, 44, 118, 54, 185, 156, 16, 5, 84, 18, 66, 24, 151, 177, 180, 49, 64, 89, 174, 9, 73, 191, 131, 9, 72, 72, 1, 140, 166, 165, 37),
    (53, 195, 145, 2, 174, 161, 142, 40, 129, 184, 154, 83, 158, 28, 187, 143, 129, 156, 59, 165, 51, 195, 152, 102, 155, 48, 64, 20, 107, 133, 90, 68, 180, 135, 165, 43, 21, 195, 53, 64),
    (54, 150, 134, 114, 150, 7, 9, 42, 80, 105, 103, 176, 159, 139, 33, 166, 103, 157, 179, 145, 177, 8, 173, 56, 87, 102, 70, 123, 122, 132, 57, 180, 100, 66, 16, 122, 79, 135, 12, 83),
    (55, 139, 157, 116, 44, 82, 172, 137, 135, 32, 171, 6, 103, 185, 118, 14, 108, 82, 159, 123, 157, 123, 175, 96, 132, 152, 181, 60, 98, 104, 126, 196, 138, 111, 185, 166, 111, 3, 42, 72),
    (56, 72, 158, 171, 191, 74, 96, 48, 114, 188, 112, 38, 95, 111, 4, 60, 195, 12, 83, 104, 4, 94, 39, 30, 54, 114, 98, 63, 51, 15, 179, 184, 71, 32, 23, 96, 97, 121, 97, 159),
    (57, 127, 36, 186, 43, 9, 105, 171, 123, 52, 13, 185, 0, 167, 48, 11, 132, 129, 164, 189, 147, 119, 55, 88, 176, 17, 162, 159, 14, 17, 71, 172, 57, 133, 181, 41, 140, 178, 181, 29),
    (58, 86, 35, 65, 1, 52, 138, 166, 198, 148, 70, 199, 126, 61, 166, 125, 87, 75, 186, 35, 111, 198, 160, 24, 153, 146, 166, 159, 175, 52, 104, 140, 149, 21, 5, 54, 43, 27, 188, 179),
    (59, 22, 117, 163, 9, 93, 145, 170, 173, 107, 187, 60, 79, 85, 122, 131, 125, 2, 22, 60, 33, 117, 91, 150, 197, 177, 55, 164, 170, 132, 192, 42, 184, 181, 136, 131, 149, 1, 169, 163),
    (60, 72, 73, 123, 31, 100, 67, 145, 133, 139, 90, 94, 15, 60, 44, 175, 180, 106, 99, 105, 28, 166, 150, 177, 73, 117, 108, 34, 5, 32, 65, 36, 9, 137, 39, 192, 4, 179, 101, 6),
    (61, 59, 64, 23, 156, 79, 99, 130, 191, 13, 164, 194, 167, 131, 164, 21, 93, 62, 113, 77, 168, 153, 159, 23, 37, 165, 59, 167, 179, 162, 25, 151, 156, 46, 25, 150, 26, 93, 80, 152),
    (62, 139, 174, 72, 21, 140, 190, 73, 102, 63, 161, 61, 81, 5, 108, 199, 26, 55, 86, 186, 45, 163, 123, 171, 115, 2, 33, 149, 24, 87, 32, 74, 27, 150, 4, 44, 172, 84, 163, 162),
    (63, 160, 160, 83, 192, 59, 138, 173, 104, 81, 94, 97, 31, 65, 36, 193, 145, 61, 122, 100, 62, 125, 123, 117, 70, 132, 22, 66, 65, 160, 148, 178, 139, 155, 48, 137, 123, 18, 70, 30),
    (64, 15, 148, 77, 155, 96, 56, 101, 145, 131, 80, 24, 188, 192, 55, 6, 46, 136, 117, 85, 112, 146, 106, 30, 178, 146, 186, 30, 47, 45, 136, 41, 48, 16, 120, 30, 150, 101, 133, 30),
    (65, 90, 114, 3, 179, 82, 125, 93, 98, 70, 142, 107, 140, 108, 96, 93, 57, 15, 6, 30, 120, 95, 152, 12, 91, 104, 186, 69, 2, 104, 143, 26, 106, 22, 164, 74, 184, 8, 177, 85),
    (66, 182, 72, 140, 161, 155, 191, 81, 52, 120, 187, 186, 198, 46, 47, 11, 53, 111, 165, 134, 138, 85, 158, 24, 51, 91, 52, 13, 18, 43, 58, 159, 98, 57, 49, 41, 133, 57, 161, 74),
    (67, 63, 100, 153, 169, 171, 73, 34, 168, 121, 84, 33, 67, 54, 197, 30, 198, 69, 47, 51, 100, 34, 100, 67, 54, 171, 45, 189, 30, 111, 96, 26, 8, 88, 83, 42, 190, 103, 113, 115),
    (68, 161, 40, 105, 35, 30, 37, 199, 22, 180, 125, 107, 166, 173, 124, 150, 1, 46, 91, 117, 55, 54, 90, 1, 111, 136, 7, 128, 127, 22, 198, 68, 107, 41, 31, 90, 134, 99, 173, 143),
    (69, 57, 93, 13, 61, 28, 95, 149, 115, 63, 97, 94, 70, 191, 6, 74, 37, 45, 130, 23, 109, 188, 101, 19, 17, 1, 33, 62, 46, 88, 26, 152, 26, 96, 81, 86, 92, 88, 20, 187),
    (70, 35, 63, 53, 181, 33, 134, 98, 12, 87, 47, 9, 12, 199, 89, 153, 71, 175, 142, 80, 10, 180, 73, 88, 61, 117, 176, 71, 85, 152, 75, 13, 94, 83, 83, 126, 153, 40, 168, 19),
    (71, 24, 82, 115, 167, 74, 76, 98, 53, 89, 27, 170, 91, 103, 136, 182, 35, 52, 57, 28, 130, 82, 141, 31, 196, 119, 173, 102, 62, 187, 175, 191, 173, 44, 19, 59, 142, 124, 176, 78),
    (72, 3, 5, 154, 115, 114, 170, 153, 56, 188, 16, 8, 120, 89, 139, 77, 79, 164, 19, 148, 2, 135, 33, 6, 164, 11, 7, 140, 193, 198, 33, 41, 151, 118, 5, 170, 6, 178, 27, 123),
    (73, 95, 76, 61, 93, 48, 193, 32, 27, 0, 159, 78, 191, 171, 135, 128, 2, 11, 35, 144, 93, 199, 74, 121, 8, 104, 44, 55, 71, 75, 20, 11, 184, 199, 59, 195, 149, 124, 41, 177),
    (74, 18, 79, 183, 55, 78, 162, 135, 182, 128, 38, 130, 98, 6, 127, 143, 46, 120, 110, 71, 24, 10, 6, 108, 0, 56, 78, 28, 90, 158, 85, 15, 31, 118, 187, 17, 146, 7, 147, 172),
    (75, 87, 130, 199, 108, 126, 136, 184, 153, 76, 157, 67, 180, 152, 132, 71, 9, 38, 22, 108, 55, 57, 96, 71, 40, 137, 188, 186, 4, 197, 186, 145, 102, 20, 177, 83, 103, 143, 78, 81),
    (76, 63, 154, 35, 50, 87, 147, 181, 87, 40, 162, 81, 66, 196, 108, 25, 56, 130, 36, 108, 58, 194, 81, 18, 6, 174, 90, 148, 2, 60, 81, 42, 50, 115, 1, 131, 165, 150, 24, 128),
    (77, 91, 71, 178, 18, 60, 19, 47, 10, 108, 143, 187, 63, 54, 22, 106, 135, 62, 28, 100, 120, 83, 3, 9, 87, 63, 30, 159, 119, 163, 98, 164, 135, 2, 91, 107, 35, 24, 69, 98),
    (78, 32, 176, 114, 45, 85, 19, 128, 181, 160, 2, 192, 186, 129, 184, 67, 180, 152, 143, 194, 162, 126, 78, 18, 91, 155, 84, 48, 142, 59, 71, 183, 154, 95, 139, 160, 92, 39, 44, 54),
    (79, 100, 161, 175, 20, 37, 146, 108, 2, 161, 147, 147, 192, 166, 191, 95, 15, 193, 18, 48, 119, 140, 46, 27, 180, 87, 81, 83, 29, 4, 189, 184, 134, 176, 20, 0, 92, 24, 167, 12),
    (80, 146, 13, 118, 181, 83, 42, 136, 35, 165, 5, 57, 177, 17, 157, 137, 16, 142, 48, 150, 24, 168, 38, 175, 161, 137, 51, 68, 79, 74, 106, 48, 66, 3, 4, 79, 29, 127, 198, 20),
    (81, 44, 141, 166, 168, 138, 24, 48, 121, 72, 51, 67, 150, 22, 3, 108, 75, 166, 0, 149, 159, 156, 173, 60, 146, 61, 47, 156, 72, 69, 143, 64, 127, 42, 8, 13, 198, 34, 42, 4),
    (82, 60, 104, 176, 10, 191, 16, 48, 82, 72, 199, 163, 140, 27, 94, 152, 96, 156, 36, 38, 112, 25, 92, 106, 49, 51, 149, 186, 52, 50, 18, 154, 34, 179, 144, 173, 192, 191, 123, 150),
    (83, 174, 108, 12, 198, 28, 140, 164, 65, 61, 158, 176, 88, 164, 108, 101, 31, 180, 108, 17, 118, 10, 20, 4, 126, 111, 135, 152, 133, 169, 175, 151, 77, 11, 105, 156, 193, 66, 48, 89),
    (84, 114, 191, 196, 152, 71, 16, 174, 35, 120, 58, 104, 198, 102, 79, 182, 122, 182, 94, 158, 77, 117, 158, 141, 44, 12, 114, 125, 28, 38, 89, 19, 167, 152, 41, 85, 70, 20, 87, 17),
    (85, 136, 113, 49, 75, 41, 36, 172, 188, 152, 94, 193, 96, 72, 64, 50, 127, 89, 127, 32, 81, 177, 25, 62, 63, 64, 186, 125, 61, 7, 123, 83, 195, 8, 93, 43, 179, 39, 93, 14),
    (86, 148, 49, 107, 69, 47, 182, 184, 141, 105, 148, 33, 106, 4, 162, 122, 183, 115, 22, 22, 188, 171, 124, 190, 198, 46, 150, 122, 149, 196, 166, 92, 158, 194, 19, 100, 56, 30, 1, 178),
    (87, 20, 75, 112, 34, 136, 146, 65, 61, 32, 112, 51, 46, 196, 44, 142, 38, 4, 10, 40, 64, 103, 191, 8, 135, 10, 172, 91, 188, 178, 10, 190, 168, 113, 90, 198, 34, 47, 157, 196),
    (88, 197, 38, 173, 51, 147, 190, 56, 93, 27, 139, 175, 31, 186, 72, 97, 2, 0, 4, 1, 122, 95, 155, 58, 171, 88, 16, 197, 119, 89, 53, 121, 61, 67, 56, 159, 71, 84, 88, 39),
    (89, 113, 195, 108, 63, 110, 18, 77, 53, 104, 122, 194, 111, 24, 136, 42, 141, 84, 113, 57, 40, 136, 154, 142, 122, 140, 138, 197, 133, 8, 34, 143, 54, 126, 156, 102, 110, 163, 35, 167),
    (90, 106, 20, 137, 188, 4, 136, 94, 18, 41, 13, 100, 192, 168, 69, 75, 87, 172, 81, 119, 172, 71, 154, 122, 22, 59, 153, 82, 86, 65, 172, 162, 63, 109, 18, 60, 34, 110, 189, 37),
    (91, 150, 93, 71, 141, 16, 42, 97, 196, 196, 52, 5, 189, 102, 126, 178, 67, 95, 74, 156, 128, 77, 145, 145, 107, 19, 56, 188, 150, 21, 47, 141, 155, 73, 4, 183, 119, 165, 0, 147),
    (92, 28, 46, 133, 89, 0, 57, 146, 180, 133, 119, 68, 98, 114, 129, 62, 154, 126, 141, 4, 173, 82, 17, 143, 167, 95, 145, 176, 158, 43, 154, 76, 173, 48, 84, 100, 65, 128, 169, 140),
    (93, 162, 133, 195, 122, 132, 82, 40, 87, 189, 36, 170, 93, 197, 116, 149, 49, 122, 37, 62, 197, 176, 121, 53, 21, 121, 17, 45, 56, 92, 13, 70, 5, 182, 59, 46, 1, 124, 162, 102),
    (94, 185, 23, 107, 36, 97, 34, 131, 43, 108, 140, 81, 18, 47, 146, 42, 73, 151, 80, 54, 190, 80, 130, 67, 181, 6, 91, 150, 49, 56, 71, 145, 77, 55, 162, 18, 39, 127, 166, 82),
    (95, 151, 139, 188, 86, 127, 156, 166, 178, 161, 120, 23, 13, 196, 110, 114, 13, 32, 134, 110, 71, 172, 166, 93, 76, 156, 55, 123, 36, 153, 142, 88, 57, 66, 20, 59, 30, 187, 124, 118),
    (96, 160, 197, 19, 177, 67, 60, 159, 77, 124, 192, 122, 170, 84, 97, 14, 131, 33, 32, 154, 178, 61, 101, 140, 99, 186, 22, 121, 174, 197, 54, 138, 12, 19, 38, 29, 123, 21, 140, 53),
    (97, 144, 46, 170, 145, 41, 174, 82, 10, 49, 49, 133, 190, 15, 195, 67, 78, 70, 95, 61, 5, 16, 95, 147, 20, 50, 87, 33, 55, 57, 111, 117, 29, 157, 32, 106, 77, 54, 69, 177),
    (98, 98, 106, 121, 84, 23, 179, 1, 184, 56, 112, 105, 105, 106, 90, 121, 137, 47, 166, 115, 5, 122, 162, 109, 5, 117, 61, 193, 186, 135, 66, 94, 3, 112, 30, 149, 181, 196, 47, 177),
    (99, 34, 15, 42, 88, 95, 117, 35, 68, 41, 195, 58, 149, 160, 148, 3, 128, 194, 94, 178, 23, 185, 152, 53, 76, 105, 100, 165, 168, 39, 85, 56, 162, 169, 174, 22, 70, 106, 33, 172),
    (100, 138, 136, 19, 61, 32, 109, 78, 134, 160, 188, 75, 116, 46, 22, 142, 54, 79, 138, 98, 191, 106, 60, 112, 39, 49, 164, 33, 186, 4, 51, 9, 170, 167, 104, 68, 23, 189, 3, 158),
    (101, 20, 42, 115, 100, 139, 36, 199, 51, 86, 134, 85, 190, 95, 42, 96, 7, 23, 63, 136, 48, 176, 55, 40, 75, 149, 116, 130, 150, 22, 92, 62, 168, 41, 56, 95, 82, 37, 68, 45),
    (102, 171, 9, 176, 127, 60, 90, 47, 88, 82, 137, 0, 68, 23, 129, 106, 14, 194, 30, 121, 42, 127, 1, 22, 74, 80, 190, 22, 69, 111, 155, 29, 169, 149, 43, 32, 100, 112, 44, 147),
    (103, 176, 153, 62, 77, 173, 72, 134, 136, 123, 176, 95, 34, 73, 194, 10, 4, 40, 150, 95, 29, 197, 159, 180, 177, 114, 111, 45, 144, 99, 45, 80, 153, 127, 198, 123, 141, 99, 133, 88),
    (104, 160, 177, 68, 81, 159, 68, 170, 4, 145, 67, 36, 136, 52, 143, 12, 4, 38, 74, 107, 34, 46, 160, 102, 142, 189, 58, 19, 80, 16, 89, 138, 140, 184, 31, 4, 152, 111, 120, 62),
    (105, 69, 88, 26, 110, 191, 199, 109, 63, 90, 190, 66, 52, 93, 129, 22, 41, 199, 96, 36, 9, 111, 12, 37, 97, 30, 79, 30, 14, 84, 71, 121, 111, 66, 198, 185, 151, 89, 170, 71),
    (106, 131, 131, 116, 55, 192, 29, 12, 100, 36, 34, 126, 196, 114, 110, 41, 76, 155, 146, 75, 55, 59, 143, 160, 110, 13, 189, 97, 132, 164, 135, 77, 150, 161, 199, 40, 98, 177, 125, 43),
    (107, 190, 97, 21, 129, 62, 64, 97, 1, 191, 47, 71, 153, 70, 18, 39, 180, 24, 103, 124, 176, 48, 107, 37, 121, 119, 53, 160, 68, 103, 52, 3, 44, 160, 120, 74, 84, 115, 50, 119),
    (108, 21, 98, 63, 155, 46, 185, 77, 115, 16, 89, 161, 105, 193, 103, 43, 19, 24, 182, 70, 183, 170, 171, 176, 106, 18, 136, 174, 29, 95, 31, 172, 199, 93, 196, 187, 109, 92, 75, 69),
    (109, 162, 13, 92, 164, 86, 76, 124, 114, 198, 165, 4, 159, 148, 187, 66, 81, 144, 104, 167, 132, 182, 2, 169, 17, 175, 130, 43, 133, 87, 96, 126, 84, 87, 44, 103, 118, 186, 33, 98),
    (110, 77, 190, 180, 116, 128, 166, 75, 12, 126, 120, 161, 36, 60, 31, 84, 164, 166, 78, 75, 183, 37, 109, 143, 46, 79, 41, 149, 185, 125, 143, 61, 43, 180, 27, 58, 120, 65, 79, 151),
    (111, 120, 131, 136, 132, 39, 180, 54, 43, 144, 181, 12, 65, 145, 21, 70, 174, 187, 58, 124, 58, 56, 59, 130, 107, 72, 99, 61, 25, 139, 55, 46, 165, 158, 54, 41, 165, 56, 112, 49),
    (112, 199, 60, 11, 57, 37, 63, 165, 133, 21, 128, 167, 116, 66, 197, 195, 124, 71, 151, 197, 157, 75, 47, 66, 148, 40, 53, 79, 160, 162, 43, 129, 114, 88, 181, 57, 142, 66, 124, 109),
    (113, 162, 157, 135, 182, 79, 13, 7, 55, 49, 88, 19, 50, 1, 51, 97, 101, 14, 179, 88, 94, 138, 116, 67, 178, 142, 35, 103, 68, 87, 117, 162, 96, 109, 1, 197, 126, 138, 92, 103),
    (114, 134, 83, 196, 115, 78, 107, 72, 27, 46, 171, 5, 66, 42, 46, 65, 193, 18, 37, 152, 187, 70, 23, 58, 153, 161, 7, 12, 189, 192, 21, 98, 30, 40, 140, 82, 133, 151, 128, 196),
    (115, 199, 129, 3, 146, 47, 102, 94, 35, 28, 159, 0, 66, 158, 132, 61, 36, 134, 55, 121, 34, 83, 129, 3, 150, 22, 80, 148, 187, 180, 80, 31, 158, 149, 137, 79, 52, 0, 145, 156),
    (116, 38, 105, 197, 55, 43, 44, 29, 68, 30, 25, 99, 66, 197, 162, 189, 80, 191, 20, 82, 62, 142, 107, 38, 21, 111, 79, 131, 54, 83, 73, 58, 117, 7, 116, 73, 74, 46, 105, 146),
    (117, 134, 142, 15, 15, 164, 188, 108, 76, 187, 142, 22, 14, 125, 174, 38, 196, 170, 0, 57, 77, 197, 146, 93, 163, 86, 34, 132, 118, 144, 79, 98, 174, 43, 199, 128, 148, 92, 80, 183),
    (118, 24, 1, 96, 108, 109, 170, 21, 151, 113, 93, 158, 1, 71, 9, 77, 141, 165, 135, 71, 44, 197, 87, 77, 119, 190, 124, 28, 25, 131, 18, 189, 33, 60, 20, 64, 184, 20, 199, 29),
    (119, 150, 52, 16, 157, 144, 16, 66, 77, 172, 124, 96, 4, 70, 59, 191, 148, 13, 26, 83, 181, 8, 177, 83, 198, 114, 109, 76, 74, 3, 193, 78, 126, 8, 116, 101, 79, 171, 173, 82),
    (120, 117, 32, 187, 98, 163, 60, 167, 133, 172, 186, 55, 91, 22, 51, 147, 120, 69, 162, 54, 139, 51, 187, 44, 149, 87, 16, 190, 101, 106, 150, 156, 184, 77, 150, 110, 34, 145, 176, 4),
    (121, 70, 192, 12, 167, 155, 123, 151, 145, 79, 162, 82, 192, 42, 158, 152, 142, 4, 55, 52, 21, 148, 166, 72, 159, 129, 121, 97, 67, 58, 118, 12, 96, 96, 155, 169, 129, 156, 109, 67),
    (122, 122, 119, 27, 94, 175, 142, 86, 145, 166, 16, 75, 31, 66, 196, 198, 122, 62, 144, 165, 10, 115, 63, 184, 33, 124, 80, 157, 111, 22, 117, 51, 70, 158, 103, 36, 60, 7, 99, 45),
    (123, 105, 119, 96, 80, 125, 102, 58, 171, 2, 132, 148, 40, 138, 179, 123, 88, 7, 139, 39, 46, 166, 80, 163, 103, 190, 94, 114, 150, 179, 59, 73, 92, 79, 89, 68, 158, 91, 189, 94),
    (124, 107, 128, 81, 123, 146, 58, 52, 129, 122, 33, 71, 161, 63, 102, 60, 14, 6, 180, 194, 30, 24, 155, 128, 99, 23, 42, 34, 135, 126, 2, 116, 28, 193, 184, 74, 129, 188, 96, 138),
    (125, 68, 41, 178, 81, 142, 155, 54, 12, 50, 47, 84, 62, 43, 32, 59, 70, 52, 187, 187, 13, 17, 112, 150, 70, 16, 21, 69, 107, 126, 11, 170, 59, 144, 112, 198, 31, 153, 99, 51),
    (126, 74, 126, 161, 196, 68, 94, 159, 181, 189, 21, 113, 56, 32, 36, 41, 114, 161, 116, 107, 30, 86, 197, 57, 178, 94, 57, 33, 40, 180, 15, 124, 125, 83, 15, 181, 113, 192, 61, 168),
    (127, 79, 125, 52, 55, 157, 86, 179, 48, 146, 80, 119, 20, 192, 124, 158, 76, 180, 158, 157, 72, 153, 62, 53, 93, 70, 141, 132, 170, 93, 5, 135, 113, 97, 50, 46, 72, 106, 71, 60),
    (128, 113, 95, 46, 109, 79, 36, 79, 100, 76, 44, 1, 114, 110, 111, 96, 150, 43, 138, 100, 6, 23, 45, 134, 5, 148, 90, 122, 25, 191, 149, 148, 134, 193, 198, 98, 160, 111, 106, 173),
    (129, 31, 133, 149, 109, 79, 158, 67, 89, 124, 94, 79, 118, 14, 141, 155, 74, 68, 61, 105, 11, 25, 42, 68, 185, 119, 172, 187, 25, 21, 80, 173, 146, 182, 55, 182, 8, 91, 151, 15),
    (130, 182, 174, 133, 111, 6, 139, 136, 175, 168, 84, 52, 22, 47, 70, 55, 11, 49, 109, 49, 74, 190, 142, 84, 158, 199, 6, 36, 182, 130, 11, 118, 196, 155, 64, 46, 33, 53, 53, 130),
    (131, 46, 182, 25, 128, 6, 78, 35, 19, 65, 197, 40, 179, 162, 197, 129, 48, 199, 185, 24, 25, 134, 145, 43, 171, 112, 68, 104, 66, 166, 172, 70, 50, 83, 45, 24, 182, 56, 53, 27),
    (132, 74, 164, 36, 193, 61, 136, 140, 93, 146, 80, 157, 31, 15, 199, 28, 37, 49, 48, 163, 37, 151, 192, 192, 85, 150, 11, 0, 70, 150, 128, 92, 42, 144, 60, 149, 175, 154, 27, 77),
    (133, 100, 58, 30, 41, 116, 92, 174, 72, 183, 9, 197, 194, 158, 32, 184, 113, 21, 52, 87, 124, 68, 33, 95, 191, 135, 155, 20, 20, 105, 170, 163, 87, 16, 12, 68, 52, 194, 78, 82),
    (134, 164, 62, 58, 176, 20, 67, 114, 125, 74, 187, 116, 54, 142, 32, 70, 77, 23, 111, 95, 54, 173, 196, 87, 37, 73, 166, 94, 27, 116, 86, 26, 135, 129, 12, 43, 72, 30, 14, 0),
    (135, 159, 58, 114, 60, 4, 172, 100, 173, 176, 137, 37, 42, 81, 160, 79, 24, 188, 128, 3, 143, 1, 173, 164, 139, 100, 197, 96, 55, 165, 95, 9, 19, 7, 46, 155, 81, 149, 161, 130),
    (136, 126, 5, 107, 80, 118, 150, 89, 187, 26, 61, 84, 18, 155, 9, 130, 126, 74, 192, 138, 188, 131, 162, 100, 117, 108, 160, 124, 169, 114, 10, 107, 113, 43, 145, 16, 59, 13, 164, 101),
    (137, 116, 177, 150, 176, 16, 28, 74, 158, 61, 11, 68, 182, 88, 129, 156, 22, 40, 12, 190, 30, 149, 112, 177, 143, 151, 146, 151, 198, 129, 135, 21, 168, 170, 67, 165, 67, 49, 37, 138),
    (138, 41, 63, 97, 36, 151, 175, 134, 0, 105, 149, 186, 25, 185, 142, 119, 45, 115, 4, 101, 154, 182, 164, 47, 70, 146, 136, 103, 77, 87, 87, 125, 79, 72, 139, 126, 115, 195, 28, 187),
    (139, 81, 151, 69, 189, 17, 129, 125, 189, 101, 17, 163, 187, 44, 13, 195, 193, 48, 50, 70, 26, 64, 48, 179, 36, 183, 84, 28, 134, 76, 134, 152, 36, 169, 24, 79, 144, 84, 27, 98),
    (140, 108, 72, 77, 162, 74, 5, 124, 149, 159, 61, 136, 62, 30, 20, 56, 142, 153, 175, 54, 133, 50, 175, 166, 199, 53, 166, 77, 17, 16, 81, 103, 46, 197, 109, 177, 188, 140, 119, 84),
    (141, 68, 70, 123, 75, 102, 29, 64, 128, 81, 42, 3, 52, 189, 128, 13, 59, 30, 45, 88, 64, 38, 61, 48, 125, 160, 65, 164, 79, 193, 51, 94, 188, 170, 121, 8, 179, 90, 173, 22),
    (142, 70, 137, 157, 53, 92, 162, 79, 3, 77, 188, 26, 49, 90, 104, 105, 171, 6, 183, 147, 86, 62, 3, 101, 92, 3, 160, 51, 195, 37, 94, 194, 81, 28, 59, 165, 54, 136, 175, 163),
    (143, 198, 190, 38, 24, 161, 11, 120, 170, 127, 75, 140, 112, 68, 33, 168, 162, 87, 54, 36, 120, 87, 152, 42, 131, 168, 144, 61, 66, 59, 21, 71, 139, 170, 68, 3, 105, 145, 88, 181),
    (144, 110, 50, 74, 109, 87, 158, 104, 189, 70, 193, 41, 82, 146, 192, 51, 181, 90, 185, 176, 165, 172, 125, 137, 21, 64, 26, 106, 7, 7, 142, 2, 97, 6, 60, 86, 192, 141, 33, 85),
    (145, 21, 109, 7, 101, 24, 75, 116, 153, 151, 192, 71, 15, 54, 120, 146, 116, 40, 75, 7, 98, 92, 126, 27, 145, 172, 169, 185, 89, 134, 186, 18, 73, 37, 158, 6, 122, 186, 129, 32),
    (146, 151, 156, 3, 193, 145, 87, 96, 118, 171, 138, 195, 186, 106, 194, 135, 25, 96, 180, 172, 82, 107, 12, 74, 96, 167, 164, 35, 137, 139, 35, 53, 151, 146, 120, 117, 92, 21, 79, 191),
    (147, 162, 93, 27, 166, 168, 112, 48, 136, 44, 89, 28, 126, 77, 140, 79, 88, 23, 178, 150, 127, 134, 14, 72, 196, 167, 24, 188, 44, 101, 135, 72, 161, 28, 195, 11, 109, 107, 133, 35),
    (148, 60, 16, 165, 142, 0, 48, 3, 152, 135, 149, 139, 69, 49, 126, 190, 55, 112, 93, 196, 53, 160, 189, 9, 184, 76, 170, 61, 142, 108, 172, 19, 191, 30, 107, 145, 148, 21, 40, 91),
    (149, 192, 102, 78, 21, 129, 186, 143, 62, 167, 60, 7, 5, 12, 173, 42, 67, 78, 76, 79, 183, 160, 82, 181, 38, 143, 37, 89, 11, 56, 65, 50, 95, 36, 82, 83, 168, 18, 6, 28),
    (150, 74, 38, 156, 136, 41, 164, 17, 65, 57, 186, 56, 51, 27, 48, 177, 120, 152, 80, 30, 43, 103, 118, 167, 181, 31, 29, 177, 183, 63, 91, 117, 57, 136, 152, 64, 172, 90, 113, 179),
    (151, 87, 158, 100, 73, 102, 54, 187, 172, 94, 178, 154, 197, 73, 64, 134, 120, 131, 191, 103, 67, 137, 146, 85, 35, 141, 148, 75, 52, 166, 169, 113, 116, 46, 92, 137, 54, 139, 65, 162),
    (152, 5, 174, 40, 25, 0, 106, 117, 51, 178, 125, 132, 134, 132, 60, 184, 144, 186, 39, 5, 169, 154, 178, 27, 45, 92, 91, 133, 157, 67, 91, 60, 57, 70, 28, 111, 31, 160, 158, 27),
    (153, 103, 64, 74, 190, 84, 28, 15, 75, 69, 63, 153, 91, 57, 112, 171, 114, 143, 56, 95, 37, 152, 152, 69, 115, 121, 69, 1, 18, 62, 32, 74, 193, 130, 107, 196, 195, 126, 46, 64),
    (154, 46, 102, 11, 130, 32, 87, 83, 42, 86, 9, 102, 101, 108, 195, 54, 141, 190, 66, 20, 38, 182, 138, 85, 174, 178, 191, 47, 176, 185, 77, 140, 126, 116, 107, 197, 116, 154, 187, 153),
    (155, 50, 77, 11, 72, 16, 197, 91, 100, 47, 175, 160, 67, 146, 124, 155, 184, 95, 179, 23, 8, 96, 84, 194, 196, 129, 54, 108, 133, 28, 152, 132, 110, 86, 124, 58, 2, 90, 50, 174),
    (156, 113, 192, 89, 175, 150, 28, 87, 179, 176, 75, 188, 33, 142, 108, 90, 72, 192, 62, 189, 159, 187, 176, 149, 100, 2, 145, 3, 14, 67, 167, 75, 154, 2, 36, 145, 173, 119, 171, 69),
    (157, 73, 61, 48, 10, 13, 125, 27, 45, 154, 177, 98, 17, 17, 38, 25, 86, 109, 83, 7, 15, 52, 89, 193, 108, 82, 74, 72, 5, 20, 32, 142, 172, 43, 199, 14, 111, 114, 170, 179),
    (158, 159, 10, 179, 153, 91, 143, 137, 124, 92, 128, 64, 36, 98, 167, 140, 121, 124, 26, 109, 33, 61, 135, 181, 185, 68, 45, 39, 56, 18, 183, 114, 16, 21, 167, 119, 71, 64, 78, 192),
    (159, 169, 181, 145, 49, 132, 73, 188, 101, 87, 170, 68, 107, 38, 151, 60, 165, 179, 29, 127, 141, 109, 139, 120, 65, 39, 59, 52, 13, 38, 93, 193, 193, 193, 41, 36, 175, 159, 10, 112),
    (160, 129, 83, 135, 191, 4, 107, 125, 90, 157, 104, 7, 143, 98, 136, 130, 36, 191, 127, 198, 114, 97, 152, 101, 146, 88, 6, 163, 98, 90, 124, 32, 182, 103, 158, 191, 183, 99, 192, 67),
    (161, 53, 15, 104, 61, 121, 141, 47, 195, 67, 126, 137, 15, 107, 68, 33, 82, 20, 85, 166, 126, 40, 51, 63, 83, 85, 181, 55, 143, 35, 156, 9, 2, 164, 44, 178, 25, 59, 137, 57),
    (162, 152, 69, 177, 184, 195, 161, 15, 126, 97, 15, 159, 84, 175, 155, 44, 116, 67, 26, 192, 175, 107, 9, 94, 183, 87, 195, 86, 80, 136, 31, 93, 56, 125, 64, 110, 110, 52, 47, 121),
    (163, 137, 13, 133, 44, 179, 14, 24, 70, 73, 69, 133, 6, 154, 193, 128, 3, 70, 188, 7, 103, 57, 110, 1, 40, 21, 89, 87, 184, 151, 184, 80, 64, 168, 34, 109, 38, 93, 24, 143),
    (164, 121, 68, 54, 99, 72, 104, 18, 82, 7, 143, 130, 66, 199, 32, 128, 25, 17, 111, 72, 49, 77, 14, 129, 185, 20, 179, 73, 7, 57, 168, 193, 32, 144, 53, 113, 71, 169, 134, 93),
    (165, 98, 130, 163, 116, 3, 128, 72, 111, 2, 114, 130, 180, 44, 119, 6, 158, 21, 167, 98, 120, 182, 194, 57, 78, 79, 12, 72, 185, 30, 20, 1, 12, 124, 2, 29, 162, 176, 28, 176),
    (166, 199, 29, 140, 56, 32, 34, 33, 106, 86, 29, 43, 78, 13, 128, 54, 116, 98, 0, 79, 186, 162, 115, 134, 140, 5, 59, 157, 131, 40, 55, 27, 99, 153, 3, 102, 169, 175, 158, 153),
    (167, 108, 199, 35, 41, 37, 162, 149, 60, 21, 38, 186, 31, 115, 141, 35, 195, 95, 41, 12, 55, 89, 24, 111, 197, 7, 112, 102, 49, 154, 16, 50, 139, 155, 198, 96, 153, 73, 170, 110),
    (168, 143, 180, 4, 68, 24, 80, 193, 138, 124, 6, 175, 37, 149, 173, 174, 56, 57, 156, 111, 167, 1, 46, 4, 146, 104, 178, 169, 121, 25, 139, 59, 17, 187, 70, 52, 191, 4, 3, 102),
    (169, 156, 93, 10, 125, 95, 146, 32, 119, 29, 45, 62, 33, 143, 120, 29, 12, 119, 142, 74, 24, 167, 111, 41, 15, 110, 118, 67, 8, 107, 149, 94, 47, 148, 16, 144, 129, 24, 110, 137),
    (170, 52, 21, 8, 2, 102, 163, 54, 188, 46, 30, 73, 136, 88, 58, 0, 199, 70, 11, 16, 104, 136, 48, 29, 131, 174, 40, 122, 199, 159, 124, 25, 64, 13, 38, 128, 176, 24, 62, 142),
    (171, 93, 151, 37, 18, 170, 129, 183, 96, 96, 128, 8, 23, 117, 187, 106, 166, 2, 181, 190, 173, 41, 77, 161, 90, 98, 106, 25, 71, 16, 143, 197, 130, 63, 56, 30, 36, 155, 101, 136),
    (172, 118, 183, 26, 155, 64, 158, 49, 80, 67, 109, 84, 85, 24, 68, 8, 94, 167, 170, 154, 59, 119, 198, 70, 91, 107, 117, 123, 180, 171, 54, 81, 179, 99, 108, 21, 181, 78, 164, 123),
    (173, 136, 105, 34, 177, 6, 129, 134, 49, 192, 68, 13, 181, 155, 57, 77, 160, 84, 17, 191, 146, 164, 56, 44, 53, 116, 157, 119, 14, 58, 91, 7, 99, 20, 122, 125, 162, 109, 190, 101),
    (174, 22, 54, 162, 47, 57, 115, 83, 153, 133, 90, 115, 126, 14, 116, 30, 138, 161, 24, 121, 85, 21, 63, 28, 193, 70, 44, 51, 172, 71, 106, 160, 89, 39, 100, 20, 126, 29, 132, 177),
    (175, 142, 120, 31, 83, 158, 25, 130, 3, 15, 163, 176, 155, 135, 18, 157, 63, 149, 142, 80, 42, 133, 29, 193, 47, 93, 64, 193, 85, 189, 198, 6, 35, 65, 46, 140, 103, 17, 57, 154),
    (176, 96, 120, 116, 14, 175, 95, 36, 129, 98, 106, 13, 124, 184, 181, 76, 153, 156, 63, 56, 23, 183, 175, 84, 103, 43, 112, 44, 97, 128, 111, 162, 152, 154, 34, 94, 81, 144, 106, 48),
    (177, 57, 126, 177, 26, 69, 140, 179, 10, 136, 118, 157, 186, 42, 13, 168, 187, 48, 195, 9, 13, 46, 43, 124, 4, 23, 69, 52, 10, 166, 53, 30, 119, 138, 168, 9, 105, 95, 18, 155),
    (178, 66, 128, 41, 141, 116, 60, 95, 133, 126, 112, 62, 119, 183, 45, 144, 174, 3, 28, 160, 43, 132, 187, 63, 39, 62, 4, 81, 24, 125, 46, 145, 141, 87, 88, 115, 5, 24, 82, 113),
    (179, 175, 176, 28, 47, 185, 30, 36, 119, 106, 28, 103, 164, 104, 40, 17, 86, 79, 163, 86, 174, 110, 78, 23, 55, 70, 86, 166, 68, 57, 198, 111, 52, 53, 145, 199, 160, 157, 156, 151),
    (180, 77, 186, 52, 147, 61, 33, 126, 136, 189, 81, 84, 24, 89, 59, 83, 155, 79, 65, 45, 187, 112, 2, 58, 166, 187, 101, 196, 75, 32, 44, 169, 126, 198, 11, 3, 96, 92, 161, 12),
    (181, 66, 169, 73, 96, 1, 159, 48, 32, 58, 177, 34, 118, 36, 58, 90, 129, 179, 190, 147, 170, 175, 82, 184, 53, 132, 194, 72, 178, 82, 122, 96, 25, 162, 159, 102, 98, 75, 131, 167),
    (182, 122, 161, 73, 66, 160, 34, 115, 77, 52, 50, 115, 122, 109, 41, 3, 122, 23, 164, 94, 171, 77, 75, 176, 121, 130, 137, 80, 89, 21, 131, 111, 190, 90, 51, 37, 9, 112, 166, 16),
    (183, 196, 126, 18, 189, 139, 29, 138, 111, 130, 18, 174, 7, 131, 108, 53, 41, 139, 140, 140, 95, 153, 26, 184, 146, 169, 15, 165, 51, 113, 13, 14, 180, 50, 79, 9, 70, 179, 191, 28),
    (184, 112, 185, 66, 11, 79, 130, 174, 3, 41, 102, 80, 108, 125, 0, 179, 131, 54, 125, 182, 10, 159, 75, 38, 90, 59, 157, 64, 190, 199, 126, 199, 12, 170, 106, 62, 1, 92, 106, 76),
    (185, 169, 181, 192, 182, 24, 178, 88, 98, 10, 135, 113, 142, 88, 93, 153, 188, 15, 76, 4, 110, 45, 25, 134, 96, 97, 133, 36, 17, 41, 34, 32, 84, 142, 194, 32, 100, 170, 94, 172),
    (186, 169, 153, 177, 69, 78, 53, 188, 154, 146, 103, 97, 56, 145, 178, 46, 96, 15, 17, 47, 49, 181, 38, 27, 130, 2, 128, 169, 28, 126, 99, 146, 139, 162, 174, 54, 88, 107, 92, 110),
    (187, 189, 142, 55, 39, 167, 89, 19, 78, 99, 23, 195, 178, 59, 13, 148, 128, 128, 6, 143, 13, 56, 154, 115, 113, 194, 183, 65, 42, 77, 119, 19, 137, 69, 126, 47, 147, 125, 140, 156),
    (188, 44, 20, 95, 185, 48, 19, 77, 27, 98, 142, 187, 186, 158, 108, 99, 141, 125, 147, 161, 11, 188, 4, 46, 5, 61, 23, 143, 66, 146, 145, 78, 197, 112, 183, 180, 96, 36, 57, 153),
    (189, 111, 84, 72, 111, 106, 8, 169, 76, 42, 20, 172, 126, 27, 181, 22, 22, 191, 33, 184, 6, 103, 196, 19, 8, 98, 62, 17, 10, 45, 67, 1, 81, 90, 55, 28, 28, 25, 148, 173),
    (190, 179, 102, 17, 165, 32, 63, 66, 149, 58, 98, 117, 144, 143, 150, 2, 131, 40, 96, 45, 14, 80, 164, 32, 198, 70, 122, 72, 53, 161, 195, 164, 9, 167, 42, 166, 69, 13, 151, 4),
    (191, 63, 172, 169, 15, 141, 8, 52, 69, 137, 82, 157, 19, 155, 8, 55, 146, 74, 93, 150, 64, 164, 57, 154, 87, 32, 188, 17, 77, 115, 174, 110, 124, 152, 57, 184, 190, 22, 96, 117),
    (192, 191, 161, 84, 59, 25, 11, 136, 98, 72, 2, 5, 114, 58, 62, 22, 90, 134, 129, 48, 2, 96, 114, 164, 118, 40, 145, 100, 185, 159, 103, 124, 183, 77, 85, 184, 88, 46, 13, 11),
    (193, 27, 82, 101, 57, 15, 63, 178, 169, 57, 36, 139, 71, 153, 151, 29, 25, 142, 101, 12, 166, 128, 72, 25, 94, 25, 66, 38, 58, 94, 103, 39, 41, 69, 79, 153, 146, 57, 189, 39),
    (194, 194, 173, 194, 143, 93, 190, 92, 122, 175, 50, 61, 153, 60, 148, 17, 164, 130, 17, 20, 72, 181, 150, 70, 162, 56, 125, 146, 55, 81, 78, 54, 84, 17, 30, 22, 198, 178, 72, 15),
    (195, 113, 43, 154, 156, 153, 138, 75, 19, 2, 191, 79, 51, 105, 140, 76, 23, 155, 45, 109, 47, 52, 51, 129, 38, 70, 42, 5, 120, 94, 182, 84, 117, 86, 40, 118, 191, 76, 82, 175),
    (196, 99, 22, 101, 63, 140, 143, 58, 176, 195, 10, 110, 42, 109, 14, 140, 81, 48, 139, 152, 91, 15, 15, 86, 28, 147, 149, 17, 17, 146, 77, 107, 121, 55, 124, 21, 117, 143, 46, 120),
    (197, 144, 123, 83, 130, 167, 143, 164, 109, 40, 87, 65, 117, 4, 191, 41, 31, 134, 18, 196, 87, 5, 59, 24, 175, 113, 90, 96, 55, 169, 197, 80, 38, 73, 35, 112, 132, 43, 161, 41),
    (198, 115, 164, 65, 166, 127, 178, 64, 63, 169, 78, 166, 36, 180, 139, 162, 144, 70, 42, 62, 7, 18, 140, 19, 49, 67, 171, 140, 41, 72, 29, 186, 112, 162, 131, 183, 7, 58, 103, 79),
    (199, 169, 174, 14, 184, 47, 144, 57, 198, 38, 36, 178, 14, 69, 31, 178, 100, 93, 36, 156, 85, 123, 17, 175, 14, 168, 159, 99, 73, 192, 108, 120, 74, 98, 9, 27, 36, 17, 179, 103);

INSERT INTO T24 (pk, t1, t2, t3, t4, t5, t6, t7, t8, t9, t10, t11, t12, t13, t14, t15, t16, t17, t18, t19, t20, t21, t22, t23, t25, t26, t27, t28, t29, t30, t31, t32, t33, t34, t35, t36, t37, t38, t39, t40)
VALUES
    (0, 173, 157, 189, 127, 171, 92, 13, 124, 17, 122, 50, 191, 138, 136, 69, 40, 188, 171, 169, 164, 126, 174, 188, 0, 146, 142, 135, 46, 183, 164, 88, 78, 59, 95, 164, 147, 188, 135, 125),
    (1, 55, 14, 87, 79, 189, 7, 88, 154, 42, 19, 55, 159, 187, 74, 118, 4, 23, 11, 94, 177, 159, 149, 95, 141, 15, 57, 4, 93, 135, 95, 96, 142, 26, 80, 175, 182, 8, 128, 71),
    (2, 39, 89, 79, 150, 133, 83, 46, 132, 146, 143, 169, 87, 121, 53, 135, 9, 76, 86, 58, 157, 56, 178, 72, 85, 6, 62, 111, 6, 62, 157, 180, 173, 28, 50, 188, 56, 184, 171, 72),
    (3, 97, 82, 177, 1, 6, 15, 160, 56, 92, 90, 130, 141, 126, 166, 8, 63, 176, 119, 51, 77, 120, 28, 42, 57, 151, 112, 108, 1, 93, 142, 148, 125, 143, 11, 123, 112, 89, 39, 53),
    (4, 175, 34, 62, 81, 143, 100, 87, 164, 111, 132, 172, 142, 155, 94, 122, 58, 70, 158, 166, 178, 7, 53, 166, 37, 21, 111, 51, 4, 132, 158, 197, 14, 182, 165, 94, 40, 94, 129, 116),
    (5, 132, 143, 120, 135, 52, 40, 63, 155, 21, 25, 70, 138, 135, 74, 156, 136, 118, 76, 60, 147, 177, 7, 19, 102, 165, 132, 2, 45, 106, 192, 189, 48, 6, 3, 151, 129, 74, 46, 67),
    (6, 99, 160, 0, 26, 179, 197, 126, 35, 17, 113, 140, 69, 15, 151, 23, 61, 186, 95, 19, 37, 93, 101, 123, 15, 172, 95, 86, 55, 93, 78, 35, 0, 57, 42, 76, 184, 15, 172, 13),
    (7, 148, 106, 175, 162, 136, 152, 39, 91, 57, 102, 79, 142, 13, 12, 98, 24, 190, 189, 21, 84, 177, 20, 89, 45, 3, 16, 91, 182, 31, 46, 38, 51, 78, 54, 181, 120, 141, 185, 194),
    (8, 64, 107, 70, 5, 91, 96, 180, 43, 136, 85, 7, 32, 151, 157, 121, 119, 169, 133, 28, 174, 13, 6, 64, 41, 61, 81, 49, 1, 124, 193, 10, 23, 23, 126, 97, 92, 82, 44, 56),
    (9, 157, 47, 77, 54, 172, 147, 64, 7, 94, 167, 17, 29, 147, 34, 87, 72, 137, 193, 95, 181, 30, 150, 91, 122, 157, 74, 18, 164, 166, 140, 55, 104, 31, 131, 161, 65, 6, 50, 135),
    (10, 76, 106, 29, 36, 198, 123, 18, 73, 199, 3, 197, 57, 79, 82, 139, 25, 173, 34, 44, 131, 21, 74, 119, 61, 88, 76, 62, 134, 121, 62, 161, 74, 139, 140, 121, 34, 156, 120, 69),
    (11, 179, 199, 159, 56, 54, 28, 63, 102, 79, 175, 144, 35, 84, 32, 90, 11, 174, 156, 45, 53, 180, 162, 143, 112, 148, 34, 88, 197, 43, 55, 192, 74, 11, 10, 37, 133, 77, 64, 17),
    (12, 192, 3, 119, 162, 177, 14, 146, 136, 65, 44, 153, 108, 102, 175, 113, 127, 89, 38, 122, 152, 17, 132, 199, 125, 71, 3, 194, 114, 175, 23, 61, 108, 189, 150, 138, 40, 109, 165, 151),
    (13, 71, 172, 80, 66, 82, 83, 132, 28, 86, 71, 120, 157, 33, 1, 41, 142, 141, 13, 33, 71, 5, 77, 153, 0, 58, 138, 158, 171, 146, 163, 176, 187, 143, 9, 191, 139, 51, 0, 193),
    (14, 145, 17, 124, 79, 186, 113, 39, 19, 177, 92, 190, 190, 53, 122, 158, 89, 173, 21, 72, 198, 185, 107, 66, 142, 130, 73, 29, 73, 61, 118, 175, 83, 160, 132, 22, 50, 46, 87, 178),
    (15, 80, 198, 46, 4, 40, 77, 135, 150, 34, 122, 96, 38, 156, 94, 83, 22, 43, 142, 180, 144, 88, 5, 75, 195, 27, 27, 186, 137, 45, 92, 48, 76, 6, 22, 8, 172, 188, 191, 143),
    (16, 38, 90, 129, 94, 153, 3, 55, 197, 3, 149, 52, 96, 165, 85, 182, 120, 69, 104, 104, 88, 77, 194, 9, 42, 170, 92, 4, 110, 57, 81, 73, 187, 120, 98, 28, 4, 186, 108, 184),
    (17, 38, 134, 24, 167, 134, 161, 158, 2, 46, 107, 147, 186, 151, 35, 53, 180, 127, 5, 174, 144, 99, 87, 97, 124, 22, 34, 32, 13, 161, 127, 115, 15, 111, 17, 143, 49, 74, 129, 70),
    (18, 71, 132, 189, 180, 126, 158, 4, 19, 172, 4, 149, 133, 59, 174, 86, 173, 150, 117, 82, 126, 26, 16, 58, 32, 177, 22, 73, 167, 160, 27, 82, 116, 73, 59, 43, 102, 147, 52, 74),
    (19, 94, 108, 135, 16, 186, 70, 115, 5, 181, 23, 166, 131, 84, 66, 176, 134, 21, 23, 154, 95, 21, 61, 113, 160, 68, 154, 177, 123, 112, 79, 74, 41, 133, 59, 139, 25, 119, 146, 44),
    (20, 99, 112, 17, 61, 161, 129, 150, 10, 167, 11, 15, 76, 53, 70, 77, 134, 152, 150, 153, 106, 33, 168, 189, 97, 28, 21, 18, 187, 50, 8, 178, 11, 46, 68, 159, 119, 50, 36, 25),
    (21, 54, 28, 181, 106, 128, 92, 31, 154, 46, 67, 143, 60, 162, 136, 160, 151, 131, 171, 13, 19, 51, 154, 54, 24, 195, 59, 17, 195, 149, 24, 162, 120, 65, 82, 66, 139, 106, 76, 181),
    (22, 140, 145, 28, 60, 54, 152, 126, 187, 1, 102, 96, 111, 84, 153, 23, 52, 149, 122, 19, 50, 118, 127, 131, 176, 66, 116, 117, 101, 191, 62, 125, 112, 174, 40, 58, 196, 150, 149, 86),
    (23, 173, 155, 193, 80, 15, 31, 82, 67, 68, 186, 81, 161, 48, 85, 47, 12, 15, 4, 3, 52, 79, 127, 165, 55, 123, 86, 185, 194, 192, 19, 30, 148, 1, 120, 66, 10, 19, 96, 17),
    (24, 118, 33, 162, 31, 34, 48, 20, 148, 79, 152, 94, 182, 89, 99, 148, 124, 66, 132, 171, 197, 17, 7, 81, 147, 144, 24, 10, 152, 70, 183, 115, 24, 183, 101, 116, 44, 4, 69, 195),
    (25, 76, 165, 33, 56, 153, 67, 97, 178, 189, 122, 13, 149, 5, 179, 153, 145, 166, 17, 24, 87, 143, 112, 178, 47, 104, 37, 134, 129, 199, 92, 131, 114, 175, 144, 197, 72, 3, 2, 63),
    (26, 175, 25, 76, 53, 73, 110, 84, 166, 86, 30, 23, 138, 20, 53, 122, 63, 107, 40, 70, 142, 116, 196, 39, 73, 88, 74, 105, 55, 58, 58, 161, 57, 26, 164, 147, 23, 174, 21, 86),
    (27, 68, 89, 92, 77, 134, 182, 30, 141, 57, 192, 149, 67, 126, 171, 88, 121, 181, 86, 17, 93, 165, 62, 146, 154, 197, 84, 6, 74, 62, 43, 197, 12, 160, 180, 55, 132, 37, 170, 181),
    (28, 105, 180, 172, 131, 158, 103, 158, 28, 166, 91, 21, 166, 107, 111, 20, 67, 20, 88, 24, 162, 24, 56, 63, 129, 99, 192, 168, 105, 74, 78, 70, 161, 93, 146, 107, 121, 180, 172, 199),
    (29, 3, 8, 32, 30, 94, 142, 140, 136, 99, 96, 86, 11, 178, 154, 174, 96, 71, 121, 168, 96, 112, 65, 28, 132, 28, 1, 93, 190, 57, 90, 78, 196, 191, 72, 105, 136, 134, 129, 24),
    (30, 105, 101, 157, 34, 19, 82, 11, 120, 133, 153, 115, 196, 69, 10, 28, 193, 149, 177, 31, 121, 85, 11, 62, 191, 57, 95, 1, 133, 26, 160, 176, 153, 182, 50, 171, 160, 57, 137, 24),
    (31, 190, 136, 60, 52, 87, 43, 70, 36, 190, 33, 161, 75, 68, 114, 159, 8, 126, 83, 63, 14, 79, 186, 37, 19, 138, 60, 60, 93, 84, 171, 64, 45, 101, 191, 168, 145, 69, 45, 78),
    (32, 188, 138, 148, 159, 34, 179, 139, 22, 124, 47, 181, 30, 72, 177, 175, 159, 95, 20, 109, 34, 3, 146, 56, 140, 67, 56, 60, 86, 2, 26, 54, 54, 128, 17, 34, 120, 155, 137, 194),
    (33, 184, 129, 71, 118, 40, 116, 186, 124, 184, 163, 199, 141, 170, 79, 73, 136, 46, 62, 188, 49, 14, 112, 128, 44, 52, 194, 193, 146, 161, 79, 80, 99, 117, 68, 172, 132, 113, 68, 128),
    (34, 179, 116, 167, 152, 63, 48, 3, 53, 26, 125, 52, 5, 43, 48, 129, 78, 53, 30, 165, 153, 162, 99, 87, 113, 158, 187, 19, 190, 24, 160, 158, 175, 1, 107, 147, 60, 120, 194, 112),
    (35, 138, 157, 136, 73, 122, 167, 189, 125, 64, 86, 86, 53, 78, 105, 185, 96, 62, 120, 63, 123, 183, 78, 3, 188, 19, 107, 150, 67, 41, 187, 73, 172, 190, 184, 60, 108, 157, 81, 190),
    (36, 34, 27, 181, 20, 19, 78, 67, 17, 167, 30, 32, 119, 96, 59, 54, 121, 39, 138, 34, 174, 116, 21, 44, 136, 2, 21, 21, 30, 91, 60, 175, 37, 15, 175, 0, 114, 30, 161, 157),
    (37, 61, 153, 123, 75, 150, 105, 47, 132, 192, 49, 26, 24, 191, 107, 2, 64, 85, 87, 7, 25, 165, 100, 46, 26, 68, 108, 7, 85, 88, 104, 7, 156, 52, 45, 65, 21, 119, 47, 17),
    (38, 83, 14, 68, 106, 147, 73, 133, 148, 64, 18, 86, 181, 40, 10, 45, 156, 73, 104, 182, 58, 42, 68, 62, 22, 123, 187, 48, 86, 17, 146, 24, 28, 177, 1, 155, 166, 69, 194, 6),
    (39, 0, 168, 28, 88, 171, 9, 59, 69, 128, 123, 51, 38, 47, 113, 127, 45, 102, 166, 161, 90, 67, 119, 14, 85, 175, 175, 154, 180, 192, 92, 195, 0, 98, 166, 105, 27, 157, 100, 171),
    (40, 127, 193, 27, 119, 139, 64, 175, 182, 193, 64, 31, 135, 14, 174, 26, 95, 173, 171, 113, 105, 116, 115, 45, 156, 183, 123, 36, 40, 182, 117, 127, 55, 76, 74, 52, 199, 173, 35, 163),
    (41, 40, 11, 51, 89, 140, 32, 29, 194, 187, 150, 65, 178, 95, 161, 121, 17, 187, 134, 163, 26, 191, 158, 2, 2, 11, 163, 146, 165, 197, 154, 76, 46, 146, 76, 34, 93, 45, 104, 109),
    (42, 135, 155, 165, 115, 74, 142, 22, 133, 75, 19, 61, 49, 19, 2, 75, 35, 6, 58, 183, 172, 14, 62, 188, 150, 190, 121, 88, 75, 90, 70, 137, 97, 172, 190, 48, 90, 176, 112, 92),
    (43, 160, 4, 108, 143, 70, 95, 49, 101, 106, 181, 60, 153, 121, 134, 122, 79, 21, 160, 144, 97, 65, 184, 132, 174, 69, 156, 171, 192, 82, 16, 74, 154, 128, 173, 129, 196, 131, 61, 139),
    (44, 170, 17, 172, 140, 66, 117, 81, 71, 197, 166, 157, 198, 11, 114, 105, 10, 163, 109, 72, 6, 158, 169, 152, 52, 32, 176, 116, 124, 29, 45, 174, 143, 90, 78, 73, 16, 119, 68, 38),
    (45, 2, 151, 59, 57, 89, 59, 79, 16, 10, 129, 115, 25, 8, 5, 48, 134, 188, 5, 70, 63, 170, 75, 141, 153, 152, 130, 186, 180, 199, 74, 174, 156, 74, 52, 38, 34, 155, 115, 153),
    (46, 40, 195, 60, 26, 140, 101, 54, 33, 164, 99, 158, 199, 28, 191, 89, 75, 165, 39, 1, 198, 131, 126, 106, 146, 166, 32, 91, 151, 85, 6, 145, 172, 107, 175, 108, 156, 64, 59, 67),
    (47, 16, 172, 63, 131, 131, 177, 51, 120, 142, 111, 89, 191, 143, 127, 88, 9, 133, 104, 6, 180, 132, 92, 69, 34, 183, 146, 167, 118, 195, 96, 134, 145, 21, 157, 66, 118, 111, 194, 187),
    (48, 188, 43, 125, 6, 14, 128, 154, 79, 65, 52, 22, 118, 51, 154, 138, 41, 13, 75, 123, 121, 193, 179, 112, 4, 64, 39, 43, 113, 88, 94, 84, 72, 84, 177, 28, 101, 34, 9, 21),
    (49, 138, 131, 179, 68, 36, 28, 10, 118, 151, 54, 133, 60, 6, 118, 91, 181, 82, 72, 196, 29, 68, 194, 6, 0, 134, 153, 178, 121, 48, 163, 19, 26, 97, 47, 76, 65, 113, 174, 147),
    (50, 182, 187, 175, 162, 93, 0, 73, 144, 33, 103, 110, 188, 57, 23, 128, 23, 167, 176, 133, 164, 185, 198, 53, 149, 159, 103, 151, 14, 81, 74, 5, 54, 93, 77, 62, 69, 4, 163, 155),
    (51, 198, 128, 130, 166, 54, 144, 1, 14, 5, 194, 90, 9, 173, 121, 196, 29, 157, 174, 25, 108, 96, 128, 198, 68, 76, 56, 71, 33, 126, 132, 69, 181, 163, 93, 171, 37, 29, 172, 187),
    (52, 158, 133, 72, 167, 67, 81, 47, 179, 157, 0, 50, 166, 81, 41, 54, 85, 91, 100, 172, 11, 22, 185, 88, 57, 149, 93, 101, 181, 81, 185, 141, 111, 53, 46, 150, 0, 131, 8, 88),
    (53, 118, 80, 155, 84, 130, 7, 91, 9, 106, 37, 8, 4, 74, 124, 145, 165, 53, 21, 98, 181, 124, 14, 56, 9, 81, 188, 136, 32, 103, 198, 41, 161, 38, 33, 63, 135, 43, 69, 5),
    (54, 109, 136, 42, 90, 138, 78, 85, 135, 58, 46, 177, 67, 139, 100, 75, 167, 46, 165, 36, 99, 120, 45, 10, 157, 67, 32, 21, 93, 3, 71, 56, 124, 42, 69, 24, 115, 53, 159, 6),
    (55, 20, 183, 199, 41, 94, 198, 16, 13, 172, 47, 54, 193, 180, 195, 115, 122, 3, 181, 175, 20, 13, 87, 33, 11, 120, 128, 162, 196, 139, 2, 117, 73, 99, 196, 69, 181, 182, 196, 166),
    (56, 154, 133, 5, 123, 173, 196, 162, 36, 104, 54, 170, 103, 156, 125, 43, 60, 138, 12, 60, 169, 128, 94, 107, 12, 167, 1, 196, 168, 12, 84, 59, 92, 24, 44, 57, 86, 176, 9, 163),
    (57, 197, 5, 11, 162, 176, 71, 27, 139, 135, 163, 99, 14, 159, 51, 46, 113, 199, 195, 87, 126, 41, 1, 101, 83, 197, 25, 72, 20, 192, 103, 118, 55, 117, 165, 162, 67, 66, 193, 132),
    (58, 110, 22, 180, 179, 91, 130, 9, 149, 143, 9, 64, 17, 67, 76, 120, 85, 113, 11, 105, 35, 191, 97, 35, 1, 28, 179, 118, 53, 133, 1, 177, 72, 5, 108, 13, 20, 78, 46, 113),
    (59, 125, 124, 145, 10, 121, 20, 88, 131, 17, 173, 130, 42, 36, 127, 28, 25, 185, 40, 103, 66, 91, 60, 130, 168, 126, 2, 139, 142, 132, 81, 18, 159, 100, 199, 23, 137, 11, 27, 55),
    (60, 153, 77, 173, 189, 115, 143, 47, 67, 43, 20, 120, 21, 164, 120, 104, 71, 99, 20, 167, 75, 67, 22, 68, 168, 179, 169, 10, 115, 57, 62, 17, 27, 60, 19, 89, 38, 172, 113, 144),
    (61, 186, 198, 126, 51, 83, 120, 157, 180, 7, 29, 46, 123, 128, 153, 75, 11, 197, 143, 94, 176, 0, 109, 79, 129, 132, 111, 113, 168, 4, 78, 37, 198, 55, 30, 97, 181, 37, 45, 10),
    (62, 73, 169, 70, 157, 68, 33, 5, 140, 9, 27, 177, 87, 142, 78, 7, 197, 29, 22, 16, 95, 110, 69, 165, 138, 2, 94, 1, 101, 104, 143, 51, 167, 165, 30, 14, 164, 42, 160, 139),
    (63, 174, 129, 109, 122, 88, 198, 109, 125, 188, 173, 1, 182, 143, 90, 75, 125, 78, 33, 139, 65, 18, 137, 146, 31, 52, 59, 81, 158, 152, 39, 78, 178, 101, 120, 158, 143, 44, 145, 83),
    (64, 104, 94, 176, 79, 62, 189, 9, 3, 157, 119, 75, 154, 116, 68, 112, 76, 22, 94, 177, 137, 10, 143, 196, 192, 96, 145, 168, 49, 123, 60, 182, 21, 133, 77, 74, 155, 156, 99, 69),
    (65, 195, 101, 63, 14, 85, 169, 181, 180, 65, 149, 147, 63, 14, 191, 70, 160, 27, 43, 17, 8, 102, 5, 65, 39, 88, 164, 84, 49, 171, 139, 137, 32, 13, 75, 127, 196, 0, 157, 6),
    (66, 5, 92, 172, 26, 75, 33, 8, 89, 45, 132, 58, 102, 10, 38, 26, 128, 171, 72, 47, 45, 170, 154, 51, 0, 105, 96, 69, 47, 179, 59, 11, 114, 84, 55, 14, 43, 84, 33, 112),
    (67, 119, 92, 55, 27, 68, 192, 81, 173, 164, 17, 131, 183, 199, 26, 111, 162, 104, 195, 124, 8, 45, 15, 154, 174, 104, 74, 199, 67, 118, 39, 62, 49, 15, 30, 13, 19, 194, 51, 38),
    (68, 132, 21, 103, 115, 98, 141, 158, 160, 138, 29, 58, 59, 85, 139, 32, 6, 94, 158, 139, 55, 12, 184, 183, 196, 85, 123, 123, 161, 20, 112, 95, 97, 16, 179, 198, 122, 108, 29, 31),
    (69, 131, 21, 125, 125, 26, 148, 42, 52, 180, 136, 113, 56, 56, 180, 84, 148, 29, 160, 190, 33, 72, 49, 14, 9, 189, 146, 99, 34, 177, 87, 54, 159, 71, 89, 34, 165, 25, 102, 147),
    (70, 26, 150, 101, 181, 105, 75, 159, 18, 139, 147, 14, 164, 60, 163, 194, 183, 186, 170, 179, 111, 5, 127, 118, 13, 146, 163, 72, 106, 184, 19, 169, 191, 182, 157, 170, 170, 53, 152, 114),
    (71, 37, 136, 107, 154, 14, 98, 70, 181, 72, 143, 63, 113, 67, 21, 37, 117, 33, 184, 100, 142, 195, 114, 42, 61, 141, 129, 199, 173, 109, 35, 165, 155, 13, 187, 38, 113, 8, 120, 104),
    (72, 36, 32, 30, 167, 87, 151, 19, 78, 95, 92, 87, 119, 83, 135, 110, 30, 47, 70, 190, 38, 104, 186, 11, 68, 163, 174, 147, 82, 147, 140, 129, 64, 147, 82, 97, 142, 151, 132, 87),
    (73, 44, 114, 141, 56, 197, 59, 105, 113, 84, 151, 22, 21, 43, 44, 145, 10, 144, 145, 109, 60, 118, 22, 73, 103, 31, 31, 162, 47, 136, 192, 146, 37, 33, 64, 84, 5, 42, 126, 73),
    (74, 31, 117, 58, 81, 110, 155, 159, 42, 18, 198, 124, 27, 136, 82, 54, 75, 50, 20, 122, 195, 96, 9, 91, 164, 103, 21, 121, 124, 156, 13, 82, 106, 72, 59, 41, 145, 88, 85, 72),
    (75, 49, 107, 95, 145, 5, 187, 168, 135, 120, 60, 191, 31, 140, 34, 150, 170, 88, 49, 47, 8, 173, 60, 192, 178, 96, 111, 132, 52, 72, 186, 109, 133, 34, 199, 24, 183, 60, 47, 17),
    (76, 22, 182, 159, 95, 128, 100, 110, 52, 85, 184, 178, 54, 115, 52, 18, 174, 64, 105, 186, 40, 144, 73, 136, 98, 93, 130, 15, 0, 65, 90, 150, 80, 157, 184, 136, 61, 61, 87, 18),
    (77, 84, 120, 67, 58, 59, 130, 90, 158, 0, 184, 144, 18, 171, 185, 140, 55, 87, 146, 179, 159, 125, 61, 3, 180, 92, 12, 196, 42, 36, 69, 114, 51, 197, 41, 151, 177, 170, 192, 108),
    (78, 25, 81, 20, 78, 163, 136, 48, 52, 113, 161, 51, 96, 138, 190, 181, 158, 6, 113, 86, 180, 89, 25, 183, 179, 165, 91, 128, 89, 170, 111, 95, 30, 54, 35, 176, 116, 65, 48, 19),
    (79, 107, 132, 7, 114, 65, 129, 116, 155, 196, 126, 133, 126, 167, 141, 137, 150, 152, 195, 39, 117, 52, 189, 180, 33, 146, 144, 32, 0, 77, 25, 59, 43, 106, 81, 10, 198, 65, 92, 8),
    (80, 74, 117, 153, 76, 49, 36, 91, 145, 12, 33, 142, 13, 185, 105, 143, 103, 2, 27, 3, 36, 173, 22, 195, 30, 118, 36, 20, 105, 151, 168, 105, 134, 170, 121, 93, 68, 137, 133, 151),
    (81, 135, 55, 193, 41, 72, 25, 121, 80, 162, 153, 188, 141, 189, 140, 52, 48, 15, 73, 1, 8, 105, 86, 141, 124, 99, 126, 107, 75, 192, 19, 84, 181, 9, 45, 14, 160, 22, 141, 14),
    (82, 75, 85, 188, 161, 194, 62, 21, 74, 22, 170, 56, 192, 162, 137, 33, 148, 95, 90, 153, 110, 16, 157, 168, 110, 56, 47, 83, 66, 34, 173, 3, 49, 187, 131, 125, 146, 43, 150, 84),
    (83, 101, 183, 74, 88, 125, 177, 71, 154, 67, 133, 13, 98, 61, 64, 79, 169, 39, 126, 81, 87, 141, 151, 132, 173, 61, 192, 187, 123, 27, 42, 14, 177, 81, 108, 182, 30, 134, 163, 77),
    (84, 141, 0, 162, 52, 109, 153, 131, 110, 149, 49, 132, 69, 70, 146, 119, 176, 129, 199, 161, 76, 133, 124, 62, 178, 191, 186, 134, 141, 99, 195, 94, 22, 27, 15, 87, 122, 124, 12, 6),
    (85, 112, 90, 35, 192, 49, 199, 2, 180, 44, 123, 101, 149, 6, 57, 109, 12, 123, 67, 72, 76, 31, 59, 170, 126, 131, 75, 168, 119, 2, 25, 70, 128, 133, 18, 122, 102, 197, 38, 124),
    (86, 144, 152, 16, 85, 59, 180, 53, 185, 194, 135, 12, 68, 131, 42, 21, 102, 47, 161, 41, 102, 107, 89, 69, 199, 162, 89, 47, 198, 28, 64, 182, 189, 128, 145, 40, 4, 43, 149, 9),
    (87, 156, 165, 5, 175, 160, 46, 143, 44, 46, 125, 184, 140, 144, 97, 84, 166, 186, 118, 17, 139, 167, 187, 148, 55, 190, 15, 2, 42, 0, 35, 62, 156, 176, 90, 11, 115, 169, 4, 106),
    (88, 7, 131, 190, 67, 45, 154, 190, 129, 99, 33, 43, 32, 171, 193, 150, 4, 135, 6, 92, 70, 26, 110, 124, 16, 61, 92, 94, 153, 194, 134, 140, 105, 33, 42, 167, 124, 66, 18, 70),
    (89, 84, 182, 40, 158, 153, 158, 61, 13, 166, 39, 161, 146, 143, 167, 42, 84, 3, 96, 159, 73, 17, 133, 147, 2, 134, 53, 18, 21, 147, 177, 147, 153, 186, 69, 16, 108, 137, 150, 36),
    (90, 151, 45, 43, 32, 32, 147, 90, 172, 15, 137, 46, 105, 180, 0, 47, 148, 188, 145, 68, 27, 12, 177, 59, 147, 82, 19, 17, 18, 8, 66, 11, 32, 160, 166, 179, 4, 170, 120, 104),
    (91, 9, 79, 167, 101, 67, 0, 85, 0, 86, 80, 47, 67, 131, 35, 85, 123, 172, 190, 34, 85, 11, 108, 8, 180, 78, 198, 194, 11, 161, 89, 20, 149, 180, 55, 74, 187, 177, 192, 68),
    (92, 59, 191, 17, 41, 199, 77, 83, 66, 128, 156, 125, 121, 184, 166, 155, 171, 183, 73, 163, 90, 177, 143, 73, 20, 26, 92, 173, 183, 161, 140, 84, 133, 16, 167, 179, 160, 158, 158, 129),
    (93, 160, 0, 6, 60, 37, 56, 42, 163, 106, 55, 11, 176, 13, 148, 179, 163, 154, 41, 162, 18, 65, 125, 6, 10, 6, 143, 149, 65, 147, 180, 137, 62, 134, 98, 168, 177, 199, 24, 168),
    (94, 116, 159, 78, 191, 140, 147, 91, 190, 112, 188, 46, 135, 191, 42, 143, 56, 105, 8, 50, 186, 183, 65, 47, 147, 73, 8, 180, 172, 93, 65, 145, 1, 6, 20, 43, 60, 130, 74, 158),
    (95, 95, 5, 185, 130, 96, 138, 150, 100, 151, 58, 195, 110, 182, 134, 28, 123, 176, 109, 16, 71, 117, 194, 165, 195, 90, 75, 141, 70, 12, 105, 162, 199, 190, 136, 4, 189, 108, 5, 191),
    (96, 47, 186, 135, 52, 15, 186, 131, 152, 28, 132, 192, 74, 56, 120, 13, 12, 1, 70, 72, 189, 62, 116, 167, 39, 137, 81, 78, 93, 62, 127, 47, 76, 87, 139, 70, 162, 97, 41, 158),
    (97, 102, 138, 83, 96, 67, 116, 113, 32, 140, 81, 186, 41, 19, 20, 152, 63, 198, 197, 179, 79, 131, 101, 175, 189, 56, 172, 199, 77, 64, 90, 164, 44, 31, 123, 62, 3, 110, 99, 82),
    (98, 44, 93, 175, 70, 32, 196, 162, 40, 159, 49, 88, 37, 12, 124, 182, 32, 77, 174, 110, 13, 29, 165, 27, 115, 102, 186, 83, 129, 149, 49, 91, 134, 197, 79, 77, 38, 0, 18, 23),
    (99, 69, 68, 90, 79, 159, 21, 100, 27, 155, 136, 9, 116, 187, 175, 9, 161, 85, 97, 109, 149, 68, 35, 21, 119, 7, 179, 182, 58, 38, 97, 165, 164, 149, 136, 53, 157, 74, 27, 21),
    (100, 138, 112, 107, 125, 73, 75, 26, 86, 77, 94, 134, 148, 72, 1, 139, 54, 55, 8, 82, 185, 180, 23, 188, 161, 105, 194, 5, 197, 55, 199, 133, 111, 45, 132, 76, 112, 34, 77, 109),
    (101, 190, 198, 50, 147, 159, 140, 56, 186, 101, 156, 81, 185, 20, 127, 2, 77, 195, 172, 116, 138, 194, 124, 3, 24, 134, 82, 69, 52, 54, 6, 176, 169, 105, 54, 115, 109, 135, 95, 44),
    (102, 7, 118, 118, 71, 179, 177, 134, 159, 105, 197, 5, 6, 174, 32, 149, 135, 75, 2, 188, 60, 64, 78, 68, 128, 156, 32, 7, 123, 186, 93, 64, 99, 96, 36, 44, 168, 3, 142, 95),
    (103, 115, 31, 72, 152, 20, 163, 15, 41, 180, 86, 54, 81, 190, 79, 99, 108, 156, 29, 48, 43, 105, 9, 124, 30, 140, 100, 166, 196, 177, 170, 141, 152, 133, 197, 96, 25, 6, 142, 114),
    (104, 139, 33, 179, 175, 78, 77, 168, 190, 134, 32, 160, 142, 183, 110, 190, 57, 144, 94, 23, 65, 55, 89, 159, 16, 20, 38, 164, 168, 138, 156, 6, 131, 38, 164, 140, 31, 17, 134, 161),
    (105, 43, 179, 177, 50, 168, 61, 126, 77, 30, 147, 115, 101, 23, 59, 106, 97, 180, 197, 91, 105, 76, 44, 179, 57, 77, 186, 101, 122, 73, 5, 67, 63, 144, 12, 164, 69, 165, 79, 23),
    (106, 17, 188, 121, 63, 94, 148, 125, 128, 144, 92, 66, 154, 155, 162, 83, 162, 5, 172, 112, 2, 4, 186, 131, 92, 22, 12, 160, 151, 61, 6, 189, 171, 6, 50, 51, 19, 171, 110, 51),
    (107, 153, 161, 87, 161, 133, 11, 180, 136, 181, 15, 166, 43, 184, 172, 103, 98, 34, 113, 56, 175, 103, 109, 23, 42, 21, 119, 27, 74, 9, 132, 6, 17, 13, 104, 29, 139, 66, 165, 14),
    (108, 140, 27, 88, 121, 45, 112, 22, 154, 89, 163, 140, 100, 68, 131, 28, 23, 120, 114, 194, 29, 133, 90, 44, 3, 179, 152, 141, 106, 22, 142, 190, 142, 48, 56, 47, 144, 122, 26, 14),
    (109, 159, 6, 16, 185, 69, 194, 68, 171, 163, 173, 138, 90, 35, 135, 161, 20, 190, 61, 180, 97, 162, 135, 193, 119, 85, 142, 126, 98, 32, 81, 73, 48, 120, 53, 70, 199, 24, 47, 21),
    (110, 19, 116, 199, 105, 19, 198, 139, 111, 111, 39, 78, 53, 171, 153, 163, 95, 119, 150, 111, 170, 109, 173, 177, 112, 29, 166, 150, 78, 4, 161, 0, 58, 63, 103, 56, 177, 71, 56, 101),
    (111, 156, 186, 39, 88, 54, 199, 183, 50, 28, 92, 28, 148, 20, 27, 116, 52, 79, 91, 179, 75, 156, 86, 66, 119, 113, 144, 99, 51, 118, 41, 138, 12, 194, 67, 3, 34, 164, 132, 12),
    (112, 127, 179, 121, 29, 120, 104, 22, 82, 40, 15, 43, 27, 26, 132, 4, 157, 64, 80, 118, 128, 110, 1, 7, 156, 39, 43, 29, 148, 141, 43, 188, 7, 49, 143, 4, 112, 1, 159, 195),
    (113, 123, 76, 103, 183, 197, 195, 167, 171, 49, 176, 39, 142, 140, 110, 77, 120, 190, 152, 53, 110, 157, 192, 125, 27, 74, 48, 184, 187, 133, 40, 77, 151, 164, 95, 119, 192, 47, 53, 76),
    (114, 88, 114, 66, 1, 21, 184, 199, 53, 49, 129, 110, 99, 113, 198, 7, 129, 161, 129, 94, 161, 67, 87, 4, 157, 127, 36, 128, 72, 81, 35, 58, 11, 173, 118, 39, 0, 48, 187, 10),
    (115, 0, 172, 81, 76, 126, 29, 95, 29, 146, 48, 158, 117, 1, 140, 34, 8, 197, 163, 124, 164, 124, 94, 199, 116, 36, 6, 36, 57, 73, 181, 94, 43, 46, 43, 108, 130, 35, 195, 148),
    (116, 5, 74, 108, 14, 192, 39, 0, 148, 82, 108, 88, 134, 145, 2, 65, 162, 186, 58, 82, 179, 35, 96, 64, 148, 76, 76, 174, 173, 21, 63, 66, 83, 191, 40, 77, 139, 87, 97, 116),
    (117, 62, 121, 12, 162, 162, 44, 113, 139, 75, 4, 140, 90, 156, 163, 73, 82, 56, 28, 90, 108, 161, 31, 196, 128, 191, 39, 169, 104, 10, 131, 4, 183, 29, 86, 93, 121, 28, 134, 23),
    (118, 114, 131, 130, 108, 117, 113, 142, 128, 176, 60, 72, 145, 20, 101, 94, 109, 187, 190, 101, 73, 154, 104, 135, 0, 153, 54, 1, 167, 96, 85, 87, 111, 167, 39, 187, 177, 81, 77, 104),
    (119, 120, 180, 60, 34, 107, 30, 21, 126, 152, 95, 165, 139, 130, 112, 127, 39, 34, 151, 55, 167, 104, 150, 188, 5, 8, 33, 9, 158, 111, 101, 1, 152, 38, 7, 153, 199, 195, 6, 100),
    (120, 4, 115, 84, 34, 91, 34, 18, 194, 142, 119, 172, 82, 27, 197, 32, 52, 12, 153, 88, 13, 140, 117, 108, 86, 122, 123, 160, 151, 133, 34, 119, 64, 161, 163, 160, 194, 56, 107, 100),
    (121, 110, 5, 58, 1, 60, 166, 102, 21, 138, 61, 121, 193, 129, 7, 41, 137, 96, 39, 91, 66, 126, 189, 109, 54, 77, 106, 54, 67, 10, 34, 4, 133, 13, 173, 154, 147, 83, 40, 23),
    (122, 128, 137, 185, 194, 167, 193, 11, 79, 158, 21, 171, 112, 41, 4, 61, 13, 187, 152, 190, 61, 154, 5, 15, 28, 24, 180, 49, 70, 4, 85, 120, 19, 99, 199, 128, 49, 31, 116, 74),
    (123, 150, 131, 185, 54, 154, 99, 39, 124, 46, 56, 137, 122, 107, 123, 59, 9, 37, 48, 110, 93, 152, 142, 131, 181, 118, 31, 102, 178, 122, 171, 134, 191, 84, 63, 4, 169, 96, 180, 88),
    (124, 108, 64, 3, 181, 85, 81, 147, 133, 56, 63, 93, 189, 92, 104, 105, 167, 50, 63, 62, 114, 92, 65, 128, 164, 59, 89, 149, 9, 76, 17, 90, 96, 112, 153, 42, 79, 72, 135, 62),
    (125, 105, 153, 8, 68, 54, 9, 170, 156, 23, 150, 57, 152, 92, 160, 43, 189, 165, 171, 101, 110, 80, 58, 194, 195, 3, 163, 34, 20, 62, 37, 20, 90, 52, 92, 46, 49, 26, 140, 170),
    (126, 27, 137, 111, 73, 46, 160, 11, 114, 27, 32, 39, 13, 21, 66, 186, 128, 136, 196, 176, 61, 127, 9, 26, 101, 115, 146, 142, 82, 198, 7, 184, 77, 51, 162, 161, 132, 104, 52, 148),
    (127, 35, 106, 197, 157, 141, 163, 76, 176, 136, 147, 37, 69, 192, 46, 7, 89, 2, 23, 133, 112, 61, 59, 197, 79, 17, 109, 188, 179, 144, 70, 71, 187, 52, 3, 177, 15, 179, 105, 183),
    (128, 149, 51, 24, 164, 76, 32, 117, 90, 190, 38, 191, 188, 98, 33, 184, 108, 175, 67, 73, 138, 53, 193, 97, 13, 17, 188, 147, 92, 75, 199, 93, 100, 39, 174, 115, 196, 137, 91, 29),
    (129, 64, 162, 54, 75, 28, 59, 144, 89, 13, 50, 178, 39, 96, 185, 24, 18, 42, 181, 31, 121, 110, 80, 147, 141, 161, 87, 42, 55, 72, 77, 115, 178, 152, 147, 97, 167, 150, 99, 179),
    (130, 79, 6, 56, 151, 29, 15, 88, 20, 128, 36, 72, 37, 26, 118, 66, 76, 119, 32, 118, 193, 168, 131, 143, 109, 148, 4, 27, 176, 102, 60, 67, 76, 153, 29, 22, 176, 53, 99, 134),
    (131, 165, 121, 155, 142, 198, 164, 165, 99, 51, 7, 77, 110, 170, 90, 164, 160, 31, 126, 155, 157, 131, 27, 128, 24, 110, 143, 83, 183, 171, 50, 160, 154, 138, 78, 88, 177, 151, 55, 160),
    (132, 0, 48, 117, 9, 35, 193, 179, 31, 26, 118, 116, 94, 62, 25, 182, 183, 196, 114, 191, 83, 77, 153, 175, 97, 55, 124, 144, 86, 178, 185, 70, 100, 4, 117, 56, 4, 182, 181, 115),
    (133, 28, 97, 149, 100, 75, 156, 10, 51, 163, 140, 2, 80, 145, 12, 59, 142, 25, 68, 137, 7, 195, 66, 166, 79, 163, 40, 193, 166, 174, 73, 110, 39, 47, 99, 107, 195, 185, 8, 194),
    (134, 107, 109, 119, 37, 191, 7, 158, 153, 71, 48, 62, 108, 13, 122, 40, 150, 34, 98, 110, 53, 13, 143, 33, 12, 78, 185, 166, 82, 26, 34, 73, 105, 148, 78, 49, 38, 64, 28, 139),
    (135, 87, 125, 139, 186, 121, 30, 106, 75, 191, 81, 109, 69, 78, 40, 148, 12, 94, 98, 113, 23, 94, 34, 181, 144, 186, 75, 179, 25, 87, 109, 136, 175, 111, 64, 63, 9, 8, 55, 120),
    (136, 119, 60, 90, 109, 141, 103, 73, 171, 68, 151, 1, 133, 152, 173, 100, 138, 106, 182, 75, 191, 0, 15, 167, 117, 165, 191, 107, 54, 167, 145, 22, 17, 113, 62, 197, 140, 42, 2, 69),
    (137, 123, 177, 6, 17, 31, 109, 135, 80, 102, 38, 182, 66, 27, 48, 2, 188, 182, 137, 72, 91, 121, 163, 94, 196, 140, 144, 134, 98, 22, 159, 25, 78, 54, 193, 84, 41, 64, 134, 2),
    (138, 76, 132, 25, 3, 159, 64, 123, 67, 81, 20, 107, 138, 80, 63, 128, 29, 75, 5, 162, 9, 183, 124, 50, 128, 162, 97, 107, 139, 14, 177, 149, 49, 12, 177, 7, 154, 153, 51, 17),
    (139, 157, 57, 167, 191, 50, 109, 40, 120, 149, 143, 27, 106, 68, 22, 117, 86, 31, 109, 22, 52, 142, 151, 19, 73, 178, 136, 77, 115, 69, 5, 147, 185, 7, 10, 24, 47, 74, 108, 46),
    (140, 60, 115, 195, 46, 165, 97, 147, 35, 44, 31, 199, 58, 134, 183, 81, 54, 98, 131, 40, 8, 0, 16, 138, 187, 108, 154, 96, 74, 106, 39, 42, 136, 88, 146, 184, 82, 110, 82, 176),
    (141, 197, 196, 151, 133, 162, 4, 191, 3, 6, 21, 106, 136, 40, 54, 136, 88, 185, 148, 138, 115, 195, 181, 91, 153, 60, 65, 105, 31, 146, 51, 173, 80, 63, 13, 91, 178, 132, 82, 167),
    (142, 46, 197, 184, 52, 83, 106, 40, 118, 49, 118, 194, 165, 82, 24, 44, 115, 163, 87, 165, 95, 151, 65, 28, 107, 8, 135, 99, 32, 67, 85, 165, 167, 52, 91, 197, 94, 154, 131, 130),
    (143, 78, 149, 144, 15, 5, 177, 39, 158, 17, 185, 31, 119, 38, 77, 9, 36, 142, 51, 108, 131, 158, 76, 155, 199, 54, 49, 158, 153, 82, 191, 182, 108, 18, 95, 128, 58, 197, 171, 161),
    (144, 57, 102, 127, 189, 143, 58, 122, 120, 152, 185, 96, 133, 134, 78, 55, 125, 81, 16, 15, 133, 64, 174, 162, 97, 73, 55, 95, 44, 128, 129, 125, 158, 92, 123, 130, 87, 13, 3, 192),
    (145, 19, 191, 61, 84, 101, 5, 111, 18, 94, 134, 128, 113, 147, 51, 111, 168, 33, 141, 92, 193, 17, 152, 86, 167, 31, 57, 14, 189, 93, 184, 42, 131, 136, 2, 117, 191, 189, 179, 92),
    (146, 185, 11, 36, 83, 154, 148, 151, 138, 127, 93, 28, 128, 152, 156, 169, 189, 112, 106, 44, 163, 73, 19, 145, 101, 163, 157, 178, 71, 36, 139, 160, 131, 47, 198, 193, 199, 1, 140, 119),
    (147, 67, 61, 130, 130, 130, 45, 132, 128, 79, 36, 16, 149, 112, 34, 114, 178, 105, 181, 140, 189, 96, 84, 101, 140, 79, 31, 9, 191, 167, 139, 77, 127, 163, 169, 149, 14, 174, 96, 32),
    (148, 10, 50, 113, 64, 191, 147, 104, 151, 65, 169, 172, 133, 154, 65, 112, 44, 13, 31, 162, 175, 87, 168, 164, 128, 46, 89, 183, 75, 105, 88, 125, 23, 3, 40, 44, 180, 61, 104, 59),
    (149, 33, 91, 184, 11, 44, 124, 80, 130, 106, 177, 70, 106, 133, 112, 198, 77, 153, 96, 166, 131, 92, 138, 93, 91, 115, 63, 72, 25, 178, 169, 34, 172, 111, 136, 137, 66, 30, 55, 120),
    (150, 161, 38, 152, 135, 193, 61, 88, 140, 56, 192, 181, 23, 166, 149, 38, 131, 175, 194, 184, 41, 121, 158, 33, 10, 135, 168, 98, 57, 190, 6, 97, 11, 193, 47, 199, 187, 33, 2, 15),
    (151, 18, 101, 147, 9, 12, 99, 125, 141, 76, 199, 126, 68, 190, 140, 4, 195, 55, 22, 161, 36, 32, 130, 153, 128, 175, 106, 21, 29, 98, 119, 63, 62, 18, 148, 123, 12, 21, 141, 99),
    (152, 8, 85, 4, 172, 156, 161, 151, 127, 53, 161, 101, 132, 146, 198, 49, 55, 117, 12, 52, 66, 150, 105, 81, 28, 128, 73, 48, 79, 96, 160, 87, 152, 111, 93, 108, 99, 127, 61, 187),
    (153, 149, 192, 156, 115, 151, 3, 198, 150, 102, 101, 182, 78, 95, 21, 91, 67, 99, 167, 100, 86, 5, 13, 13, 18, 119, 109, 142, 177, 33, 74, 185, 142, 129, 57, 27, 44, 195, 118, 164),
    (154, 134, 91, 150, 2, 5, 67, 105, 156, 79, 149, 84, 60, 58, 99, 58, 151, 188, 102, 14, 140, 83, 147, 92, 0, 75, 49, 94, 189, 174, 180, 9, 39, 109, 159, 48, 144, 3, 138, 174),
    (155, 55, 166, 118, 118, 77, 93, 6, 186, 187, 155, 107, 15, 18, 50, 28, 25, 180, 190, 145, 3, 30, 23, 95, 49, 118, 42, 43, 108, 170, 168, 109, 24, 174, 129, 44, 23, 135, 9, 30),
    (156, 140, 172, 151, 108, 104, 128, 154, 149, 41, 31, 181, 106, 162, 120, 198, 20, 149, 17, 149, 80, 170, 128, 106, 180, 4, 58, 53, 7, 129, 55, 153, 20, 79, 66, 180, 64, 49, 93, 153),
    (157, 120, 67, 27, 77, 40, 161, 190, 118, 166, 60, 79, 171, 51, 106, 18, 71, 88, 187, 128, 177, 192, 70, 111, 43, 97, 74, 82, 65, 29, 185, 86, 90, 92, 112, 88, 82, 33, 144, 111),
    (158, 41, 57, 175, 83, 193, 101, 174, 34, 35, 194, 138, 44, 19, 25, 26, 126, 41, 184, 175, 102, 154, 72, 32, 74, 86, 159, 97, 9, 195, 186, 24, 59, 40, 81, 153, 95, 173, 65, 181),
    (159, 164, 82, 11, 67, 74, 38, 180, 152, 24, 88, 66, 2, 57, 116, 69, 48, 73, 90, 80, 155, 110, 198, 33, 140, 59, 108, 119, 150, 195, 97, 157, 180, 185, 142, 111, 126, 156, 88, 195),
    (160, 192, 1, 11, 34, 195, 139, 183, 16, 34, 178, 114, 168, 82, 73, 170, 68, 53, 6, 196, 101, 98, 42, 70, 176, 136, 60, 121, 132, 31, 110, 3, 53, 77, 51, 114, 65, 195, 181, 190),
    (161, 103, 2, 51, 34, 196, 181, 104, 106, 132, 127, 22, 119, 43, 148, 55, 57, 43, 83, 163, 0, 127, 44, 83, 159, 23, 190, 67, 22, 198, 90, 23, 177, 171, 60, 25, 131, 59, 59, 16),
    (162, 0, 131, 80, 68, 197, 112, 130, 56, 106, 14, 145, 103, 49, 162, 53, 135, 89, 72, 139, 70, 10, 27, 179, 180, 88, 71, 155, 13, 163, 135, 52, 92, 104, 151, 28, 70, 76, 81, 181),
    (163, 13, 103, 133, 117, 109, 76, 52, 123, 149, 140, 110, 75, 18, 162, 195, 91, 11, 167, 103, 20, 5, 199, 40, 72, 195, 11, 143, 195, 95, 101, 34, 131, 151, 179, 71, 82, 68, 121, 125),
    (164, 75, 147, 101, 183, 186, 78, 76, 135, 26, 138, 124, 158, 166, 49, 102, 96, 199, 172, 108, 164, 72, 137, 75, 183, 156, 199, 136, 107, 143, 75, 140, 109, 191, 54, 77, 84, 114, 67, 184),
    (165, 75, 82, 84, 195, 194, 123, 49, 134, 51, 99, 30, 79, 188, 95, 27, 102, 137, 141, 155, 38, 27, 23, 123, 93, 31, 18, 23, 32, 34, 54, 38, 56, 109, 169, 136, 57, 194, 29, 10),
    (166, 13, 186, 175, 134, 58, 186, 3, 10, 122, 157, 29, 110, 143, 109, 23, 117, 96, 162, 33, 183, 123, 143, 48, 181, 30, 7, 25, 154, 193, 45, 28, 76, 166, 30, 157, 59, 45, 191, 167),
    (167, 177, 51, 153, 165, 122, 136, 42, 159, 121, 75, 36, 127, 151, 48, 82, 123, 109, 164, 165, 183, 58, 99, 21, 80, 79, 55, 176, 138, 12, 52, 173, 45, 175, 46, 76, 12, 96, 188, 52),
    (168, 128, 24, 26, 103, 125, 182, 28, 89, 154, 0, 129, 148, 151, 190, 0, 92, 146, 180, 11, 81, 79, 161, 156, 160, 171, 161, 85, 51, 122, 1, 14, 126, 156, 39, 61, 155, 20, 175, 112),
    (169, 79, 125, 147, 22, 19, 117, 195, 185, 182, 149, 105, 26, 154, 69, 84, 196, 135, 106, 132, 23, 99, 114, 136, 61, 172, 8, 148, 7, 167, 24, 30, 197, 70, 109, 91, 55, 65, 14, 95),
    (170, 164, 103, 173, 127, 163, 120, 39, 119, 188, 80, 119, 180, 96, 23, 150, 131, 122, 84, 124, 100, 107, 159, 30, 183, 120, 52, 106, 116, 39, 183, 138, 170, 163, 198, 76, 96, 12, 115, 93),
    (171, 77, 116, 159, 52, 28, 148, 105, 5, 20, 194, 183, 45, 127, 139, 165, 127, 152, 148, 141, 105, 146, 81, 15, 121, 194, 11, 140, 129, 183, 115, 152, 198, 51, 17, 31, 8, 195, 186, 146),
    (172, 152, 67, 160, 111, 170, 150, 51, 127, 57, 124, 56, 129, 181, 139, 24, 123, 46, 142, 36, 190, 174, 65, 3, 173, 198, 10, 97, 91, 73, 165, 0, 64, 150, 4, 73, 6, 20, 147, 137),
    (173, 102, 136, 112, 107, 30, 60, 182, 141, 31, 161, 175, 54, 83, 115, 99, 6, 20, 65, 49, 126, 169, 167, 141, 52, 141, 65, 68, 43, 36, 15, 53, 160, 186, 20, 117, 115, 126, 150, 183),
    (174, 148, 196, 146, 194, 156, 174, 50, 176, 96, 154, 137, 177, 144, 22, 95, 181, 24, 147, 127, 172, 29, 89, 91, 106, 144, 178, 99, 194, 190, 198, 164, 36, 75, 92, 126, 101, 122, 175, 69),
    (175, 22, 23, 59, 103, 40, 10, 190, 153, 23, 157, 185, 199, 190, 14, 41, 139, 190, 126, 68, 76, 147, 195, 182, 159, 116, 88, 131, 73, 130, 53, 101, 121, 13, 37, 143, 67, 198, 103, 184),
    (176, 80, 179, 171, 56, 152, 42, 145, 139, 178, 78, 167, 46, 83, 155, 178, 100, 102, 6, 149, 67, 38, 179, 6, 99, 183, 95, 117, 143, 13, 71, 93, 107, 116, 197, 107, 82, 176, 86, 119),
    (177, 142, 35, 30, 104, 173, 143, 122, 173, 18, 24, 15, 112, 104, 72, 60, 67, 21, 151, 85, 41, 41, 49, 29, 129, 189, 117, 98, 196, 169, 35, 188, 139, 191, 179, 109, 5, 81, 187, 58),
    (178, 165, 199, 124, 83, 98, 158, 69, 108, 174, 41, 19, 102, 81, 138, 49, 66, 128, 194, 191, 39, 98, 131, 199, 30, 79, 80, 192, 195, 198, 150, 85, 51, 72, 33, 39, 148, 105, 34, 16),
    (179, 161, 35, 74, 144, 87, 185, 126, 8, 183, 15, 185, 157, 65, 13, 98, 115, 2, 171, 121, 160, 52, 18, 27, 171, 42, 133, 169, 50, 185, 111, 161, 39, 125, 174, 86, 59, 124, 132, 31),
    (180, 144, 90, 3, 191, 94, 79, 179, 144, 189, 59, 94, 74, 190, 78, 108, 122, 195, 42, 10, 87, 31, 27, 50, 184, 139, 144, 119, 60, 3, 1, 39, 13, 154, 85, 81, 20, 184, 117, 159),
    (181, 68, 34, 184, 68, 186, 98, 64, 120, 50, 181, 70, 70, 40, 196, 25, 87, 106, 39, 196, 175, 55, 121, 13, 122, 104, 18, 166, 182, 162, 9, 54, 60, 108, 156, 13, 47, 19, 173, 157),
    (182, 183, 119, 45, 48, 88, 57, 174, 21, 113, 99, 136, 125, 124, 144, 119, 31, 65, 14, 55, 11, 156, 170, 2, 35, 65, 176, 77, 199, 145, 89, 4, 107, 126, 90, 98, 47, 81, 181, 171),
    (183, 75, 118, 40, 115, 95, 168, 161, 124, 139, 21, 169, 33, 28, 191, 191, 6, 17, 67, 85, 130, 90, 127, 107, 154, 112, 191, 7, 51, 48, 95, 93, 80, 96, 70, 55, 25, 121, 23, 116),
    (184, 49, 50, 174, 91, 121, 15, 152, 161, 70, 184, 66, 35, 175, 177, 193, 140, 10, 30, 75, 153, 40, 133, 118, 99, 150, 29, 3, 100, 78, 25, 6, 168, 147, 95, 46, 67, 125, 97, 47),
    (185, 80, 8, 43, 81, 105, 169, 39, 169, 127, 128, 45, 5, 95, 26, 145, 169, 174, 123, 88, 13, 183, 53, 22, 3, 15, 24, 136, 167, 88, 185, 192, 163, 11, 62, 75, 31, 155, 141, 114),
    (186, 37, 117, 73, 51, 117, 41, 106, 114, 21, 5, 145, 160, 144, 99, 154, 179, 115, 2, 133, 123, 142, 195, 60, 89, 102, 128, 4, 175, 64, 10, 116, 146, 71, 125, 137, 58, 5, 117, 45),
    (187, 43, 47, 138, 13, 86, 93, 52, 128, 198, 25, 105, 79, 72, 115, 93, 199, 129, 52, 185, 25, 123, 85, 83, 37, 13, 24, 63, 8, 96, 105, 120, 5, 9, 174, 0, 38, 117, 182, 93),
    (188, 84, 11, 75, 130, 95, 72, 146, 46, 81, 168, 141, 175, 109, 105, 146, 5, 156, 33, 180, 55, 198, 107, 126, 109, 98, 140, 111, 27, 111, 26, 100, 94, 142, 92, 189, 166, 77, 104, 81),
    (189, 17, 73, 76, 2, 81, 49, 100, 8, 31, 150, 120, 194, 84, 172, 41, 164, 49, 58, 10, 85, 35, 113, 85, 92, 120, 90, 131, 4, 103, 22, 47, 51, 112, 111, 115, 35, 138, 23, 54),
    (190, 96, 166, 97, 185, 9, 42, 165, 131, 199, 86, 35, 165, 0, 26, 97, 184, 77, 138, 12, 142, 7, 113, 184, 18, 85, 193, 177, 139, 59, 35, 69, 185, 195, 94, 170, 70, 22, 89, 197),
    (191, 164, 118, 140, 59, 108, 122, 9, 146, 189, 129, 150, 186, 21, 64, 67, 158, 1, 95, 2, 127, 137, 22, 141, 194, 197, 112, 86, 3, 36, 78, 41, 146, 175, 110, 33, 192, 125, 22, 145),
    (192, 67, 14, 113, 73, 19, 119, 135, 62, 177, 7, 15, 15, 142, 25, 167, 48, 123, 179, 147, 78, 129, 114, 99, 30, 197, 20, 132, 16, 39, 195, 119, 21, 121, 92, 17, 197, 171, 175, 159),
    (193, 97, 8, 49, 44, 69, 188, 89, 112, 97, 8, 145, 23, 19, 74, 140, 36, 23, 50, 188, 113, 12, 178, 54, 43, 105, 73, 133, 113, 185, 81, 168, 138, 59, 12, 175, 57, 10, 133, 146),
    (194, 116, 108, 136, 19, 127, 51, 120, 43, 171, 149, 184, 146, 132, 104, 172, 41, 53, 23, 142, 60, 122, 196, 137, 148, 109, 138, 69, 182, 169, 83, 80, 58, 191, 71, 57, 199, 66, 26, 150),
    (195, 40, 48, 135, 174, 138, 90, 23, 137, 72, 143, 100, 195, 197, 84, 68, 55, 182, 53, 44, 174, 124, 170, 171, 185, 68, 20, 117, 129, 24, 54, 191, 22, 89, 139, 132, 66, 68, 126, 69),
    (196, 150, 159, 153, 189, 88, 10, 147, 18, 56, 118, 135, 82, 145, 138, 62, 4, 25, 81, 71, 189, 155, 105, 14, 119, 97, 82, 127, 67, 123, 184, 151, 93, 127, 30, 132, 74, 29, 34, 158),
    (197, 55, 128, 13, 104, 23, 78, 81, 48, 25, 49, 75, 6, 14, 172, 166, 165, 175, 170, 48, 142, 151, 108, 180, 43, 136, 191, 141, 110, 140, 161, 15, 14, 24, 176, 63, 144, 174, 45, 20),
    (198, 113, 107, 116, 123, 130, 66, 1, 173, 99, 179, 131, 145, 172, 199, 5, 142, 118, 143, 189, 182, 71, 81, 174, 51, 133, 89, 169, 23, 147, 169, 101, 82, 40, 24, 173, 73, 188, 140, 97),
    (199, 25, 120, 95, 195, 121, 18, 185, 63, 177, 130, 150, 11, 29, 180, 191, 107, 173, 186, 65, 62, 1, 92, 77, 50, 159, 25, 119, 99, 33, 31, 184, 131, 128, 74, 48, 189, 45, 26, 82);

INSERT INTO T25 (pk, t1, t2, t3, t4, t5, t6, t7, t8, t9, t10, t11, t12, t13, t14, t15, t16, t17, t18, t19, t20, t21, t22, t23, t24, t26, t27, t28, t29, t30, t31, t32, t33, t34, t35, t36, t37, t38, t39, t40)
VALUES
    (0, 145, 42, 95, 68, 83, 46, 171, 174, 110, 34, 17, 197, 193, 6, 29, 128, 107, 151, 60, 15, 170, 67, 109, 68, 85, 137, 175, 95, 68, 99, 178, 108, 192, 188, 198, 58, 100, 111, 7),
    (1, 99, 23, 25, 70, 163, 42, 82, 163, 140, 50, 116, 177, 120, 186, 6, 162, 112, 169, 47, 180, 121, 178, 74, 135, 12, 139, 165, 9, 10, 122, 157, 128, 48, 74, 107, 171, 10, 70, 56),
    (2, 37, 181, 45, 147, 75, 102, 125, 70, 22, 143, 147, 47, 163, 22, 4, 60, 164, 162, 51, 121, 54, 155, 116, 182, 63, 86, 2, 163, 167, 19, 129, 147, 156, 143, 118, 130, 175, 125, 149),
    (3, 54, 94, 163, 23, 53, 171, 151, 74, 148, 117, 16, 105, 55, 180, 161, 13, 21, 64, 1, 119, 142, 188, 21, 10, 110, 152, 3, 68, 117, 68, 152, 58, 58, 15, 19, 69, 83, 12, 58),
    (4, 144, 158, 179, 113, 85, 109, 156, 167, 109, 37, 60, 175, 23, 118, 114, 136, 160, 115, 127, 179, 143, 148, 196, 166, 131, 115, 123, 31, 65, 11, 45, 86, 133, 125, 16, 93, 105, 44, 36),
    (5, 194, 169, 25, 3, 99, 89, 189, 78, 16, 145, 184, 120, 125, 44, 17, 31, 180, 9, 150, 168, 11, 110, 117, 199, 192, 5, 6, 164, 80, 113, 100, 174, 27, 164, 74, 179, 188, 157, 9),
    (6, 80, 84, 121, 106, 39, 101, 13, 198, 114, 6, 77, 87, 119, 144, 178, 37, 55, 150, 28, 140, 16, 24, 169, 148, 100, 186, 147, 30, 189, 44, 123, 77, 195, 74, 8, 26, 43, 3, 9),
    (7, 138, 38, 193, 23, 115, 174, 78, 133, 0, 198, 17, 14, 136, 143, 14, 50, 138, 25, 112, 129, 112, 75, 55, 109, 102, 18, 91, 139, 157, 112, 177, 103, 181, 48, 137, 98, 165, 168, 59),
    (8, 129, 153, 172, 102, 179, 45, 53, 165, 142, 188, 118, 197, 148, 174, 174, 52, 154, 183, 116, 125, 89, 123, 121, 133, 46, 80, 69, 152, 136, 149, 137, 124, 17, 105, 130, 21, 99, 147, 58),
    (9, 153, 129, 130, 144, 126, 47, 132, 178, 143, 103, 53, 8, 173, 32, 109, 74, 27, 138, 171, 7, 183, 101, 85, 174, 12, 79, 80, 196, 26, 75, 63, 71, 130, 80, 124, 143, 47, 52, 138),
    (10, 191, 35, 60, 9, 27, 49, 105, 71, 116, 21, 125, 30, 176, 120, 198, 14, 197, 182, 0, 56, 82, 11, 123, 143, 111, 132, 101, 160, 160, 192, 101, 199, 138, 159, 113, 195, 43, 168, 154),
    (11, 178, 64, 84, 100, 11, 56, 71, 72, 41, 187, 56, 183, 147, 180, 175, 168, 103, 147, 46, 99, 62, 108, 73, 103, 97, 86, 66, 161, 179, 3, 195, 24, 16, 130, 180, 82, 82, 41, 95),
    (12, 39, 85, 72, 33, 33, 56, 88, 197, 10, 178, 86, 153, 168, 98, 84, 70, 25, 195, 7, 187, 71, 95, 9, 23, 181, 119, 96, 3, 132, 147, 90, 135, 149, 125, 38, 85, 143, 151, 140),
    (13, 93, 121, 84, 31, 92, 41, 100, 46, 42, 157, 30, 53, 151, 53, 145, 189, 65, 75, 155, 165, 88, 46, 112, 62, 112, 28, 124, 91, 5, 147, 165, 72, 196, 121, 122, 61, 147, 186, 177),
    (14, 92, 143, 181, 128, 198, 85, 136, 44, 65, 137, 110, 153, 21, 28, 35, 32, 103, 68, 160, 113, 25, 130, 172, 27, 105, 121, 9, 106, 196, 112, 166, 30, 104, 191, 19, 178, 135, 85, 83),
    (15, 183, 136, 196, 161, 76, 105, 93, 18, 129, 167, 39, 168, 120, 83, 194, 63, 91, 78, 86, 119, 6, 26, 152, 158, 77, 199, 67, 15, 9, 167, 192, 152, 162, 66, 113, 43, 176, 116, 21),
    (16, 65, 133, 76, 142, 9, 118, 14, 83, 126, 162, 112, 47, 86, 140, 196, 50, 116, 75, 186, 83, 158, 85, 114, 186, 187, 102, 157, 147, 64, 127, 157, 108, 132, 32, 157, 119, 176, 122, 129),
    (17, 153, 97, 108, 152, 130, 172, 97, 99, 100, 65, 29, 93, 129, 161, 108, 38, 95, 71, 123, 166, 43, 74, 46, 154, 93, 42, 0, 0, 10, 11, 1, 17, 10, 134, 190, 59, 60, 108, 76),
    (18, 108, 195, 178, 6, 166, 9, 115, 122, 67, 128, 90, 144, 7, 4, 65, 151, 115, 85, 89, 101, 44, 52, 144, 179, 23, 44, 128, 141, 129, 125, 191, 190, 28, 34, 128, 148, 101, 141, 45),
    (19, 74, 2, 110, 127, 144, 13, 33, 194, 49, 151, 161, 125, 117, 95, 95, 142, 39, 92, 94, 152, 146, 116, 14, 145, 134, 54, 149, 148, 93, 157, 29, 119, 72, 49, 76, 120, 83, 130, 193),
    (20, 152, 147, 54, 131, 106, 1, 17, 5, 189, 0, 120, 196, 79, 36, 188, 100, 126, 193, 73, 10, 73, 100, 53, 2, 67, 165, 16, 192, 31, 124, 8, 39, 32, 12, 25, 116, 79, 151, 2),
    (21, 135, 40, 65, 171, 194, 98, 126, 125, 174, 50, 34, 46, 31, 55, 73, 192, 30, 181, 138, 88, 119, 81, 131, 120, 52, 84, 32, 4, 122, 124, 110, 49, 164, 111, 147, 28, 7, 170, 109),
    (22, 128, 148, 135, 4, 168, 80, 161, 107, 131, 68, 132, 105, 65, 182, 135, 95, 179, 157, 166, 148, 199, 134, 9, 189, 130, 82, 5, 45, 151, 128, 150, 176, 156, 29, 72, 193, 94, 158, 57),
    (23, 105, 40, 161, 142, 182, 124, 126, 51, 36, 157, 5, 81, 46, 80, 29, 110, 50, 114, 124, 198, 67, 169, 131, 159, 130, 101, 21, 27, 64, 168, 105, 191, 33, 63, 171, 24, 25, 145, 11),
    (24, 96, 150, 153, 157, 49, 61, 86, 146, 57, 1, 65, 192, 62, 190, 71, 35, 125, 1, 78, 138, 21, 87, 71, 193, 99, 54, 104, 79, 105, 71, 159, 94, 103, 78, 80, 108, 166, 74, 128),
    (25, 123, 44, 104, 40, 60, 191, 84, 12, 90, 122, 174, 123, 157, 26, 159, 187, 166, 33, 177, 9, 23, 163, 98, 124, 198, 80, 137, 95, 114, 151, 10, 86, 32, 87, 28, 145, 167, 57, 9),
    (26, 51, 112, 160, 164, 75, 25, 118, 65, 79, 109, 28, 64, 130, 31, 89, 103, 182, 100, 128, 33, 98, 30, 132, 122, 165, 23, 129, 128, 151, 88, 117, 0, 65, 120, 143, 123, 155, 188, 107),
    (27, 99, 137, 187, 26, 88, 12, 61, 118, 31, 76, 108, 71, 149, 83, 193, 11, 160, 15, 9, 28, 98, 86, 3, 164, 173, 100, 196, 33, 100, 99, 137, 49, 107, 68, 158, 105, 44, 40, 54),
    (28, 12, 149, 158, 77, 185, 134, 3, 149, 13, 170, 131, 160, 66, 161, 22, 191, 134, 127, 68, 64, 122, 146, 127, 55, 188, 102, 28, 64, 127, 178, 183, 21, 37, 65, 17, 129, 86, 136, 184),
    (29, 163, 55, 98, 58, 37, 30, 170, 45, 63, 170, 158, 75, 116, 61, 48, 33, 50, 137, 12, 141, 39, 92, 12, 28, 102, 93, 161, 181, 118, 14, 113, 190, 123, 30, 107, 161, 150, 28, 159),
    (30, 50, 125, 14, 179, 24, 89, 67, 150, 7, 130, 167, 145, 40, 146, 187, 104, 52, 104, 105, 12, 173, 99, 79, 86, 37, 142, 63, 197, 52, 129, 132, 25, 32, 48, 177, 28, 112, 177, 56),
    (31, 125, 178, 150, 194, 46, 56, 8, 174, 48, 150, 49, 17, 169, 3, 189, 0, 41, 71, 73, 185, 123, 127, 71, 97, 115, 65, 39, 63, 101, 99, 106, 31, 87, 139, 35, 87, 65, 52, 64),
    (32, 119, 199, 57, 17, 107, 55, 159, 154, 12, 0, 138, 105, 8, 117, 109, 1, 140, 51, 65, 13, 153, 139, 191, 1, 14, 174, 170, 24, 192, 146, 149, 8, 143, 69, 23, 54, 23, 35, 168),
    (33, 154, 96, 137, 87, 141, 4, 158, 134, 116, 104, 33, 53, 86, 22, 180, 18, 165, 129, 127, 181, 144, 19, 69, 161, 5, 159, 113, 53, 75, 24, 116, 14, 14, 98, 146, 156, 74, 94, 114),
    (34, 158, 24, 30, 96, 125, 7, 188, 9, 52, 184, 132, 140, 22, 80, 158, 10, 60, 47, 61, 105, 73, 149, 197, 174, 35, 148, 76, 27, 143, 31, 115, 51, 70, 179, 44, 199, 117, 28, 120),
    (35, 40, 112, 136, 27, 85, 182, 116, 17, 108, 112, 3, 187, 152, 17, 23, 183, 8, 59, 25, 89, 195, 198, 51, 4, 187, 58, 160, 144, 45, 139, 128, 100, 74, 101, 139, 26, 131, 142, 124),
    (36, 96, 99, 77, 147, 166, 171, 49, 112, 184, 35, 50, 46, 191, 39, 20, 78, 178, 17, 93, 180, 133, 169, 147, 155, 114, 150, 147, 106, 199, 147, 98, 49, 198, 119, 190, 195, 96, 134, 129),
    (37, 148, 63, 14, 13, 160, 110, 106, 170, 159, 68, 195, 22, 82, 149, 105, 54, 80, 53, 131, 190, 9, 153, 40, 120, 24, 119, 116, 161, 179, 115, 25, 126, 156, 172, 8, 138, 189, 145, 14),
    (38, 185, 35, 2, 25, 169, 135, 105, 139, 113, 15, 150, 159, 77, 130, 147, 50, 170, 24, 25, 36, 194, 117, 9, 50, 51, 102, 181, 23, 52, 108, 81, 146, 101, 88, 158, 160, 49, 79, 54),
    (39, 131, 91, 179, 4, 186, 110, 159, 155, 91, 39, 37, 187, 106, 152, 34, 51, 87, 195, 134, 173, 15, 110, 73, 97, 115, 64, 127, 165, 97, 113, 113, 187, 81, 191, 187, 62, 138, 166, 12),
    (40, 22, 98, 198, 101, 24, 193, 119, 5, 56, 196, 10, 58, 60, 53, 60, 90, 13, 105, 136, 79, 194, 18, 198, 169, 176, 136, 78, 69, 73, 158, 17, 172, 157, 123, 173, 48, 193, 8, 89),
    (41, 120, 23, 117, 143, 85, 52, 194, 147, 173, 15, 108, 96, 111, 16, 168, 188, 131, 32, 7, 19, 35, 44, 18, 35, 37, 187, 132, 84, 152, 177, 91, 173, 7, 125, 162, 78, 71, 75, 114),
    (42, 175, 63, 109, 130, 29, 141, 197, 7, 97, 18, 188, 192, 125, 184, 193, 95, 185, 29, 112, 17, 60, 24, 123, 54, 176, 117, 89, 59, 105, 75, 1, 121, 129, 195, 2, 133, 34, 64, 42),
    (43, 114, 106, 11, 17, 117, 38, 33, 158, 20, 113, 197, 189, 68, 142, 27, 60, 180, 31, 35, 18, 156, 194, 189, 39, 194, 136, 93, 57, 52, 121, 20, 49, 156, 124, 61, 182, 134, 128, 62),
    (44, 79, 12, 58, 110, 73, 87, 189, 71, 81, 78, 59, 128, 159, 6, 184, 175, 97, 197, 94, 121, 99, 188, 7, 177, 90, 123, 112, 179, 102, 140, 146, 118, 59, 188, 7, 191, 0, 175, 48),
    (45, 163, 11, 119, 187, 120, 124, 105, 181, 180, 56, 89, 183, 48, 73, 51, 169, 91, 60, 153, 155, 29, 142, 101, 91, 10, 116, 54, 84, 94, 189, 20, 133, 60, 50, 125, 7, 160, 165, 75),
    (46, 75, 33, 53, 175, 173, 181, 151, 95, 135, 174, 113, 111, 51, 88, 86, 160, 137, 18, 10, 72, 196, 14, 128, 191, 180, 162, 23, 114, 163, 50, 74, 69, 32, 138, 47, 194, 107, 74, 5),
    (47, 197, 44, 2, 34, 37, 194, 50, 199, 57, 195, 23, 11, 167, 17, 93, 5, 16, 108, 12, 83, 155, 78, 140, 28, 144, 68, 69, 190, 65, 79, 107, 127, 4, 195, 154, 101, 161, 70, 178),
    (48, 81, 91, 27, 64, 7, 170, 147, 176, 99, 49, 158, 189, 144, 38, 0, 29, 103, 12, 85, 51, 70, 129, 199, 77, 63, 17, 134, 102, 82, 143, 31, 4, 18, 192, 189, 106, 58, 152, 104),
    (49, 92, 40, 115, 7, 66, 135, 109, 45, 175, 46, 187, 121, 136, 93, 155, 134, 60, 170, 22, 25, 33, 55, 83, 92, 71, 20, 178, 96, 159, 183, 30, 21, 7, 139, 119, 58, 125, 146, 6),
    (50, 188, 51, 178, 55, 96, 85, 90, 85, 139, 153, 103, 91, 60, 97, 199, 155, 23, 147, 104, 20, 178, 73, 129, 59, 29, 114, 53, 126, 26, 190, 195, 123, 167, 147, 138, 75, 174, 152, 164),
    (51, 188, 83, 53, 57, 62, 50, 72, 61, 71, 138, 14, 13, 111, 65, 73, 90, 195, 98, 99, 35, 107, 189, 115, 28, 31, 52, 88, 13, 158, 18, 96, 34, 6, 65, 114, 187, 172, 61, 160),
    (52, 155, 55, 108, 20, 62, 28, 171, 190, 89, 144, 179, 20, 73, 39, 126, 62, 8, 140, 25, 25, 54, 85, 82, 146, 28, 74, 20, 194, 66, 169, 90, 134, 86, 15, 112, 113, 183, 93, 173),
    (53, 136, 135, 160, 187, 144, 176, 111, 19, 49, 14, 177, 166, 194, 74, 111, 129, 160, 20, 183, 111, 49, 112, 3, 115, 98, 133, 58, 170, 128, 193, 76, 92, 142, 161, 80, 17, 134, 106, 148),
    (54, 190, 136, 2, 109, 15, 133, 36, 124, 101, 182, 106, 164, 34, 37, 76, 73, 45, 56, 172, 155, 180, 44, 111, 102, 81, 96, 43, 6, 39, 17, 132, 68, 181, 164, 99, 69, 41, 174, 173),
    (55, 142, 59, 110, 138, 121, 145, 151, 59, 190, 71, 1, 98, 28, 88, 136, 11, 78, 82, 184, 134, 107, 22, 0, 18, 158, 122, 193, 45, 97, 136, 79, 156, 79, 155, 162, 80, 76, 13, 40),
    (56, 47, 31, 153, 105, 179, 44, 121, 42, 105, 65, 93, 181, 140, 87, 193, 20, 43, 9, 108, 178, 99, 128, 52, 117, 131, 103, 115, 55, 105, 36, 108, 136, 17, 71, 185, 193, 150, 126, 72),
    (57, 101, 68, 82, 84, 60, 140, 168, 142, 144, 191, 108, 157, 77, 30, 130, 128, 74, 113, 123, 82, 71, 185, 36, 186, 141, 160, 177, 133, 8, 7, 135, 157, 59, 195, 2, 70, 73, 42, 138),
    (58, 150, 36, 110, 169, 151, 158, 172, 151, 21, 62, 111, 138, 106, 7, 45, 198, 125, 125, 146, 7, 18, 8, 182, 121, 30, 99, 152, 28, 9, 196, 19, 44, 170, 189, 156, 160, 184, 184, 67),
    (59, 2, 184, 120, 95, 35, 51, 63, 178, 89, 20, 196, 136, 59, 42, 68, 176, 119, 21, 66, 75, 7, 146, 191, 132, 59, 19, 182, 168, 178, 152, 95, 82, 183, 163, 103, 159, 1, 51, 86),
    (60, 97, 51, 84, 181, 115, 105, 55, 180, 71, 139, 81, 121, 186, 180, 182, 125, 194, 48, 173, 196, 52, 70, 48, 47, 44, 23, 164, 185, 66, 37, 129, 90, 145, 176, 189, 182, 154, 153, 147),
    (61, 125, 159, 50, 16, 23, 188, 7, 8, 48, 156, 60, 46, 36, 137, 50, 140, 89, 112, 101, 46, 141, 175, 175, 6, 118, 128, 169, 36, 93, 51, 93, 112, 79, 48, 122, 171, 33, 45, 5),
    (62, 183, 158, 100, 90, 131, 52, 76, 118, 123, 89, 23, 139, 107, 170, 41, 148, 186, 70, 66, 187, 80, 28, 130, 140, 32, 180, 144, 10, 99, 88, 27, 59, 63, 3, 183, 26, 70, 178, 197),
    (63, 38, 70, 67, 15, 172, 53, 122, 38, 68, 4, 75, 99, 56, 93, 35, 63, 48, 184, 89, 192, 163, 111, 56, 127, 172, 58, 45, 147, 134, 183, 8, 171, 15, 6, 69, 150, 160, 47, 20),
    (64, 104, 95, 33, 23, 135, 153, 169, 137, 167, 188, 40, 22, 55, 104, 71, 34, 44, 163, 98, 196, 12, 135, 166, 152, 116, 23, 107, 164, 22, 163, 157, 68, 132, 44, 90, 89, 87, 27, 127),
    (65, 184, 42, 161, 65, 46, 135, 112, 0, 70, 19, 60, 6, 32, 84, 46, 60, 183, 85, 3, 78, 134, 30, 66, 127, 25, 39, 80, 110, 4, 141, 150, 177, 57, 106, 124, 112, 96, 14, 31),
    (66, 55, 196, 15, 122, 21, 6, 151, 62, 136, 79, 143, 161, 35, 121, 169, 80, 171, 188, 90, 66, 149, 189, 147, 147, 150, 199, 125, 20, 62, 39, 139, 11, 38, 4, 120, 183, 84, 118, 80),
    (67, 12, 168, 44, 171, 71, 159, 121, 173, 192, 16, 80, 131, 7, 107, 134, 193, 107, 110, 11, 132, 117, 196, 130, 95, 97, 132, 122, 24, 170, 115, 45, 13, 182, 113, 77, 183, 34, 151, 162),
    (68, 94, 118, 71, 180, 122, 91, 180, 76, 59, 198, 55, 56, 19, 100, 173, 49, 129, 198, 114, 104, 19, 10, 122, 2, 2, 124, 109, 174, 161, 192, 131, 123, 146, 47, 5, 125, 15, 84, 54),
    (69, 6, 102, 114, 71, 153, 46, 57, 181, 52, 148, 76, 167, 3, 45, 7, 16, 125, 70, 148, 69, 107, 69, 46, 155, 100, 101, 186, 95, 191, 28, 45, 65, 174, 22, 149, 48, 34, 65, 136),
    (70, 53, 35, 169, 141, 72, 40, 131, 133, 103, 84, 56, 38, 126, 2, 65, 24, 144, 86, 79, 38, 163, 87, 8, 177, 160, 167, 97, 163, 135, 161, 33, 191, 135, 131, 114, 32, 83, 25, 68),
    (71, 178, 103, 15, 74, 84, 73, 28, 30, 158, 42, 13, 3, 185, 106, 134, 189, 0, 69, 9, 177, 99, 95, 154, 112, 153, 132, 62, 62, 119, 166, 135, 66, 54, 47, 187, 125, 196, 20, 76),
    (72, 182, 168, 49, 75, 50, 155, 88, 129, 180, 195, 69, 185, 83, 96, 25, 103, 99, 164, 190, 53, 45, 46, 6, 194, 77, 159, 148, 179, 103, 32, 10, 71, 194, 117, 104, 83, 155, 35, 181),
    (73, 78, 155, 89, 48, 110, 117, 127, 35, 83, 165, 63, 24, 53, 110, 17, 158, 21, 41, 141, 164, 91, 24, 129, 154, 28, 85, 13, 40, 38, 103, 169, 165, 27, 20, 75, 153, 157, 50, 154),
    (74, 164, 88, 80, 125, 21, 191, 7, 29, 149, 107, 95, 81, 106, 140, 121, 172, 131, 98, 107, 177, 20, 52, 126, 60, 135, 181, 18, 168, 191, 34, 9, 133, 74, 54, 46, 89, 5, 100, 117),
    (75, 50, 189, 71, 62, 100, 130, 14, 43, 154, 156, 22, 22, 53, 187, 181, 14, 177, 125, 193, 185, 142, 159, 178, 131, 50, 152, 74, 66, 104, 143, 194, 185, 175, 74, 50, 125, 171, 112, 82),
    (76, 28, 106, 9, 48, 0, 23, 147, 197, 14, 90, 67, 118, 24, 167, 154, 191, 86, 78, 1, 78, 147, 45, 133, 163, 45, 103, 24, 115, 197, 75, 35, 72, 68, 33, 78, 89, 65, 39, 13),
    (77, 27, 47, 158, 94, 93, 32, 92, 40, 24, 62, 5, 93, 126, 55, 116, 185, 28, 170, 154, 196, 25, 55, 74, 102, 12, 27, 16, 8, 177, 100, 174, 28, 42, 100, 71, 41, 195, 89, 158),
    (78, 196, 47, 132, 145, 24, 103, 86, 143, 66, 60, 155, 195, 162, 155, 70, 1, 1, 16, 126, 2, 181, 151, 1, 113, 172, 190, 151, 66, 154, 29, 61, 53, 1, 24, 157, 177, 197, 54, 55),
    (79, 55, 118, 6, 13, 116, 128, 82, 150, 141, 58, 126, 49, 102, 31, 40, 119, 74, 23, 124, 34, 158, 6, 149, 45, 140, 158, 81, 125, 6, 110, 116, 33, 61, 94, 94, 32, 93, 168, 56),
    (80, 35, 74, 166, 77, 62, 118, 93, 186, 184, 67, 38, 176, 93, 166, 80, 84, 186, 183, 26, 193, 72, 36, 10, 0, 175, 36, 10, 25, 39, 60, 54, 63, 73, 157, 97, 95, 121, 194, 154),
    (81, 199, 34, 18, 192, 122, 107, 152, 69, 1, 139, 72, 129, 97, 17, 137, 125, 37, 20, 36, 1, 23, 5, 61, 121, 33, 139, 64, 116, 32, 23, 124, 92, 122, 112, 129, 20, 168, 175, 192),
    (82, 8, 58, 90, 169, 44, 113, 150, 148, 98, 5, 150, 102, 190, 144, 81, 199, 162, 173, 15, 20, 107, 99, 153, 185, 74, 67, 101, 96, 22, 1, 23, 186, 156, 185, 142, 160, 41, 115, 180),
    (83, 102, 39, 101, 13, 177, 86, 108, 158, 95, 75, 130, 4, 62, 145, 162, 90, 40, 3, 110, 147, 163, 195, 88, 120, 81, 70, 88, 194, 199, 100, 190, 12, 54, 55, 144, 63, 14, 120, 9),
    (84, 121, 108, 44, 19, 120, 32, 74, 166, 18, 51, 193, 145, 156, 13, 25, 141, 159, 133, 20, 7, 57, 199, 69, 112, 41, 188, 112, 19, 157, 116, 18, 124, 150, 148, 195, 53, 199, 152, 129),
    (85, 68, 140, 86, 107, 59, 131, 160, 84, 114, 94, 152, 68, 10, 10, 88, 29, 83, 89, 154, 37, 85, 70, 1, 137, 25, 15, 119, 191, 105, 30, 23, 189, 157, 10, 143, 4, 83, 173, 36),
    (86, 141, 127, 93, 26, 144, 109, 118, 18, 49, 151, 2, 16, 77, 60, 138, 7, 47, 27, 169, 76, 121, 28, 136, 3, 125, 109, 6, 149, 76, 187, 199, 156, 178, 183, 185, 52, 86, 192, 27),
    (87, 136, 148, 109, 83, 17, 192, 124, 61, 14, 171, 93, 161, 111, 26, 121, 130, 1, 11, 117, 70, 155, 36, 64, 96, 185, 20, 16, 12, 157, 19, 175, 149, 98, 5, 1, 114, 20, 79, 51),
    (88, 63, 11, 98, 13, 167, 132, 178, 176, 93, 14, 44, 28, 186, 120, 43, 130, 100, 47, 41, 67, 15, 199, 83, 13, 98, 57, 105, 145, 104, 149, 0, 116, 43, 81, 4, 118, 178, 99, 9),
    (89, 142, 90, 0, 141, 159, 199, 194, 149, 195, 12, 29, 169, 140, 47, 32, 163, 10, 148, 170, 116, 182, 127, 156, 61, 148, 69, 66, 109, 170, 71, 181, 50, 71, 103, 170, 190, 198, 115, 22),
    (90, 143, 146, 88, 27, 108, 124, 85, 187, 84, 39, 84, 52, 36, 42, 165, 193, 40, 65, 137, 15, 28, 124, 20, 107, 75, 48, 92, 186, 8, 164, 165, 196, 39, 139, 174, 31, 37, 174, 35),
    (91, 62, 28, 126, 70, 65, 147, 189, 158, 2, 79, 128, 185, 182, 173, 17, 19, 64, 136, 61, 61, 47, 23, 128, 169, 117, 36, 167, 184, 113, 129, 37, 65, 172, 179, 84, 50, 75, 193, 140),
    (92, 173, 116, 99, 18, 26, 70, 124, 173, 10, 44, 179, 84, 163, 30, 66, 6, 113, 56, 157, 34, 7, 73, 126, 9, 67, 164, 49, 51, 108, 78, 73, 38, 100, 197, 37, 54, 38, 9, 178),
    (93, 181, 71, 152, 74, 12, 17, 95, 134, 118, 109, 28, 152, 128, 3, 188, 67, 44, 149, 93, 95, 14, 103, 47, 148, 90, 72, 5, 141, 124, 145, 28, 54, 131, 146, 104, 113, 95, 108, 175),
    (94, 66, 43, 6, 183, 74, 185, 29, 41, 150, 188, 86, 47, 102, 140, 4, 0, 145, 133, 193, 71, 65, 28, 68, 71, 134, 57, 185, 49, 27, 78, 90, 77, 143, 164, 164, 21, 39, 192, 44),
    (95, 80, 124, 34, 123, 32, 189, 161, 126, 174, 74, 49, 15, 70, 67, 160, 2, 23, 41, 54, 182, 179, 98, 118, 197, 193, 15, 56, 163, 75, 20, 197, 191, 80, 94, 148, 160, 59, 163, 142),
    (96, 63, 107, 190, 198, 64, 145, 80, 180, 87, 86, 44, 92, 37, 25, 31, 148, 10, 51, 194, 128, 98, 66, 97, 179, 154, 69, 88, 95, 60, 3, 51, 80, 41, 161, 76, 189, 99, 1, 46),
    (97, 36, 82, 75, 115, 181, 80, 28, 98, 43, 93, 188, 27, 86, 147, 94, 56, 123, 154, 118, 86, 56, 66, 13, 114, 68, 190, 197, 0, 43, 81, 99, 136, 38, 155, 27, 144, 180, 3, 85),
    (98, 53, 109, 191, 140, 65, 8, 62, 178, 18, 59, 145, 87, 139, 39, 40, 180, 2, 90, 18, 140, 20, 111, 116, 45, 122, 135, 125, 97, 174, 195, 66, 74, 180, 146, 34, 4, 148, 193, 50),
    (99, 13, 27, 131, 165, 55, 145, 87, 41, 156, 124, 103, 155, 145, 165, 91, 197, 105, 174, 122, 92, 71, 106, 135, 131, 5, 122, 86, 199, 165, 196, 28, 113, 112, 111, 45, 158, 51, 62, 12),
    (100, 102, 152, 25, 75, 78, 106, 46, 104, 180, 77, 116, 174, 107, 31, 102, 107, 162, 85, 115, 182, 123, 119, 91, 20, 77, 63, 162, 142, 87, 20, 46, 27, 56, 178, 70, 92, 57, 195, 107),
    (101, 31, 90, 120, 36, 166, 114, 186, 53, 92, 114, 76, 96, 75, 11, 130, 58, 196, 10, 40, 161, 60, 29, 198, 104, 81, 128, 99, 18, 178, 113, 192, 167, 128, 55, 168, 144, 68, 31, 179),
    (102, 136, 102, 88, 7, 3, 69, 97, 25, 103, 166, 152, 176, 73, 177, 120, 102, 112, 15, 37, 47, 38, 136, 85, 42, 183, 53, 131, 127, 86, 58, 133, 23, 91, 71, 65, 92, 168, 28, 66),
    (103, 191, 124, 77, 40, 91, 2, 67, 70, 8, 186, 127, 84, 33, 63, 135, 61, 158, 176, 119, 78, 37, 199, 126, 152, 174, 20, 196, 191, 76, 196, 53, 73, 117, 17, 170, 133, 159, 12, 162),
    (104, 119, 116, 5, 7, 138, 122, 154, 43, 21, 90, 180, 160, 126, 149, 26, 58, 29, 182, 74, 23, 143, 116, 194, 143, 135, 94, 46, 129, 23, 40, 101, 81, 90, 108, 10, 65, 95, 152, 109),
    (105, 182, 178, 154, 95, 5, 144, 131, 112, 194, 79, 149, 108, 34, 122, 163, 26, 175, 194, 21, 121, 48, 143, 150, 164, 29, 5, 37, 149, 192, 171, 15, 163, 9, 111, 38, 123, 25, 146, 186),
    (106, 182, 1, 80, 6, 97, 149, 177, 79, 70, 159, 60, 5, 152, 31, 9, 126, 172, 161, 53, 82, 141, 66, 22, 158, 68, 10, 184, 10, 192, 53, 89, 91, 195, 167, 61, 7, 152, 100, 96),
    (107, 111, 163, 33, 107, 21, 151, 176, 198, 193, 48, 102, 96, 71, 115, 159, 74, 129, 25, 5, 146, 168, 37, 17, 117, 27, 128, 24, 71, 124, 121, 118, 76, 93, 155, 67, 179, 177, 2, 65),
    (108, 79, 133, 45, 8, 126, 154, 47, 129, 156, 135, 54, 92, 129, 26, 8, 87, 4, 49, 79, 157, 164, 157, 115, 18, 166, 33, 92, 119, 67, 109, 31, 147, 123, 88, 137, 60, 179, 63, 9),
    (109, 114, 176, 162, 133, 127, 66, 0, 13, 112, 181, 36, 9, 150, 161, 116, 117, 80, 21, 192, 141, 19, 63, 149, 57, 192, 90, 162, 141, 23, 150, 53, 49, 151, 164, 5, 27, 197, 54, 26),
    (110, 131, 182, 74, 144, 167, 15, 197, 7, 161, 169, 97, 165, 113, 162, 82, 176, 55, 65, 18, 182, 172, 72, 32, 37, 86, 46, 30, 65, 12, 89, 191, 78, 4, 14, 164, 180, 32, 0, 155),
    (111, 169, 172, 45, 4, 128, 53, 115, 85, 119, 108, 170, 147, 133, 16, 145, 159, 27, 186, 108, 170, 86, 38, 189, 80, 182, 180, 145, 78, 53, 11, 190, 117, 166, 43, 6, 54, 79, 91, 121),
    (112, 168, 2, 123, 131, 39, 49, 119, 38, 121, 120, 22, 82, 198, 103, 99, 85, 16, 43, 162, 5, 199, 185, 66, 179, 198, 23, 19, 189, 173, 199, 63, 106, 179, 62, 183, 194, 38, 37, 41),
    (113, 158, 167, 22, 180, 36, 47, 48, 44, 67, 88, 23, 78, 157, 146, 189, 10, 130, 162, 138, 59, 184, 139, 4, 15, 185, 31, 93, 156, 196, 176, 92, 72, 5, 188, 101, 193, 75, 35, 181),
    (114, 154, 37, 182, 52, 47, 148, 48, 28, 129, 96, 46, 172, 40, 138, 87, 132, 192, 196, 54, 114, 34, 110, 74, 188, 19, 81, 39, 171, 92, 77, 111, 144, 147, 155, 62, 42, 109, 71, 160),
    (115, 160, 180, 101, 5, 65, 126, 63, 145, 148, 124, 163, 12, 90, 75, 31, 29, 42, 159, 73, 169, 33, 42, 184, 84, 28, 28, 63, 71, 92, 95, 163, 106, 86, 67, 74, 144, 96, 174, 23),
    (116, 114, 22, 192, 136, 10, 19, 140, 44, 62, 164, 142, 149, 113, 66, 113, 46, 20, 102, 97, 137, 156, 103, 128, 165, 24, 4, 125, 4, 78, 150, 63, 28, 4, 186, 143, 88, 113, 59, 71),
    (117, 23, 86, 58, 80, 118, 152, 55, 182, 144, 26, 0, 43, 168, 165, 25, 196, 157, 31, 66, 169, 147, 141, 108, 193, 168, 145, 133, 26, 177, 162, 162, 72, 69, 76, 153, 92, 194, 77, 199),
    (118, 131, 63, 190, 129, 21, 0, 102, 102, 62, 134, 81, 40, 25, 177, 160, 4, 12, 16, 33, 3, 75, 153, 116, 189, 68, 153, 190, 91, 175, 62, 197, 98, 76, 154, 165, 128, 191, 87, 12),
    (119, 125, 166, 33, 144, 97, 94, 140, 168, 109, 91, 154, 149, 193, 122, 105, 38, 115, 164, 138, 140, 3, 174, 45, 161, 3, 181, 24, 79, 113, 81, 192, 128, 159, 163, 88, 56, 73, 100, 21),
    (120, 70, 76, 71, 96, 54, 19, 131, 177, 71, 29, 171, 182, 150, 26, 76, 34, 180, 178, 188, 52, 96, 111, 189, 134, 108, 188, 48, 108, 35, 170, 114, 159, 127, 191, 26, 176, 63, 154, 188),
    (121, 36, 186, 34, 159, 11, 62, 153, 105, 67, 110, 9, 58, 141, 165, 176, 113, 144, 113, 93, 182, 137, 82, 7, 194, 101, 174, 113, 178, 160, 142, 187, 118, 23, 134, 68, 110, 49, 41, 166),
    (122, 111, 175, 79, 120, 102, 102, 82, 197, 5, 110, 61, 107, 69, 143, 146, 171, 16, 35, 47, 33, 194, 39, 70, 58, 146, 58, 46, 112, 32, 181, 75, 124, 98, 131, 42, 106, 155, 166, 44),
    (123, 107, 89, 8, 47, 3, 105, 106, 96, 18, 181, 79, 138, 60, 173, 132, 15, 131, 192, 175, 144, 166, 56, 35, 106, 11, 146, 190, 37, 123, 145, 151, 2, 41, 131, 37, 91, 190, 53, 2),
    (124, 117, 62, 139, 136, 144, 166, 138, 112, 75, 75, 104, 27, 80, 22, 104, 45, 56, 165, 57, 6, 156, 118, 111, 43, 114, 25, 197, 165, 102, 112, 140, 133, 68, 46, 78, 11, 4, 112, 158),
    (125, 124, 70, 49, 177, 73, 175, 14, 62, 112, 6, 180, 183, 67, 117, 69, 165, 164, 123, 88, 179, 5, 180, 60, 138, 176, 65, 148, 16, 176, 72, 183, 43, 64, 187, 71, 96, 87, 175, 179),
    (126, 195, 45, 41, 56, 37, 195, 36, 151, 40, 89, 50, 161, 59, 189, 197, 130, 127, 133, 66, 110, 78, 132, 121, 199, 145, 65, 166, 197, 120, 171, 81, 100, 92, 176, 161, 107, 22, 178, 48),
    (127, 48, 84, 118, 128, 4, 40, 26, 32, 12, 109, 189, 5, 48, 10, 19, 154, 25, 71, 39, 180, 74, 11, 29, 55, 115, 147, 152, 197, 70, 192, 97, 58, 4, 106, 53, 165, 33, 154, 57),
    (128, 32, 129, 192, 155, 6, 118, 104, 43, 97, 23, 135, 182, 184, 39, 48, 109, 3, 78, 150, 145, 13, 85, 153, 152, 96, 91, 84, 37, 104, 128, 170, 191, 112, 145, 136, 85, 166, 23, 132),
    (129, 57, 96, 131, 93, 175, 130, 56, 58, 69, 64, 153, 28, 176, 131, 177, 80, 156, 117, 179, 197, 194, 145, 140, 121, 195, 195, 193, 44, 103, 32, 156, 171, 69, 28, 44, 177, 57, 37, 110),
    (130, 39, 56, 176, 51, 174, 180, 76, 195, 155, 112, 70, 144, 163, 53, 159, 137, 79, 185, 61, 122, 138, 141, 49, 174, 9, 17, 167, 169, 43, 105, 150, 150, 111, 112, 132, 78, 7, 68, 18),
    (131, 144, 69, 177, 149, 34, 1, 2, 101, 39, 101, 79, 67, 7, 142, 2, 4, 198, 118, 68, 51, 128, 97, 78, 185, 46, 148, 97, 85, 196, 85, 96, 127, 127, 16, 151, 36, 111, 14, 153),
    (132, 26, 36, 22, 174, 63, 144, 128, 42, 124, 88, 30, 193, 0, 155, 150, 158, 117, 98, 27, 65, 32, 71, 195, 155, 169, 134, 197, 120, 185, 142, 5, 97, 92, 103, 80, 24, 114, 65, 2),
    (133, 180, 178, 42, 99, 20, 156, 172, 75, 105, 163, 3, 130, 131, 173, 4, 30, 27, 87, 67, 56, 105, 152, 105, 149, 141, 190, 177, 78, 157, 22, 83, 71, 30, 181, 104, 112, 116, 22, 130),
    (134, 195, 91, 162, 41, 123, 162, 186, 147, 43, 37, 160, 134, 5, 4, 71, 120, 154, 193, 82, 181, 132, 160, 42, 151, 55, 133, 68, 199, 96, 18, 55, 84, 73, 81, 77, 28, 3, 176, 159),
    (135, 52, 52, 16, 21, 150, 179, 182, 195, 133, 69, 121, 179, 36, 39, 17, 128, 136, 177, 25, 101, 30, 87, 186, 70, 168, 65, 108, 191, 135, 78, 114, 62, 68, 185, 76, 48, 64, 49, 38),
    (136, 30, 19, 25, 31, 72, 128, 51, 121, 42, 176, 77, 46, 110, 37, 10, 21, 43, 156, 143, 40, 46, 54, 2, 114, 195, 89, 10, 161, 119, 32, 52, 186, 130, 188, 184, 77, 174, 58, 198),
    (137, 126, 49, 65, 84, 155, 66, 46, 98, 28, 193, 151, 106, 100, 12, 150, 70, 156, 70, 196, 84, 101, 39, 187, 15, 54, 74, 173, 75, 84, 157, 18, 55, 107, 45, 162, 118, 99, 105, 159),
    (138, 99, 5, 12, 56, 126, 18, 116, 181, 42, 121, 141, 48, 177, 105, 95, 181, 54, 119, 170, 107, 96, 35, 100, 26, 145, 79, 61, 91, 100, 121, 131, 114, 184, 88, 109, 119, 85, 81, 165),
    (139, 7, 54, 112, 82, 96, 182, 134, 64, 77, 3, 25, 193, 179, 70, 0, 98, 108, 61, 108, 151, 98, 169, 122, 49, 192, 129, 16, 91, 124, 118, 103, 159, 120, 129, 18, 196, 25, 47, 143),
    (140, 37, 44, 194, 74, 71, 158, 90, 65, 158, 73, 28, 169, 181, 132, 40, 184, 113, 189, 82, 112, 157, 137, 94, 92, 52, 185, 179, 8, 30, 4, 4, 107, 197, 163, 126, 19, 39, 184, 71),
    (141, 30, 35, 189, 114, 40, 70, 171, 71, 86, 59, 87, 178, 124, 37, 90, 5, 156, 112, 138, 46, 134, 136, 194, 12, 32, 117, 72, 170, 44, 135, 174, 77, 198, 198, 164, 148, 152, 16, 177),
    (142, 122, 24, 5, 162, 194, 82, 172, 199, 73, 43, 45, 149, 177, 161, 140, 185, 90, 142, 83, 125, 144, 121, 123, 170, 187, 150, 53, 43, 64, 86, 106, 179, 65, 13, 15, 21, 25, 163, 68),
    (143, 133, 123, 179, 76, 123, 56, 89, 143, 117, 40, 195, 92, 139, 55, 112, 46, 103, 134, 89, 83, 3, 191, 115, 159, 131, 129, 47, 135, 76, 173, 130, 5, 59, 60, 43, 75, 11, 132, 1),
    (144, 66, 84, 111, 81, 88, 170, 18, 182, 56, 84, 159, 163, 76, 158, 35, 167, 184, 141, 152, 22, 65, 60, 32, 44, 80, 57, 181, 22, 91, 58, 45, 198, 14, 161, 134, 131, 50, 20, 163),
    (145, 139, 173, 25, 163, 157, 129, 114, 159, 79, 30, 38, 152, 14, 107, 51, 167, 41, 171, 99, 174, 16, 76, 67, 123, 104, 183, 46, 50, 88, 56, 86, 172, 160, 13, 166, 131, 137, 89, 116),
    (146, 122, 191, 40, 168, 176, 164, 169, 46, 2, 84, 82, 86, 24, 130, 144, 172, 169, 89, 58, 185, 158, 108, 140, 72, 162, 134, 118, 88, 142, 197, 11, 16, 17, 104, 78, 24, 144, 23, 34),
    (147, 106, 54, 135, 124, 52, 35, 174, 64, 165, 40, 132, 190, 77, 60, 103, 146, 40, 129, 115, 191, 156, 22, 168, 138, 148, 191, 171, 36, 182, 135, 72, 124, 124, 50, 24, 115, 155, 105, 136),
    (148, 28, 58, 171, 34, 190, 61, 184, 57, 42, 40, 45, 5, 171, 83, 170, 11, 69, 80, 49, 115, 11, 20, 153, 71, 193, 163, 90, 185, 101, 197, 111, 42, 26, 171, 85, 20, 122, 90, 140),
    (149, 112, 51, 145, 159, 168, 81, 120, 75, 179, 105, 96, 116, 109, 24, 138, 123, 148, 127, 188, 129, 149, 74, 103, 85, 122, 26, 169, 26, 27, 170, 165, 75, 33, 128, 175, 171, 104, 173, 193),
    (150, 43, 92, 33, 199, 51, 68, 80, 108, 104, 110, 180, 185, 177, 152, 177, 5, 16, 3, 138, 108, 53, 15, 98, 110, 194, 79, 164, 30, 85, 94, 151, 96, 190, 68, 63, 122, 160, 54, 180),
    (151, 189, 30, 52, 52, 75, 112, 167, 126, 187, 55, 104, 147, 74, 6, 171, 77, 63, 155, 125, 129, 176, 133, 53, 12, 94, 46, 151, 148, 187, 109, 108, 164, 196, 95, 151, 35, 10, 45, 38),
    (152, 37, 136, 14, 139, 8, 17, 107, 120, 83, 50, 79, 190, 34, 19, 168, 125, 8, 39, 179, 55, 12, 39, 5, 95, 38, 71, 100, 13, 81, 9, 95, 135, 61, 159, 75, 30, 42, 8, 66),
    (153, 73, 182, 146, 157, 144, 10, 74, 163, 103, 53, 105, 110, 105, 110, 192, 26, 197, 182, 105, 6, 51, 90, 101, 86, 148, 79, 172, 199, 157, 138, 26, 4, 167, 150, 99, 186, 66, 100, 109),
    (154, 25, 121, 160, 151, 48, 133, 148, 26, 179, 49, 21, 97, 109, 55, 46, 117, 190, 129, 170, 61, 134, 134, 14, 9, 32, 118, 192, 173, 156, 184, 70, 147, 67, 42, 76, 40, 26, 170, 118),
    (155, 12, 53, 146, 148, 79, 193, 119, 21, 129, 120, 153, 99, 197, 82, 155, 74, 135, 73, 168, 99, 103, 39, 64, 137, 96, 142, 181, 113, 2, 47, 171, 37, 16, 177, 196, 122, 63, 146, 8),
    (156, 7, 175, 160, 61, 108, 12, 26, 150, 138, 31, 124, 54, 67, 112, 132, 80, 25, 91, 154, 61, 6, 35, 83, 129, 137, 79, 65, 34, 185, 139, 118, 11, 45, 144, 31, 82, 91, 81, 124),
    (157, 2, 84, 2, 126, 27, 112, 21, 170, 198, 87, 114, 165, 26, 156, 105, 14, 169, 134, 43, 5, 11, 2, 131, 124, 165, 179, 65, 143, 77, 41, 57, 40, 17, 99, 111, 61, 5, 25, 197),
    (158, 185, 30, 83, 192, 87, 84, 16, 142, 170, 19, 5, 47, 122, 127, 97, 83, 152, 1, 58, 11, 42, 153, 170, 156, 78, 17, 137, 22, 2, 149, 167, 19, 160, 165, 113, 87, 152, 187, 66),
    (159, 42, 188, 67, 35, 16, 37, 94, 188, 77, 39, 76, 110, 116, 135, 21, 184, 185, 32, 170, 112, 88, 187, 66, 44, 189, 79, 146, 173, 78, 115, 41, 106, 121, 131, 84, 30, 141, 189, 93),
    (160, 5, 174, 72, 106, 62, 94, 136, 34, 100, 137, 125, 127, 173, 102, 8, 34, 17, 147, 56, 21, 192, 161, 94, 103, 169, 109, 130, 126, 160, 158, 196, 8, 92, 152, 188, 35, 112, 150, 97),
    (161, 11, 144, 75, 36, 123, 48, 159, 21, 121, 51, 173, 26, 151, 67, 120, 194, 198, 91, 147, 72, 26, 165, 145, 150, 0, 163, 182, 179, 77, 18, 56, 66, 77, 182, 102, 33, 134, 126, 24),
    (162, 187, 88, 153, 74, 193, 67, 141, 198, 81, 101, 53, 18, 87, 39, 145, 15, 170, 159, 52, 0, 1, 64, 132, 82, 56, 33, 41, 61, 145, 192, 83, 22, 180, 149, 55, 77, 90, 147, 15),
    (163, 108, 183, 127, 131, 57, 88, 113, 52, 127, 180, 91, 17, 50, 189, 124, 110, 25, 177, 135, 39, 129, 7, 15, 104, 177, 144, 14, 40, 71, 99, 45, 156, 61, 50, 194, 106, 10, 136, 127),
    (164, 46, 6, 28, 158, 7, 117, 35, 97, 76, 171, 100, 141, 163, 77, 123, 155, 134, 18, 14, 194, 129, 145, 157, 75, 159, 49, 64, 197, 64, 104, 135, 51, 142, 97, 31, 116, 96, 178, 83),
    (165, 101, 23, 59, 80, 85, 129, 59, 141, 138, 31, 150, 75, 57, 127, 157, 110, 44, 17, 126, 169, 142, 98, 133, 35, 28, 127, 29, 14, 136, 0, 86, 168, 92, 91, 124, 62, 170, 2, 64),
    (166, 155, 92, 59, 191, 8, 195, 111, 120, 112, 69, 72, 44, 10, 110, 1, 33, 84, 2, 131, 16, 77, 38, 19, 83, 65, 44, 174, 161, 83, 93, 116, 112, 30, 66, 60, 156, 30, 165, 73),
    (167, 108, 65, 58, 194, 87, 40, 153, 193, 137, 34, 2, 97, 46, 58, 0, 86, 134, 14, 96, 37, 146, 165, 54, 69, 78, 18, 197, 171, 119, 103, 116, 127, 186, 42, 42, 47, 141, 69, 145),
    (168, 180, 149, 62, 144, 147, 58, 164, 100, 163, 110, 149, 28, 34, 92, 52, 199, 117, 121, 17, 131, 59, 94, 21, 111, 31, 139, 123, 95, 150, 55, 173, 189, 49, 133, 15, 124, 50, 146, 106),
    (169, 70, 191, 73, 151, 116, 109, 44, 187, 164, 120, 51, 133, 14, 173, 137, 102, 19, 35, 131, 34, 84, 87, 38, 197, 143, 16, 34, 88, 88, 46, 150, 12, 0, 153, 56, 178, 192, 70, 137),
    (170, 120, 28, 88, 127, 148, 66, 184, 187, 66, 170, 10, 11, 133, 120, 120, 113, 171, 122, 108, 88, 95, 86, 61, 112, 31, 151, 35, 140, 41, 58, 131, 145, 134, 182, 15, 97, 116, 22, 48),
    (171, 134, 150, 6, 77, 19, 3, 31, 156, 182, 38, 27, 117, 56, 172, 198, 31, 183, 92, 3, 80, 166, 33, 9, 6, 169, 93, 103, 112, 147, 42, 65, 152, 94, 38, 155, 117, 40, 138, 165),
    (172, 147, 162, 42, 101, 160, 52, 18, 145, 191, 3, 36, 153, 96, 36, 181, 172, 60, 99, 198, 74, 20, 102, 116, 41, 79, 82, 169, 186, 44, 42, 75, 142, 111, 195, 105, 71, 80, 164, 103),
    (173, 163, 128, 118, 160, 158, 153, 20, 23, 59, 2, 133, 3, 48, 15, 70, 7, 179, 20, 183, 172, 59, 136, 58, 166, 136, 198, 134, 105, 58, 165, 18, 26, 91, 109, 199, 90, 113, 149, 29),
    (174, 27, 144, 6, 182, 33, 6, 131, 37, 16, 141, 135, 158, 51, 181, 185, 115, 89, 4, 176, 158, 21, 9, 51, 17, 40, 40, 157, 163, 61, 137, 49, 186, 115, 16, 149, 132, 183, 165, 194),
    (175, 167, 48, 109, 55, 35, 42, 197, 175, 21, 182, 146, 17, 184, 170, 134, 167, 154, 193, 187, 22, 19, 146, 166, 1, 109, 115, 53, 189, 124, 38, 102, 176, 114, 32, 146, 101, 176, 35, 117),
    (176, 31, 13, 175, 136, 55, 25, 30, 7, 166, 98, 68, 9, 181, 96, 77, 90, 106, 10, 30, 144, 179, 2, 38, 87, 181, 60, 20, 55, 70, 148, 22, 188, 119, 45, 82, 70, 71, 133, 171),
    (177, 110, 49, 92, 40, 70, 84, 161, 112, 6, 138, 113, 66, 188, 131, 153, 131, 58, 59, 125, 28, 175, 109, 149, 121, 197, 162, 141, 183, 198, 96, 178, 23, 74, 92, 158, 133, 20, 79, 120),
    (178, 69, 197, 88, 5, 193, 193, 64, 78, 130, 126, 60, 113, 49, 132, 189, 139, 4, 90, 93, 92, 191, 90, 90, 11, 99, 79, 4, 83, 5, 2, 115, 36, 177, 5, 39, 192, 81, 3, 181),
    (179, 41, 51, 153, 77, 167, 34, 9, 41, 78, 93, 22, 121, 147, 198, 111, 152, 0, 69, 80, 125, 76, 171, 25, 155, 95, 14, 19, 76, 39, 39, 182, 162, 42, 87, 97, 99, 26, 93, 107),
    (180, 27, 88, 121, 95, 166, 179, 123, 71, 190, 32, 179, 165, 98, 90, 108, 156, 67, 4, 69, 144, 127, 162, 59, 64, 132, 141, 81, 113, 14, 39, 163, 138, 96, 152, 21, 188, 197, 15, 82),
    (181, 52, 151, 141, 142, 51, 92, 84, 197, 158, 196, 116, 87, 159, 167, 104, 49, 37, 107, 3, 35, 17, 107, 110, 130, 140, 10, 115, 10, 187, 125, 14, 149, 30, 49, 84, 125, 193, 121, 195),
    (182, 187, 141, 4, 48, 164, 7, 159, 147, 11, 197, 10, 4, 69, 60, 132, 14, 46, 115, 151, 44, 170, 185, 22, 114, 152, 186, 134, 76, 179, 12, 122, 149, 183, 185, 162, 31, 191, 141, 180),
    (183, 38, 197, 118, 43, 16, 11, 68, 41, 161, 39, 166, 76, 6, 9, 49, 99, 108, 15, 183, 96, 58, 82, 103, 90, 37, 52, 82, 140, 76, 12, 163, 88, 37, 56, 94, 144, 168, 70, 8),
    (184, 162, 180, 190, 177, 48, 197, 65, 113, 195, 77, 141, 158, 63, 44, 198, 106, 23, 135, 139, 170, 34, 51, 113, 182, 52, 75, 153, 180, 198, 173, 23, 116, 191, 120, 199, 75, 192, 36, 170),
    (185, 134, 134, 188, 171, 35, 86, 117, 114, 12, 142, 111, 15, 174, 106, 15, 116, 144, 29, 101, 54, 64, 30, 160, 64, 25, 147, 193, 70, 171, 163, 123, 131, 45, 16, 17, 20, 190, 191, 94),
    (186, 114, 55, 39, 88, 82, 104, 183, 168, 66, 69, 36, 155, 113, 92, 169, 20, 5, 32, 112, 102, 196, 148, 31, 66, 157, 57, 19, 64, 199, 94, 188, 78, 58, 135, 189, 125, 49, 125, 95),
    (187, 169, 190, 41, 33, 117, 142, 143, 168, 22, 181, 87, 100, 146, 76, 157, 110, 20, 108, 73, 193, 175, 55, 16, 20, 55, 123, 150, 101, 25, 31, 74, 54, 21, 72, 104, 124, 106, 94, 122),
    (188, 198, 121, 75, 72, 160, 156, 86, 98, 122, 188, 71, 55, 41, 170, 142, 149, 34, 127, 105, 60, 26, 69, 140, 49, 9, 188, 3, 192, 119, 125, 61, 123, 164, 35, 189, 135, 30, 101, 167),
    (189, 143, 177, 48, 159, 54, 178, 52, 107, 17, 197, 180, 17, 61, 51, 151, 132, 30, 72, 99, 77, 34, 194, 16, 49, 28, 178, 97, 199, 182, 198, 83, 187, 81, 10, 172, 125, 91, 127, 77),
    (190, 131, 112, 41, 125, 193, 133, 100, 108, 88, 198, 140, 135, 66, 87, 34, 79, 35, 19, 121, 51, 178, 169, 168, 95, 78, 138, 82, 123, 7, 157, 197, 199, 18, 142, 158, 68, 95, 183, 170),
    (191, 9, 49, 114, 102, 91, 79, 180, 134, 178, 68, 181, 107, 45, 29, 187, 55, 45, 12, 104, 195, 35, 93, 156, 155, 134, 122, 140, 30, 41, 188, 99, 97, 145, 153, 152, 178, 198, 109, 63),
    (192, 141, 174, 59, 9, 15, 65, 38, 98, 57, 142, 110, 2, 67, 49, 65, 62, 137, 59, 65, 48, 176, 95, 192, 116, 73, 136, 105, 140, 6, 84, 55, 46, 123, 87, 67, 136, 101, 125, 82),
    (193, 198, 67, 61, 22, 146, 167, 62, 198, 140, 4, 28, 46, 177, 191, 83, 30, 165, 164, 45, 175, 172, 102, 35, 79, 178, 2, 185, 150, 69, 141, 43, 98, 14, 174, 25, 15, 189, 135, 10),
    (194, 186, 44, 114, 164, 149, 31, 69, 66, 134, 94, 115, 8, 96, 148, 157, 47, 106, 110, 156, 121, 179, 76, 168, 88, 13, 152, 167, 129, 151, 156, 160, 101, 29, 160, 180, 7, 174, 78, 33),
    (195, 43, 57, 0, 72, 178, 178, 12, 11, 43, 138, 132, 159, 47, 154, 117, 34, 31, 105, 23, 114, 131, 103, 156, 79, 10, 64, 133, 169, 31, 145, 191, 116, 86, 50, 150, 190, 57, 183, 6),
    (196, 48, 46, 163, 51, 126, 181, 130, 198, 67, 106, 190, 191, 68, 25, 97, 79, 144, 41, 170, 158, 120, 4, 21, 177, 121, 21, 130, 160, 23, 148, 56, 177, 66, 140, 30, 13, 117, 30, 43),
    (197, 199, 173, 15, 94, 111, 86, 5, 96, 105, 133, 96, 192, 93, 89, 118, 90, 65, 184, 30, 172, 182, 58, 47, 194, 134, 169, 188, 3, 161, 175, 166, 152, 139, 13, 184, 39, 25, 199, 106),
    (198, 198, 154, 9, 147, 137, 89, 40, 41, 178, 178, 175, 156, 82, 111, 123, 110, 117, 184, 125, 168, 197, 31, 151, 99, 117, 96, 111, 158, 127, 156, 23, 121, 17, 88, 65, 116, 196, 132, 174),
    (199, 163, 181, 129, 192, 131, 32, 62, 119, 33, 171, 132, 75, 35, 41, 199, 54, 129, 190, 190, 147, 35, 132, 47, 119, 13, 176, 67, 14, 78, 185, 32, 137, 150, 117, 1, 90, 40, 78, 91);

INSERT INTO T26 (pk, t1, t2, t3, t4, t5, t6, t7, t8, t9, t10, t11, t12, t13, t14, t15, t16, t17, t18, t19, t20, t21, t22, t23, t24, t25, t27, t28, t29, t30, t31, t32, t33, t34, t35, t36, t37, t38, t39, t40)
VALUES
    (0, 91, 113, 69, 9, 23, 19, 141, 155, 34, 150, 55, 186, 12, 26, 184, 79, 80, 163, 134, 113, 129, 44, 100, 42, 79, 181, 60, 2, 115, 13, 136, 66, 143, 11, 20, 37, 98, 101, 161),
    (1, 21, 140, 86, 129, 121, 197, 86, 131, 4, 74, 181, 150, 60, 166, 47, 196, 110, 172, 39, 75, 142, 130, 37, 148, 18, 4, 133, 58, 196, 175, 188, 0, 164, 7, 137, 68, 90, 167, 49),
    (2, 162, 176, 23, 86, 87, 53, 144, 162, 15, 155, 29, 107, 98, 92, 96, 64, 132, 29, 147, 139, 107, 8, 185, 110, 144, 143, 43, 123, 74, 72, 198, 110, 60, 77, 176, 26, 76, 32, 61),
    (3, 4, 19, 46, 168, 163, 95, 80, 139, 5, 64, 62, 25, 131, 181, 117, 16, 158, 153, 170, 149, 10, 180, 20, 31, 178, 119, 101, 132, 32, 154, 134, 195, 59, 159, 99, 140, 32, 33, 190),
    (4, 117, 51, 71, 4, 127, 161, 150, 154, 124, 57, 191, 155, 84, 35, 159, 130, 0, 19, 126, 77, 162, 161, 89, 67, 87, 193, 104, 111, 177, 173, 64, 39, 198, 172, 124, 188, 11, 84, 50),
    (5, 43, 39, 38, 77, 45, 91, 53, 152, 42, 53, 16, 20, 160, 28, 104, 8, 29, 4, 109, 144, 100, 150, 25, 34, 62, 51, 71, 180, 0, 7, 16, 63, 11, 9, 12, 22, 139, 45, 152),
    (6, 45, 85, 163, 195, 119, 153, 172, 132, 119, 113, 90, 172, 90, 33, 28, 124, 192, 148, 140, 135, 86, 24, 32, 9, 112, 141, 102, 151, 33, 71, 155, 121, 194, 46, 22, 153, 174, 107, 25),
    (7, 177, 139, 2, 133, 82, 165, 179, 40, 142, 120, 184, 9, 106, 192, 68, 122, 54, 155, 183, 60, 88, 186, 115, 109, 197, 147, 42, 47, 76, 13, 3, 127, 75, 50, 110, 55, 109, 87, 10),
    (8, 72, 114, 87, 153, 92, 117, 128, 48, 87, 46, 52, 172, 133, 164, 86, 97, 106, 40, 95, 155, 191, 9, 178, 74, 169, 147, 115, 135, 174, 167, 7, 49, 146, 89, 184, 93, 83, 0, 131),
    (9, 106, 80, 41, 90, 90, 16, 45, 160, 53, 58, 183, 147, 72, 101, 112, 166, 186, 11, 32, 46, 51, 2, 190, 195, 52, 121, 29, 96, 98, 146, 7, 94, 168, 47, 103, 137, 100, 42, 137),
    (10, 49, 104, 18, 12, 33, 161, 199, 42, 12, 68, 185, 149, 92, 188, 28, 188, 85, 181, 159, 91, 38, 37, 152, 86, 15, 126, 64, 71, 11, 138, 190, 24, 99, 28, 134, 169, 39, 134, 84),
    (11, 60, 36, 55, 146, 63, 2, 189, 173, 61, 176, 112, 99, 136, 122, 150, 164, 45, 170, 133, 29, 6, 53, 126, 172, 179, 28, 124, 185, 8, 62, 60, 109, 55, 43, 20, 64, 22, 2, 192),
    (12, 143, 59, 169, 169, 176, 65, 189, 199, 112, 180, 162, 47, 103, 32, 104, 142, 139, 88, 126, 30, 60, 49, 137, 193, 33, 32, 48, 8, 14, 63, 113, 104, 75, 158, 20, 3, 174, 45, 146),
    (13, 178, 182, 193, 12, 55, 155, 190, 8, 38, 122, 32, 132, 77, 156, 11, 105, 64, 190, 172, 189, 141, 116, 36, 115, 55, 83, 105, 197, 173, 35, 143, 43, 197, 161, 145, 149, 27, 79, 10),
    (14, 108, 123, 164, 70, 18, 56, 150, 149, 160, 7, 98, 152, 75, 164, 41, 27, 73, 158, 192, 198, 112, 195, 137, 156, 19, 170, 139, 15, 48, 119, 152, 164, 106, 110, 77, 46, 39, 47, 32),
    (15, 137, 191, 90, 140, 46, 169, 142, 174, 9, 175, 19, 113, 80, 168, 55, 92, 149, 116, 130, 116, 22, 100, 73, 157, 123, 0, 77, 163, 56, 100, 80, 131, 145, 167, 155, 82, 72, 27, 123),
    (16, 159, 91, 147, 155, 152, 146, 189, 105, 123, 109, 111, 13, 186, 126, 125, 155, 73, 134, 162, 42, 115, 7, 54, 68, 86, 176, 174, 80, 68, 168, 198, 36, 59, 58, 45, 127, 96, 39, 132),
    (17, 34, 68, 42, 165, 69, 178, 99, 176, 71, 123, 66, 103, 181, 41, 191, 37, 3, 171, 158, 171, 148, 101, 45, 116, 157, 180, 157, 72, 79, 140, 165, 140, 12, 155, 63, 85, 57, 4, 179),
    (18, 7, 3, 142, 34, 2, 120, 110, 170, 86, 124, 52, 67, 176, 64, 153, 167, 189, 174, 84, 158, 32, 45, 171, 147, 17, 4, 43, 78, 81, 183, 182, 38, 40, 134, 81, 194, 110, 44, 114),
    (19, 32, 55, 191, 143, 86, 54, 101, 152, 133, 182, 141, 91, 143, 17, 77, 76, 84, 175, 27, 83, 163, 115, 107, 122, 173, 89, 72, 89, 19, 60, 125, 146, 24, 114, 5, 44, 109, 154, 41),
    (20, 9, 62, 66, 163, 173, 139, 89, 164, 141, 77, 48, 29, 188, 91, 100, 66, 159, 91, 180, 98, 80, 96, 48, 107, 7, 54, 116, 56, 56, 74, 107, 181, 191, 18, 13, 183, 82, 185, 163),
    (21, 32, 65, 196, 90, 190, 49, 93, 114, 105, 43, 3, 38, 20, 185, 17, 114, 128, 39, 73, 184, 111, 142, 49, 183, 6, 107, 161, 116, 31, 70, 56, 32, 175, 199, 20, 184, 181, 123, 27),
    (22, 85, 80, 127, 169, 86, 124, 101, 89, 61, 119, 22, 107, 87, 17, 199, 53, 39, 150, 87, 96, 184, 109, 48, 133, 123, 32, 14, 118, 54, 192, 163, 170, 196, 84, 58, 197, 134, 10, 63),
    (23, 68, 132, 145, 155, 76, 0, 157, 33, 148, 120, 59, 79, 160, 41, 39, 21, 9, 103, 166, 112, 51, 195, 43, 190, 86, 57, 113, 179, 175, 77, 171, 193, 59, 39, 35, 179, 15, 80, 63),
    (24, 37, 85, 137, 77, 48, 58, 65, 169, 76, 131, 35, 179, 52, 144, 103, 93, 97, 154, 14, 198, 13, 151, 158, 3, 22, 74, 96, 106, 108, 175, 153, 157, 146, 28, 131, 94, 57, 89, 120),
    (25, 87, 51, 29, 181, 148, 1, 96, 76, 167, 50, 43, 194, 130, 135, 193, 72, 41, 182, 82, 65, 193, 97, 71, 49, 21, 83, 104, 168, 61, 48, 23, 95, 134, 105, 143, 72, 74, 37, 37),
    (26, 166, 146, 55, 173, 24, 95, 176, 140, 28, 39, 7, 196, 127, 39, 83, 132, 5, 82, 183, 170, 172, 33, 22, 61, 165, 126, 40, 118, 151, 178, 67, 136, 50, 118, 7, 174, 175, 114, 127),
    (27, 185, 6, 80, 102, 72, 57, 149, 21, 194, 29, 153, 4, 90, 89, 141, 178, 52, 127, 80, 158, 165, 140, 183, 179, 100, 126, 71, 91, 67, 171, 90, 77, 160, 52, 106, 176, 49, 79, 162),
    (28, 8, 169, 186, 137, 193, 156, 23, 84, 22, 122, 156, 52, 131, 89, 113, 100, 67, 11, 93, 5, 29, 132, 93, 122, 178, 172, 24, 133, 74, 185, 58, 29, 120, 153, 53, 93, 141, 166, 47),
    (29, 27, 2, 121, 1, 137, 19, 107, 182, 90, 34, 12, 56, 156, 13, 27, 152, 99, 162, 36, 76, 103, 54, 166, 89, 47, 103, 61, 27, 74, 123, 98, 192, 195, 184, 157, 16, 35, 175, 147),
    (30, 29, 146, 57, 154, 86, 29, 189, 90, 27, 103, 146, 31, 65, 21, 43, 124, 144, 75, 64, 144, 34, 86, 16, 13, 51, 123, 41, 63, 181, 13, 178, 50, 68, 20, 85, 67, 80, 14, 39),
    (31, 115, 72, 58, 123, 47, 179, 112, 3, 6, 178, 49, 140, 46, 20, 171, 78, 94, 128, 189, 65, 65, 142, 189, 76, 49, 193, 139, 164, 20, 107, 184, 173, 176, 76, 196, 38, 122, 80, 34),
    (32, 84, 41, 122, 52, 172, 48, 22, 108, 31, 0, 149, 90, 25, 159, 34, 56, 76, 103, 65, 95, 3, 105, 119, 61, 85, 99, 129, 121, 109, 114, 77, 172, 22, 44, 172, 3, 125, 160, 34),
    (33, 179, 29, 97, 76, 34, 50, 75, 101, 187, 112, 188, 157, 115, 120, 177, 80, 16, 164, 31, 173, 122, 120, 105, 31, 84, 19, 66, 82, 188, 45, 71, 104, 139, 187, 174, 189, 83, 86, 111),
    (34, 105, 96, 114, 46, 79, 12, 35, 123, 117, 195, 14, 108, 81, 0, 9, 137, 106, 89, 63, 75, 129, 56, 68, 50, 81, 158, 68, 52, 140, 164, 29, 67, 12, 192, 30, 164, 174, 177, 198),
    (35, 114, 30, 86, 6, 171, 97, 46, 154, 78, 189, 83, 197, 91, 16, 2, 105, 51, 100, 124, 20, 100, 144, 16, 196, 35, 125, 167, 22, 60, 47, 28, 15, 148, 39, 98, 0, 146, 41, 139),
    (36, 140, 182, 167, 0, 20, 161, 80, 154, 131, 34, 20, 92, 74, 14, 33, 112, 25, 118, 51, 178, 26, 159, 87, 112, 0, 112, 161, 23, 59, 147, 16, 5, 97, 19, 134, 64, 76, 4, 140),
    (37, 1, 15, 47, 79, 199, 104, 149, 145, 126, 11, 14, 107, 18, 92, 66, 0, 190, 161, 89, 156, 161, 191, 78, 138, 110, 63, 163, 89, 15, 80, 82, 64, 92, 196, 7, 198, 155, 75, 81),
    (38, 4, 31, 113, 158, 50, 162, 78, 15, 16, 144, 39, 20, 163, 68, 42, 156, 172, 41, 184, 136, 113, 99, 68, 178, 12, 99, 73, 41, 4, 19, 95, 163, 67, 79, 124, 67, 87, 106, 141),
    (39, 155, 45, 170, 123, 30, 49, 140, 48, 1, 134, 190, 145, 26, 62, 25, 85, 71, 78, 22, 51, 191, 10, 117, 79, 26, 90, 127, 100, 69, 53, 0, 111, 176, 178, 78, 94, 157, 52, 130),
    (40, 9, 106, 43, 187, 129, 86, 45, 67, 85, 107, 159, 103, 199, 100, 102, 63, 113, 22, 160, 175, 37, 166, 142, 18, 180, 74, 6, 60, 144, 119, 7, 53, 152, 58, 42, 85, 88, 144, 22),
    (41, 124, 165, 96, 150, 80, 163, 17, 130, 59, 173, 32, 104, 146, 77, 69, 73, 74, 94, 68, 74, 78, 155, 38, 17, 165, 161, 159, 168, 77, 7, 14, 0, 196, 38, 13, 103, 121, 123, 39),
    (42, 28, 17, 6, 80, 7, 93, 20, 121, 190, 63, 50, 112, 72, 179, 130, 169, 36, 124, 125, 39, 61, 157, 128, 153, 176, 77, 124, 165, 144, 122, 182, 65, 167, 18, 167, 30, 25, 158, 44),
    (43, 194, 194, 179, 28, 97, 57, 121, 83, 4, 102, 187, 43, 148, 78, 137, 29, 145, 107, 17, 66, 128, 155, 159, 120, 44, 46, 142, 124, 82, 24, 138, 177, 98, 60, 104, 111, 41, 134, 130),
    (44, 19, 11, 68, 189, 96, 72, 56, 185, 5, 131, 63, 93, 54, 71, 2, 101, 108, 32, 59, 99, 126, 121, 51, 93, 180, 69, 164, 181, 62, 109, 107, 164, 121, 62, 64, 143, 48, 89, 65),
    (45, 108, 199, 121, 182, 87, 40, 9, 139, 112, 35, 28, 106, 4, 120, 150, 127, 184, 143, 74, 153, 34, 5, 41, 101, 51, 103, 65, 145, 190, 165, 121, 48, 131, 43, 139, 90, 2, 195, 173),
    (46, 60, 99, 129, 35, 152, 164, 35, 153, 143, 78, 54, 55, 38, 158, 152, 157, 144, 69, 75, 81, 173, 89, 163, 83, 46, 111, 28, 193, 135, 66, 137, 193, 42, 69, 72, 97, 153, 168, 154),
    (47, 22, 178, 62, 73, 32, 94, 199, 51, 87, 176, 169, 56, 183, 146, 87, 173, 67, 128, 130, 30, 77, 24, 74, 43, 131, 79, 55, 84, 25, 136, 103, 40, 153, 98, 37, 110, 189, 64, 14),
    (48, 12, 176, 105, 51, 107, 51, 166, 113, 92, 70, 93, 164, 160, 86, 160, 185, 60, 106, 166, 54, 142, 50, 121, 186, 70, 27, 120, 59, 159, 161, 132, 189, 170, 124, 181, 196, 173, 186, 9),
    (49, 64, 177, 16, 27, 41, 29, 99, 111, 111, 23, 130, 115, 36, 141, 189, 125, 45, 47, 49, 52, 53, 28, 61, 6, 156, 165, 10, 63, 33, 154, 1, 177, 43, 20, 81, 128, 168, 14, 117),
    (50, 142, 76, 198, 17, 47, 11, 94, 156, 132, 168, 193, 63, 124, 126, 184, 83, 53, 30, 82, 170, 79, 170, 41, 197, 170, 1, 85, 98, 16, 153, 72, 86, 59, 31, 10, 159, 72, 137, 40),
    (51, 128, 61, 120, 163, 29, 127, 14, 107, 63, 55, 60, 74, 159, 51, 77, 120, 41, 131, 194, 86, 36, 120, 154, 48, 76, 100, 148, 7, 190, 95, 86, 7, 25, 100, 26, 99, 15, 13, 169),
    (52, 20, 199, 190, 141, 52, 108, 54, 12, 133, 26, 179, 74, 51, 19, 125, 191, 188, 165, 88, 169, 73, 55, 6, 47, 134, 31, 83, 68, 100, 52, 130, 127, 107, 100, 86, 198, 77, 170, 82),
    (53, 50, 11, 109, 182, 97, 81, 80, 33, 70, 87, 149, 13, 45, 60, 71, 57, 148, 5, 7, 147, 117, 104, 8, 198, 64, 34, 130, 93, 150, 174, 143, 187, 59, 20, 182, 81, 129, 99, 92),
    (54, 139, 12, 56, 39, 100, 124, 147, 117, 5, 128, 194, 111, 106, 82, 79, 120, 46, 187, 140, 181, 93, 63, 56, 147, 77, 73, 135, 111, 164, 183, 96, 16, 55, 97, 9, 195, 42, 13, 161),
    (55, 191, 145, 34, 135, 126, 174, 65, 109, 145, 17, 187, 111, 141, 37, 41, 165, 60, 66, 13, 133, 21, 29, 97, 184, 93, 43, 135, 9, 194, 148, 148, 58, 140, 165, 56, 58, 34, 49, 50),
    (56, 174, 113, 131, 108, 9, 149, 105, 133, 33, 86, 14, 192, 182, 57, 128, 56, 3, 55, 147, 77, 81, 110, 186, 111, 26, 78, 38, 186, 30, 68, 152, 103, 119, 147, 63, 74, 9, 39, 22),
    (57, 188, 78, 117, 133, 93, 94, 126, 30, 1, 138, 17, 17, 198, 165, 54, 140, 137, 146, 178, 165, 90, 25, 40, 153, 71, 137, 44, 59, 130, 97, 118, 154, 66, 125, 120, 184, 62, 135, 175),
    (58, 21, 162, 87, 147, 33, 72, 120, 32, 106, 114, 73, 177, 150, 79, 14, 179, 188, 132, 184, 71, 68, 140, 141, 113, 148, 158, 59, 175, 172, 143, 158, 133, 180, 197, 116, 139, 60, 72, 36),
    (59, 13, 140, 54, 190, 122, 193, 133, 29, 171, 10, 71, 74, 79, 175, 190, 125, 144, 188, 65, 32, 54, 81, 70, 91, 11, 56, 126, 114, 192, 34, 80, 131, 160, 93, 133, 44, 109, 181, 56),
    (60, 73, 112, 141, 2, 10, 61, 64, 137, 171, 148, 129, 126, 90, 37, 90, 13, 119, 94, 174, 55, 64, 24, 187, 83, 80, 150, 136, 169, 14, 176, 84, 80, 89, 37, 150, 6, 49, 37, 192),
    (61, 43, 175, 129, 14, 87, 1, 29, 51, 50, 11, 29, 155, 186, 189, 7, 13, 91, 107, 153, 33, 61, 83, 37, 100, 136, 152, 54, 190, 3, 17, 102, 196, 9, 5, 97, 11, 15, 162, 100),
    (62, 116, 169, 32, 79, 62, 184, 190, 127, 9, 99, 110, 63, 123, 35, 170, 117, 127, 116, 87, 124, 46, 32, 89, 39, 97, 191, 71, 195, 115, 174, 58, 165, 181, 43, 142, 188, 77, 13, 84),
    (63, 67, 155, 65, 149, 127, 120, 43, 130, 46, 5, 123, 29, 155, 199, 159, 91, 143, 41, 79, 150, 116, 150, 89, 36, 175, 135, 120, 179, 53, 112, 173, 93, 83, 173, 139, 112, 157, 118, 170),
    (64, 131, 167, 149, 157, 22, 63, 192, 186, 62, 168, 134, 4, 84, 39, 32, 113, 134, 185, 190, 177, 53, 188, 165, 145, 20, 127, 164, 144, 6, 166, 87, 35, 132, 39, 199, 69, 125, 140, 134),
    (65, 91, 3, 183, 19, 27, 117, 22, 73, 35, 137, 17, 67, 17, 184, 119, 86, 137, 117, 9, 66, 159, 0, 152, 92, 99, 0, 129, 87, 199, 185, 33, 48, 61, 88, 155, 198, 146, 195, 189),
    (66, 71, 106, 76, 15, 12, 169, 20, 98, 129, 162, 135, 133, 134, 185, 26, 7, 147, 70, 18, 46, 92, 76, 86, 114, 145, 116, 158, 177, 169, 154, 1, 4, 38, 173, 84, 55, 39, 127, 120),
    (67, 165, 140, 89, 134, 0, 174, 51, 199, 175, 167, 8, 130, 156, 36, 131, 183, 120, 82, 140, 159, 9, 72, 96, 93, 193, 123, 158, 166, 72, 191, 128, 49, 132, 39, 153, 98, 52, 115, 122),
    (68, 165, 52, 48, 121, 97, 112, 77, 34, 56, 186, 140, 95, 102, 42, 41, 106, 194, 170, 100, 27, 146, 85, 169, 84, 82, 90, 155, 125, 32, 98, 179, 142, 47, 173, 5, 3, 112, 151, 61),
    (69, 72, 138, 155, 117, 129, 146, 109, 78, 146, 85, 171, 49, 35, 185, 85, 179, 81, 123, 195, 36, 43, 188, 83, 197, 155, 155, 86, 86, 165, 117, 170, 64, 4, 155, 81, 102, 123, 193, 44),
    (70, 0, 180, 53, 156, 92, 40, 159, 97, 74, 107, 59, 92, 43, 80, 147, 176, 59, 161, 92, 107, 164, 20, 98, 88, 169, 152, 154, 110, 162, 188, 135, 18, 88, 130, 34, 23, 133, 198, 88),
    (71, 32, 30, 155, 47, 35, 26, 112, 174, 177, 125, 92, 198, 170, 46, 53, 173, 166, 64, 184, 160, 48, 31, 8, 27, 176, 114, 100, 107, 135, 36, 47, 42, 53, 140, 9, 181, 160, 96, 107),
    (72, 136, 48, 156, 178, 143, 168, 43, 110, 153, 142, 137, 57, 61, 132, 49, 46, 96, 45, 137, 27, 151, 88, 183, 164, 164, 137, 150, 179, 24, 136, 151, 159, 161, 40, 132, 2, 65, 111, 140),
    (73, 84, 150, 115, 50, 47, 31, 32, 69, 13, 26, 107, 140, 102, 55, 23, 84, 15, 101, 143, 73, 191, 57, 131, 128, 76, 169, 140, 38, 49, 11, 117, 176, 105, 184, 40, 14, 51, 78, 179),
    (74, 53, 39, 106, 61, 79, 66, 169, 196, 185, 181, 148, 133, 45, 193, 150, 167, 196, 35, 186, 59, 79, 101, 138, 124, 49, 45, 125, 23, 37, 50, 53, 130, 38, 140, 4, 192, 117, 146, 104),
    (75, 128, 118, 28, 32, 123, 15, 162, 186, 38, 161, 130, 155, 130, 148, 149, 171, 81, 103, 163, 168, 0, 78, 115, 91, 24, 114, 110, 155, 0, 136, 102, 55, 43, 93, 3, 194, 89, 27, 109),
    (76, 130, 149, 121, 22, 170, 174, 188, 45, 114, 190, 139, 59, 101, 188, 149, 192, 106, 1, 118, 75, 38, 122, 26, 96, 42, 63, 5, 138, 90, 87, 95, 50, 139, 56, 120, 20, 5, 45, 173),
    (77, 141, 9, 78, 52, 62, 80, 152, 184, 120, 121, 75, 192, 87, 144, 176, 135, 190, 88, 95, 30, 102, 168, 93, 80, 85, 47, 117, 190, 164, 128, 154, 38, 38, 41, 14, 174, 106, 56, 173),
    (78, 179, 66, 124, 161, 152, 124, 190, 86, 68, 16, 48, 197, 180, 23, 91, 109, 105, 68, 173, 84, 129, 152, 172, 152, 179, 103, 49, 83, 176, 159, 34, 172, 194, 95, 128, 171, 142, 164, 186),
    (79, 194, 93, 22, 11, 175, 186, 44, 120, 88, 85, 7, 173, 37, 153, 58, 126, 142, 145, 119, 198, 26, 83, 15, 91, 6, 82, 160, 24, 104, 128, 82, 50, 12, 14, 38, 193, 13, 136, 198),
    (80, 17, 45, 144, 41, 128, 72, 66, 73, 87, 56, 31, 132, 126, 166, 199, 153, 81, 182, 125, 154, 24, 124, 80, 62, 92, 65, 182, 183, 177, 38, 11, 39, 111, 147, 101, 11, 82, 64, 3),
    (81, 59, 122, 117, 26, 54, 71, 164, 80, 40, 17, 10, 155, 18, 16, 188, 66, 111, 195, 63, 28, 78, 17, 179, 10, 54, 40, 81, 14, 88, 111, 46, 156, 81, 90, 51, 149, 170, 69, 183),
    (82, 136, 65, 167, 23, 161, 182, 64, 32, 197, 193, 162, 193, 126, 74, 123, 181, 11, 159, 20, 7, 96, 54, 187, 73, 154, 197, 158, 51, 161, 97, 176, 152, 35, 41, 103, 66, 44, 181, 192),
    (83, 42, 100, 194, 77, 188, 163, 119, 106, 191, 141, 176, 165, 1, 161, 78, 69, 13, 165, 28, 73, 181, 87, 0, 105, 121, 70, 20, 151, 137, 176, 137, 6, 118, 99, 91, 41, 96, 153, 126),
    (84, 38, 29, 42, 119, 44, 70, 81, 144, 77, 142, 3, 177, 186, 195, 104, 143, 194, 157, 33, 2, 2, 13, 23, 185, 14, 156, 15, 43, 54, 86, 131, 71, 107, 15, 95, 109, 137, 35, 138),
    (85, 171, 125, 165, 24, 125, 139, 126, 57, 108, 188, 95, 77, 173, 134, 149, 17, 59, 173, 153, 91, 61, 62, 61, 85, 137, 10, 8, 174, 110, 135, 91, 35, 41, 74, 140, 5, 28, 45, 159),
    (86, 72, 72, 102, 144, 98, 155, 41, 141, 64, 68, 154, 37, 53, 70, 25, 177, 16, 22, 105, 43, 133, 94, 51, 162, 20, 151, 198, 133, 199, 63, 43, 104, 26, 12, 56, 180, 53, 116, 134),
    (87, 42, 150, 100, 160, 166, 88, 125, 32, 50, 9, 105, 152, 140, 20, 119, 23, 182, 148, 45, 194, 76, 26, 168, 52, 72, 16, 186, 46, 46, 55, 40, 161, 44, 85, 120, 130, 50, 196, 47),
    (88, 59, 94, 94, 142, 114, 175, 99, 28, 103, 0, 34, 68, 143, 106, 125, 162, 42, 163, 75, 66, 67, 36, 30, 3, 196, 50, 162, 3, 199, 160, 152, 49, 112, 3, 173, 154, 135, 44, 192),
    (89, 145, 91, 69, 196, 35, 126, 168, 130, 199, 45, 53, 71, 134, 186, 49, 58, 136, 12, 178, 35, 62, 148, 136, 124, 27, 31, 147, 24, 65, 145, 118, 114, 72, 52, 142, 36, 154, 157, 76),
    (90, 69, 92, 171, 118, 22, 60, 137, 137, 170, 56, 152, 167, 124, 92, 124, 59, 181, 23, 87, 120, 156, 31, 136, 124, 41, 112, 138, 134, 151, 109, 70, 195, 137, 139, 134, 88, 197, 38, 198),
    (91, 153, 181, 142, 35, 35, 171, 158, 93, 62, 39, 24, 132, 87, 106, 68, 178, 97, 64, 131, 85, 118, 159, 139, 108, 28, 13, 48, 1, 99, 28, 116, 130, 73, 83, 197, 176, 178, 188, 52),
    (92, 102, 97, 1, 85, 32, 123, 91, 117, 179, 50, 67, 104, 16, 164, 13, 190, 89, 95, 68, 53, 177, 178, 12, 54, 91, 44, 48, 166, 54, 125, 76, 112, 33, 157, 80, 150, 80, 125, 37),
    (93, 175, 16, 12, 138, 66, 15, 154, 39, 172, 167, 102, 103, 41, 103, 7, 50, 3, 122, 66, 115, 152, 79, 169, 24, 3, 71, 135, 68, 3, 122, 134, 171, 49, 158, 1, 111, 173, 93, 77),
    (94, 8, 193, 1, 88, 78, 63, 151, 114, 34, 147, 104, 93, 28, 163, 151, 119, 194, 137, 161, 3, 51, 59, 51, 56, 28, 10, 40, 164, 28, 38, 38, 175, 114, 22, 2, 186, 55, 60, 20),
    (95, 21, 143, 137, 73, 74, 181, 151, 125, 31, 65, 134, 20, 105, 184, 24, 11, 126, 104, 173, 184, 185, 130, 192, 27, 55, 153, 170, 47, 140, 104, 187, 46, 192, 35, 134, 60, 105, 149, 149),
    (96, 62, 95, 49, 186, 85, 44, 52, 106, 140, 144, 81, 105, 162, 107, 34, 106, 55, 197, 50, 45, 169, 105, 104, 16, 130, 10, 32, 106, 24, 10, 30, 196, 154, 21, 55, 39, 17, 147, 125),
    (97, 123, 32, 116, 136, 59, 189, 38, 41, 21, 42, 196, 145, 108, 90, 110, 7, 193, 13, 74, 143, 41, 67, 190, 60, 25, 102, 90, 133, 23, 69, 34, 48, 29, 153, 102, 153, 153, 119, 122),
    (98, 143, 188, 196, 94, 1, 129, 37, 193, 157, 161, 121, 50, 19, 175, 94, 88, 143, 132, 48, 116, 116, 38, 95, 24, 175, 56, 27, 35, 162, 12, 145, 49, 45, 28, 76, 73, 120, 55, 138),
    (99, 38, 113, 97, 59, 36, 127, 114, 178, 17, 73, 154, 93, 36, 41, 176, 67, 177, 35, 142, 73, 0, 193, 12, 19, 14, 41, 127, 180, 163, 185, 152, 199, 130, 172, 129, 93, 122, 16, 46),
    (100, 29, 104, 96, 177, 7, 5, 145, 192, 164, 179, 178, 196, 103, 89, 4, 171, 38, 153, 195, 82, 113, 159, 55, 39, 50, 82, 84, 81, 21, 4, 128, 96, 99, 167, 196, 73, 13, 129, 32),
    (101, 82, 196, 140, 43, 3, 42, 112, 147, 112, 44, 181, 46, 55, 108, 145, 63, 10, 95, 118, 105, 107, 43, 196, 14, 175, 90, 70, 53, 175, 103, 105, 37, 160, 26, 136, 111, 94, 160, 26),
    (102, 44, 133, 118, 110, 50, 28, 92, 170, 137, 145, 93, 128, 51, 178, 171, 80, 199, 12, 27, 195, 114, 109, 150, 88, 135, 28, 192, 7, 188, 47, 127, 142, 38, 172, 123, 150, 13, 45, 131),
    (103, 162, 146, 103, 8, 126, 190, 49, 136, 89, 99, 114, 133, 146, 117, 34, 27, 168, 163, 52, 96, 71, 69, 18, 153, 58, 77, 21, 146, 154, 118, 46, 39, 99, 154, 123, 22, 190, 114, 184),
    (104, 40, 80, 65, 157, 125, 31, 78, 120, 45, 34, 28, 199, 187, 146, 126, 45, 192, 171, 47, 32, 129, 36, 196, 131, 124, 60, 54, 92, 162, 100, 121, 16, 196, 3, 107, 75, 143, 59, 50),
    (105, 182, 67, 192, 27, 35, 192, 192, 64, 88, 186, 55, 45, 173, 139, 36, 131, 34, 191, 27, 35, 6, 66, 32, 196, 105, 157, 110, 2, 198, 0, 131, 116, 43, 66, 15, 10, 181, 100, 36),
    (106, 99, 24, 191, 155, 46, 63, 28, 146, 163, 59, 124, 154, 50, 193, 194, 65, 142, 180, 134, 9, 74, 117, 54, 112, 45, 117, 18, 152, 123, 43, 25, 90, 144, 105, 91, 33, 145, 39, 82),
    (107, 149, 93, 20, 197, 98, 65, 99, 7, 157, 163, 174, 149, 112, 179, 25, 44, 52, 95, 82, 132, 40, 97, 97, 165, 114, 77, 199, 111, 17, 24, 122, 71, 24, 123, 7, 90, 179, 107, 152),
    (108, 103, 158, 109, 74, 76, 185, 6, 20, 69, 101, 185, 117, 167, 111, 181, 131, 132, 184, 123, 150, 1, 78, 107, 31, 65, 176, 93, 54, 198, 49, 93, 2, 20, 82, 97, 26, 95, 190, 147),
    (109, 134, 35, 9, 167, 111, 111, 25, 59, 74, 106, 148, 148, 117, 41, 156, 95, 175, 140, 67, 68, 199, 155, 73, 187, 120, 49, 107, 64, 125, 1, 143, 105, 45, 172, 196, 167, 119, 39, 11),
    (110, 143, 114, 109, 150, 39, 30, 86, 90, 13, 68, 160, 78, 197, 47, 92, 48, 168, 135, 140, 125, 69, 117, 33, 121, 49, 69, 47, 70, 183, 53, 155, 16, 197, 75, 145, 103, 198, 184, 166),
    (111, 79, 140, 94, 175, 123, 51, 189, 53, 56, 101, 56, 31, 74, 126, 115, 57, 129, 41, 112, 170, 25, 180, 31, 115, 146, 96, 55, 63, 9, 131, 108, 104, 32, 19, 37, 123, 68, 97, 98),
    (112, 8, 107, 127, 25, 196, 28, 32, 23, 172, 26, 22, 199, 3, 2, 193, 119, 55, 49, 34, 91, 5, 88, 175, 41, 53, 183, 63, 126, 39, 95, 171, 125, 167, 166, 127, 10, 50, 124, 74),
    (113, 153, 193, 135, 99, 48, 126, 83, 44, 104, 53, 29, 184, 52, 182, 154, 148, 114, 132, 75, 44, 20, 33, 132, 60, 82, 117, 140, 136, 102, 14, 23, 181, 82, 89, 54, 127, 121, 103, 34),
    (114, 66, 147, 172, 127, 184, 127, 51, 0, 84, 67, 78, 127, 170, 78, 128, 10, 15, 129, 82, 188, 75, 25, 85, 142, 32, 13, 89, 199, 10, 44, 114, 137, 174, 83, 173, 0, 195, 160, 164),
    (115, 138, 150, 115, 120, 5, 81, 119, 148, 172, 57, 37, 122, 127, 60, 61, 10, 197, 66, 51, 187, 196, 79, 88, 171, 79, 135, 48, 199, 122, 21, 178, 135, 100, 8, 129, 133, 90, 114, 195),
    (116, 113, 3, 13, 181, 70, 26, 125, 79, 113, 6, 18, 134, 167, 169, 123, 171, 27, 166, 94, 21, 59, 96, 102, 29, 129, 42, 105, 100, 103, 199, 149, 66, 57, 129, 2, 153, 16, 65, 134),
    (117, 89, 54, 9, 18, 41, 67, 185, 160, 4, 84, 6, 106, 56, 114, 70, 118, 192, 145, 98, 38, 149, 171, 88, 114, 121, 194, 173, 22, 5, 34, 40, 59, 15, 123, 160, 168, 103, 100, 140),
    (118, 106, 41, 67, 50, 138, 33, 99, 183, 34, 61, 180, 125, 95, 44, 96, 97, 37, 138, 59, 76, 162, 70, 88, 128, 182, 62, 48, 141, 147, 198, 69, 24, 171, 38, 43, 152, 82, 46, 90),
    (119, 165, 7, 158, 170, 120, 29, 81, 40, 16, 12, 36, 196, 93, 167, 31, 95, 30, 71, 123, 121, 163, 177, 180, 163, 47, 178, 68, 175, 44, 87, 123, 113, 3, 25, 27, 85, 0, 78, 130),
    (120, 112, 162, 119, 43, 92, 49, 86, 20, 186, 130, 155, 77, 11, 167, 15, 157, 167, 30, 58, 153, 17, 198, 144, 62, 146, 69, 50, 182, 25, 9, 2, 154, 50, 98, 25, 50, 150, 138, 76),
    (121, 190, 193, 33, 48, 159, 195, 9, 103, 189, 1, 43, 167, 93, 187, 83, 81, 166, 84, 99, 60, 36, 168, 65, 71, 55, 199, 107, 129, 110, 131, 110, 179, 9, 1, 131, 123, 141, 92, 23),
    (122, 30, 7, 101, 173, 140, 196, 102, 28, 42, 109, 71, 137, 101, 29, 58, 16, 53, 164, 8, 128, 105, 35, 99, 189, 173, 135, 48, 140, 8, 180, 156, 159, 90, 141, 198, 91, 25, 195, 144),
    (123, 115, 189, 145, 17, 17, 152, 117, 53, 120, 82, 85, 66, 124, 88, 183, 90, 19, 128, 73, 136, 142, 53, 160, 126, 180, 133, 57, 92, 124, 71, 83, 62, 130, 193, 77, 144, 143, 100, 49),
    (124, 36, 174, 90, 181, 130, 59, 57, 102, 149, 67, 131, 42, 60, 4, 55, 198, 147, 51, 195, 13, 145, 173, 86, 58, 31, 99, 176, 1, 74, 180, 59, 188, 57, 10, 103, 55, 79, 81, 123),
    (125, 28, 99, 152, 101, 188, 138, 36, 16, 115, 182, 113, 77, 124, 117, 158, 165, 64, 116, 20, 115, 182, 59, 76, 179, 72, 150, 124, 116, 146, 175, 37, 85, 62, 132, 89, 158, 105, 73, 152),
    (126, 73, 57, 78, 156, 62, 169, 86, 83, 163, 43, 53, 6, 17, 95, 95, 159, 18, 35, 153, 1, 97, 144, 53, 28, 8, 87, 155, 126, 6, 12, 124, 129, 44, 136, 170, 129, 59, 33, 170),
    (127, 132, 69, 133, 144, 192, 178, 92, 16, 99, 107, 155, 160, 136, 125, 127, 23, 137, 74, 166, 119, 78, 41, 158, 148, 110, 75, 37, 119, 25, 49, 98, 163, 163, 61, 49, 32, 106, 143, 126),
    (128, 25, 191, 96, 153, 46, 103, 75, 180, 158, 31, 79, 2, 151, 101, 122, 20, 115, 78, 96, 161, 173, 63, 99, 37, 19, 100, 154, 114, 31, 110, 27, 121, 164, 106, 54, 130, 113, 186, 156),
    (129, 44, 96, 11, 135, 118, 10, 189, 94, 152, 159, 156, 135, 25, 139, 46, 190, 11, 17, 48, 140, 10, 86, 27, 0, 22, 119, 75, 199, 131, 95, 172, 198, 104, 58, 193, 106, 33, 0, 19),
    (130, 159, 38, 27, 54, 21, 151, 13, 104, 164, 173, 135, 67, 166, 80, 113, 113, 135, 40, 186, 79, 57, 103, 20, 189, 105, 124, 173, 90, 125, 189, 114, 126, 176, 157, 188, 68, 78, 119, 1),
    (131, 88, 187, 171, 178, 185, 175, 198, 120, 79, 182, 18, 57, 174, 188, 1, 11, 106, 54, 38, 132, 115, 0, 135, 79, 63, 161, 199, 186, 190, 136, 56, 111, 111, 12, 175, 192, 165, 83, 163),
    (132, 36, 134, 59, 64, 164, 41, 67, 52, 103, 16, 131, 97, 132, 38, 191, 108, 154, 166, 157, 184, 49, 71, 132, 75, 37, 169, 182, 78, 77, 170, 130, 139, 85, 106, 152, 175, 37, 130, 9),
    (133, 84, 56, 172, 161, 157, 84, 29, 11, 67, 3, 103, 66, 102, 58, 134, 39, 188, 8, 139, 192, 58, 176, 23, 159, 97, 197, 80, 45, 118, 131, 64, 132, 196, 49, 164, 45, 117, 199, 149),
    (134, 194, 115, 149, 69, 65, 42, 195, 161, 80, 197, 118, 58, 145, 58, 117, 3, 1, 1, 56, 188, 1, 191, 164, 117, 32, 43, 130, 100, 12, 172, 160, 146, 59, 166, 128, 88, 167, 195, 172),
    (135, 45, 176, 107, 159, 112, 195, 118, 143, 74, 193, 171, 31, 65, 70, 104, 104, 129, 170, 74, 40, 73, 63, 89, 166, 185, 41, 108, 135, 149, 165, 195, 33, 194, 44, 107, 32, 191, 3, 14),
    (136, 178, 43, 100, 39, 38, 185, 70, 169, 30, 159, 74, 169, 154, 60, 26, 120, 154, 142, 189, 33, 167, 156, 140, 52, 38, 154, 49, 76, 17, 77, 124, 159, 189, 118, 173, 167, 26, 122, 47),
    (137, 84, 154, 20, 150, 30, 34, 51, 42, 89, 11, 82, 190, 1, 136, 41, 133, 127, 171, 20, 93, 109, 49, 156, 188, 145, 85, 33, 92, 92, 172, 118, 191, 149, 147, 25, 175, 1, 10, 41),
    (138, 113, 121, 75, 127, 85, 14, 85, 86, 77, 195, 159, 102, 192, 177, 63, 101, 144, 192, 25, 119, 125, 28, 33, 194, 72, 145, 191, 33, 142, 166, 126, 115, 74, 77, 21, 9, 14, 192, 47),
    (139, 155, 119, 136, 170, 73, 171, 125, 68, 165, 48, 154, 131, 105, 71, 31, 184, 180, 68, 35, 78, 5, 37, 159, 102, 90, 154, 51, 107, 30, 96, 34, 6, 9, 107, 151, 195, 58, 136, 118),
    (140, 42, 180, 75, 172, 63, 108, 191, 172, 60, 3, 110, 145, 117, 190, 152, 69, 144, 129, 80, 196, 173, 44, 86, 148, 110, 127, 121, 76, 37, 106, 19, 132, 87, 36, 136, 182, 109, 126, 110),
    (141, 76, 42, 75, 159, 126, 136, 37, 135, 69, 144, 7, 118, 141, 50, 188, 186, 135, 170, 119, 12, 9, 83, 169, 195, 92, 108, 175, 56, 141, 119, 163, 6, 198, 154, 110, 7, 149, 42, 114),
    (142, 176, 103, 33, 90, 199, 92, 167, 164, 70, 77, 86, 100, 80, 192, 29, 26, 65, 191, 41, 10, 115, 199, 37, 140, 122, 172, 77, 82, 106, 1, 72, 53, 180, 77, 79, 98, 199, 147, 22),
    (143, 50, 182, 94, 188, 38, 2, 93, 55, 176, 74, 70, 69, 0, 9, 19, 193, 77, 37, 64, 85, 96, 184, 39, 89, 144, 125, 179, 86, 87, 36, 73, 20, 83, 35, 123, 90, 29, 18, 180),
    (144, 76, 89, 162, 28, 178, 87, 174, 92, 156, 61, 47, 110, 84, 114, 49, 147, 164, 96, 173, 96, 111, 140, 152, 113, 73, 91, 139, 95, 145, 16, 168, 100, 50, 33, 10, 43, 158, 147, 123),
    (145, 31, 78, 18, 60, 196, 21, 88, 0, 107, 44, 177, 121, 167, 80, 104, 47, 37, 158, 52, 36, 129, 19, 25, 82, 4, 79, 79, 77, 127, 125, 6, 127, 15, 65, 157, 196, 111, 32, 134),
    (146, 56, 67, 113, 156, 182, 129, 159, 196, 88, 14, 73, 144, 179, 141, 53, 66, 80, 73, 196, 123, 190, 51, 165, 96, 82, 12, 193, 141, 118, 17, 106, 192, 87, 55, 133, 147, 25, 61, 125),
    (147, 158, 34, 116, 36, 40, 3, 45, 185, 17, 31, 164, 57, 66, 8, 178, 138, 62, 96, 127, 128, 142, 113, 126, 138, 196, 29, 46, 139, 64, 65, 128, 193, 199, 131, 161, 177, 152, 35, 39),
    (148, 101, 151, 195, 118, 163, 133, 167, 189, 84, 99, 119, 106, 11, 163, 82, 118, 199, 188, 72, 179, 54, 56, 11, 73, 118, 24, 193, 197, 66, 138, 15, 46, 196, 122, 28, 6, 103, 144, 133),
    (149, 180, 198, 52, 93, 181, 172, 23, 31, 78, 196, 124, 108, 144, 80, 68, 190, 157, 119, 72, 2, 92, 106, 2, 97, 42, 28, 167, 191, 65, 72, 128, 30, 5, 101, 28, 199, 50, 77, 81),
    (150, 92, 128, 125, 4, 120, 151, 171, 30, 162, 113, 158, 40, 90, 84, 94, 89, 182, 96, 6, 73, 84, 25, 129, 78, 154, 109, 109, 58, 18, 47, 107, 57, 80, 167, 169, 34, 118, 57, 49),
    (151, 10, 134, 122, 23, 182, 30, 196, 14, 33, 26, 2, 21, 37, 89, 165, 70, 130, 39, 56, 92, 41, 160, 53, 145, 145, 95, 180, 32, 168, 177, 151, 38, 46, 124, 99, 101, 108, 129, 148),
    (152, 138, 101, 155, 75, 60, 36, 168, 89, 147, 106, 116, 94, 66, 124, 178, 51, 67, 136, 5, 49, 68, 12, 71, 198, 87, 1, 56, 103, 139, 32, 147, 125, 58, 126, 130, 124, 80, 74, 187),
    (153, 91, 159, 175, 22, 38, 61, 126, 32, 80, 87, 10, 28, 122, 25, 199, 173, 191, 109, 31, 99, 166, 75, 18, 3, 54, 69, 32, 96, 188, 196, 58, 165, 105, 185, 104, 172, 45, 172, 119),
    (154, 176, 156, 134, 114, 109, 109, 56, 76, 62, 81, 144, 76, 20, 144, 127, 26, 142, 55, 77, 119, 121, 153, 64, 115, 131, 180, 89, 56, 142, 84, 133, 28, 150, 26, 184, 72, 111, 44, 117),
    (155, 84, 65, 125, 164, 75, 105, 177, 42, 45, 141, 118, 174, 54, 132, 102, 17, 189, 125, 174, 43, 86, 126, 191, 30, 147, 153, 167, 85, 64, 88, 186, 40, 127, 106, 10, 135, 197, 19, 8),
    (156, 39, 186, 189, 122, 0, 88, 12, 124, 155, 189, 98, 176, 6, 183, 109, 174, 58, 159, 142, 80, 129, 176, 195, 91, 137, 152, 117, 45, 191, 6, 5, 140, 95, 133, 73, 178, 92, 18, 147),
    (157, 197, 180, 69, 158, 27, 147, 14, 47, 146, 0, 120, 78, 139, 62, 36, 27, 194, 40, 185, 146, 145, 74, 162, 147, 149, 136, 189, 113, 110, 106, 77, 89, 198, 183, 159, 75, 107, 53, 45),
    (158, 88, 88, 88, 75, 150, 67, 29, 110, 127, 88, 25, 185, 73, 34, 52, 25, 158, 179, 176, 122, 144, 26, 87, 182, 157, 159, 33, 54, 6, 83, 157, 120, 15, 88, 111, 196, 143, 152, 198),
    (159, 94, 76, 20, 178, 50, 104, 26, 28, 143, 78, 116, 49, 131, 180, 37, 43, 63, 18, 28, 2, 131, 48, 122, 142, 51, 92, 143, 80, 82, 74, 0, 154, 122, 115, 71, 40, 42, 65, 97),
    (160, 21, 182, 178, 37, 137, 113, 59, 91, 168, 98, 195, 162, 0, 68, 115, 33, 26, 175, 73, 168, 119, 112, 100, 195, 178, 22, 192, 53, 126, 46, 63, 185, 129, 190, 129, 4, 73, 191, 127),
    (161, 196, 33, 54, 17, 63, 22, 45, 37, 137, 108, 194, 162, 130, 96, 94, 101, 102, 168, 12, 183, 23, 76, 72, 171, 82, 197, 199, 28, 52, 114, 160, 111, 76, 83, 135, 77, 8, 97, 139),
    (162, 119, 176, 50, 98, 45, 88, 166, 13, 189, 109, 170, 36, 146, 115, 112, 195, 121, 91, 187, 2, 155, 36, 78, 137, 46, 8, 67, 32, 168, 25, 192, 136, 194, 45, 111, 71, 102, 48, 172),
    (163, 41, 26, 168, 187, 9, 31, 133, 198, 162, 161, 100, 179, 16, 58, 71, 56, 89, 170, 83, 101, 72, 197, 183, 76, 137, 197, 14, 91, 58, 162, 38, 161, 9, 177, 144, 90, 142, 81, 175),
    (164, 97, 70, 191, 138, 199, 185, 156, 37, 180, 60, 162, 135, 27, 116, 184, 31, 64, 176, 150, 124, 59, 151, 151, 155, 4, 45, 108, 140, 102, 4, 10, 174, 181, 136, 193, 68, 73, 135, 163),
    (165, 75, 59, 121, 10, 109, 194, 174, 28, 128, 152, 198, 20, 38, 65, 139, 64, 152, 77, 137, 192, 67, 82, 166, 171, 106, 22, 78, 162, 31, 136, 193, 159, 23, 41, 190, 186, 188, 187, 27),
    (166, 136, 0, 27, 126, 138, 59, 50, 184, 6, 197, 175, 197, 76, 193, 92, 7, 81, 196, 149, 169, 109, 181, 70, 66, 180, 37, 133, 70, 92, 171, 21, 123, 144, 82, 79, 177, 180, 188, 41),
    (167, 21, 96, 23, 66, 194, 0, 117, 98, 101, 90, 4, 58, 186, 173, 69, 11, 170, 148, 117, 1, 135, 142, 128, 140, 148, 134, 173, 155, 4, 113, 22, 142, 177, 99, 97, 18, 62, 197, 193),
    (168, 122, 54, 97, 142, 37, 184, 129, 193, 85, 139, 182, 20, 42, 101, 113, 45, 108, 90, 179, 33, 1, 190, 183, 130, 194, 85, 102, 95, 166, 44, 196, 40, 145, 30, 152, 197, 114, 6, 85),
    (169, 5, 75, 77, 44, 108, 96, 82, 156, 47, 168, 119, 85, 176, 12, 4, 78, 108, 13, 62, 183, 160, 34, 54, 141, 89, 151, 59, 160, 153, 54, 121, 72, 115, 195, 185, 67, 175, 157, 176),
    (170, 27, 65, 28, 47, 57, 7, 120, 35, 73, 153, 153, 45, 83, 29, 182, 159, 80, 156, 173, 131, 55, 123, 14, 48, 47, 145, 111, 178, 55, 106, 194, 93, 142, 14, 11, 137, 78, 188, 124),
    (171, 158, 79, 122, 164, 142, 22, 169, 148, 71, 169, 12, 61, 57, 150, 32, 136, 181, 199, 97, 132, 109, 182, 122, 23, 33, 108, 42, 17, 116, 20, 140, 89, 4, 29, 53, 71, 173, 166, 122),
    (172, 87, 128, 136, 39, 35, 110, 78, 198, 160, 197, 92, 28, 157, 13, 67, 99, 86, 52, 180, 155, 126, 145, 47, 76, 9, 87, 84, 34, 69, 81, 193, 161, 142, 8, 194, 157, 30, 175, 86),
    (173, 143, 173, 162, 95, 74, 182, 100, 109, 68, 54, 70, 172, 62, 46, 45, 183, 173, 197, 113, 148, 132, 30, 25, 106, 100, 175, 194, 189, 148, 20, 190, 117, 183, 160, 30, 36, 11, 68, 5),
    (174, 186, 149, 181, 162, 78, 103, 70, 91, 51, 85, 29, 64, 87, 115, 182, 54, 37, 133, 166, 54, 90, 13, 12, 21, 99, 133, 85, 66, 74, 108, 107, 62, 35, 111, 34, 22, 31, 30, 31),
    (175, 7, 50, 104, 162, 142, 174, 146, 86, 130, 117, 122, 72, 86, 124, 50, 106, 177, 184, 185, 176, 94, 13, 138, 135, 189, 191, 17, 164, 83, 125, 118, 169, 63, 192, 199, 133, 20, 147, 48),
    (176, 23, 77, 79, 123, 155, 33, 0, 192, 4, 35, 191, 81, 160, 130, 82, 84, 157, 155, 99, 95, 135, 176, 117, 191, 123, 179, 97, 38, 153, 85, 40, 180, 144, 95, 73, 189, 120, 18, 64),
    (177, 19, 149, 79, 186, 100, 28, 68, 29, 122, 18, 32, 80, 123, 133, 6, 132, 33, 23, 135, 92, 185, 20, 130, 183, 21, 45, 167, 58, 117, 109, 40, 75, 188, 199, 122, 109, 1, 118, 126),
    (178, 39, 51, 28, 84, 38, 176, 20, 66, 180, 30, 97, 111, 189, 139, 27, 27, 181, 62, 116, 55, 132, 176, 8, 38, 147, 72, 47, 58, 167, 50, 127, 84, 187, 101, 118, 27, 31, 46, 65),
    (179, 140, 71, 25, 154, 145, 92, 21, 70, 54, 85, 45, 190, 157, 194, 181, 83, 39, 191, 92, 92, 38, 191, 127, 2, 192, 5, 177, 100, 168, 169, 192, 110, 116, 60, 14, 59, 70, 55, 42),
    (180, 111, 4, 34, 59, 160, 113, 30, 127, 102, 30, 82, 148, 93, 29, 198, 30, 198, 36, 123, 140, 165, 107, 183, 93, 186, 21, 43, 50, 53, 71, 96, 29, 166, 181, 154, 169, 131, 66, 66),
    (181, 81, 30, 88, 86, 71, 56, 104, 149, 6, 159, 157, 104, 138, 144, 15, 106, 9, 35, 81, 78, 100, 147, 19, 83, 29, 60, 101, 39, 101, 178, 166, 40, 0, 87, 184, 27, 13, 79, 170),
    (182, 92, 31, 43, 75, 92, 190, 121, 198, 197, 24, 120, 114, 155, 131, 110, 189, 145, 126, 197, 75, 103, 64, 179, 38, 60, 129, 181, 162, 100, 162, 14, 25, 38, 173, 152, 83, 150, 96, 183),
    (183, 13, 35, 183, 134, 159, 14, 93, 107, 152, 173, 31, 199, 134, 6, 83, 159, 110, 7, 131, 143, 190, 143, 58, 3, 190, 101, 65, 43, 130, 95, 18, 53, 53, 63, 28, 130, 84, 135, 14),
    (184, 165, 67, 61, 179, 25, 188, 94, 90, 45, 3, 158, 140, 188, 43, 147, 137, 21, 34, 83, 68, 185, 122, 134, 137, 182, 105, 162, 55, 108, 172, 76, 74, 101, 155, 126, 143, 24, 110, 137),
    (185, 52, 182, 188, 131, 94, 102, 148, 28, 51, 194, 183, 76, 189, 193, 191, 148, 45, 83, 61, 19, 3, 155, 130, 84, 48, 131, 42, 27, 11, 155, 104, 17, 151, 192, 10, 127, 91, 42, 157),
    (186, 37, 16, 113, 55, 101, 64, 8, 62, 172, 85, 199, 199, 72, 82, 106, 195, 119, 154, 170, 104, 107, 99, 164, 60, 150, 70, 36, 76, 65, 27, 184, 20, 60, 5, 64, 2, 0, 61, 30),
    (187, 119, 86, 132, 65, 121, 28, 96, 165, 198, 54, 88, 118, 89, 88, 103, 98, 13, 2, 91, 107, 78, 42, 157, 143, 11, 160, 160, 131, 105, 50, 96, 173, 8, 64, 129, 61, 56, 91, 11),
    (188, 196, 183, 39, 197, 95, 97, 171, 101, 190, 107, 99, 157, 13, 98, 63, 22, 63, 108, 167, 115, 174, 60, 136, 27, 9, 144, 198, 95, 120, 113, 135, 142, 59, 5, 105, 13, 166, 158, 89),
    (189, 71, 103, 75, 160, 100, 49, 94, 8, 42, 15, 76, 108, 78, 164, 23, 121, 114, 81, 63, 57, 103, 143, 182, 187, 105, 32, 123, 22, 49, 161, 120, 63, 11, 75, 29, 19, 56, 170, 144),
    (190, 162, 195, 38, 3, 7, 146, 100, 18, 115, 80, 95, 180, 20, 126, 7, 16, 45, 37, 34, 196, 48, 178, 83, 25, 144, 155, 180, 42, 186, 72, 62, 69, 19, 53, 91, 93, 121, 127, 183),
    (191, 160, 46, 57, 78, 121, 123, 82, 56, 39, 186, 40, 170, 142, 181, 68, 102, 85, 104, 175, 55, 35, 78, 99, 183, 158, 35, 94, 33, 166, 70, 149, 127, 126, 182, 22, 96, 1, 141, 0),
    (192, 31, 165, 147, 191, 133, 45, 159, 71, 42, 86, 182, 73, 153, 74, 174, 125, 175, 58, 88, 169, 68, 104, 133, 181, 196, 176, 171, 87, 100, 9, 169, 75, 186, 61, 97, 199, 139, 47, 131),
    (193, 110, 189, 97, 151, 122, 62, 112, 147, 84, 77, 170, 5, 32, 165, 87, 66, 174, 102, 9, 101, 146, 48, 92, 120, 68, 57, 80, 56, 142, 13, 120, 1, 145, 137, 130, 51, 151, 18, 102),
    (194, 115, 72, 15, 105, 179, 21, 173, 136, 60, 118, 156, 84, 148, 175, 192, 8, 48, 43, 91, 30, 42, 164, 115, 44, 123, 151, 50, 178, 118, 194, 186, 53, 90, 116, 75, 85, 20, 129, 51),
    (195, 195, 109, 112, 156, 90, 26, 184, 95, 41, 103, 139, 54, 177, 14, 114, 105, 24, 192, 195, 178, 184, 3, 41, 128, 175, 82, 71, 174, 13, 187, 122, 100, 145, 130, 148, 93, 57, 154, 36),
    (196, 48, 27, 36, 162, 48, 121, 135, 134, 192, 80, 192, 70, 96, 174, 186, 6, 102, 44, 105, 28, 129, 181, 58, 170, 105, 32, 136, 134, 171, 74, 136, 124, 114, 35, 143, 105, 164, 176, 53),
    (197, 117, 50, 35, 47, 80, 125, 48, 38, 38, 22, 15, 22, 89, 69, 20, 125, 14, 105, 35, 79, 13, 43, 44, 32, 64, 164, 43, 41, 141, 146, 93, 29, 105, 142, 147, 19, 179, 142, 133),
    (198, 50, 74, 104, 146, 185, 175, 115, 91, 190, 15, 125, 186, 12, 177, 24, 159, 37, 129, 56, 12, 35, 99, 164, 175, 17, 49, 112, 62, 50, 174, 178, 66, 44, 133, 90, 38, 182, 109, 34),
    (199, 153, 128, 196, 5, 153, 49, 6, 55, 38, 99, 65, 74, 136, 125, 138, 86, 151, 175, 193, 108, 104, 25, 105, 119, 63, 148, 92, 179, 124, 143, 183, 80, 163, 185, 25, 34, 156, 162, 24);

INSERT INTO T27 (pk, t1, t2, t3, t4, t5, t6, t7, t8, t9, t10, t11, t12, t13, t14, t15, t16, t17, t18, t19, t20, t21, t22, t23, t24, t25, t26, t28, t29, t30, t31, t32, t33, t34, t35, t36, t37, t38, t39, t40)
VALUES
    (0, 178, 164, 133, 57, 77, 38, 195, 72, 155, 83, 177, 59, 122, 92, 163, 154, 116, 31, 178, 168, 141, 61, 23, 85, 101, 47, 162, 143, 114, 87, 116, 90, 85, 128, 153, 23, 161, 148, 89),
    (1, 123, 188, 164, 167, 4, 199, 55, 29, 24, 178, 67, 185, 145, 73, 89, 84, 72, 131, 5, 119, 27, 66, 81, 189, 177, 124, 182, 35, 126, 6, 103, 143, 73, 127, 14, 179, 136, 186, 77),
    (2, 74, 33, 176, 115, 100, 101, 71, 18, 36, 92, 102, 102, 54, 68, 103, 72, 153, 36, 165, 0, 43, 103, 139, 96, 174, 32, 88, 46, 172, 8, 117, 89, 184, 67, 38, 93, 88, 41, 130),
    (3, 101, 197, 44, 136, 169, 187, 16, 5, 106, 127, 129, 14, 13, 196, 165, 13, 132, 44, 91, 122, 66, 182, 68, 30, 119, 15, 67, 95, 83, 174, 181, 188, 156, 45, 71, 169, 154, 137, 187),
    (4, 4, 105, 82, 164, 20, 44, 176, 197, 0, 185, 195, 170, 44, 187, 88, 169, 133, 130, 55, 196, 66, 42, 114, 104, 33, 42, 134, 142, 198, 128, 192, 0, 80, 80, 5, 48, 65, 158, 27),
    (5, 126, 93, 7, 7, 47, 197, 135, 4, 85, 84, 154, 13, 118, 37, 108, 103, 18, 126, 102, 11, 20, 152, 0, 33, 117, 73, 21, 6, 70, 32, 94, 47, 69, 95, 81, 77, 143, 82, 111),
    (6, 186, 20, 80, 159, 155, 117, 76, 77, 197, 52, 111, 2, 185, 137, 191, 176, 185, 50, 182, 116, 41, 51, 184, 8, 153, 151, 95, 146, 41, 117, 77, 87, 61, 97, 157, 192, 14, 196, 177),
    (7, 79, 107, 2, 100, 73, 145, 61, 136, 183, 60, 110, 143, 29, 0, 88, 160, 185, 33, 28, 103, 79, 110, 134, 44, 134, 136, 117, 104, 149, 110, 31, 106, 74, 145, 20, 189, 146, 174, 91),
    (8, 119, 58, 100, 27, 59, 69, 163, 28, 176, 5, 71, 5, 25, 97, 142, 192, 65, 192, 150, 114, 73, 116, 168, 96, 164, 172, 161, 90, 35, 6, 86, 9, 81, 144, 170, 37, 3, 115, 34),
    (9, 95, 137, 89, 196, 98, 162, 170, 167, 111, 140, 133, 37, 25, 145, 112, 118, 112, 158, 23, 7, 106, 22, 161, 67, 57, 144, 79, 155, 166, 185, 173, 131, 38, 118, 110, 103, 159, 123, 184),
    (10, 99, 17, 182, 163, 181, 97, 170, 150, 45, 37, 175, 187, 126, 112, 24, 119, 172, 85, 144, 72, 160, 176, 50, 156, 55, 30, 61, 56, 173, 107, 174, 159, 157, 101, 48, 185, 90, 122, 97),
    (11, 139, 22, 38, 21, 11, 105, 151, 170, 33, 145, 97, 117, 54, 182, 175, 156, 88, 85, 81, 143, 154, 34, 193, 172, 51, 100, 91, 78, 153, 83, 5, 52, 128, 27, 61, 6, 117, 3, 128),
    (12, 158, 1, 198, 195, 152, 38, 115, 101, 198, 56, 102, 176, 104, 187, 125, 110, 137, 165, 89, 157, 81, 92, 181, 109, 49, 71, 100, 32, 98, 17, 57, 75, 159, 115, 98, 101, 114, 124, 72),
    (13, 53, 77, 2, 7, 40, 36, 180, 167, 21, 142, 172, 153, 24, 16, 37, 84, 109, 196, 75, 168, 184, 173, 141, 80, 100, 169, 175, 86, 90, 77, 90, 135, 57, 131, 26, 141, 133, 17, 64),
    (14, 22, 60, 190, 83, 50, 176, 59, 63, 109, 29, 136, 68, 99, 94, 85, 112, 51, 98, 119, 172, 141, 193, 47, 44, 23, 65, 168, 117, 47, 103, 24, 101, 127, 5, 25, 183, 5, 84, 172),
    (15, 81, 96, 155, 178, 187, 117, 78, 81, 24, 164, 133, 111, 27, 163, 175, 20, 29, 141, 18, 47, 174, 65, 88, 171, 125, 4, 160, 114, 18, 42, 124, 94, 4, 148, 54, 119, 25, 125, 163),
    (16, 110, 146, 89, 11, 173, 177, 147, 50, 139, 119, 90, 185, 156, 76, 71, 3, 50, 74, 190, 42, 158, 54, 92, 175, 112, 121, 93, 158, 115, 19, 114, 152, 80, 17, 85, 88, 7, 110, 120),
    (17, 15, 153, 80, 127, 113, 116, 91, 38, 30, 34, 0, 162, 19, 170, 41, 153, 17, 86, 191, 187, 46, 155, 92, 87, 12, 80, 130, 14, 80, 9, 193, 69, 64, 80, 46, 46, 169, 98, 153),
    (18, 27, 196, 125, 103, 171, 18, 59, 187, 6, 157, 118, 93, 49, 119, 138, 99, 8, 90, 75, 140, 39, 92, 154, 69, 146, 59, 19, 183, 64, 101, 62, 55, 136, 195, 29, 187, 151, 151, 167),
    (19, 34, 8, 145, 179, 58, 179, 73, 10, 131, 80, 178, 63, 77, 82, 121, 96, 130, 165, 61, 185, 161, 145, 137, 199, 77, 38, 0, 62, 101, 199, 179, 161, 167, 101, 144, 60, 107, 33, 58),
    (20, 46, 197, 196, 127, 103, 179, 2, 148, 5, 71, 184, 21, 158, 127, 41, 1, 40, 62, 187, 59, 194, 38, 24, 126, 198, 168, 151, 44, 38, 50, 40, 90, 89, 126, 92, 138, 23, 19, 129),
    (21, 98, 141, 194, 128, 20, 35, 172, 114, 86, 99, 22, 28, 55, 163, 88, 22, 78, 5, 176, 151, 28, 149, 102, 191, 177, 148, 197, 156, 19, 12, 110, 176, 140, 69, 25, 104, 188, 44, 173),
    (22, 90, 141, 65, 81, 50, 19, 49, 151, 110, 117, 146, 51, 187, 166, 151, 135, 2, 105, 105, 53, 114, 90, 16, 150, 168, 41, 76, 87, 59, 170, 165, 133, 126, 93, 184, 103, 171, 71, 69),
    (23, 84, 160, 0, 178, 98, 89, 93, 8, 22, 134, 77, 192, 45, 108, 63, 42, 112, 54, 6, 3, 199, 50, 198, 185, 1, 63, 131, 29, 46, 20, 108, 99, 32, 178, 1, 12, 148, 174, 111),
    (24, 199, 77, 85, 97, 85, 126, 29, 136, 9, 142, 91, 180, 196, 150, 144, 25, 158, 49, 132, 40, 56, 1, 180, 184, 68, 99, 148, 3, 183, 164, 133, 111, 145, 181, 165, 107, 101, 32, 54),
    (25, 60, 53, 136, 73, 7, 110, 158, 102, 47, 196, 1, 58, 176, 3, 42, 144, 113, 109, 45, 106, 171, 170, 24, 141, 94, 27, 43, 186, 145, 91, 61, 41, 86, 149, 96, 192, 1, 153, 167),
    (26, 172, 198, 69, 149, 87, 175, 14, 38, 86, 168, 84, 175, 117, 152, 162, 94, 28, 60, 99, 63, 17, 53, 83, 136, 4, 105, 126, 65, 178, 1, 149, 122, 59, 119, 82, 88, 4, 68, 169),
    (27, 46, 100, 2, 165, 156, 69, 121, 96, 150, 35, 76, 170, 19, 46, 42, 28, 23, 72, 182, 133, 168, 102, 184, 68, 88, 120, 182, 5, 122, 0, 62, 5, 182, 136, 78, 4, 90, 32, 79),
    (28, 194, 196, 76, 68, 199, 77, 112, 196, 196, 136, 193, 44, 114, 0, 81, 142, 150, 68, 198, 50, 19, 18, 88, 151, 194, 49, 106, 29, 169, 126, 41, 111, 32, 108, 188, 176, 138, 132, 36),
    (29, 8, 82, 41, 27, 113, 181, 53, 189, 132, 67, 109, 44, 62, 185, 66, 58, 71, 125, 180, 173, 184, 51, 180, 16, 114, 181, 117, 3, 179, 37, 51, 19, 66, 174, 178, 58, 125, 50, 136),
    (30, 11, 61, 47, 1, 172, 101, 140, 24, 38, 199, 149, 79, 86, 58, 41, 111, 193, 9, 88, 129, 68, 55, 29, 151, 38, 9, 65, 182, 67, 30, 78, 19, 150, 95, 162, 141, 139, 186, 117),
    (31, 0, 193, 194, 28, 39, 65, 46, 170, 78, 101, 114, 167, 46, 97, 184, 124, 46, 147, 135, 56, 107, 5, 61, 62, 189, 163, 198, 90, 91, 42, 133, 154, 82, 162, 55, 2, 188, 78, 16),
    (32, 186, 127, 23, 38, 5, 96, 52, 113, 151, 49, 69, 153, 50, 42, 124, 4, 120, 13, 147, 120, 140, 63, 183, 141, 53, 19, 187, 124, 168, 111, 75, 176, 11, 115, 52, 102, 124, 155, 138),
    (33, 26, 96, 61, 51, 164, 95, 158, 6, 162, 169, 58, 164, 159, 144, 0, 143, 39, 105, 135, 57, 168, 64, 149, 32, 39, 91, 147, 47, 182, 63, 91, 171, 40, 106, 69, 6, 99, 93, 4),
    (34, 101, 43, 198, 116, 194, 197, 60, 176, 121, 9, 105, 140, 72, 184, 37, 14, 68, 179, 152, 191, 8, 197, 60, 17, 91, 83, 170, 44, 154, 28, 171, 64, 92, 106, 164, 134, 184, 170, 169),
    (35, 30, 199, 2, 68, 90, 197, 24, 172, 142, 49, 112, 82, 53, 101, 1, 135, 169, 156, 119, 19, 120, 16, 123, 113, 67, 59, 176, 89, 36, 15, 145, 55, 181, 144, 157, 194, 37, 103, 142),
    (36, 89, 72, 27, 92, 156, 171, 1, 193, 136, 77, 60, 161, 144, 26, 66, 156, 196, 13, 191, 188, 87, 100, 65, 67, 146, 143, 175, 98, 198, 31, 116, 89, 189, 92, 108, 165, 119, 140, 24),
    (37, 172, 55, 84, 16, 48, 65, 71, 123, 173, 128, 151, 170, 176, 199, 116, 68, 129, 12, 173, 153, 113, 27, 164, 185, 188, 70, 157, 75, 22, 193, 30, 193, 2, 148, 20, 56, 58, 102, 170),
    (38, 198, 15, 124, 192, 5, 54, 137, 174, 15, 74, 98, 195, 138, 145, 43, 199, 56, 32, 117, 39, 136, 193, 164, 120, 1, 1, 62, 170, 31, 24, 74, 90, 77, 39, 148, 186, 84, 103, 70),
    (39, 47, 68, 135, 98, 120, 14, 43, 52, 190, 16, 191, 130, 122, 154, 117, 116, 38, 99, 180, 155, 163, 148, 10, 39, 166, 44, 125, 66, 98, 190, 188, 148, 86, 127, 116, 80, 86, 138, 105),
    (40, 125, 104, 117, 105, 121, 172, 44, 113, 31, 172, 141, 106, 114, 180, 185, 84, 62, 105, 90, 95, 135, 113, 192, 158, 120, 96, 18, 64, 69, 107, 136, 124, 74, 174, 95, 139, 6, 182, 11),
    (41, 148, 41, 89, 86, 47, 76, 7, 93, 184, 165, 109, 21, 98, 196, 120, 149, 181, 152, 173, 23, 95, 98, 127, 58, 143, 78, 186, 153, 58, 140, 32, 180, 5, 14, 31, 178, 95, 163, 143),
    (42, 161, 164, 17, 197, 118, 29, 195, 71, 66, 1, 155, 160, 135, 49, 131, 123, 159, 93, 118, 26, 177, 86, 155, 141, 39, 169, 149, 22, 91, 176, 77, 131, 22, 167, 128, 3, 122, 73, 173),
    (43, 80, 57, 120, 194, 114, 94, 141, 196, 72, 140, 62, 191, 109, 81, 72, 102, 177, 115, 103, 80, 166, 89, 93, 122, 9, 77, 70, 69, 93, 105, 167, 167, 34, 116, 81, 163, 179, 132, 40),
    (44, 144, 97, 90, 26, 193, 194, 125, 187, 95, 20, 98, 166, 64, 160, 173, 166, 56, 193, 189, 85, 12, 150, 113, 124, 155, 36, 35, 7, 190, 127, 169, 150, 14, 48, 88, 194, 127, 135, 132),
    (45, 59, 165, 107, 2, 56, 4, 59, 123, 110, 141, 181, 38, 7, 154, 146, 43, 104, 184, 119, 121, 18, 198, 76, 143, 17, 59, 5, 27, 86, 112, 195, 172, 19, 136, 19, 173, 52, 150, 23),
    (46, 130, 148, 6, 18, 123, 170, 189, 106, 189, 159, 155, 187, 11, 65, 174, 97, 98, 197, 171, 32, 134, 36, 24, 88, 183, 59, 106, 57, 150, 173, 85, 94, 49, 73, 59, 173, 192, 24, 197),
    (47, 132, 125, 148, 53, 191, 141, 78, 148, 159, 0, 134, 1, 128, 21, 12, 165, 130, 5, 196, 85, 87, 78, 42, 122, 154, 159, 89, 38, 116, 88, 112, 173, 149, 43, 193, 143, 152, 2, 91),
    (48, 114, 145, 140, 130, 11, 107, 151, 33, 164, 135, 75, 115, 175, 23, 115, 111, 80, 43, 80, 193, 28, 58, 1, 122, 177, 54, 108, 186, 135, 47, 66, 19, 45, 140, 70, 180, 52, 104, 192),
    (49, 15, 159, 93, 97, 106, 169, 74, 12, 26, 143, 111, 164, 187, 85, 13, 111, 112, 63, 133, 149, 55, 130, 76, 21, 134, 18, 62, 90, 70, 185, 131, 149, 136, 155, 127, 189, 118, 125, 13),
    (50, 191, 66, 11, 47, 169, 123, 181, 199, 112, 77, 166, 113, 176, 181, 132, 38, 102, 28, 27, 53, 191, 158, 74, 181, 137, 55, 80, 103, 195, 144, 118, 3, 153, 158, 76, 153, 6, 97, 97),
    (51, 25, 118, 43, 108, 39, 36, 192, 124, 195, 10, 55, 181, 20, 73, 179, 128, 81, 97, 60, 162, 13, 140, 136, 113, 147, 159, 54, 119, 87, 19, 29, 155, 55, 186, 13, 29, 112, 4, 3),
    (52, 195, 54, 11, 25, 162, 60, 91, 116, 134, 66, 111, 20, 69, 6, 171, 42, 86, 2, 94, 64, 33, 164, 139, 0, 152, 117, 86, 74, 62, 147, 95, 152, 85, 167, 129, 145, 134, 167, 170),
    (53, 117, 158, 97, 120, 94, 52, 191, 130, 111, 91, 121, 158, 151, 175, 178, 142, 56, 5, 100, 40, 172, 112, 165, 165, 133, 153, 158, 101, 176, 22, 161, 80, 95, 143, 163, 41, 125, 187, 106),
    (54, 198, 14, 27, 140, 22, 142, 190, 133, 186, 120, 149, 161, 176, 170, 82, 150, 104, 112, 52, 77, 109, 161, 29, 57, 60, 115, 69, 14, 99, 95, 39, 185, 39, 64, 153, 132, 130, 86, 14),
    (55, 161, 36, 169, 13, 180, 90, 4, 41, 91, 118, 146, 60, 79, 190, 157, 109, 37, 1, 77, 24, 107, 71, 116, 50, 182, 72, 181, 160, 39, 39, 41, 116, 132, 40, 151, 75, 81, 123, 121),
    (56, 10, 122, 31, 135, 129, 157, 100, 68, 108, 91, 85, 188, 64, 135, 25, 66, 3, 58, 40, 22, 167, 23, 96, 2, 195, 86, 194, 42, 154, 175, 2, 65, 182, 46, 91, 41, 47, 27, 133),
    (57, 189, 80, 127, 136, 73, 113, 99, 173, 48, 118, 65, 177, 185, 104, 40, 158, 151, 198, 67, 64, 48, 49, 124, 57, 130, 111, 77, 1, 157, 45, 62, 175, 12, 162, 158, 95, 100, 98, 71),
    (58, 69, 74, 12, 95, 137, 136, 5, 187, 182, 39, 132, 188, 173, 199, 127, 92, 87, 120, 148, 51, 153, 25, 72, 171, 17, 160, 24, 126, 150, 4, 94, 84, 42, 159, 26, 117, 36, 73, 63),
    (59, 196, 101, 101, 40, 91, 15, 94, 48, 6, 106, 157, 51, 93, 109, 82, 52, 42, 177, 34, 130, 14, 29, 43, 134, 166, 38, 94, 83, 32, 152, 186, 137, 166, 115, 130, 196, 116, 62, 74),
    (60, 1, 145, 62, 18, 51, 49, 168, 13, 172, 46, 54, 15, 182, 161, 20, 32, 110, 173, 122, 52, 0, 78, 110, 195, 77, 181, 174, 68, 180, 185, 56, 198, 28, 27, 182, 47, 63, 52, 135),
    (61, 76, 193, 3, 90, 180, 111, 105, 2, 46, 95, 85, 75, 27, 60, 108, 33, 101, 197, 45, 174, 180, 94, 47, 131, 197, 158, 88, 27, 1, 96, 104, 1, 112, 36, 28, 3, 99, 167, 85),
    (62, 38, 155, 180, 75, 42, 144, 142, 10, 70, 6, 151, 130, 66, 87, 153, 126, 92, 1, 107, 57, 97, 173, 64, 106, 70, 117, 102, 155, 58, 105, 100, 112, 157, 156, 102, 106, 197, 134, 136),
    (63, 141, 199, 112, 40, 103, 112, 8, 184, 196, 186, 192, 149, 48, 182, 184, 181, 172, 199, 50, 160, 74, 175, 99, 32, 142, 142, 197, 66, 24, 16, 52, 14, 177, 179, 90, 114, 48, 109, 143),
    (64, 46, 198, 5, 132, 118, 183, 58, 40, 98, 71, 2, 33, 118, 22, 72, 181, 104, 4, 126, 161, 197, 101, 188, 89, 51, 7, 6, 6, 98, 188, 57, 29, 99, 171, 16, 53, 171, 134, 197),
    (65, 49, 108, 88, 122, 139, 46, 20, 180, 199, 193, 172, 195, 140, 130, 180, 176, 197, 177, 56, 33, 129, 89, 29, 78, 60, 186, 195, 197, 32, 47, 13, 69, 127, 30, 101, 60, 119, 13, 117),
    (66, 143, 9, 62, 111, 185, 193, 165, 60, 18, 29, 1, 12, 19, 39, 192, 50, 168, 59, 106, 189, 103, 35, 23, 9, 152, 44, 111, 65, 120, 29, 181, 5, 30, 99, 78, 79, 17, 197, 120),
    (67, 199, 147, 121, 188, 86, 162, 157, 60, 178, 58, 120, 118, 79, 77, 127, 108, 155, 8, 167, 145, 165, 36, 122, 149, 101, 167, 178, 131, 147, 158, 181, 169, 117, 94, 158, 136, 148, 142, 134),
    (68, 51, 15, 187, 142, 55, 28, 190, 47, 176, 97, 188, 181, 162, 57, 23, 178, 194, 153, 172, 170, 79, 152, 190, 46, 131, 166, 167, 64, 3, 28, 159, 193, 134, 7, 102, 177, 45, 178, 20),
    (69, 33, 90, 1, 162, 192, 39, 104, 57, 19, 160, 46, 82, 36, 67, 147, 196, 164, 142, 67, 86, 98, 55, 26, 87, 74, 181, 190, 146, 5, 130, 195, 51, 170, 138, 1, 178, 50, 133, 37),
    (70, 8, 8, 182, 39, 33, 181, 153, 185, 169, 68, 151, 64, 159, 73, 194, 110, 123, 82, 8, 108, 52, 181, 90, 95, 11, 173, 127, 166, 105, 31, 115, 125, 121, 114, 89, 15, 94, 39, 5),
    (71, 69, 115, 139, 21, 30, 90, 137, 123, 150, 75, 15, 71, 107, 85, 121, 127, 166, 77, 76, 102, 190, 127, 149, 198, 97, 112, 147, 30, 52, 195, 198, 138, 143, 32, 102, 151, 149, 38, 67),
    (72, 125, 195, 138, 79, 117, 116, 165, 21, 146, 123, 25, 28, 65, 171, 125, 69, 12, 104, 90, 105, 74, 199, 194, 46, 19, 167, 50, 79, 190, 180, 176, 113, 93, 164, 33, 9, 3, 159, 175),
    (73, 37, 89, 198, 129, 112, 60, 55, 180, 65, 38, 61, 135, 126, 30, 73, 60, 20, 32, 17, 50, 153, 101, 148, 50, 168, 95, 164, 63, 71, 148, 194, 43, 54, 82, 162, 4, 27, 25, 44),
    (74, 138, 29, 190, 95, 111, 198, 23, 174, 98, 62, 81, 74, 71, 190, 143, 176, 152, 83, 167, 97, 47, 11, 69, 87, 96, 58, 160, 12, 85, 43, 93, 141, 48, 54, 172, 13, 158, 47, 44),
    (75, 199, 12, 40, 164, 11, 7, 177, 123, 118, 73, 96, 175, 155, 63, 33, 35, 9, 163, 137, 130, 4, 120, 149, 143, 102, 172, 20, 50, 82, 95, 196, 196, 53, 113, 74, 134, 188, 63, 127),
    (76, 96, 133, 105, 165, 123, 51, 87, 49, 75, 1, 165, 141, 9, 148, 9, 146, 31, 17, 29, 15, 105, 61, 115, 86, 132, 195, 186, 139, 3, 117, 176, 152, 182, 99, 113, 149, 143, 90, 68),
    (77, 44, 101, 164, 141, 133, 159, 161, 164, 83, 23, 99, 4, 195, 59, 167, 165, 156, 31, 180, 89, 101, 20, 89, 130, 131, 47, 60, 106, 33, 51, 177, 145, 143, 161, 165, 121, 50, 109, 141),
    (78, 118, 194, 141, 197, 99, 110, 80, 10, 198, 124, 95, 163, 96, 163, 142, 195, 141, 20, 39, 192, 177, 182, 161, 3, 2, 132, 146, 57, 190, 62, 153, 111, 174, 120, 98, 56, 90, 113, 65),
    (79, 164, 9, 114, 53, 122, 23, 186, 160, 62, 95, 55, 174, 42, 79, 188, 39, 192, 78, 152, 99, 28, 29, 150, 117, 118, 79, 161, 21, 44, 185, 0, 35, 124, 103, 194, 171, 27, 143, 7),
    (80, 38, 43, 98, 167, 140, 20, 150, 134, 82, 27, 169, 68, 187, 144, 111, 92, 54, 143, 95, 193, 5, 71, 24, 29, 92, 26, 15, 199, 184, 167, 1, 5, 187, 128, 59, 17, 69, 30, 40),
    (81, 66, 51, 36, 87, 194, 52, 188, 124, 89, 70, 61, 137, 147, 29, 195, 41, 92, 115, 153, 161, 87, 138, 145, 24, 10, 135, 102, 70, 7, 132, 39, 22, 179, 178, 142, 119, 71, 141, 166),
    (82, 82, 103, 180, 109, 117, 3, 9, 122, 140, 120, 166, 14, 110, 49, 11, 4, 54, 137, 193, 36, 17, 125, 154, 163, 150, 108, 186, 76, 55, 124, 166, 98, 11, 45, 78, 7, 175, 59, 18),
    (83, 85, 131, 35, 81, 158, 101, 131, 47, 186, 49, 52, 41, 124, 119, 45, 81, 138, 144, 97, 100, 40, 46, 0, 105, 117, 158, 45, 1, 137, 12, 162, 136, 132, 168, 140, 161, 65, 75, 151),
    (84, 159, 8, 33, 162, 197, 47, 16, 151, 8, 66, 84, 8, 30, 0, 105, 120, 156, 162, 119, 117, 2, 183, 192, 100, 94, 28, 198, 174, 189, 172, 94, 9, 138, 92, 7, 89, 133, 54, 140),
    (85, 146, 159, 62, 187, 33, 195, 49, 1, 127, 30, 39, 70, 145, 197, 57, 181, 96, 75, 134, 122, 186, 98, 112, 199, 120, 143, 39, 71, 198, 116, 13, 196, 150, 143, 133, 137, 95, 40, 114),
    (86, 158, 84, 188, 4, 26, 52, 27, 36, 146, 156, 72, 171, 35, 135, 55, 136, 131, 64, 11, 54, 127, 45, 19, 1, 75, 105, 50, 57, 31, 61, 94, 164, 16, 6, 139, 40, 86, 28, 136),
    (87, 195, 101, 45, 147, 178, 170, 173, 103, 191, 46, 132, 25, 168, 73, 164, 139, 91, 8, 164, 47, 177, 148, 167, 124, 68, 43, 48, 158, 114, 92, 19, 53, 193, 51, 140, 151, 115, 122, 23),
    (88, 95, 72, 139, 186, 139, 99, 46, 99, 194, 20, 77, 90, 199, 86, 103, 59, 175, 151, 39, 51, 130, 2, 83, 28, 111, 93, 24, 48, 181, 104, 17, 94, 61, 145, 108, 13, 9, 21, 26),
    (89, 119, 5, 178, 67, 18, 48, 129, 76, 120, 93, 12, 189, 135, 195, 57, 85, 174, 153, 38, 49, 16, 104, 22, 92, 149, 143, 65, 8, 175, 18, 193, 28, 36, 182, 63, 169, 116, 185, 60),
    (90, 97, 4, 99, 77, 64, 137, 184, 73, 196, 155, 57, 103, 121, 46, 33, 165, 70, 11, 163, 133, 114, 79, 191, 87, 177, 60, 72, 168, 3, 148, 62, 6, 55, 73, 26, 70, 85, 29, 130),
    (91, 15, 111, 4, 193, 15, 148, 111, 41, 67, 171, 159, 106, 103, 125, 13, 16, 156, 164, 175, 151, 88, 140, 18, 157, 80, 134, 47, 100, 173, 4, 189, 180, 198, 101, 125, 79, 155, 186, 68),
    (92, 82, 186, 9, 43, 2, 37, 59, 39, 155, 98, 136, 24, 70, 61, 118, 161, 28, 40, 17, 190, 170, 48, 37, 26, 189, 61, 100, 96, 143, 13, 131, 117, 80, 30, 73, 96, 142, 156, 18),
    (93, 20, 129, 139, 1, 110, 198, 82, 121, 90, 19, 38, 196, 142, 162, 134, 84, 165, 34, 1, 91, 17, 90, 117, 48, 117, 167, 143, 99, 151, 170, 150, 183, 63, 102, 1, 121, 120, 143, 183),
    (94, 38, 194, 119, 162, 75, 171, 140, 46, 166, 7, 10, 141, 82, 178, 46, 164, 179, 18, 163, 14, 127, 94, 3, 14, 72, 30, 114, 108, 39, 117, 189, 36, 198, 2, 140, 109, 106, 64, 75),
    (95, 65, 140, 135, 178, 122, 111, 87, 187, 177, 94, 170, 140, 141, 4, 64, 193, 131, 168, 42, 19, 148, 173, 71, 135, 107, 46, 102, 92, 192, 99, 82, 25, 1, 19, 186, 173, 155, 193, 127),
    (96, 48, 139, 1, 137, 8, 5, 152, 33, 136, 8, 131, 150, 0, 193, 74, 158, 169, 184, 8, 85, 2, 153, 2, 102, 129, 42, 165, 88, 22, 46, 31, 140, 182, 122, 104, 101, 129, 141, 199),
    (97, 94, 187, 198, 93, 122, 192, 134, 56, 109, 169, 23, 122, 84, 52, 79, 196, 124, 17, 180, 109, 28, 54, 151, 19, 0, 32, 79, 30, 80, 94, 32, 158, 17, 167, 124, 51, 23, 196, 40),
    (98, 41, 101, 161, 154, 93, 151, 23, 78, 199, 197, 144, 102, 198, 184, 124, 178, 5, 191, 83, 109, 177, 152, 126, 163, 60, 69, 84, 126, 95, 108, 142, 7, 3, 36, 185, 97, 149, 27, 109),
    (99, 155, 144, 52, 166, 165, 185, 61, 171, 30, 122, 163, 1, 109, 148, 94, 76, 189, 101, 144, 124, 122, 175, 86, 109, 82, 167, 79, 85, 81, 15, 60, 13, 13, 127, 115, 119, 89, 37, 162),
    (100, 18, 47, 0, 21, 125, 79, 148, 97, 41, 9, 194, 146, 155, 39, 54, 24, 57, 37, 79, 47, 194, 150, 5, 32, 135, 114, 118, 93, 150, 24, 68, 62, 183, 87, 71, 198, 129, 164, 170),
    (101, 51, 85, 54, 180, 1, 184, 30, 112, 150, 102, 74, 190, 151, 141, 81, 199, 98, 36, 44, 153, 119, 104, 176, 121, 32, 71, 188, 7, 147, 168, 156, 45, 194, 78, 159, 78, 85, 197, 24),
    (102, 93, 45, 146, 119, 198, 105, 113, 127, 88, 56, 40, 37, 168, 37, 10, 75, 92, 173, 27, 40, 41, 152, 81, 158, 177, 20, 22, 83, 162, 196, 140, 38, 150, 142, 131, 34, 150, 48, 193),
    (103, 2, 98, 134, 57, 144, 171, 136, 7, 168, 40, 124, 163, 151, 176, 160, 17, 110, 166, 83, 65, 3, 174, 36, 178, 48, 139, 29, 83, 187, 141, 117, 83, 165, 88, 102, 110, 21, 38, 153),
    (104, 187, 74, 40, 99, 152, 52, 196, 138, 25, 12, 167, 1, 192, 143, 54, 26, 143, 198, 4, 37, 165, 15, 47, 159, 102, 69, 128, 151, 64, 32, 45, 2, 138, 13, 115, 132, 48, 59, 44),
    (105, 74, 172, 0, 142, 40, 130, 179, 156, 41, 154, 61, 184, 9, 71, 154, 120, 193, 48, 157, 157, 5, 4, 168, 173, 143, 66, 190, 38, 11, 107, 195, 154, 63, 160, 102, 42, 26, 166, 49),
    (106, 109, 7, 27, 82, 183, 148, 166, 164, 126, 43, 51, 26, 195, 52, 130, 64, 0, 136, 79, 178, 94, 191, 156, 197, 145, 117, 73, 113, 45, 94, 111, 196, 146, 46, 31, 195, 20, 172, 77),
    (107, 88, 55, 64, 13, 125, 134, 38, 131, 36, 79, 100, 105, 6, 171, 163, 8, 124, 6, 177, 163, 130, 70, 106, 172, 173, 196, 53, 40, 173, 44, 31, 90, 179, 142, 71, 28, 175, 124, 155),
    (108, 27, 24, 106, 17, 90, 195, 161, 15, 114, 67, 88, 96, 193, 33, 2, 131, 115, 34, 157, 44, 75, 169, 155, 106, 86, 154, 22, 115, 95, 156, 182, 151, 182, 56, 70, 94, 164, 71, 159),
    (109, 108, 36, 174, 94, 184, 138, 59, 163, 185, 34, 35, 175, 193, 197, 164, 106, 65, 62, 184, 120, 183, 64, 75, 113, 124, 108, 181, 155, 41, 99, 102, 69, 137, 26, 51, 193, 62, 108, 93),
    (110, 53, 82, 32, 185, 34, 132, 178, 171, 35, 169, 178, 17, 136, 177, 181, 185, 94, 190, 52, 61, 56, 131, 79, 18, 134, 108, 62, 63, 106, 99, 186, 12, 153, 12, 142, 57, 57, 29, 13),
    (111, 51, 77, 188, 71, 29, 196, 86, 87, 97, 122, 42, 67, 121, 140, 55, 21, 183, 152, 169, 106, 139, 188, 197, 119, 175, 4, 69, 197, 13, 159, 27, 39, 55, 18, 76, 83, 105, 108, 69),
    (112, 96, 184, 83, 27, 182, 22, 21, 16, 52, 137, 2, 161, 120, 7, 61, 132, 76, 79, 18, 107, 185, 120, 78, 14, 154, 171, 166, 11, 132, 82, 95, 143, 26, 122, 110, 35, 65, 9, 195),
    (113, 106, 105, 134, 105, 33, 39, 63, 1, 94, 176, 87, 166, 118, 61, 15, 142, 132, 164, 169, 140, 186, 41, 163, 132, 69, 192, 18, 15, 180, 114, 57, 38, 65, 82, 137, 143, 152, 75, 41),
    (114, 16, 72, 78, 72, 172, 191, 73, 183, 26, 177, 106, 176, 16, 134, 33, 77, 4, 85, 91, 168, 127, 167, 21, 82, 70, 118, 121, 31, 18, 122, 65, 188, 177, 103, 35, 71, 46, 41, 146),
    (115, 136, 1, 120, 126, 199, 116, 38, 151, 96, 20, 176, 158, 179, 146, 145, 166, 187, 187, 109, 173, 146, 135, 147, 106, 14, 132, 110, 93, 48, 140, 166, 192, 3, 14, 141, 24, 76, 1, 76),
    (116, 167, 166, 134, 130, 100, 150, 132, 138, 140, 145, 123, 70, 30, 182, 90, 153, 198, 185, 2, 145, 66, 74, 190, 63, 154, 21, 27, 20, 76, 90, 169, 148, 49, 153, 54, 130, 108, 178, 0),
    (117, 167, 91, 42, 137, 145, 95, 41, 95, 23, 162, 57, 4, 104, 92, 171, 112, 130, 73, 175, 84, 98, 120, 58, 48, 96, 140, 48, 166, 193, 88, 143, 138, 23, 179, 170, 13, 139, 28, 86),
    (118, 125, 76, 72, 97, 196, 125, 133, 7, 160, 166, 95, 84, 50, 37, 92, 99, 118, 66, 41, 140, 101, 0, 154, 158, 59, 14, 35, 31, 89, 23, 178, 196, 86, 126, 40, 168, 59, 120, 86),
    (119, 116, 169, 122, 9, 86, 116, 68, 52, 36, 13, 99, 49, 127, 31, 179, 199, 160, 1, 133, 97, 165, 26, 93, 83, 82, 89, 191, 139, 18, 10, 81, 27, 157, 42, 129, 43, 95, 14, 63),
    (120, 36, 13, 44, 188, 155, 84, 14, 66, 149, 119, 150, 26, 17, 78, 41, 160, 79, 133, 91, 35, 84, 55, 16, 145, 158, 87, 128, 37, 54, 29, 25, 160, 71, 140, 110, 163, 198, 6, 22),
    (121, 60, 25, 14, 110, 199, 80, 96, 107, 98, 24, 184, 35, 104, 171, 59, 87, 154, 105, 14, 118, 138, 199, 117, 6, 132, 46, 43, 108, 92, 16, 110, 102, 174, 157, 64, 120, 38, 92, 72),
    (122, 79, 58, 152, 145, 163, 66, 179, 61, 113, 26, 149, 99, 104, 67, 32, 143, 20, 67, 114, 95, 84, 49, 178, 142, 25, 54, 114, 91, 22, 155, 99, 184, 140, 33, 129, 173, 161, 102, 104),
    (123, 151, 50, 131, 125, 101, 90, 29, 14, 109, 24, 195, 7, 159, 5, 11, 198, 27, 43, 71, 16, 145, 44, 19, 54, 15, 12, 8, 121, 5, 129, 123, 136, 90, 91, 65, 181, 89, 15, 42),
    (124, 20, 47, 105, 56, 42, 199, 16, 38, 98, 183, 197, 129, 146, 25, 186, 24, 196, 94, 151, 30, 159, 84, 109, 68, 169, 66, 180, 109, 59, 187, 27, 185, 145, 185, 177, 166, 88, 18, 74),
    (125, 117, 51, 60, 48, 138, 128, 179, 47, 79, 18, 88, 24, 73, 1, 174, 144, 65, 104, 59, 136, 180, 136, 143, 148, 34, 86, 76, 123, 109, 193, 181, 148, 89, 106, 163, 125, 121, 103, 153),
    (126, 147, 140, 164, 55, 173, 115, 74, 71, 25, 17, 141, 29, 67, 28, 187, 130, 171, 72, 98, 25, 89, 26, 60, 134, 106, 65, 36, 73, 151, 13, 128, 124, 123, 40, 82, 1, 170, 129, 190),
    (127, 13, 111, 109, 69, 73, 46, 94, 101, 37, 54, 159, 38, 140, 31, 15, 169, 89, 46, 48, 111, 129, 91, 99, 51, 118, 65, 190, 153, 14, 92, 196, 113, 33, 144, 93, 49, 34, 66, 11),
    (128, 167, 98, 59, 35, 192, 42, 51, 122, 117, 99, 104, 80, 68, 83, 15, 171, 187, 196, 133, 194, 128, 105, 33, 78, 7, 122, 0, 25, 69, 7, 77, 81, 185, 64, 194, 67, 16, 152, 24),
    (129, 193, 29, 71, 112, 173, 127, 140, 51, 173, 118, 115, 89, 91, 110, 119, 155, 3, 58, 98, 174, 173, 195, 177, 111, 163, 73, 99, 17, 155, 91, 111, 128, 81, 112, 43, 3, 6, 132, 20),
    (130, 34, 79, 18, 176, 14, 7, 83, 64, 121, 12, 188, 131, 50, 76, 89, 8, 144, 110, 83, 62, 65, 32, 83, 54, 16, 60, 186, 4, 110, 72, 101, 29, 111, 9, 177, 3, 4, 19, 19),
    (131, 117, 170, 103, 116, 119, 83, 164, 120, 112, 46, 190, 22, 24, 105, 83, 67, 69, 38, 14, 168, 53, 14, 158, 15, 11, 115, 181, 6, 40, 2, 104, 182, 113, 24, 169, 33, 139, 86, 52),
    (132, 188, 24, 57, 98, 41, 45, 50, 83, 199, 27, 132, 99, 162, 134, 133, 176, 59, 88, 7, 49, 46, 51, 166, 28, 31, 99, 105, 126, 70, 174, 136, 141, 147, 69, 11, 91, 155, 2, 120),
    (133, 172, 77, 193, 122, 88, 43, 50, 112, 174, 43, 115, 130, 159, 187, 191, 100, 36, 173, 12, 71, 102, 2, 76, 52, 102, 108, 37, 89, 3, 64, 165, 185, 161, 2, 16, 183, 90, 169, 103),
    (134, 108, 136, 191, 48, 136, 183, 169, 193, 155, 9, 190, 45, 185, 183, 80, 196, 125, 99, 162, 101, 166, 47, 74, 180, 3, 31, 27, 157, 96, 157, 85, 197, 119, 120, 3, 46, 1, 69, 31),
    (135, 88, 21, 183, 116, 43, 32, 27, 105, 111, 85, 32, 9, 36, 168, 192, 20, 113, 24, 52, 132, 135, 196, 160, 96, 94, 42, 172, 125, 197, 66, 92, 47, 57, 51, 27, 23, 107, 14, 49),
    (136, 29, 24, 106, 130, 185, 79, 110, 25, 34, 47, 40, 88, 85, 62, 29, 163, 63, 146, 73, 118, 104, 102, 88, 14, 12, 7, 88, 63, 138, 9, 94, 6, 144, 167, 105, 37, 12, 168, 110),
    (137, 4, 30, 183, 23, 98, 1, 138, 153, 112, 173, 131, 114, 181, 102, 65, 146, 151, 138, 110, 107, 65, 28, 156, 100, 96, 121, 190, 40, 55, 72, 35, 40, 179, 108, 114, 100, 30, 166, 12),
    (138, 185, 23, 98, 185, 72, 121, 13, 67, 35, 121, 181, 161, 156, 16, 197, 162, 160, 155, 155, 112, 176, 110, 198, 59, 75, 136, 76, 49, 133, 172, 85, 139, 177, 25, 21, 16, 139, 128, 63),
    (139, 136, 5, 89, 149, 135, 85, 187, 22, 170, 156, 158, 27, 62, 142, 65, 127, 95, 194, 95, 124, 199, 19, 10, 171, 138, 165, 88, 131, 145, 179, 4, 182, 76, 126, 158, 17, 167, 127, 100),
    (140, 188, 18, 106, 25, 135, 22, 105, 91, 5, 131, 8, 85, 87, 122, 90, 32, 108, 158, 145, 134, 192, 23, 190, 4, 197, 73, 18, 25, 86, 58, 40, 54, 1, 4, 143, 32, 143, 21, 142),
    (141, 102, 37, 56, 31, 101, 81, 163, 131, 190, 1, 124, 179, 164, 112, 107, 35, 143, 15, 51, 74, 197, 84, 14, 77, 65, 81, 80, 151, 188, 192, 125, 174, 186, 29, 118, 150, 131, 28, 100),
    (142, 126, 33, 60, 123, 87, 100, 192, 111, 186, 14, 135, 40, 103, 84, 65, 50, 6, 137, 42, 93, 115, 113, 23, 95, 48, 142, 190, 5, 168, 75, 16, 31, 138, 11, 163, 182, 39, 187, 86),
    (143, 77, 4, 13, 54, 28, 125, 19, 58, 164, 199, 54, 66, 108, 164, 129, 167, 125, 138, 143, 167, 134, 33, 117, 76, 63, 28, 15, 117, 110, 139, 34, 88, 139, 145, 129, 8, 152, 93, 59),
    (144, 123, 155, 151, 49, 110, 51, 81, 11, 69, 69, 124, 84, 77, 127, 199, 5, 176, 4, 38, 142, 142, 177, 16, 100, 37, 40, 125, 45, 187, 5, 123, 114, 93, 169, 67, 86, 26, 148, 174),
    (145, 186, 62, 151, 22, 126, 82, 5, 130, 1, 83, 45, 43, 111, 62, 125, 21, 2, 144, 3, 148, 48, 64, 87, 0, 110, 38, 159, 164, 149, 34, 28, 195, 14, 120, 23, 195, 127, 176, 80),
    (146, 176, 24, 50, 11, 168, 31, 165, 129, 147, 129, 56, 142, 38, 113, 142, 95, 76, 95, 84, 53, 161, 186, 72, 64, 72, 198, 184, 58, 93, 174, 128, 32, 26, 141, 63, 36, 15, 68, 125),
    (147, 176, 187, 44, 59, 44, 105, 134, 145, 106, 20, 54, 2, 182, 182, 29, 95, 93, 169, 74, 176, 129, 196, 61, 175, 102, 165, 33, 79, 119, 167, 196, 187, 153, 25, 52, 141, 164, 43, 152),
    (148, 39, 161, 78, 132, 150, 99, 148, 116, 190, 169, 115, 196, 2, 169, 144, 128, 19, 59, 179, 164, 59, 149, 193, 8, 145, 84, 163, 65, 190, 45, 64, 14, 108, 148, 51, 95, 164, 30, 20),
    (149, 141, 52, 82, 75, 152, 50, 154, 57, 2, 172, 88, 110, 88, 90, 22, 106, 79, 0, 134, 98, 129, 190, 129, 18, 72, 38, 45, 119, 175, 39, 170, 196, 189, 70, 112, 123, 134, 126, 43),
    (150, 140, 26, 167, 49, 72, 101, 108, 100, 33, 111, 175, 87, 70, 66, 32, 38, 58, 176, 127, 172, 191, 33, 21, 91, 135, 12, 185, 50, 130, 95, 133, 28, 158, 37, 144, 169, 101, 132, 145),
    (151, 12, 93, 168, 166, 108, 69, 100, 65, 13, 145, 96, 65, 110, 55, 192, 119, 92, 145, 140, 67, 7, 180, 50, 168, 108, 138, 46, 106, 56, 19, 113, 36, 137, 120, 60, 136, 54, 69, 95),
    (152, 158, 48, 193, 112, 125, 197, 50, 125, 78, 131, 70, 12, 50, 83, 85, 11, 94, 107, 77, 107, 43, 117, 68, 188, 95, 58, 3, 103, 123, 35, 165, 187, 103, 137, 119, 20, 8, 171, 63),
    (153, 73, 126, 85, 166, 118, 14, 178, 62, 8, 3, 42, 34, 127, 99, 81, 85, 154, 164, 178, 161, 11, 120, 188, 97, 6, 108, 108, 51, 54, 76, 143, 169, 18, 22, 75, 24, 109, 171, 17),
    (154, 88, 163, 159, 66, 92, 188, 26, 117, 197, 6, 6, 123, 112, 195, 3, 57, 140, 30, 44, 144, 191, 120, 185, 81, 79, 84, 191, 13, 8, 94, 178, 4, 76, 91, 54, 186, 168, 114, 38),
    (155, 27, 99, 10, 164, 42, 182, 193, 64, 69, 168, 44, 139, 160, 86, 147, 124, 185, 93, 78, 13, 87, 108, 198, 85, 153, 138, 112, 53, 74, 162, 54, 161, 152, 110, 16, 73, 57, 108, 57),
    (156, 193, 154, 169, 183, 103, 125, 48, 191, 86, 2, 108, 105, 174, 53, 110, 49, 11, 7, 49, 110, 13, 173, 45, 194, 72, 74, 69, 91, 113, 196, 46, 9, 9, 54, 145, 187, 56, 180, 145),
    (157, 114, 24, 141, 113, 33, 29, 21, 101, 196, 145, 39, 83, 195, 23, 108, 157, 134, 63, 67, 77, 103, 127, 52, 10, 102, 8, 4, 70, 76, 169, 25, 120, 99, 44, 147, 66, 149, 121, 95),
    (158, 174, 13, 118, 4, 85, 133, 20, 50, 63, 117, 190, 14, 144, 3, 103, 60, 68, 66, 38, 77, 143, 143, 117, 90, 152, 7, 0, 7, 191, 72, 193, 42, 90, 26, 40, 195, 199, 182, 136),
    (159, 24, 13, 131, 84, 13, 152, 116, 95, 5, 34, 18, 18, 173, 139, 43, 66, 169, 164, 30, 39, 51, 102, 6, 59, 183, 25, 94, 15, 71, 129, 126, 63, 88, 88, 23, 116, 190, 139, 9),
    (160, 44, 113, 48, 35, 1, 19, 148, 107, 73, 66, 6, 104, 171, 191, 132, 9, 135, 68, 174, 82, 5, 163, 95, 92, 75, 116, 85, 29, 35, 46, 184, 179, 195, 77, 115, 43, 30, 35, 11),
    (161, 53, 87, 11, 165, 69, 108, 63, 96, 146, 7, 165, 190, 45, 179, 158, 159, 62, 37, 149, 12, 122, 87, 31, 115, 116, 28, 58, 159, 188, 119, 184, 160, 71, 194, 52, 159, 64, 148, 15),
    (162, 120, 175, 132, 64, 54, 186, 104, 18, 20, 121, 197, 174, 128, 95, 18, 78, 48, 110, 145, 178, 9, 21, 14, 113, 195, 107, 192, 130, 106, 101, 48, 195, 150, 42, 174, 82, 139, 180, 184),
    (163, 70, 13, 132, 12, 191, 123, 90, 133, 180, 131, 169, 4, 60, 162, 8, 32, 140, 84, 12, 76, 16, 36, 193, 170, 23, 122, 96, 0, 154, 128, 47, 113, 124, 143, 137, 26, 144, 159, 54),
    (164, 123, 66, 16, 33, 179, 43, 85, 52, 100, 19, 191, 181, 61, 75, 29, 37, 139, 175, 7, 23, 172, 23, 127, 97, 97, 80, 120, 75, 179, 55, 183, 84, 141, 83, 155, 55, 1, 28, 40),
    (165, 66, 175, 39, 50, 183, 27, 48, 15, 22, 105, 47, 50, 167, 155, 198, 107, 59, 24, 25, 179, 199, 199, 93, 55, 60, 110, 106, 64, 147, 194, 115, 18, 100, 110, 130, 96, 199, 110, 161),
    (166, 52, 53, 148, 117, 68, 79, 170, 135, 20, 121, 192, 143, 84, 175, 99, 2, 162, 36, 184, 179, 137, 15, 91, 131, 18, 78, 144, 194, 29, 92, 25, 41, 171, 173, 165, 164, 165, 101, 2),
    (167, 78, 142, 129, 14, 105, 16, 186, 183, 181, 87, 195, 160, 83, 64, 1, 113, 114, 113, 110, 118, 11, 181, 176, 104, 191, 21, 178, 198, 64, 180, 62, 38, 37, 129, 42, 131, 78, 1, 199),
    (168, 92, 18, 37, 2, 152, 27, 79, 147, 52, 36, 174, 9, 164, 68, 171, 159, 181, 199, 89, 161, 56, 89, 101, 53, 53, 1, 48, 182, 22, 9, 167, 78, 4, 54, 145, 40, 75, 156, 82),
    (169, 77, 158, 36, 161, 94, 103, 147, 153, 31, 146, 47, 36, 115, 60, 65, 39, 196, 107, 29, 111, 174, 35, 167, 97, 26, 183, 4, 102, 63, 34, 86, 24, 127, 26, 3, 54, 159, 123, 7),
    (170, 78, 129, 164, 55, 6, 41, 89, 130, 100, 8, 97, 95, 51, 182, 181, 137, 78, 89, 143, 60, 75, 162, 4, 193, 39, 27, 52, 108, 29, 131, 20, 79, 135, 92, 75, 147, 53, 11, 147),
    (171, 83, 48, 94, 129, 15, 187, 179, 125, 174, 124, 48, 88, 115, 91, 156, 81, 135, 64, 162, 113, 31, 82, 142, 36, 170, 113, 90, 176, 196, 145, 55, 119, 169, 73, 164, 110, 155, 9, 69),
    (172, 195, 135, 73, 150, 14, 88, 37, 188, 82, 116, 34, 75, 92, 28, 182, 16, 32, 162, 94, 158, 144, 118, 125, 144, 115, 43, 168, 74, 96, 141, 32, 134, 38, 181, 49, 185, 174, 38, 61),
    (173, 168, 111, 89, 186, 179, 184, 38, 21, 116, 114, 88, 159, 144, 76, 11, 183, 151, 180, 83, 19, 80, 69, 191, 124, 111, 139, 15, 159, 173, 23, 122, 119, 153, 116, 119, 15, 178, 40, 44),
    (174, 185, 123, 185, 189, 120, 199, 167, 158, 127, 65, 91, 22, 26, 20, 23, 37, 169, 114, 176, 164, 184, 134, 140, 55, 52, 136, 28, 125, 32, 121, 59, 27, 106, 34, 106, 142, 192, 15, 2),
    (175, 8, 37, 41, 25, 173, 193, 81, 102, 33, 3, 41, 151, 126, 134, 21, 138, 41, 100, 168, 62, 51, 67, 93, 91, 166, 197, 112, 186, 27, 91, 128, 30, 167, 97, 165, 73, 114, 167, 59),
    (176, 36, 74, 91, 33, 117, 146, 23, 5, 138, 135, 150, 108, 5, 123, 81, 153, 62, 73, 80, 136, 95, 164, 28, 122, 172, 38, 121, 25, 119, 61, 141, 84, 127, 119, 92, 20, 155, 151, 183),
    (177, 0, 149, 169, 0, 114, 31, 15, 175, 141, 45, 144, 128, 118, 111, 63, 58, 166, 47, 110, 123, 71, 91, 42, 190, 164, 93, 15, 177, 136, 146, 194, 126, 47, 110, 112, 143, 58, 136, 1),
    (178, 178, 68, 163, 185, 75, 119, 40, 194, 50, 170, 137, 99, 80, 181, 130, 82, 135, 23, 110, 56, 36, 75, 196, 101, 180, 41, 59, 69, 161, 186, 5, 71, 146, 14, 62, 179, 199, 19, 45),
    (179, 153, 105, 32, 83, 181, 152, 102, 63, 162, 144, 186, 68, 34, 79, 181, 107, 77, 161, 106, 11, 55, 59, 86, 174, 148, 156, 172, 146, 104, 180, 97, 30, 1, 167, 128, 196, 173, 27, 195),
    (180, 78, 187, 189, 30, 57, 80, 24, 155, 155, 130, 199, 93, 128, 39, 44, 158, 46, 10, 82, 153, 57, 121, 20, 27, 48, 174, 114, 67, 99, 88, 86, 176, 111, 162, 108, 66, 132, 78, 153),
    (181, 137, 129, 15, 41, 50, 151, 39, 53, 126, 19, 141, 171, 38, 178, 47, 75, 159, 97, 149, 65, 55, 145, 89, 63, 136, 68, 114, 73, 123, 139, 49, 126, 2, 58, 188, 101, 117, 150, 18),
    (182, 46, 192, 186, 140, 162, 44, 139, 177, 185, 60, 180, 89, 79, 103, 158, 164, 52, 57, 182, 196, 179, 126, 59, 17, 83, 84, 111, 190, 161, 110, 40, 31, 133, 156, 158, 8, 68, 52, 8),
    (183, 131, 34, 100, 126, 84, 74, 169, 172, 97, 113, 160, 114, 26, 92, 194, 128, 148, 161, 161, 103, 168, 8, 85, 146, 95, 117, 184, 161, 149, 133, 150, 100, 104, 54, 22, 183, 28, 110, 124),
    (184, 87, 116, 173, 6, 123, 95, 144, 168, 61, 39, 141, 5, 42, 51, 45, 175, 124, 199, 64, 148, 190, 77, 14, 49, 184, 67, 135, 62, 138, 29, 41, 174, 24, 22, 62, 87, 196, 76, 149),
    (185, 163, 71, 183, 36, 116, 66, 28, 44, 82, 169, 151, 170, 97, 93, 89, 12, 134, 70, 190, 191, 34, 154, 87, 136, 145, 123, 83, 184, 34, 142, 137, 17, 81, 163, 93, 181, 40, 143, 6),
    (186, 90, 84, 177, 95, 1, 132, 185, 40, 92, 174, 174, 13, 3, 0, 79, 191, 117, 168, 197, 32, 12, 37, 90, 187, 193, 137, 120, 150, 199, 169, 7, 163, 109, 65, 105, 170, 13, 91, 64),
    (187, 118, 119, 103, 146, 108, 4, 159, 104, 131, 26, 34, 118, 130, 160, 75, 76, 198, 178, 110, 191, 0, 196, 48, 114, 51, 190, 69, 2, 148, 18, 147, 166, 41, 100, 119, 132, 95, 159, 166),
    (188, 183, 76, 78, 22, 173, 106, 12, 184, 94, 149, 163, 149, 159, 57, 152, 138, 121, 52, 144, 56, 136, 17, 121, 91, 42, 151, 148, 167, 58, 44, 47, 184, 135, 105, 185, 141, 86, 178, 146),
    (189, 170, 171, 101, 111, 54, 131, 140, 35, 164, 2, 173, 40, 56, 173, 46, 14, 90, 19, 11, 30, 105, 97, 56, 139, 67, 159, 189, 147, 159, 14, 26, 63, 102, 95, 69, 188, 36, 178, 67),
    (190, 93, 104, 7, 77, 55, 1, 43, 10, 181, 49, 93, 152, 75, 193, 120, 171, 25, 197, 144, 70, 181, 22, 132, 118, 40, 192, 87, 50, 14, 170, 91, 106, 134, 163, 108, 44, 30, 121, 101),
    (191, 70, 29, 161, 183, 149, 126, 190, 108, 115, 132, 155, 11, 95, 119, 115, 46, 138, 19, 27, 76, 36, 153, 158, 2, 99, 199, 28, 84, 5, 13, 153, 19, 27, 75, 147, 123, 42, 120, 83),
    (192, 48, 54, 195, 181, 2, 36, 192, 23, 83, 78, 66, 50, 5, 33, 175, 178, 10, 62, 152, 197, 129, 193, 136, 181, 169, 147, 131, 113, 106, 46, 7, 34, 62, 90, 96, 189, 132, 153, 177),
    (193, 56, 46, 16, 142, 16, 134, 171, 100, 38, 9, 19, 72, 147, 183, 44, 19, 199, 196, 90, 37, 129, 163, 39, 124, 34, 26, 68, 68, 89, 25, 76, 88, 38, 86, 196, 185, 80, 58, 40),
    (194, 116, 75, 73, 163, 167, 164, 157, 149, 146, 119, 152, 161, 152, 89, 143, 27, 141, 176, 89, 96, 167, 172, 157, 164, 184, 28, 92, 73, 138, 89, 18, 122, 71, 160, 144, 148, 90, 144, 164),
    (195, 81, 73, 145, 140, 79, 141, 24, 104, 118, 21, 110, 85, 116, 189, 56, 21, 151, 65, 170, 46, 45, 115, 80, 54, 167, 146, 138, 20, 65, 152, 29, 120, 26, 110, 13, 0, 63, 161, 57),
    (196, 126, 182, 1, 54, 85, 166, 153, 97, 168, 18, 176, 129, 160, 156, 85, 195, 114, 32, 132, 151, 128, 66, 90, 133, 53, 130, 131, 5, 68, 122, 175, 149, 10, 24, 113, 78, 184, 16, 143),
    (197, 34, 180, 58, 37, 138, 147, 139, 76, 184, 99, 89, 123, 86, 18, 66, 50, 192, 20, 123, 128, 30, 18, 65, 36, 175, 198, 99, 109, 162, 25, 155, 65, 101, 145, 47, 132, 122, 153, 158),
    (198, 107, 103, 41, 39, 114, 90, 9, 5, 142, 77, 76, 170, 60, 172, 81, 94, 46, 134, 113, 38, 107, 176, 10, 174, 85, 8, 120, 112, 142, 155, 179, 80, 27, 139, 193, 101, 155, 105, 178),
    (199, 48, 116, 197, 123, 137, 81, 162, 189, 125, 120, 160, 186, 138, 27, 50, 86, 144, 104, 16, 161, 78, 45, 189, 197, 56, 185, 60, 90, 87, 152, 160, 133, 198, 4, 155, 141, 199, 45, 154);

INSERT INTO T28 (pk, t1, t2, t3, t4, t5, t6, t7, t8, t9, t10, t11, t12, t13, t14, t15, t16, t17, t18, t19, t20, t21, t22, t23, t24, t25, t26, t27, t29, t30, t31, t32, t33, t34, t35, t36, t37, t38, t39, t40)
VALUES
    (0, 185, 4, 120, 132, 79, 56, 113, 165, 145, 19, 94, 68, 186, 118, 198, 199, 96, 9, 99, 181, 39, 40, 170, 42, 142, 179, 148, 34, 62, 36, 153, 92, 194, 38, 33, 110, 121, 42, 39),
    (1, 48, 23, 136, 96, 176, 40, 37, 164, 140, 74, 103, 101, 64, 65, 102, 198, 195, 3, 165, 8, 14, 47, 0, 170, 138, 153, 37, 126, 164, 100, 3, 21, 17, 92, 38, 189, 34, 113, 47),
    (2, 112, 107, 116, 60, 169, 0, 93, 71, 164, 122, 95, 139, 140, 14, 34, 183, 147, 40, 56, 50, 6, 114, 81, 64, 186, 64, 78, 18, 49, 62, 112, 197, 133, 164, 4, 3, 17, 158, 35),
    (3, 6, 16, 47, 1, 16, 83, 153, 125, 59, 21, 43, 51, 36, 186, 141, 99, 48, 134, 104, 55, 35, 122, 163, 115, 144, 95, 43, 32, 79, 79, 149, 43, 182, 145, 181, 186, 111, 52, 155),
    (4, 75, 44, 7, 7, 46, 30, 53, 91, 55, 9, 35, 8, 125, 49, 50, 62, 172, 97, 197, 169, 129, 151, 97, 45, 75, 45, 181, 103, 56, 16, 143, 181, 132, 99, 143, 164, 168, 109, 43),
    (5, 2, 37, 164, 16, 166, 186, 13, 118, 4, 97, 173, 198, 164, 130, 156, 9, 175, 61, 179, 133, 58, 19, 194, 124, 29, 0, 51, 194, 157, 75, 28, 131, 119, 58, 24, 69, 193, 108, 150),
    (6, 1, 47, 169, 72, 39, 124, 92, 36, 96, 131, 80, 126, 110, 84, 92, 89, 77, 59, 141, 197, 18, 104, 38, 21, 104, 154, 140, 43, 194, 34, 54, 83, 39, 144, 10, 54, 114, 160, 157),
    (7, 95, 54, 33, 70, 188, 59, 24, 60, 81, 62, 112, 155, 32, 66, 58, 25, 67, 39, 16, 158, 64, 47, 14, 67, 98, 35, 189, 136, 92, 94, 67, 182, 21, 89, 146, 40, 66, 94, 108),
    (8, 23, 143, 167, 102, 176, 112, 59, 156, 10, 48, 124, 65, 82, 89, 194, 81, 96, 51, 23, 92, 183, 182, 119, 73, 110, 124, 142, 178, 56, 96, 60, 61, 140, 53, 171, 156, 134, 76, 180),
    (9, 199, 57, 155, 2, 18, 29, 52, 13, 121, 199, 113, 104, 25, 159, 96, 9, 151, 132, 5, 53, 154, 67, 46, 191, 60, 145, 170, 15, 97, 59, 136, 116, 183, 139, 143, 191, 182, 19, 126),
    (10, 31, 160, 110, 193, 81, 97, 168, 80, 94, 1, 42, 78, 181, 187, 145, 176, 199, 192, 178, 178, 168, 125, 101, 101, 159, 110, 42, 113, 16, 143, 178, 5, 129, 181, 69, 139, 190, 67, 17),
    (11, 75, 9, 121, 55, 47, 14, 10, 110, 73, 117, 170, 184, 145, 166, 187, 101, 17, 163, 171, 68, 34, 63, 78, 171, 197, 114, 145, 30, 167, 26, 160, 37, 37, 125, 126, 18, 42, 59, 150),
    (12, 114, 175, 14, 75, 38, 6, 98, 78, 118, 149, 110, 137, 37, 170, 160, 59, 137, 3, 141, 3, 7, 127, 135, 62, 70, 83, 84, 122, 83, 14, 40, 156, 118, 67, 199, 31, 10, 2, 191),
    (13, 142, 58, 30, 34, 121, 181, 88, 65, 65, 56, 52, 181, 169, 55, 69, 91, 183, 182, 1, 27, 107, 91, 78, 134, 11, 19, 163, 165, 84, 121, 91, 28, 86, 93, 54, 86, 172, 131, 142),
    (14, 83, 0, 99, 96, 154, 53, 84, 142, 195, 61, 116, 117, 194, 78, 189, 169, 47, 182, 100, 4, 142, 74, 94, 12, 118, 171, 39, 82, 101, 195, 59, 134, 151, 18, 86, 153, 145, 66, 49),
    (15, 6, 50, 91, 99, 55, 163, 196, 11, 147, 49, 98, 31, 125, 62, 140, 63, 6, 0, 87, 184, 4, 96, 82, 166, 141, 39, 0, 132, 165, 141, 27, 17, 170, 101, 77, 87, 131, 180, 199),
    (16, 102, 4, 71, 64, 78, 93, 131, 27, 185, 35, 173, 40, 13, 179, 36, 48, 128, 20, 160, 13, 78, 50, 135, 44, 12, 20, 64, 166, 173, 137, 41, 84, 164, 98, 31, 28, 173, 187, 137),
    (17, 170, 188, 125, 25, 155, 36, 131, 182, 151, 102, 164, 122, 16, 196, 142, 15, 18, 38, 114, 165, 28, 37, 95, 104, 73, 155, 154, 196, 113, 40, 140, 193, 160, 180, 2, 94, 198, 99, 46),
    (18, 25, 91, 77, 86, 76, 164, 171, 112, 126, 157, 119, 117, 68, 56, 74, 55, 106, 181, 171, 147, 197, 144, 52, 112, 66, 136, 140, 41, 43, 66, 132, 17, 127, 75, 185, 44, 110, 141, 120),
    (19, 149, 31, 6, 11, 128, 164, 25, 48, 19, 95, 47, 37, 30, 42, 175, 181, 21, 127, 80, 175, 62, 3, 96, 93, 196, 144, 141, 181, 97, 139, 4, 174, 112, 123, 57, 123, 84, 85, 17),
    (20, 96, 149, 54, 77, 169, 133, 78, 64, 147, 50, 131, 58, 159, 28, 111, 126, 115, 58, 38, 28, 176, 1, 74, 107, 160, 185, 144, 134, 93, 53, 114, 123, 80, 128, 54, 179, 183, 129, 12),
    (21, 20, 156, 60, 191, 25, 167, 135, 121, 185, 182, 19, 87, 173, 46, 68, 152, 0, 90, 120, 89, 57, 41, 7, 164, 146, 134, 57, 37, 167, 37, 18, 130, 120, 124, 166, 185, 166, 178, 189),
    (22, 174, 55, 79, 56, 164, 147, 176, 60, 185, 58, 135, 158, 133, 170, 125, 132, 74, 121, 106, 73, 167, 167, 160, 133, 180, 101, 29, 94, 71, 53, 98, 32, 5, 137, 32, 172, 15, 172, 118),
    (23, 139, 149, 150, 29, 163, 159, 60, 159, 87, 98, 190, 43, 3, 186, 70, 196, 126, 131, 7, 120, 83, 15, 150, 122, 140, 41, 13, 90, 132, 36, 58, 171, 155, 172, 78, 22, 58, 21, 1),
    (24, 87, 196, 149, 156, 46, 26, 97, 195, 155, 72, 105, 12, 90, 51, 49, 118, 0, 28, 36, 8, 109, 182, 33, 63, 37, 167, 95, 84, 131, 166, 15, 106, 53, 108, 194, 41, 36, 191, 72),
    (25, 76, 190, 38, 198, 77, 115, 112, 79, 90, 141, 114, 122, 138, 163, 134, 110, 197, 71, 51, 62, 62, 189, 88, 113, 66, 139, 58, 34, 128, 7, 70, 14, 78, 17, 18, 56, 103, 84, 160),
    (26, 100, 144, 172, 54, 5, 116, 68, 168, 12, 191, 138, 7, 108, 94, 13, 101, 93, 110, 167, 53, 18, 45, 174, 196, 19, 57, 146, 144, 132, 9, 155, 82, 170, 22, 77, 60, 15, 67, 163),
    (27, 96, 126, 105, 20, 143, 18, 28, 19, 116, 88, 2, 177, 181, 22, 8, 7, 70, 22, 22, 87, 118, 116, 43, 3, 98, 126, 161, 108, 40, 77, 86, 137, 109, 2, 89, 19, 87, 178, 191),
    (28, 186, 171, 12, 2, 60, 81, 73, 125, 41, 48, 18, 76, 34, 16, 86, 164, 32, 129, 114, 2, 193, 40, 82, 166, 37, 41, 91, 135, 109, 153, 74, 125, 134, 9, 153, 8, 178, 26, 162),
    (29, 83, 85, 194, 94, 110, 82, 36, 171, 84, 180, 136, 114, 63, 196, 71, 102, 22, 191, 177, 151, 106, 24, 73, 38, 115, 162, 87, 11, 184, 71, 49, 46, 13, 106, 24, 128, 104, 69, 141),
    (30, 74, 3, 132, 156, 32, 193, 128, 107, 165, 59, 76, 185, 186, 183, 169, 149, 49, 97, 169, 88, 31, 198, 133, 165, 36, 184, 86, 91, 63, 131, 84, 116, 100, 187, 124, 93, 168, 170, 85),
    (31, 71, 93, 61, 129, 182, 171, 115, 112, 123, 127, 178, 56, 195, 153, 16, 94, 182, 160, 105, 165, 9, 158, 65, 32, 173, 44, 32, 197, 29, 121, 2, 27, 120, 197, 77, 26, 49, 33, 86),
    (32, 114, 47, 16, 191, 61, 61, 120, 152, 36, 151, 100, 152, 31, 147, 188, 182, 183, 63, 155, 41, 166, 88, 142, 70, 115, 102, 36, 194, 83, 32, 148, 19, 118, 170, 122, 56, 155, 180, 75),
    (33, 113, 191, 113, 143, 59, 79, 44, 86, 117, 172, 177, 92, 124, 179, 145, 165, 26, 78, 169, 88, 29, 117, 138, 61, 33, 100, 91, 90, 73, 11, 179, 166, 162, 158, 5, 129, 90, 81, 27),
    (34, 10, 134, 47, 115, 81, 99, 52, 105, 174, 72, 69, 178, 186, 65, 149, 199, 33, 173, 179, 38, 40, 5, 103, 39, 118, 86, 193, 182, 143, 47, 71, 72, 69, 177, 138, 180, 97, 55, 65),
    (35, 30, 173, 120, 34, 166, 76, 79, 62, 159, 151, 112, 68, 81, 85, 119, 164, 121, 51, 163, 55, 102, 21, 152, 176, 183, 61, 153, 186, 77, 182, 72, 136, 39, 53, 53, 31, 103, 166, 99),
    (36, 107, 16, 92, 17, 65, 86, 54, 38, 87, 59, 121, 56, 170, 36, 194, 84, 141, 154, 16, 15, 47, 42, 104, 84, 119, 69, 71, 155, 170, 99, 175, 24, 129, 73, 72, 105, 38, 169, 127),
    (37, 60, 195, 25, 23, 90, 5, 191, 18, 97, 154, 1, 195, 26, 114, 107, 144, 187, 189, 196, 28, 18, 91, 199, 43, 57, 138, 144, 156, 70, 174, 193, 142, 143, 95, 38, 42, 169, 178, 176),
    (38, 139, 108, 63, 63, 171, 126, 89, 23, 96, 140, 122, 74, 8, 72, 185, 83, 94, 187, 151, 192, 132, 48, 22, 123, 87, 130, 136, 100, 47, 165, 177, 97, 151, 37, 142, 133, 41, 174, 45),
    (39, 38, 191, 147, 112, 55, 64, 59, 54, 118, 35, 170, 59, 32, 114, 168, 22, 114, 179, 60, 4, 140, 195, 159, 101, 50, 75, 59, 140, 149, 58, 95, 191, 24, 20, 34, 22, 113, 15, 114),
    (40, 52, 181, 151, 26, 26, 138, 36, 181, 154, 195, 140, 136, 45, 40, 19, 148, 25, 130, 0, 76, 40, 85, 113, 111, 97, 181, 86, 41, 97, 58, 45, 11, 195, 88, 123, 138, 125, 150, 85),
    (41, 123, 184, 4, 145, 169, 165, 4, 43, 18, 162, 93, 121, 171, 187, 91, 46, 139, 106, 56, 197, 182, 157, 191, 181, 129, 134, 160, 199, 125, 23, 178, 179, 4, 15, 10, 93, 6, 2, 72),
    (42, 11, 108, 50, 71, 155, 19, 99, 30, 107, 35, 117, 77, 47, 95, 54, 12, 80, 43, 184, 73, 116, 185, 80, 145, 163, 136, 103, 11, 122, 42, 67, 106, 57, 117, 198, 151, 166, 15, 27),
    (43, 54, 90, 127, 28, 15, 111, 68, 120, 189, 13, 32, 128, 28, 149, 108, 135, 5, 47, 149, 199, 168, 76, 56, 40, 174, 170, 0, 67, 35, 135, 182, 198, 10, 7, 27, 92, 48, 183, 128),
    (44, 159, 115, 70, 132, 54, 118, 188, 94, 194, 123, 196, 192, 79, 186, 168, 197, 17, 184, 113, 17, 121, 13, 125, 18, 120, 6, 172, 50, 118, 19, 94, 105, 51, 141, 58, 102, 69, 107, 39),
    (45, 114, 97, 192, 161, 112, 194, 109, 5, 146, 106, 78, 142, 72, 111, 91, 70, 77, 147, 17, 121, 172, 125, 20, 33, 188, 80, 30, 115, 82, 175, 133, 84, 27, 59, 166, 103, 54, 77, 71),
    (46, 197, 167, 105, 36, 167, 56, 24, 88, 64, 124, 90, 12, 132, 167, 59, 21, 141, 75, 102, 38, 77, 174, 95, 20, 35, 92, 108, 26, 64, 168, 78, 138, 53, 75, 42, 65, 163, 178, 131),
    (47, 122, 133, 185, 58, 136, 98, 174, 103, 195, 116, 153, 88, 181, 33, 60, 120, 160, 15, 27, 13, 119, 170, 171, 77, 171, 6, 175, 183, 188, 70, 116, 199, 151, 5, 111, 58, 119, 34, 69),
    (48, 71, 116, 23, 102, 16, 24, 160, 181, 74, 130, 15, 139, 127, 182, 106, 23, 127, 68, 125, 4, 96, 107, 187, 45, 0, 97, 191, 83, 44, 11, 148, 32, 60, 38, 55, 166, 96, 175, 7),
    (49, 174, 91, 126, 25, 54, 13, 135, 82, 23, 99, 142, 195, 43, 9, 57, 123, 144, 169, 111, 183, 159, 119, 121, 188, 41, 171, 178, 125, 144, 103, 165, 116, 65, 150, 27, 133, 25, 94, 78),
    (50, 49, 16, 37, 73, 82, 79, 106, 142, 63, 141, 93, 175, 136, 66, 3, 124, 129, 192, 45, 0, 35, 105, 101, 175, 30, 123, 6, 168, 110, 180, 103, 199, 82, 190, 98, 92, 108, 173, 174),
    (51, 26, 49, 56, 191, 22, 144, 87, 26, 119, 72, 105, 179, 0, 133, 100, 120, 178, 166, 100, 61, 128, 146, 47, 92, 83, 179, 143, 139, 7, 191, 8, 139, 95, 20, 43, 167, 159, 8, 111),
    (52, 57, 172, 68, 22, 111, 149, 146, 67, 50, 17, 47, 97, 87, 32, 160, 3, 103, 169, 132, 126, 188, 170, 65, 78, 32, 1, 127, 25, 147, 55, 68, 57, 143, 12, 106, 162, 69, 96, 121),
    (53, 159, 89, 21, 130, 13, 95, 79, 11, 142, 18, 77, 187, 169, 114, 137, 160, 112, 195, 171, 27, 48, 66, 120, 66, 189, 135, 134, 133, 187, 178, 135, 64, 26, 0, 25, 52, 193, 109, 170),
    (54, 95, 27, 122, 189, 121, 169, 103, 63, 47, 108, 21, 174, 89, 25, 160, 7, 41, 92, 196, 190, 160, 105, 86, 37, 152, 63, 12, 88, 177, 8, 138, 162, 150, 74, 103, 155, 120, 150, 126),
    (55, 197, 28, 115, 6, 60, 127, 92, 100, 130, 171, 48, 83, 149, 146, 32, 174, 131, 23, 126, 53, 185, 78, 115, 179, 99, 64, 124, 82, 138, 93, 86, 176, 85, 2, 155, 186, 73, 40, 109),
    (56, 149, 109, 129, 69, 21, 124, 58, 157, 133, 86, 194, 162, 36, 86, 72, 198, 117, 155, 21, 67, 112, 98, 51, 62, 181, 173, 66, 0, 198, 32, 29, 175, 96, 134, 126, 131, 82, 191, 84),
    (57, 184, 93, 149, 150, 117, 70, 65, 12, 94, 188, 46, 81, 12, 46, 173, 189, 4, 130, 168, 178, 0, 60, 70, 171, 159, 86, 50, 46, 146, 54, 158, 66, 146, 166, 121, 125, 121, 52, 79),
    (58, 83, 83, 89, 135, 67, 54, 181, 199, 187, 130, 100, 59, 70, 181, 59, 35, 151, 2, 33, 165, 96, 199, 195, 7, 68, 85, 193, 43, 16, 28, 50, 43, 74, 41, 154, 175, 46, 40, 55),
    (59, 72, 94, 169, 55, 100, 154, 2, 122, 171, 59, 0, 178, 120, 129, 132, 194, 144, 121, 79, 127, 21, 47, 51, 8, 65, 105, 74, 71, 122, 27, 38, 112, 56, 170, 195, 122, 32, 133, 121),
    (60, 141, 141, 113, 134, 159, 133, 4, 192, 193, 81, 129, 110, 52, 87, 149, 157, 41, 95, 137, 36, 136, 30, 16, 158, 59, 84, 153, 26, 115, 185, 178, 157, 136, 48, 165, 167, 35, 156, 45),
    (61, 112, 186, 132, 12, 81, 94, 17, 160, 175, 165, 180, 88, 92, 54, 24, 11, 72, 57, 113, 128, 193, 132, 156, 130, 50, 34, 169, 197, 40, 169, 45, 77, 87, 45, 9, 27, 101, 104, 122),
    (62, 94, 85, 122, 43, 51, 59, 171, 12, 168, 74, 8, 134, 138, 10, 28, 72, 97, 169, 56, 50, 68, 79, 191, 122, 32, 193, 158, 76, 42, 69, 25, 138, 150, 118, 28, 25, 177, 140, 8),
    (63, 10, 143, 3, 16, 112, 190, 8, 13, 136, 134, 12, 3, 63, 61, 167, 37, 19, 198, 153, 38, 41, 98, 35, 61, 130, 57, 156, 174, 16, 143, 5, 79, 56, 21, 65, 54, 68, 100, 188),
    (64, 23, 109, 139, 59, 102, 131, 109, 13, 18, 90, 176, 149, 78, 129, 7, 190, 125, 144, 123, 62, 187, 29, 166, 114, 132, 139, 145, 137, 126, 83, 168, 172, 81, 158, 76, 180, 106, 165, 62),
    (65, 81, 10, 159, 3, 114, 166, 74, 167, 133, 100, 108, 130, 103, 172, 27, 188, 132, 196, 192, 137, 7, 128, 141, 11, 158, 132, 193, 162, 92, 65, 52, 93, 94, 77, 114, 154, 6, 22, 105),
    (66, 192, 29, 193, 79, 102, 56, 131, 173, 65, 118, 183, 147, 61, 155, 152, 109, 152, 28, 153, 29, 177, 145, 172, 122, 14, 145, 166, 83, 114, 115, 97, 48, 54, 18, 197, 14, 18, 48, 95),
    (67, 169, 86, 95, 14, 156, 41, 86, 25, 8, 172, 60, 70, 182, 58, 46, 151, 132, 18, 177, 164, 174, 88, 36, 178, 64, 23, 198, 64, 44, 177, 72, 40, 16, 101, 91, 3, 170, 59, 74),
    (68, 91, 82, 160, 84, 102, 166, 84, 174, 92, 21, 26, 158, 54, 70, 163, 113, 133, 162, 56, 7, 199, 87, 70, 24, 143, 46, 190, 132, 92, 158, 99, 48, 196, 189, 78, 82, 174, 117, 30),
    (69, 83, 160, 42, 182, 17, 117, 152, 76, 76, 29, 142, 29, 30, 183, 126, 77, 96, 150, 106, 168, 26, 75, 196, 72, 35, 165, 48, 179, 101, 24, 152, 21, 135, 158, 68, 41, 38, 77, 103),
    (70, 161, 134, 134, 101, 123, 35, 71, 3, 44, 98, 110, 191, 71, 55, 147, 21, 181, 33, 157, 11, 143, 86, 39, 6, 67, 19, 15, 53, 187, 86, 124, 51, 161, 187, 178, 74, 119, 51, 190),
    (71, 156, 35, 160, 153, 120, 126, 33, 199, 74, 38, 143, 89, 131, 195, 152, 181, 116, 168, 26, 179, 41, 78, 11, 107, 114, 97, 129, 114, 44, 95, 88, 107, 151, 43, 59, 34, 14, 114, 62),
    (72, 133, 34, 173, 186, 152, 70, 100, 177, 197, 25, 112, 119, 41, 174, 116, 152, 7, 1, 144, 148, 182, 140, 53, 118, 51, 185, 186, 170, 126, 20, 142, 177, 60, 0, 12, 45, 69, 179, 57),
    (73, 29, 99, 195, 126, 158, 187, 15, 171, 163, 30, 39, 155, 156, 147, 151, 17, 39, 121, 176, 126, 97, 26, 34, 18, 67, 67, 104, 188, 70, 33, 124, 99, 119, 39, 25, 194, 122, 86, 30),
    (74, 155, 165, 70, 78, 154, 103, 78, 154, 62, 157, 109, 150, 3, 120, 107, 42, 139, 128, 51, 33, 198, 110, 102, 150, 175, 60, 37, 51, 112, 105, 5, 93, 35, 84, 66, 28, 149, 78, 158),
    (75, 5, 0, 179, 118, 52, 63, 194, 73, 91, 180, 8, 81, 6, 15, 54, 18, 189, 126, 89, 76, 108, 135, 153, 12, 49, 197, 168, 184, 126, 60, 149, 124, 95, 138, 70, 81, 8, 163, 52),
    (76, 59, 176, 30, 113, 173, 93, 196, 23, 33, 185, 50, 28, 50, 111, 76, 131, 132, 5, 109, 58, 28, 18, 29, 109, 142, 185, 36, 180, 167, 140, 40, 79, 69, 72, 167, 159, 161, 2, 167),
    (77, 37, 91, 118, 171, 185, 32, 117, 30, 112, 101, 142, 86, 70, 184, 148, 155, 166, 196, 10, 115, 55, 28, 57, 106, 67, 14, 137, 69, 90, 26, 85, 108, 95, 37, 145, 182, 108, 123, 166),
    (78, 161, 108, 187, 125, 8, 44, 179, 118, 99, 38, 114, 26, 164, 49, 53, 43, 14, 81, 17, 122, 184, 51, 75, 22, 55, 60, 52, 18, 66, 42, 78, 56, 146, 8, 64, 68, 156, 158, 193),
    (79, 81, 85, 79, 82, 145, 191, 146, 98, 9, 100, 172, 109, 76, 45, 129, 139, 109, 161, 113, 16, 12, 172, 135, 82, 85, 58, 37, 97, 27, 76, 147, 41, 187, 147, 116, 171, 103, 148, 53),
    (80, 40, 181, 69, 40, 148, 81, 82, 11, 132, 153, 73, 109, 75, 101, 151, 59, 53, 161, 14, 151, 165, 87, 10, 37, 98, 176, 15, 170, 52, 27, 98, 0, 8, 16, 63, 192, 103, 99, 159),
    (81, 49, 177, 3, 61, 11, 50, 193, 155, 169, 169, 131, 122, 170, 147, 66, 16, 196, 91, 167, 171, 165, 48, 75, 16, 195, 134, 35, 75, 0, 89, 121, 166, 33, 33, 9, 98, 70, 7, 144),
    (82, 105, 130, 147, 93, 113, 38, 42, 145, 143, 8, 85, 183, 122, 23, 113, 79, 128, 3, 33, 53, 104, 50, 78, 140, 72, 155, 6, 57, 45, 12, 120, 199, 62, 128, 52, 43, 173, 57, 85),
    (83, 50, 154, 35, 140, 59, 183, 16, 55, 39, 138, 82, 82, 86, 103, 21, 63, 120, 115, 75, 43, 182, 10, 193, 72, 178, 18, 126, 154, 99, 166, 52, 63, 70, 19, 165, 30, 141, 99, 146),
    (84, 43, 43, 48, 156, 187, 40, 122, 102, 170, 146, 140, 111, 132, 48, 21, 20, 41, 66, 32, 41, 143, 14, 97, 126, 169, 58, 186, 53, 9, 128, 47, 44, 33, 117, 27, 33, 105, 79, 78),
    (85, 40, 24, 178, 157, 39, 123, 192, 21, 25, 141, 145, 69, 137, 96, 46, 36, 168, 102, 116, 172, 107, 53, 187, 22, 92, 42, 147, 142, 116, 33, 66, 13, 38, 171, 16, 50, 159, 32, 47),
    (86, 6, 153, 12, 165, 14, 104, 49, 181, 30, 148, 79, 183, 51, 166, 196, 167, 105, 40, 15, 63, 2, 84, 17, 157, 66, 123, 119, 25, 79, 79, 192, 169, 171, 129, 27, 4, 17, 6, 9),
    (87, 150, 183, 27, 107, 56, 124, 46, 128, 64, 137, 142, 95, 83, 20, 169, 124, 38, 36, 117, 67, 25, 71, 34, 29, 43, 197, 124, 12, 191, 192, 0, 170, 33, 61, 183, 9, 83, 113, 15),
    (88, 115, 17, 43, 20, 166, 65, 10, 144, 115, 105, 54, 38, 132, 165, 196, 92, 154, 65, 168, 97, 111, 28, 69, 157, 30, 5, 41, 67, 38, 13, 68, 113, 67, 34, 104, 25, 30, 93, 8),
    (89, 82, 136, 82, 180, 193, 111, 153, 126, 198, 58, 158, 98, 5, 142, 139, 24, 64, 194, 76, 192, 118, 143, 116, 29, 23, 134, 180, 102, 56, 176, 45, 129, 167, 180, 46, 116, 164, 115, 119),
    (90, 32, 23, 131, 79, 182, 173, 99, 131, 94, 15, 106, 79, 196, 33, 48, 175, 7, 188, 85, 59, 57, 27, 107, 143, 15, 56, 74, 70, 4, 190, 193, 146, 88, 164, 140, 87, 44, 141, 18),
    (91, 122, 68, 169, 22, 10, 32, 141, 95, 28, 164, 118, 188, 10, 82, 8, 161, 30, 90, 138, 7, 152, 176, 120, 24, 5, 24, 23, 39, 85, 114, 36, 128, 164, 156, 148, 9, 8, 90, 148),
    (92, 142, 56, 83, 49, 74, 130, 46, 174, 103, 59, 179, 155, 39, 44, 49, 122, 67, 107, 190, 87, 103, 142, 21, 39, 157, 64, 100, 183, 98, 114, 55, 34, 30, 60, 2, 181, 115, 14, 56),
    (93, 133, 135, 107, 43, 196, 120, 95, 11, 14, 160, 173, 93, 135, 177, 83, 95, 187, 75, 9, 179, 125, 184, 90, 36, 114, 62, 189, 180, 69, 152, 2, 69, 26, 88, 76, 179, 27, 74, 43),
    (94, 15, 175, 135, 81, 36, 179, 191, 30, 168, 52, 26, 123, 137, 23, 43, 75, 118, 91, 7, 36, 34, 47, 141, 103, 103, 115, 88, 33, 1, 57, 58, 88, 117, 42, 77, 123, 171, 158, 117),
    (95, 136, 14, 41, 113, 186, 151, 60, 161, 168, 195, 96, 192, 35, 132, 163, 171, 89, 48, 47, 176, 53, 140, 161, 168, 49, 141, 92, 47, 151, 177, 7, 39, 59, 54, 91, 128, 19, 104, 31),
    (96, 116, 91, 30, 21, 70, 145, 42, 43, 172, 169, 0, 121, 60, 92, 164, 23, 139, 60, 137, 84, 49, 1, 67, 20, 192, 71, 84, 53, 183, 26, 129, 92, 141, 95, 24, 8, 140, 28, 191),
    (97, 186, 146, 12, 83, 171, 60, 18, 81, 178, 37, 150, 13, 46, 11, 33, 175, 148, 153, 152, 63, 103, 143, 20, 128, 139, 48, 95, 158, 52, 7, 170, 99, 76, 173, 1, 15, 0, 182, 86),
    (98, 28, 175, 186, 11, 112, 13, 29, 175, 111, 171, 141, 133, 19, 49, 117, 3, 128, 15, 78, 101, 148, 1, 84, 91, 86, 119, 80, 47, 117, 70, 13, 148, 170, 27, 149, 159, 86, 102, 1),
    (99, 131, 53, 149, 22, 134, 137, 112, 61, 152, 143, 66, 174, 114, 146, 76, 172, 149, 76, 75, 66, 58, 85, 31, 178, 31, 110, 127, 85, 138, 161, 6, 185, 141, 168, 181, 198, 36, 17, 177),
    (100, 99, 109, 19, 88, 179, 44, 37, 170, 147, 136, 59, 66, 37, 41, 23, 46, 55, 74, 122, 125, 11, 27, 95, 199, 139, 199, 92, 104, 54, 124, 89, 180, 82, 129, 24, 37, 76, 194, 47),
    (101, 183, 165, 5, 115, 94, 99, 155, 148, 68, 126, 1, 83, 92, 101, 153, 0, 53, 154, 97, 124, 30, 81, 150, 164, 174, 36, 142, 52, 193, 38, 138, 156, 2, 139, 70, 116, 153, 30, 29),
    (102, 84, 167, 192, 75, 181, 166, 77, 136, 109, 69, 194, 79, 103, 37, 114, 86, 9, 176, 121, 153, 119, 90, 68, 199, 43, 111, 95, 55, 90, 177, 168, 123, 111, 9, 92, 49, 61, 49, 2),
    (103, 7, 45, 82, 155, 18, 119, 184, 148, 141, 160, 90, 106, 177, 87, 190, 182, 35, 161, 84, 24, 20, 25, 38, 108, 119, 189, 103, 104, 178, 74, 4, 114, 193, 100, 118, 162, 127, 78, 77),
    (104, 182, 40, 145, 4, 139, 83, 138, 73, 196, 129, 154, 17, 118, 25, 163, 71, 61, 62, 14, 126, 44, 12, 62, 143, 11, 81, 151, 45, 185, 88, 132, 4, 65, 104, 100, 119, 38, 23, 32),
    (105, 51, 61, 172, 67, 171, 53, 34, 153, 165, 73, 163, 185, 122, 71, 22, 67, 9, 64, 185, 156, 3, 75, 111, 86, 2, 172, 125, 181, 128, 163, 157, 113, 75, 68, 108, 103, 144, 198, 82),
    (106, 9, 23, 124, 66, 130, 6, 119, 81, 182, 143, 134, 182, 18, 86, 24, 158, 97, 48, 116, 116, 27, 43, 137, 113, 162, 160, 113, 171, 68, 50, 50, 125, 71, 143, 114, 37, 136, 194, 191),
    (107, 163, 132, 77, 171, 115, 142, 80, 167, 57, 60, 22, 82, 67, 50, 95, 140, 15, 73, 19, 96, 151, 66, 99, 49, 62, 103, 45, 173, 128, 142, 187, 52, 122, 45, 51, 105, 123, 112, 78),
    (108, 190, 93, 89, 198, 66, 184, 127, 177, 150, 75, 184, 92, 23, 155, 127, 111, 160, 155, 147, 63, 116, 21, 164, 44, 152, 30, 4, 126, 145, 155, 176, 121, 111, 13, 126, 28, 143, 126, 56),
    (109, 193, 131, 196, 170, 119, 88, 119, 65, 150, 185, 119, 45, 165, 80, 9, 80, 103, 0, 136, 74, 53, 141, 91, 93, 88, 108, 41, 134, 197, 183, 118, 7, 125, 119, 24, 109, 146, 167, 70),
    (110, 79, 127, 116, 141, 102, 184, 83, 17, 118, 98, 138, 0, 36, 182, 28, 195, 36, 67, 143, 102, 16, 181, 0, 143, 84, 34, 52, 128, 33, 197, 172, 5, 181, 27, 17, 179, 196, 85, 183),
    (111, 166, 57, 133, 60, 192, 53, 33, 72, 171, 10, 133, 168, 186, 57, 29, 165, 125, 57, 7, 133, 68, 76, 107, 56, 54, 181, 64, 41, 159, 177, 98, 149, 184, 183, 72, 123, 196, 88, 114),
    (112, 35, 36, 125, 167, 9, 178, 164, 180, 57, 88, 64, 115, 56, 145, 198, 86, 143, 167, 2, 20, 54, 115, 166, 177, 64, 60, 55, 144, 106, 184, 63, 67, 61, 17, 48, 141, 90, 155, 81),
    (113, 43, 192, 111, 195, 63, 6, 85, 79, 110, 32, 183, 147, 8, 20, 130, 188, 4, 60, 79, 42, 32, 64, 160, 168, 43, 35, 70, 177, 193, 78, 159, 59, 145, 159, 82, 6, 173, 109, 163),
    (114, 122, 38, 19, 184, 155, 77, 85, 82, 189, 165, 180, 20, 180, 3, 157, 41, 101, 199, 83, 102, 190, 64, 81, 66, 29, 33, 162, 176, 35, 167, 175, 25, 134, 42, 123, 100, 25, 132, 50),
    (115, 196, 16, 131, 128, 137, 148, 191, 176, 25, 19, 138, 164, 8, 166, 70, 21, 169, 191, 40, 181, 109, 158, 91, 55, 96, 180, 71, 75, 105, 66, 74, 127, 73, 170, 49, 49, 100, 58, 10),
    (116, 143, 74, 98, 107, 158, 48, 4, 162, 95, 54, 186, 104, 184, 168, 184, 5, 147, 57, 17, 140, 53, 88, 102, 198, 130, 34, 63, 132, 20, 128, 152, 20, 158, 184, 102, 149, 47, 133, 79),
    (117, 177, 140, 74, 75, 146, 68, 8, 10, 97, 154, 145, 106, 101, 101, 32, 98, 132, 75, 180, 29, 170, 23, 42, 131, 188, 6, 7, 164, 159, 115, 21, 195, 66, 96, 11, 56, 105, 79, 144),
    (118, 148, 149, 164, 113, 66, 64, 130, 131, 95, 66, 171, 164, 107, 66, 7, 42, 1, 124, 6, 103, 30, 103, 162, 78, 58, 139, 72, 75, 133, 175, 22, 138, 95, 73, 17, 62, 7, 104, 23),
    (119, 122, 72, 108, 61, 135, 20, 146, 124, 121, 122, 66, 87, 195, 60, 142, 150, 153, 96, 126, 137, 109, 71, 118, 46, 129, 4, 30, 15, 143, 66, 116, 88, 126, 44, 150, 93, 25, 9, 113),
    (120, 65, 55, 28, 135, 15, 176, 166, 187, 63, 142, 0, 6, 57, 183, 116, 45, 114, 10, 187, 94, 181, 9, 127, 4, 32, 15, 165, 196, 12, 132, 20, 13, 42, 15, 165, 119, 164, 184, 125),
    (121, 67, 193, 105, 126, 104, 191, 62, 169, 45, 34, 20, 128, 55, 162, 71, 114, 80, 145, 110, 179, 60, 147, 14, 36, 161, 194, 54, 33, 197, 133, 167, 52, 6, 2, 120, 148, 92, 80, 50),
    (122, 164, 165, 151, 67, 46, 184, 20, 128, 31, 183, 95, 134, 58, 136, 183, 51, 132, 49, 75, 192, 89, 49, 181, 5, 198, 68, 33, 132, 101, 19, 127, 104, 69, 124, 26, 33, 48, 3, 90),
    (123, 181, 169, 49, 135, 5, 174, 43, 31, 97, 11, 187, 135, 72, 94, 72, 115, 57, 185, 192, 158, 2, 197, 100, 115, 131, 55, 38, 12, 85, 32, 93, 160, 54, 53, 7, 1, 110, 86, 32),
    (124, 90, 31, 109, 153, 70, 24, 148, 67, 14, 65, 22, 31, 89, 12, 27, 50, 43, 1, 75, 75, 76, 62, 41, 126, 158, 154, 165, 58, 44, 47, 53, 147, 91, 116, 54, 106, 185, 68, 151),
    (125, 152, 60, 2, 18, 197, 122, 91, 34, 149, 49, 73, 122, 76, 143, 0, 24, 192, 175, 131, 0, 65, 188, 148, 34, 54, 131, 65, 56, 60, 22, 144, 49, 95, 52, 169, 71, 24, 137, 69),
    (126, 183, 162, 104, 129, 6, 46, 193, 145, 148, 77, 194, 199, 176, 0, 59, 32, 47, 10, 89, 38, 19, 121, 69, 119, 75, 163, 139, 192, 92, 49, 117, 178, 110, 55, 28, 154, 123, 137, 94),
    (127, 160, 65, 186, 119, 163, 56, 132, 46, 43, 175, 88, 62, 199, 9, 102, 148, 12, 176, 170, 133, 19, 149, 67, 103, 19, 96, 53, 26, 108, 7, 182, 142, 170, 138, 133, 175, 122, 0, 78),
    (128, 46, 52, 64, 54, 127, 122, 154, 73, 60, 95, 145, 106, 147, 126, 93, 12, 112, 24, 107, 72, 182, 176, 199, 188, 186, 21, 88, 122, 178, 67, 93, 177, 101, 92, 134, 131, 1, 68, 146),
    (129, 65, 135, 166, 77, 195, 80, 71, 177, 84, 178, 53, 30, 192, 107, 126, 28, 134, 198, 130, 56, 173, 132, 146, 169, 123, 159, 80, 28, 87, 13, 88, 171, 62, 188, 117, 43, 146, 189, 100),
    (130, 79, 192, 146, 14, 187, 49, 152, 77, 58, 70, 39, 161, 29, 124, 20, 118, 83, 110, 152, 42, 86, 158, 38, 165, 68, 174, 121, 5, 189, 85, 165, 25, 7, 23, 124, 173, 31, 25, 118),
    (131, 165, 142, 66, 150, 154, 98, 45, 14, 49, 120, 35, 107, 75, 143, 153, 189, 159, 26, 33, 59, 135, 93, 128, 33, 152, 160, 19, 175, 114, 192, 146, 166, 146, 92, 157, 79, 95, 113, 53),
    (132, 15, 145, 56, 110, 167, 195, 176, 27, 193, 147, 1, 118, 176, 147, 45, 53, 159, 3, 43, 17, 153, 117, 9, 74, 98, 192, 101, 174, 3, 83, 114, 76, 172, 74, 68, 187, 80, 31, 29),
    (133, 166, 188, 162, 93, 164, 151, 118, 72, 67, 89, 176, 88, 33, 97, 153, 133, 111, 123, 46, 31, 92, 16, 135, 89, 48, 104, 111, 85, 192, 94, 81, 67, 121, 4, 61, 49, 85, 120, 193),
    (134, 133, 50, 16, 6, 51, 56, 110, 66, 156, 44, 111, 9, 31, 182, 105, 50, 59, 60, 171, 43, 1, 150, 60, 25, 91, 169, 116, 9, 43, 131, 139, 110, 12, 59, 95, 157, 117, 146, 173),
    (135, 99, 11, 70, 68, 156, 73, 80, 38, 188, 144, 109, 3, 199, 17, 124, 145, 53, 37, 69, 130, 155, 137, 197, 127, 84, 141, 40, 84, 68, 82, 29, 126, 29, 160, 96, 95, 39, 33, 100),
    (136, 94, 160, 182, 3, 22, 107, 56, 108, 82, 81, 184, 44, 37, 171, 126, 87, 64, 75, 77, 140, 86, 162, 152, 138, 77, 118, 28, 199, 177, 40, 22, 10, 192, 79, 115, 43, 194, 173, 102),
    (137, 151, 25, 81, 79, 20, 192, 164, 194, 97, 125, 10, 165, 175, 35, 126, 52, 84, 111, 174, 167, 146, 176, 87, 124, 57, 150, 59, 153, 52, 32, 17, 13, 86, 13, 172, 75, 199, 133, 67),
    (138, 45, 110, 190, 187, 145, 45, 2, 6, 145, 89, 120, 100, 136, 133, 53, 32, 37, 57, 95, 24, 65, 159, 186, 171, 40, 63, 42, 61, 25, 1, 143, 26, 158, 119, 42, 187, 68, 132, 8),
    (139, 189, 46, 47, 20, 193, 73, 28, 13, 37, 109, 187, 56, 78, 136, 116, 5, 177, 189, 30, 6, 10, 66, 158, 96, 7, 129, 16, 18, 36, 178, 102, 171, 96, 111, 121, 13, 172, 19, 15),
    (140, 43, 62, 86, 113, 168, 155, 185, 157, 12, 137, 83, 131, 164, 98, 145, 62, 169, 177, 182, 77, 142, 191, 179, 149, 183, 14, 167, 88, 189, 170, 12, 20, 16, 130, 183, 43, 81, 47, 106),
    (141, 72, 149, 98, 147, 141, 108, 138, 40, 121, 159, 33, 52, 157, 77, 127, 153, 144, 149, 185, 139, 56, 24, 126, 115, 186, 174, 99, 111, 51, 116, 33, 104, 112, 65, 138, 185, 34, 46, 161),
    (142, 132, 78, 57, 147, 174, 119, 133, 138, 149, 70, 187, 119, 17, 144, 26, 173, 102, 102, 80, 66, 104, 150, 180, 51, 136, 192, 194, 61, 162, 27, 89, 58, 112, 45, 34, 8, 52, 33, 165),
    (143, 110, 109, 44, 38, 173, 112, 18, 47, 66, 20, 155, 161, 198, 125, 173, 73, 67, 155, 20, 195, 12, 18, 122, 75, 87, 182, 87, 16, 103, 47, 65, 115, 172, 178, 51, 149, 18, 88, 8),
    (144, 57, 164, 84, 197, 102, 140, 159, 72, 51, 103, 11, 5, 115, 78, 16, 139, 181, 177, 38, 56, 26, 96, 93, 190, 156, 119, 196, 88, 113, 132, 188, 29, 119, 14, 70, 196, 163, 155, 86),
    (145, 182, 39, 98, 5, 111, 80, 159, 127, 0, 60, 183, 58, 132, 85, 83, 70, 146, 156, 8, 102, 105, 12, 107, 156, 49, 199, 191, 110, 34, 182, 31, 46, 110, 178, 15, 14, 53, 34, 159),
    (146, 41, 184, 122, 42, 15, 134, 57, 23, 129, 104, 78, 80, 190, 8, 35, 33, 158, 159, 58, 105, 159, 10, 82, 7, 156, 154, 131, 63, 21, 164, 22, 21, 11, 167, 194, 4, 172, 14, 81),
    (147, 128, 107, 166, 170, 116, 3, 36, 100, 130, 115, 134, 72, 163, 120, 57, 188, 195, 192, 43, 31, 85, 198, 114, 8, 93, 170, 68, 99, 24, 43, 89, 75, 117, 107, 12, 194, 76, 24, 113),
    (148, 41, 113, 87, 136, 15, 177, 59, 8, 85, 100, 99, 20, 182, 99, 46, 142, 50, 198, 166, 35, 123, 136, 25, 44, 163, 136, 149, 42, 149, 39, 1, 88, 184, 129, 41, 25, 39, 131, 74),
    (149, 32, 142, 70, 126, 157, 116, 56, 61, 74, 176, 8, 2, 187, 97, 13, 101, 71, 172, 167, 114, 181, 163, 156, 34, 98, 187, 16, 191, 103, 177, 152, 103, 185, 132, 58, 79, 143, 128, 38),
    (150, 170, 42, 72, 139, 118, 51, 92, 49, 126, 177, 51, 31, 24, 53, 103, 157, 106, 40, 114, 77, 138, 36, 114, 94, 174, 155, 56, 28, 175, 196, 50, 79, 176, 59, 52, 105, 139, 32, 74),
    (151, 2, 143, 84, 136, 30, 129, 10, 161, 51, 26, 130, 174, 48, 60, 149, 89, 56, 69, 77, 112, 23, 73, 169, 104, 187, 41, 22, 88, 48, 57, 190, 8, 108, 33, 116, 59, 44, 106, 29),
    (152, 66, 82, 185, 9, 137, 3, 21, 156, 20, 121, 49, 97, 105, 24, 46, 187, 173, 109, 11, 10, 124, 132, 81, 27, 81, 129, 89, 192, 56, 71, 186, 141, 99, 7, 132, 154, 111, 62, 48),
    (153, 168, 180, 118, 35, 56, 15, 43, 181, 18, 12, 153, 112, 62, 171, 112, 76, 141, 197, 16, 157, 135, 190, 110, 149, 173, 109, 36, 25, 80, 19, 138, 185, 186, 102, 182, 137, 12, 90, 179),
    (154, 49, 76, 197, 100, 73, 66, 152, 150, 80, 32, 95, 33, 10, 169, 62, 188, 34, 89, 5, 4, 164, 50, 181, 105, 147, 70, 131, 132, 130, 11, 47, 93, 110, 22, 113, 142, 72, 195, 47),
    (155, 45, 86, 0, 60, 63, 85, 71, 31, 84, 103, 149, 25, 105, 81, 93, 98, 7, 79, 23, 79, 107, 148, 161, 141, 76, 108, 146, 33, 35, 186, 179, 181, 168, 132, 89, 131, 129, 65, 19),
    (156, 181, 30, 152, 163, 99, 112, 61, 20, 43, 60, 146, 63, 93, 105, 167, 35, 47, 88, 99, 138, 168, 143, 67, 118, 102, 138, 151, 131, 30, 146, 158, 188, 158, 131, 75, 148, 77, 96, 150),
    (157, 102, 40, 164, 123, 156, 151, 37, 20, 181, 81, 143, 153, 150, 105, 29, 98, 133, 23, 113, 170, 109, 140, 1, 77, 1, 70, 139, 61, 192, 133, 94, 73, 39, 81, 125, 0, 88, 84, 121),
    (158, 47, 111, 97, 188, 151, 11, 128, 192, 115, 178, 79, 130, 68, 74, 117, 39, 195, 67, 11, 93, 46, 192, 126, 23, 68, 126, 16, 1, 8, 137, 137, 196, 91, 147, 106, 106, 125, 93, 0),
    (159, 173, 54, 5, 152, 92, 52, 195, 97, 175, 71, 38, 153, 138, 108, 128, 112, 46, 50, 139, 113, 93, 189, 72, 85, 181, 71, 45, 143, 0, 162, 122, 39, 20, 105, 117, 56, 126, 67, 152),
    (160, 69, 107, 67, 40, 77, 5, 96, 1, 159, 65, 93, 174, 182, 186, 175, 91, 49, 144, 54, 20, 89, 166, 23, 198, 70, 120, 127, 34, 138, 185, 122, 165, 11, 182, 136, 160, 116, 5, 67),
    (161, 58, 160, 40, 13, 112, 119, 97, 116, 29, 25, 29, 161, 31, 110, 26, 112, 36, 74, 115, 86, 3, 41, 105, 177, 184, 117, 74, 20, 17, 176, 137, 111, 92, 15, 98, 104, 24, 194, 111),
    (162, 47, 82, 1, 129, 163, 185, 194, 66, 61, 146, 37, 92, 180, 175, 81, 23, 153, 30, 181, 193, 94, 58, 114, 115, 168, 186, 12, 83, 112, 194, 55, 102, 151, 44, 195, 143, 67, 29, 120),
    (163, 132, 75, 179, 151, 58, 194, 100, 67, 128, 179, 160, 9, 76, 102, 40, 17, 150, 105, 11, 174, 155, 193, 84, 188, 182, 46, 139, 73, 57, 177, 52, 124, 187, 137, 66, 66, 198, 186, 76),
    (164, 162, 15, 109, 117, 67, 56, 100, 10, 155, 16, 29, 2, 102, 34, 89, 18, 44, 31, 31, 85, 140, 121, 25, 24, 47, 93, 176, 184, 5, 71, 51, 161, 128, 146, 16, 63, 160, 81, 40),
    (165, 168, 58, 64, 90, 71, 127, 190, 56, 75, 185, 4, 72, 78, 183, 66, 64, 54, 82, 5, 103, 45, 173, 60, 64, 188, 32, 12, 47, 25, 22, 170, 145, 77, 81, 41, 79, 173, 61, 158),
    (166, 83, 138, 80, 33, 63, 124, 96, 107, 193, 63, 8, 33, 102, 67, 198, 26, 62, 150, 60, 159, 76, 50, 167, 167, 196, 95, 163, 150, 170, 122, 77, 67, 139, 180, 28, 160, 43, 128, 146),
    (167, 14, 126, 154, 96, 110, 124, 168, 189, 199, 164, 64, 162, 54, 136, 146, 133, 180, 138, 69, 192, 36, 164, 139, 111, 41, 111, 162, 58, 177, 153, 54, 195, 13, 199, 103, 188, 70, 149, 87),
    (168, 181, 69, 161, 86, 104, 176, 46, 120, 67, 92, 4, 18, 173, 181, 146, 116, 78, 174, 188, 50, 10, 185, 89, 127, 113, 124, 72, 1, 191, 138, 28, 164, 117, 158, 183, 35, 167, 36, 119),
    (169, 14, 162, 106, 18, 9, 23, 80, 160, 26, 128, 30, 50, 76, 32, 83, 140, 128, 120, 173, 113, 151, 140, 163, 65, 82, 44, 17, 97, 35, 142, 157, 109, 179, 42, 149, 129, 48, 173, 78),
    (170, 148, 41, 146, 43, 152, 41, 131, 18, 38, 184, 199, 25, 36, 54, 189, 147, 194, 15, 102, 57, 171, 94, 5, 34, 91, 3, 102, 83, 28, 31, 19, 95, 78, 39, 57, 99, 112, 190, 116),
    (171, 11, 56, 155, 69, 34, 57, 72, 147, 187, 6, 56, 4, 159, 194, 62, 171, 37, 14, 142, 63, 31, 120, 195, 88, 71, 174, 96, 7, 46, 26, 29, 127, 123, 50, 180, 102, 22, 77, 107),
    (172, 164, 193, 160, 160, 179, 24, 105, 193, 74, 62, 126, 38, 141, 113, 11, 113, 136, 97, 52, 127, 15, 126, 49, 166, 114, 155, 172, 61, 171, 187, 180, 36, 86, 52, 106, 86, 44, 188, 12),
    (173, 52, 122, 152, 128, 117, 115, 189, 32, 42, 140, 139, 151, 151, 79, 98, 25, 139, 81, 124, 168, 115, 111, 57, 78, 169, 13, 24, 145, 63, 73, 90, 64, 81, 153, 58, 166, 180, 61, 123),
    (174, 126, 121, 109, 32, 95, 78, 47, 49, 46, 0, 61, 91, 50, 14, 27, 190, 30, 32, 11, 92, 90, 157, 93, 93, 135, 188, 120, 141, 108, 27, 163, 70, 60, 94, 156, 159, 194, 128, 118),
    (175, 170, 190, 78, 47, 85, 114, 158, 153, 38, 66, 67, 184, 154, 33, 150, 37, 99, 188, 38, 70, 156, 7, 127, 190, 3, 139, 49, 123, 151, 51, 174, 22, 63, 115, 143, 183, 123, 74, 12),
    (176, 37, 64, 60, 77, 126, 70, 110, 122, 69, 179, 194, 102, 191, 96, 151, 195, 142, 88, 55, 6, 66, 174, 130, 142, 152, 27, 155, 77, 89, 120, 82, 4, 16, 125, 82, 88, 190, 49, 114),
    (177, 15, 40, 82, 115, 27, 38, 90, 150, 122, 103, 53, 93, 16, 34, 150, 93, 16, 91, 53, 69, 108, 199, 182, 103, 86, 195, 101, 165, 180, 71, 60, 159, 10, 158, 64, 173, 134, 55, 37),
    (178, 149, 99, 129, 144, 145, 16, 174, 166, 57, 118, 151, 71, 133, 157, 49, 161, 46, 112, 39, 20, 31, 1, 183, 82, 74, 46, 165, 151, 47, 127, 127, 110, 58, 73, 51, 4, 103, 74, 38),
    (179, 120, 152, 14, 104, 199, 21, 189, 24, 129, 37, 59, 126, 50, 40, 17, 96, 72, 55, 129, 141, 174, 7, 115, 153, 113, 183, 124, 91, 63, 193, 123, 90, 148, 108, 138, 1, 2, 76, 140),
    (180, 130, 63, 7, 10, 60, 128, 166, 67, 69, 5, 118, 166, 144, 106, 164, 0, 72, 175, 0, 71, 152, 130, 111, 168, 6, 104, 1, 16, 80, 68, 123, 59, 151, 165, 75, 41, 155, 1, 142),
    (181, 82, 149, 159, 0, 182, 193, 42, 173, 47, 188, 190, 34, 169, 10, 85, 62, 14, 107, 146, 21, 180, 65, 126, 59, 107, 48, 63, 50, 52, 113, 133, 94, 154, 92, 94, 181, 86, 38, 62),
    (182, 16, 149, 104, 94, 8, 58, 96, 152, 102, 190, 92, 164, 103, 13, 135, 123, 11, 96, 0, 135, 159, 0, 90, 115, 58, 55, 90, 143, 122, 1, 176, 104, 12, 12, 10, 34, 36, 177, 60),
    (183, 169, 154, 39, 151, 125, 81, 35, 150, 16, 131, 57, 102, 20, 135, 150, 53, 64, 129, 130, 17, 176, 137, 158, 33, 44, 174, 43, 8, 43, 102, 183, 72, 167, 124, 94, 100, 59, 72, 158),
    (184, 180, 49, 157, 87, 84, 140, 66, 4, 108, 84, 110, 62, 191, 80, 65, 61, 192, 96, 76, 128, 45, 71, 96, 60, 144, 94, 30, 7, 33, 179, 166, 10, 86, 151, 71, 15, 79, 188, 18),
    (185, 50, 152, 173, 126, 164, 1, 22, 150, 57, 116, 52, 24, 68, 155, 80, 2, 130, 65, 173, 90, 29, 126, 145, 81, 3, 63, 168, 8, 105, 22, 8, 181, 134, 124, 28, 115, 96, 38, 157),
    (186, 129, 190, 90, 56, 115, 191, 20, 107, 86, 108, 40, 54, 80, 46, 87, 72, 144, 30, 180, 171, 127, 29, 164, 94, 74, 41, 20, 44, 53, 187, 20, 34, 59, 188, 74, 5, 13, 43, 10),
    (187, 22, 0, 85, 128, 61, 2, 191, 190, 179, 84, 0, 8, 100, 178, 41, 176, 33, 174, 19, 166, 31, 167, 48, 93, 96, 32, 95, 69, 77, 14, 168, 159, 34, 24, 27, 84, 172, 56, 196),
    (188, 164, 80, 48, 35, 31, 27, 147, 173, 74, 60, 15, 53, 40, 170, 84, 107, 91, 66, 122, 149, 193, 188, 63, 133, 110, 100, 49, 39, 88, 195, 172, 50, 164, 3, 23, 50, 182, 177, 74),
    (189, 126, 24, 135, 105, 14, 101, 100, 188, 191, 111, 21, 49, 38, 118, 194, 146, 74, 35, 173, 117, 127, 96, 151, 118, 194, 22, 144, 2, 43, 13, 25, 42, 166, 104, 2, 148, 5, 194, 167),
    (190, 118, 22, 172, 30, 23, 105, 35, 107, 122, 2, 70, 181, 41, 138, 92, 23, 26, 95, 156, 28, 44, 86, 44, 186, 57, 107, 70, 31, 180, 100, 113, 25, 126, 185, 23, 178, 81, 99, 27),
    (191, 175, 99, 156, 13, 12, 82, 44, 17, 159, 97, 172, 140, 161, 103, 114, 166, 62, 165, 146, 164, 23, 17, 101, 11, 133, 114, 76, 49, 42, 154, 64, 126, 76, 179, 14, 188, 190, 134, 56),
    (192, 127, 1, 116, 43, 106, 125, 1, 158, 118, 79, 78, 166, 112, 64, 165, 84, 193, 119, 39, 197, 63, 145, 100, 49, 61, 178, 125, 26, 177, 14, 157, 69, 121, 108, 175, 97, 68, 81, 190),
    (193, 8, 13, 115, 35, 183, 77, 107, 149, 67, 181, 10, 31, 52, 157, 46, 37, 98, 188, 117, 124, 151, 45, 46, 41, 163, 58, 180, 130, 49, 174, 9, 32, 13, 197, 154, 163, 155, 2, 66),
    (194, 11, 158, 126, 26, 10, 121, 24, 15, 4, 3, 193, 55, 107, 128, 147, 43, 134, 75, 161, 54, 39, 133, 164, 43, 79, 107, 155, 143, 90, 91, 120, 91, 104, 32, 116, 168, 165, 90, 4),
    (195, 117, 78, 81, 173, 64, 191, 102, 93, 92, 112, 182, 47, 194, 12, 167, 7, 60, 69, 87, 135, 1, 102, 87, 79, 82, 197, 129, 98, 9, 112, 151, 64, 2, 176, 54, 3, 152, 137, 50),
    (196, 198, 94, 164, 92, 128, 55, 135, 177, 162, 115, 66, 22, 45, 9, 181, 166, 198, 39, 183, 148, 152, 196, 131, 4, 23, 128, 46, 61, 18, 157, 8, 110, 30, 116, 111, 44, 103, 156, 14),
    (197, 30, 101, 199, 70, 198, 42, 100, 56, 81, 172, 26, 120, 7, 28, 0, 131, 197, 80, 191, 46, 61, 81, 50, 46, 88, 56, 61, 79, 153, 188, 10, 11, 134, 181, 144, 193, 1, 111, 147),
    (198, 178, 164, 37, 81, 76, 121, 57, 22, 51, 43, 86, 160, 175, 147, 125, 41, 19, 130, 99, 175, 171, 190, 179, 178, 49, 94, 47, 89, 19, 192, 25, 179, 18, 50, 196, 34, 153, 98, 99),
    (199, 69, 169, 199, 167, 145, 95, 150, 25, 18, 177, 22, 57, 132, 126, 62, 16, 109, 48, 194, 72, 19, 48, 85, 196, 83, 197, 54, 139, 114, 157, 141, 182, 135, 53, 168, 195, 185, 176, 86);

INSERT INTO T29 (pk, t1, t2, t3, t4, t5, t6, t7, t8, t9, t10, t11, t12, t13, t14, t15, t16, t17, t18, t19, t20, t21, t22, t23, t24, t25, t26, t27, t28, t30, t31, t32, t33, t34, t35, t36, t37, t38, t39, t40)
VALUES
    (0, 44, 78, 180, 186, 191, 32, 147, 86, 140, 71, 28, 108, 56, 183, 163, 120, 71, 101, 16, 27, 175, 128, 184, 49, 38, 90, 145, 68, 58, 130, 183, 19, 85, 136, 3, 196, 51, 111, 12),
    (1, 168, 170, 36, 140, 45, 166, 130, 190, 67, 73, 82, 187, 29, 134, 192, 18, 43, 38, 89, 26, 188, 165, 116, 56, 34, 72, 23, 93, 34, 150, 180, 63, 129, 165, 49, 54, 114, 64, 90),
    (2, 197, 128, 133, 55, 64, 181, 29, 46, 129, 135, 49, 50, 166, 49, 70, 157, 75, 50, 139, 20, 54, 138, 122, 92, 133, 27, 103, 173, 66, 150, 33, 171, 97, 145, 172, 150, 10, 171, 85),
    (3, 73, 51, 87, 164, 21, 61, 136, 181, 49, 84, 158, 34, 17, 81, 78, 22, 93, 11, 167, 154, 181, 187, 173, 146, 49, 164, 105, 49, 71, 134, 42, 117, 45, 17, 14, 168, 59, 19, 24),
    (4, 5, 64, 65, 147, 195, 25, 177, 88, 180, 43, 35, 104, 21, 139, 43, 2, 59, 122, 74, 49, 97, 198, 50, 33, 13, 121, 96, 36, 57, 36, 45, 147, 199, 181, 2, 199, 108, 178, 147),
    (5, 125, 58, 75, 14, 65, 164, 95, 179, 37, 95, 114, 180, 168, 198, 106, 90, 139, 121, 162, 109, 156, 157, 88, 10, 181, 16, 46, 2, 185, 151, 119, 113, 53, 28, 178, 6, 186, 13, 121),
    (6, 75, 191, 128, 153, 156, 50, 48, 193, 36, 110, 35, 4, 99, 175, 102, 92, 95, 0, 175, 30, 190, 95, 185, 47, 166, 121, 59, 17, 162, 73, 186, 67, 167, 191, 70, 115, 57, 107, 108),
    (7, 23, 191, 60, 153, 115, 162, 122, 124, 111, 179, 162, 182, 191, 17, 42, 137, 161, 6, 65, 143, 147, 141, 188, 67, 44, 52, 16, 119, 110, 156, 160, 176, 115, 146, 10, 99, 79, 30, 107),
    (8, 113, 106, 117, 94, 142, 86, 130, 23, 59, 5, 31, 9, 102, 76, 190, 179, 105, 132, 83, 130, 188, 32, 11, 90, 31, 119, 47, 41, 180, 190, 133, 71, 22, 107, 112, 152, 126, 154, 22),
    (9, 19, 48, 105, 159, 45, 53, 37, 106, 62, 95, 31, 83, 135, 184, 169, 192, 2, 25, 92, 47, 40, 160, 126, 58, 133, 75, 61, 176, 96, 3, 17, 30, 177, 106, 92, 134, 189, 123, 106),
    (10, 82, 134, 167, 193, 116, 45, 65, 156, 81, 49, 34, 84, 56, 61, 14, 166, 188, 85, 49, 80, 95, 83, 77, 12, 9, 35, 104, 79, 88, 21, 127, 16, 98, 127, 0, 126, 148, 171, 76),
    (11, 56, 48, 62, 153, 151, 109, 188, 40, 78, 67, 27, 88, 19, 192, 55, 69, 127, 84, 27, 146, 32, 131, 158, 16, 21, 198, 10, 65, 197, 70, 77, 177, 161, 101, 19, 194, 114, 1, 173),
    (12, 67, 147, 46, 64, 168, 136, 6, 130, 95, 60, 153, 32, 60, 62, 195, 84, 117, 174, 90, 126, 63, 32, 174, 78, 67, 72, 161, 5, 71, 78, 79, 45, 44, 121, 122, 104, 25, 40, 44),
    (13, 123, 57, 69, 25, 117, 199, 193, 163, 89, 158, 135, 180, 138, 13, 48, 20, 120, 18, 26, 18, 173, 197, 184, 126, 97, 117, 77, 95, 127, 133, 25, 71, 103, 182, 120, 176, 22, 44, 47),
    (14, 145, 5, 8, 28, 146, 198, 32, 33, 190, 154, 168, 126, 147, 167, 48, 11, 26, 116, 156, 139, 96, 102, 107, 41, 159, 56, 96, 129, 30, 129, 172, 166, 152, 54, 95, 162, 194, 6, 6),
    (15, 180, 36, 112, 128, 172, 81, 21, 50, 20, 150, 125, 145, 194, 184, 100, 113, 86, 20, 75, 53, 56, 135, 100, 15, 174, 11, 134, 36, 146, 20, 127, 96, 124, 164, 159, 194, 81, 182, 79),
    (16, 174, 57, 142, 46, 113, 114, 68, 24, 79, 157, 82, 145, 164, 141, 59, 64, 194, 113, 172, 169, 50, 136, 50, 98, 9, 67, 199, 12, 150, 45, 191, 125, 9, 114, 29, 95, 126, 69, 56),
    (17, 104, 62, 124, 194, 168, 135, 122, 51, 78, 168, 54, 15, 132, 175, 151, 107, 71, 141, 37, 86, 9, 137, 138, 193, 199, 129, 188, 176, 126, 192, 27, 70, 21, 14, 112, 165, 75, 26, 133),
    (18, 159, 181, 70, 141, 131, 27, 86, 138, 63, 165, 28, 159, 65, 158, 37, 57, 176, 120, 14, 119, 11, 127, 91, 54, 175, 161, 14, 7, 82, 193, 128, 133, 127, 189, 24, 20, 45, 102, 100),
    (19, 85, 34, 169, 18, 108, 0, 59, 76, 188, 34, 61, 99, 180, 22, 151, 181, 185, 81, 144, 160, 72, 142, 89, 43, 141, 54, 66, 65, 57, 115, 198, 49, 24, 185, 91, 48, 19, 160, 87),
    (20, 48, 136, 115, 189, 88, 187, 49, 178, 119, 39, 34, 113, 51, 70, 72, 7, 132, 180, 148, 65, 118, 185, 98, 118, 71, 1, 138, 146, 183, 60, 155, 161, 16, 88, 77, 172, 81, 35, 174),
    (21, 171, 25, 121, 156, 143, 172, 4, 194, 85, 16, 102, 72, 166, 121, 24, 166, 103, 18, 39, 111, 193, 176, 84, 27, 58, 125, 49, 111, 126, 111, 80, 157, 152, 51, 39, 60, 168, 62, 62),
    (22, 162, 65, 150, 198, 168, 160, 168, 176, 197, 72, 112, 109, 121, 122, 65, 91, 77, 106, 156, 199, 36, 19, 61, 90, 149, 89, 114, 180, 144, 70, 147, 30, 49, 14, 171, 81, 59, 76, 51),
    (23, 144, 116, 61, 5, 54, 189, 194, 96, 129, 108, 61, 36, 49, 154, 189, 34, 69, 35, 27, 167, 32, 52, 139, 160, 27, 9, 151, 198, 63, 161, 145, 128, 119, 43, 54, 33, 168, 51, 24),
    (24, 58, 24, 170, 139, 103, 150, 86, 90, 93, 26, 143, 137, 45, 71, 169, 100, 188, 32, 195, 91, 128, 47, 2, 11, 76, 178, 196, 79, 36, 87, 124, 5, 6, 11, 125, 17, 111, 17, 107),
    (25, 74, 29, 163, 29, 112, 85, 196, 84, 92, 161, 8, 30, 49, 111, 127, 165, 92, 146, 104, 91, 44, 4, 2, 40, 77, 139, 86, 120, 68, 139, 11, 11, 184, 50, 139, 171, 47, 8, 155),
    (26, 94, 62, 42, 76, 57, 8, 82, 55, 131, 165, 121, 174, 74, 141, 1, 189, 54, 81, 52, 116, 6, 148, 92, 100, 121, 34, 44, 148, 85, 179, 79, 161, 23, 79, 57, 133, 79, 103, 109),
    (27, 124, 37, 79, 30, 89, 160, 51, 112, 51, 103, 47, 35, 183, 188, 9, 123, 35, 22, 66, 74, 100, 154, 55, 4, 85, 127, 39, 145, 9, 163, 47, 190, 79, 82, 181, 1, 45, 33, 197),
    (28, 183, 1, 135, 181, 174, 135, 172, 32, 35, 188, 70, 113, 16, 33, 86, 87, 89, 79, 15, 110, 32, 40, 143, 46, 91, 179, 141, 36, 85, 144, 129, 184, 106, 150, 97, 65, 117, 15, 119),
    (29, 196, 100, 110, 50, 160, 60, 154, 28, 98, 103, 162, 125, 31, 172, 144, 52, 119, 123, 4, 186, 50, 168, 108, 33, 30, 46, 18, 40, 164, 45, 140, 106, 40, 66, 158, 177, 199, 75, 130),
    (30, 179, 166, 49, 80, 80, 176, 192, 77, 132, 136, 148, 76, 49, 183, 183, 164, 65, 117, 144, 150, 3, 48, 138, 62, 53, 157, 105, 145, 30, 82, 178, 98, 170, 135, 87, 141, 39, 91, 51),
    (31, 10, 27, 78, 159, 162, 89, 76, 50, 61, 143, 143, 186, 112, 57, 14, 142, 199, 24, 153, 88, 113, 61, 103, 174, 69, 61, 194, 99, 39, 168, 101, 54, 137, 33, 49, 96, 168, 113, 22),
    (32, 14, 153, 180, 22, 27, 136, 61, 175, 124, 46, 84, 174, 103, 82, 150, 143, 75, 102, 136, 82, 139, 191, 53, 193, 29, 19, 59, 25, 165, 108, 14, 83, 187, 74, 111, 195, 186, 186, 86),
    (33, 10, 178, 178, 154, 197, 62, 20, 146, 87, 189, 135, 23, 68, 151, 63, 79, 91, 179, 70, 13, 128, 38, 177, 57, 151, 9, 82, 121, 104, 180, 86, 121, 68, 119, 146, 48, 133, 164, 70),
    (34, 92, 56, 177, 54, 69, 57, 192, 124, 37, 79, 138, 45, 47, 191, 3, 45, 59, 4, 188, 33, 157, 9, 180, 1, 60, 147, 92, 37, 44, 181, 95, 128, 85, 70, 102, 50, 169, 99, 118),
    (35, 114, 114, 30, 101, 138, 98, 14, 9, 188, 69, 79, 50, 58, 101, 188, 184, 135, 93, 93, 182, 135, 171, 12, 176, 46, 58, 63, 33, 158, 168, 150, 63, 86, 81, 48, 92, 69, 26, 10),
    (36, 52, 198, 27, 178, 66, 118, 156, 83, 46, 83, 28, 153, 30, 27, 73, 33, 111, 64, 194, 50, 39, 115, 167, 151, 131, 17, 126, 154, 6, 191, 151, 122, 75, 35, 187, 84, 101, 39, 173),
    (37, 142, 150, 17, 170, 160, 17, 5, 136, 184, 174, 91, 27, 92, 167, 132, 106, 31, 195, 135, 192, 132, 178, 146, 118, 34, 5, 197, 98, 180, 131, 88, 73, 81, 146, 152, 149, 23, 143, 71),
    (38, 121, 85, 19, 16, 77, 172, 197, 50, 41, 91, 139, 126, 114, 194, 71, 34, 180, 144, 82, 28, 65, 83, 6, 18, 46, 98, 92, 33, 141, 58, 137, 101, 94, 80, 45, 21, 55, 36, 172),
    (39, 122, 62, 1, 174, 49, 47, 41, 64, 76, 194, 137, 161, 112, 199, 174, 170, 137, 89, 32, 104, 129, 108, 93, 154, 40, 141, 17, 11, 162, 83, 82, 124, 86, 112, 130, 45, 109, 57, 72),
    (40, 77, 194, 196, 25, 85, 89, 156, 88, 2, 48, 129, 90, 33, 97, 17, 19, 174, 123, 29, 168, 146, 99, 27, 195, 61, 22, 9, 99, 103, 107, 71, 61, 67, 110, 57, 181, 183, 191, 198),
    (41, 4, 52, 75, 93, 44, 92, 154, 11, 174, 98, 106, 156, 58, 15, 58, 57, 122, 145, 173, 88, 182, 151, 2, 89, 173, 160, 106, 29, 40, 42, 192, 156, 92, 158, 118, 185, 3, 118, 161),
    (42, 106, 158, 77, 111, 70, 50, 157, 177, 14, 108, 190, 5, 52, 120, 112, 37, 99, 144, 33, 141, 25, 58, 186, 119, 143, 62, 85, 94, 191, 125, 76, 110, 15, 106, 158, 94, 148, 68, 104),
    (43, 111, 64, 25, 40, 135, 43, 14, 138, 151, 157, 65, 45, 197, 41, 144, 188, 71, 10, 95, 127, 160, 156, 108, 48, 140, 133, 136, 184, 142, 175, 198, 143, 146, 20, 128, 31, 165, 145, 101),
    (44, 106, 137, 109, 140, 83, 117, 66, 41, 188, 153, 160, 117, 71, 33, 111, 38, 64, 182, 34, 32, 40, 137, 14, 53, 198, 8, 197, 49, 21, 130, 32, 27, 130, 158, 31, 177, 170, 24, 155),
    (45, 172, 16, 111, 80, 61, 168, 126, 132, 111, 93, 168, 173, 187, 59, 174, 51, 4, 25, 153, 169, 21, 174, 130, 64, 86, 160, 155, 103, 176, 71, 37, 14, 117, 30, 113, 97, 156, 178, 54),
    (46, 147, 23, 174, 23, 191, 7, 119, 189, 191, 43, 26, 198, 195, 75, 49, 116, 14, 127, 145, 56, 191, 133, 77, 183, 67, 122, 160, 150, 43, 68, 169, 72, 37, 190, 5, 4, 108, 54, 40),
    (47, 10, 119, 110, 90, 57, 70, 50, 196, 179, 85, 143, 54, 53, 21, 179, 71, 93, 42, 24, 32, 25, 79, 91, 107, 180, 128, 52, 160, 73, 188, 97, 155, 136, 144, 50, 67, 111, 143, 186),
    (48, 11, 22, 196, 159, 83, 173, 140, 71, 157, 72, 96, 66, 56, 63, 4, 158, 188, 110, 67, 95, 168, 6, 96, 9, 47, 120, 162, 162, 171, 182, 78, 117, 20, 131, 86, 86, 182, 28, 12),
    (49, 171, 190, 104, 1, 48, 179, 191, 132, 186, 60, 88, 162, 159, 14, 112, 190, 40, 96, 44, 144, 48, 13, 53, 100, 118, 14, 147, 63, 182, 135, 45, 48, 164, 74, 96, 195, 61, 60, 154),
    (50, 32, 178, 168, 133, 23, 142, 65, 135, 147, 25, 148, 39, 49, 197, 146, 139, 78, 113, 195, 178, 178, 115, 172, 52, 132, 39, 91, 17, 116, 110, 179, 118, 46, 15, 46, 84, 186, 192, 29),
    (51, 54, 19, 35, 84, 171, 81, 89, 103, 137, 163, 7, 33, 180, 164, 13, 169, 152, 157, 158, 151, 145, 80, 113, 99, 35, 101, 81, 120, 61, 37, 78, 163, 161, 149, 15, 90, 131, 178, 73),
    (52, 117, 1, 128, 183, 13, 1, 134, 115, 58, 62, 134, 183, 55, 85, 194, 176, 72, 168, 192, 183, 44, 78, 186, 179, 38, 170, 164, 168, 172, 162, 159, 104, 183, 4, 30, 187, 27, 107, 53),
    (53, 161, 12, 75, 199, 92, 195, 5, 91, 191, 152, 95, 47, 106, 120, 160, 99, 120, 112, 41, 42, 171, 182, 100, 123, 134, 26, 0, 59, 8, 38, 100, 169, 72, 31, 71, 17, 189, 49, 13),
    (54, 14, 63, 24, 108, 191, 64, 131, 148, 84, 95, 163, 172, 35, 48, 119, 15, 145, 55, 169, 14, 4, 38, 169, 42, 186, 138, 117, 141, 25, 150, 85, 31, 141, 166, 160, 86, 85, 52, 23),
    (55, 194, 8, 91, 191, 61, 60, 144, 193, 43, 97, 1, 56, 107, 58, 134, 100, 182, 32, 22, 26, 46, 102, 74, 175, 144, 189, 16, 121, 110, 50, 5, 163, 67, 81, 57, 144, 74, 101, 75),
    (56, 64, 109, 199, 85, 198, 18, 77, 83, 1, 21, 6, 178, 163, 196, 0, 2, 85, 111, 10, 55, 168, 111, 124, 71, 129, 138, 157, 100, 141, 8, 50, 16, 11, 123, 157, 39, 20, 179, 92),
    (57, 126, 123, 104, 20, 128, 90, 179, 17, 162, 13, 23, 170, 177, 112, 73, 48, 47, 195, 30, 52, 41, 170, 181, 130, 166, 137, 0, 104, 149, 149, 197, 140, 86, 79, 51, 128, 195, 44, 145),
    (58, 188, 54, 26, 115, 25, 129, 103, 20, 86, 93, 35, 136, 145, 113, 110, 61, 110, 101, 150, 126, 87, 169, 104, 195, 55, 36, 122, 156, 153, 93, 62, 29, 56, 60, 72, 68, 22, 46, 136),
    (59, 174, 195, 177, 139, 8, 143, 180, 114, 63, 118, 125, 147, 137, 30, 16, 103, 8, 94, 163, 117, 197, 119, 186, 199, 10, 156, 57, 109, 43, 177, 84, 99, 190, 53, 130, 5, 22, 105, 176),
    (60, 141, 53, 186, 68, 83, 197, 68, 101, 137, 68, 158, 22, 177, 126, 0, 135, 31, 73, 115, 17, 36, 113, 81, 35, 81, 20, 55, 77, 12, 20, 157, 162, 89, 149, 29, 95, 129, 172, 97),
    (61, 56, 125, 37, 184, 176, 110, 54, 197, 116, 75, 189, 184, 120, 12, 122, 10, 155, 42, 51, 153, 198, 61, 125, 182, 99, 26, 42, 105, 98, 87, 15, 26, 23, 187, 51, 154, 143, 175, 154),
    (62, 21, 10, 166, 134, 93, 178, 27, 182, 127, 149, 28, 53, 194, 121, 147, 196, 29, 148, 44, 9, 114, 75, 141, 107, 58, 25, 198, 170, 123, 118, 72, 154, 86, 188, 171, 175, 11, 177, 55),
    (63, 141, 154, 114, 171, 91, 138, 40, 164, 73, 117, 125, 115, 182, 188, 2, 28, 30, 86, 135, 88, 158, 90, 173, 107, 91, 84, 52, 96, 41, 171, 116, 56, 109, 64, 37, 49, 91, 145, 58),
    (64, 192, 80, 65, 170, 104, 176, 44, 164, 148, 165, 135, 1, 69, 163, 19, 112, 123, 74, 183, 185, 100, 46, 159, 64, 153, 12, 49, 185, 152, 143, 150, 17, 30, 48, 6, 5, 178, 155, 31),
    (65, 178, 41, 187, 22, 45, 103, 84, 140, 12, 114, 95, 141, 38, 160, 5, 138, 162, 194, 84, 156, 135, 192, 78, 58, 199, 162, 149, 94, 132, 157, 107, 175, 21, 17, 13, 110, 116, 112, 158),
    (66, 123, 50, 153, 81, 41, 79, 198, 46, 27, 98, 153, 107, 180, 176, 21, 164, 142, 108, 36, 64, 143, 148, 172, 89, 75, 136, 127, 24, 115, 146, 178, 36, 175, 187, 45, 175, 70, 2, 140),
    (67, 139, 21, 106, 85, 27, 32, 48, 176, 171, 81, 143, 43, 84, 136, 131, 161, 65, 56, 193, 16, 193, 174, 104, 116, 106, 184, 167, 163, 128, 68, 197, 46, 149, 12, 72, 127, 48, 75, 157),
    (68, 113, 153, 190, 73, 129, 119, 114, 65, 82, 130, 43, 93, 113, 114, 122, 66, 141, 169, 140, 16, 144, 183, 156, 145, 17, 71, 172, 83, 48, 42, 62, 166, 67, 179, 143, 48, 195, 5, 59),
    (69, 82, 145, 133, 13, 140, 133, 147, 73, 93, 181, 131, 38, 28, 165, 184, 40, 34, 86, 115, 150, 122, 94, 181, 0, 43, 125, 55, 154, 62, 55, 63, 11, 190, 5, 184, 154, 73, 192, 173),
    (70, 83, 96, 167, 75, 39, 88, 44, 113, 101, 181, 158, 16, 134, 78, 103, 156, 42, 118, 8, 57, 65, 185, 64, 8, 192, 91, 168, 68, 158, 193, 69, 56, 54, 134, 50, 65, 24, 47, 116),
    (71, 59, 83, 143, 138, 98, 110, 191, 129, 73, 114, 111, 65, 96, 157, 156, 193, 76, 112, 69, 101, 74, 151, 62, 178, 72, 184, 100, 12, 8, 140, 2, 11, 158, 96, 124, 2, 88, 47, 191),
    (72, 197, 41, 103, 90, 71, 128, 156, 104, 193, 7, 68, 127, 188, 62, 122, 44, 119, 168, 39, 181, 60, 37, 11, 187, 26, 178, 67, 190, 65, 120, 75, 149, 99, 196, 187, 23, 33, 139, 193),
    (73, 58, 81, 21, 52, 42, 192, 108, 55, 83, 13, 49, 119, 33, 48, 6, 94, 118, 72, 86, 108, 44, 126, 69, 47, 166, 139, 184, 35, 2, 29, 152, 56, 67, 7, 94, 154, 107, 196, 74),
    (74, 140, 98, 74, 127, 49, 124, 102, 94, 120, 73, 3, 195, 94, 117, 168, 54, 16, 168, 15, 86, 195, 134, 34, 110, 88, 133, 166, 10, 125, 103, 111, 77, 92, 26, 95, 59, 172, 115, 112),
    (75, 148, 176, 145, 121, 113, 69, 139, 159, 59, 150, 8, 157, 50, 120, 70, 38, 87, 23, 78, 16, 93, 139, 73, 44, 64, 165, 79, 177, 48, 82, 26, 59, 191, 130, 165, 18, 70, 171, 122),
    (76, 113, 191, 141, 87, 21, 24, 100, 126, 132, 85, 22, 9, 1, 138, 22, 62, 63, 47, 10, 0, 182, 62, 151, 11, 182, 189, 135, 0, 23, 5, 55, 81, 52, 30, 10, 149, 52, 160, 5),
    (77, 10, 136, 14, 125, 182, 18, 54, 131, 170, 144, 29, 116, 3, 142, 11, 166, 152, 32, 49, 129, 31, 197, 15, 129, 127, 149, 18, 183, 178, 184, 70, 108, 48, 58, 63, 32, 125, 64, 143),
    (78, 81, 190, 45, 108, 144, 126, 101, 142, 146, 183, 16, 186, 39, 91, 2, 22, 57, 45, 191, 198, 61, 1, 186, 12, 174, 41, 198, 112, 165, 40, 156, 79, 71, 52, 184, 40, 143, 25, 60),
    (79, 82, 197, 147, 165, 24, 124, 181, 39, 14, 70, 26, 177, 35, 163, 2, 48, 101, 63, 18, 134, 119, 130, 48, 73, 50, 174, 1, 30, 168, 7, 108, 150, 182, 17, 62, 121, 10, 79, 104),
    (80, 28, 98, 88, 52, 92, 22, 133, 165, 61, 123, 88, 72, 35, 144, 12, 142, 132, 155, 57, 158, 124, 7, 115, 162, 93, 188, 183, 31, 112, 2, 54, 166, 97, 19, 2, 56, 47, 118, 85),
    (81, 99, 98, 186, 5, 143, 1, 192, 176, 95, 153, 88, 70, 80, 80, 183, 183, 123, 40, 94, 50, 58, 159, 134, 195, 86, 175, 98, 27, 153, 13, 147, 189, 90, 6, 157, 147, 80, 54, 81),
    (82, 157, 51, 164, 20, 121, 33, 14, 105, 104, 135, 171, 85, 89, 142, 1, 14, 81, 196, 12, 123, 30, 117, 121, 80, 19, 93, 83, 163, 174, 52, 68, 154, 152, 180, 99, 98, 94, 181, 108),
    (83, 85, 21, 51, 80, 20, 59, 12, 182, 49, 114, 71, 58, 8, 7, 79, 188, 39, 149, 90, 107, 51, 52, 137, 194, 26, 74, 122, 146, 198, 21, 59, 57, 136, 68, 102, 125, 86, 166, 125),
    (84, 88, 190, 191, 75, 12, 79, 189, 121, 22, 153, 149, 167, 111, 19, 175, 117, 166, 57, 90, 106, 56, 26, 21, 48, 5, 108, 30, 172, 86, 48, 85, 8, 187, 62, 109, 167, 121, 86, 111),
    (85, 118, 158, 12, 143, 148, 97, 123, 42, 8, 98, 51, 109, 2, 137, 125, 9, 80, 192, 126, 51, 115, 35, 178, 161, 150, 55, 152, 184, 163, 121, 50, 33, 22, 90, 118, 73, 62, 5, 102),
    (86, 63, 31, 31, 25, 84, 6, 194, 79, 195, 117, 94, 24, 189, 48, 148, 65, 78, 115, 175, 180, 28, 131, 53, 18, 194, 183, 147, 150, 199, 143, 164, 103, 154, 136, 93, 192, 103, 16, 96),
    (87, 183, 1, 55, 1, 53, 150, 74, 40, 25, 115, 44, 132, 72, 102, 65, 45, 93, 25, 178, 118, 191, 11, 36, 92, 187, 28, 59, 134, 81, 147, 22, 39, 40, 81, 34, 97, 191, 93, 102),
    (88, 132, 6, 177, 182, 63, 46, 95, 177, 1, 63, 87, 125, 114, 143, 89, 156, 157, 133, 163, 177, 150, 3, 122, 97, 177, 82, 121, 145, 106, 28, 182, 20, 50, 170, 7, 45, 151, 151, 1),
    (89, 184, 198, 99, 46, 127, 172, 175, 199, 187, 73, 151, 36, 16, 21, 132, 153, 110, 147, 96, 184, 163, 158, 9, 190, 194, 86, 37, 69, 114, 173, 149, 197, 139, 10, 56, 83, 56, 153, 95),
    (90, 169, 162, 45, 135, 7, 154, 21, 157, 83, 32, 171, 124, 10, 190, 177, 94, 176, 157, 58, 166, 198, 13, 93, 16, 143, 152, 4, 80, 67, 140, 83, 103, 172, 140, 67, 42, 63, 109, 82),
    (91, 84, 66, 130, 152, 189, 41, 105, 189, 50, 176, 56, 76, 70, 158, 149, 144, 191, 59, 8, 54, 188, 103, 133, 22, 74, 1, 144, 109, 84, 88, 144, 106, 84, 13, 108, 62, 178, 165, 107),
    (92, 52, 131, 62, 113, 144, 169, 129, 32, 158, 139, 193, 34, 189, 2, 87, 141, 194, 107, 120, 16, 146, 67, 178, 105, 6, 140, 104, 93, 58, 58, 107, 160, 40, 47, 163, 64, 125, 181, 16),
    (93, 158, 2, 18, 26, 102, 127, 86, 103, 194, 88, 67, 60, 170, 180, 112, 171, 137, 10, 17, 152, 188, 183, 179, 4, 172, 139, 86, 71, 8, 114, 187, 197, 31, 184, 76, 155, 70, 126, 130),
    (94, 8, 22, 163, 186, 191, 141, 50, 2, 144, 112, 160, 25, 197, 59, 53, 2, 96, 194, 186, 48, 64, 162, 6, 57, 122, 165, 20, 198, 87, 4, 101, 142, 158, 169, 15, 101, 143, 118, 131),
    (95, 142, 158, 57, 117, 31, 180, 24, 98, 21, 92, 75, 72, 130, 67, 112, 33, 170, 134, 199, 132, 161, 153, 117, 79, 67, 21, 39, 157, 162, 93, 5, 35, 31, 16, 88, 9, 101, 175, 23),
    (96, 37, 90, 161, 21, 129, 179, 114, 128, 176, 45, 198, 29, 67, 108, 176, 101, 159, 178, 197, 124, 153, 70, 133, 171, 195, 154, 140, 31, 191, 153, 123, 127, 63, 85, 78, 153, 97, 71, 145),
    (97, 74, 25, 4, 108, 109, 72, 170, 57, 3, 114, 78, 125, 164, 102, 112, 80, 69, 105, 119, 94, 23, 186, 124, 135, 0, 72, 190, 145, 93, 6, 76, 162, 145, 93, 120, 64, 101, 44, 86),
    (98, 99, 186, 169, 193, 129, 11, 186, 107, 4, 110, 125, 89, 98, 164, 38, 50, 26, 53, 41, 111, 165, 103, 95, 125, 13, 65, 118, 58, 66, 123, 36, 91, 150, 71, 46, 112, 19, 11, 2),
    (99, 162, 34, 117, 80, 192, 100, 145, 188, 114, 168, 138, 57, 163, 27, 117, 40, 109, 5, 91, 146, 37, 133, 123, 87, 60, 163, 52, 28, 165, 20, 156, 100, 6, 27, 175, 163, 118, 131, 192),
    (100, 22, 121, 138, 184, 64, 126, 17, 15, 174, 82, 91, 163, 70, 91, 40, 129, 124, 116, 117, 77, 37, 124, 22, 21, 51, 164, 109, 0, 187, 143, 176, 33, 5, 112, 36, 185, 108, 111, 117),
    (101, 10, 8, 37, 87, 15, 110, 130, 62, 191, 16, 93, 158, 193, 177, 184, 81, 53, 13, 100, 139, 1, 106, 192, 158, 73, 160, 172, 47, 170, 53, 124, 75, 189, 141, 123, 8, 41, 17, 22),
    (102, 44, 37, 172, 147, 167, 68, 15, 86, 2, 15, 171, 23, 93, 193, 101, 148, 143, 172, 118, 185, 54, 17, 70, 154, 181, 64, 130, 67, 134, 131, 126, 0, 36, 50, 184, 161, 73, 14, 82),
    (103, 66, 154, 93, 35, 119, 1, 135, 99, 44, 29, 196, 3, 153, 86, 1, 199, 57, 57, 194, 191, 67, 81, 48, 160, 70, 132, 105, 32, 88, 78, 117, 15, 150, 5, 144, 102, 56, 56, 98),
    (104, 185, 106, 130, 138, 29, 98, 92, 18, 64, 122, 171, 182, 19, 140, 112, 13, 72, 195, 55, 146, 107, 196, 36, 98, 57, 61, 31, 168, 58, 181, 73, 78, 2, 88, 123, 89, 45, 191, 148),
    (105, 165, 90, 139, 146, 101, 15, 67, 95, 112, 198, 110, 196, 190, 20, 124, 22, 89, 108, 27, 97, 187, 168, 183, 143, 149, 105, 147, 20, 58, 59, 5, 35, 106, 95, 88, 18, 41, 184, 182),
    (106, 82, 138, 39, 198, 78, 166, 150, 43, 185, 42, 194, 197, 77, 187, 136, 84, 39, 133, 167, 159, 24, 142, 107, 81, 36, 178, 71, 102, 133, 174, 180, 5, 0, 64, 2, 169, 128, 137, 37),
    (107, 173, 133, 171, 180, 77, 35, 67, 107, 146, 90, 123, 14, 184, 153, 82, 72, 1, 39, 122, 176, 50, 142, 137, 10, 43, 16, 17, 91, 80, 3, 96, 157, 118, 88, 126, 126, 140, 105, 52),
    (108, 74, 6, 147, 182, 177, 175, 125, 115, 68, 13, 107, 71, 146, 152, 89, 163, 190, 7, 137, 100, 6, 30, 45, 5, 168, 18, 38, 156, 85, 163, 20, 64, 107, 50, 6, 120, 41, 120, 66),
    (109, 170, 12, 50, 56, 40, 100, 115, 186, 17, 160, 169, 197, 95, 62, 95, 178, 36, 26, 41, 160, 50, 78, 118, 96, 159, 32, 32, 118, 177, 61, 160, 83, 64, 122, 94, 96, 121, 10, 91),
    (110, 134, 149, 4, 57, 24, 23, 125, 38, 21, 106, 144, 180, 113, 181, 133, 137, 75, 129, 137, 33, 15, 183, 57, 138, 169, 77, 194, 95, 34, 46, 199, 51, 198, 179, 167, 98, 71, 41, 76),
    (111, 162, 111, 149, 165, 176, 134, 96, 159, 33, 6, 135, 0, 25, 24, 35, 106, 178, 89, 17, 105, 190, 15, 41, 71, 194, 153, 186, 5, 78, 7, 129, 32, 165, 193, 42, 162, 109, 196, 30),
    (112, 59, 23, 55, 66, 186, 142, 28, 115, 103, 42, 134, 167, 159, 157, 114, 163, 133, 34, 41, 22, 196, 174, 44, 81, 25, 20, 122, 53, 84, 15, 182, 77, 136, 148, 68, 26, 179, 142, 62),
    (113, 96, 128, 167, 143, 117, 21, 3, 29, 65, 14, 35, 56, 184, 154, 177, 110, 103, 52, 63, 134, 54, 77, 120, 126, 91, 47, 55, 164, 197, 96, 0, 131, 140, 181, 167, 71, 159, 130, 36),
    (114, 48, 149, 133, 191, 59, 168, 51, 172, 40, 180, 188, 178, 1, 53, 137, 192, 148, 159, 67, 146, 3, 122, 18, 165, 120, 198, 26, 96, 37, 196, 38, 39, 94, 17, 199, 115, 185, 154, 13),
    (115, 107, 107, 54, 179, 82, 61, 109, 127, 28, 7, 43, 50, 197, 115, 193, 183, 127, 106, 88, 38, 33, 132, 111, 90, 188, 125, 164, 151, 128, 5, 12, 98, 95, 38, 0, 67, 197, 186, 66),
    (116, 16, 59, 62, 186, 1, 20, 115, 162, 14, 196, 167, 84, 68, 109, 128, 29, 31, 170, 147, 79, 176, 86, 169, 15, 92, 70, 37, 5, 179, 155, 135, 18, 60, 38, 95, 189, 143, 125, 93),
    (117, 11, 93, 122, 188, 61, 140, 99, 7, 32, 150, 31, 157, 182, 33, 192, 67, 96, 129, 15, 73, 51, 82, 151, 90, 46, 187, 64, 171, 134, 199, 188, 60, 70, 135, 177, 183, 0, 46, 35),
    (118, 51, 84, 12, 18, 127, 142, 7, 172, 40, 37, 13, 63, 94, 22, 135, 137, 26, 15, 0, 68, 123, 125, 165, 94, 2, 53, 74, 191, 194, 196, 133, 163, 50, 39, 97, 12, 96, 134, 47),
    (119, 30, 31, 185, 19, 90, 37, 116, 129, 60, 76, 52, 106, 191, 31, 24, 110, 20, 102, 24, 160, 84, 111, 21, 19, 161, 195, 52, 15, 105, 78, 62, 62, 78, 70, 55, 34, 14, 131, 192),
    (120, 36, 134, 53, 90, 190, 181, 162, 55, 185, 131, 143, 125, 6, 145, 117, 18, 120, 37, 179, 20, 76, 127, 130, 130, 84, 63, 165, 74, 2, 0, 13, 28, 184, 151, 42, 43, 24, 160, 74),
    (121, 108, 128, 117, 106, 113, 58, 127, 135, 118, 84, 13, 119, 64, 197, 27, 136, 192, 67, 118, 150, 57, 173, 158, 62, 109, 93, 178, 104, 151, 111, 188, 110, 2, 150, 44, 149, 81, 185, 1),
    (122, 155, 177, 131, 73, 151, 164, 186, 188, 104, 3, 123, 115, 22, 160, 24, 170, 104, 160, 156, 179, 68, 31, 141, 51, 135, 104, 46, 46, 196, 58, 149, 197, 70, 44, 14, 105, 22, 126, 114),
    (123, 1, 34, 61, 8, 145, 40, 93, 13, 35, 1, 10, 191, 108, 191, 107, 176, 103, 165, 0, 116, 172, 131, 106, 172, 26, 54, 19, 76, 5, 157, 164, 138, 16, 112, 191, 116, 171, 38, 9),
    (124, 199, 80, 134, 102, 115, 140, 163, 135, 43, 25, 37, 68, 85, 9, 197, 55, 173, 42, 129, 182, 8, 61, 5, 61, 64, 93, 168, 127, 104, 14, 181, 91, 189, 19, 169, 165, 147, 104, 79),
    (125, 35, 96, 115, 65, 190, 114, 164, 185, 139, 55, 5, 29, 115, 116, 128, 179, 142, 28, 117, 134, 142, 159, 5, 140, 25, 129, 37, 22, 144, 153, 141, 189, 194, 42, 162, 59, 157, 7, 70),
    (126, 132, 53, 88, 73, 6, 144, 130, 127, 107, 151, 3, 69, 148, 19, 31, 64, 165, 57, 164, 105, 142, 6, 136, 130, 23, 44, 166, 149, 35, 21, 136, 20, 37, 7, 193, 41, 16, 169, 180),
    (127, 185, 160, 5, 198, 58, 132, 52, 12, 140, 104, 143, 101, 165, 85, 178, 102, 94, 14, 9, 39, 144, 169, 34, 161, 160, 83, 107, 116, 2, 152, 172, 12, 145, 22, 76, 104, 91, 186, 75),
    (128, 84, 37, 145, 102, 121, 168, 194, 143, 77, 117, 165, 116, 182, 32, 90, 187, 22, 20, 67, 119, 41, 75, 26, 134, 172, 27, 39, 92, 193, 179, 177, 14, 34, 66, 129, 193, 85, 20, 179),
    (129, 3, 142, 48, 84, 188, 19, 77, 166, 57, 155, 70, 82, 156, 116, 102, 70, 18, 31, 42, 49, 101, 2, 102, 179, 186, 199, 180, 88, 176, 94, 158, 147, 81, 70, 44, 188, 162, 23, 17),
    (130, 0, 63, 187, 120, 138, 107, 10, 90, 60, 103, 91, 48, 60, 105, 29, 178, 92, 184, 71, 114, 111, 82, 139, 158, 179, 18, 122, 193, 22, 174, 34, 8, 112, 39, 197, 190, 67, 22, 127),
    (131, 125, 108, 196, 61, 28, 173, 149, 57, 32, 128, 126, 38, 191, 24, 51, 190, 90, 82, 2, 27, 178, 148, 145, 15, 86, 3, 38, 153, 175, 20, 71, 58, 128, 175, 148, 76, 11, 9, 163),
    (132, 66, 129, 164, 174, 189, 14, 134, 160, 157, 83, 143, 127, 125, 80, 47, 195, 66, 137, 189, 105, 79, 80, 163, 47, 143, 65, 3, 73, 115, 194, 71, 144, 185, 45, 24, 108, 189, 50, 108),
    (133, 131, 175, 199, 45, 172, 75, 154, 146, 143, 113, 38, 28, 5, 19, 130, 61, 169, 112, 171, 102, 171, 116, 37, 106, 173, 75, 184, 88, 160, 186, 27, 69, 77, 138, 72, 9, 150, 182, 99),
    (134, 109, 47, 44, 98, 81, 92, 107, 165, 18, 92, 74, 177, 145, 93, 116, 188, 56, 134, 196, 173, 65, 51, 181, 12, 0, 135, 194, 29, 170, 154, 3, 115, 89, 155, 8, 159, 89, 0, 197),
    (135, 15, 94, 146, 159, 100, 10, 15, 60, 12, 89, 51, 134, 161, 139, 197, 20, 2, 31, 177, 63, 88, 17, 160, 34, 166, 180, 112, 61, 29, 78, 79, 96, 132, 24, 15, 181, 78, 70, 129),
    (136, 10, 7, 198, 97, 115, 75, 187, 53, 65, 100, 28, 35, 59, 190, 62, 123, 86, 76, 183, 57, 80, 3, 143, 191, 43, 76, 86, 156, 19, 123, 131, 104, 167, 130, 59, 163, 128, 30, 194),
    (137, 199, 112, 48, 37, 149, 105, 88, 120, 186, 45, 68, 113, 145, 47, 114, 80, 61, 198, 24, 85, 54, 180, 39, 198, 17, 25, 118, 196, 129, 32, 23, 167, 2, 77, 125, 71, 162, 110, 36),
    (138, 44, 21, 39, 137, 170, 118, 73, 58, 16, 101, 82, 9, 173, 40, 43, 139, 45, 9, 59, 87, 64, 45, 32, 172, 159, 86, 71, 85, 85, 147, 13, 7, 63, 135, 79, 12, 185, 28, 98),
    (139, 0, 171, 36, 74, 73, 180, 71, 59, 21, 174, 176, 24, 65, 15, 104, 158, 138, 186, 144, 31, 186, 99, 33, 112, 26, 52, 58, 87, 64, 97, 84, 106, 137, 13, 198, 38, 198, 32, 197),
    (140, 92, 166, 155, 14, 179, 56, 80, 130, 143, 81, 129, 73, 99, 57, 166, 39, 88, 149, 161, 135, 30, 72, 156, 153, 54, 158, 122, 4, 118, 6, 99, 42, 112, 22, 197, 137, 91, 100, 32),
    (141, 35, 66, 15, 163, 62, 129, 39, 40, 34, 64, 87, 114, 104, 59, 147, 26, 31, 103, 81, 75, 23, 170, 96, 144, 47, 170, 93, 6, 145, 73, 82, 184, 17, 173, 96, 184, 65, 163, 88),
    (142, 81, 3, 156, 172, 19, 186, 102, 184, 52, 86, 117, 33, 28, 177, 158, 10, 137, 160, 94, 107, 87, 71, 90, 149, 172, 70, 184, 53, 53, 0, 135, 65, 185, 197, 136, 157, 56, 94, 146),
    (143, 2, 28, 145, 163, 116, 77, 138, 93, 18, 20, 98, 45, 57, 65, 48, 159, 100, 186, 73, 109, 145, 107, 59, 151, 75, 174, 81, 63, 110, 128, 94, 133, 185, 121, 93, 82, 91, 62, 117),
    (144, 190, 52, 78, 165, 110, 168, 168, 22, 154, 43, 79, 134, 54, 44, 192, 6, 123, 107, 86, 163, 13, 91, 60, 59, 180, 159, 193, 5, 142, 181, 92, 81, 121, 1, 170, 129, 64, 44, 110),
    (145, 116, 97, 111, 137, 58, 159, 87, 3, 194, 10, 12, 125, 92, 115, 170, 61, 71, 173, 34, 44, 35, 146, 80, 145, 187, 122, 14, 114, 136, 155, 122, 165, 41, 47, 163, 7, 52, 190, 118),
    (146, 74, 68, 43, 78, 62, 25, 77, 152, 79, 125, 156, 98, 155, 191, 66, 84, 91, 103, 9, 132, 155, 111, 88, 21, 187, 154, 58, 6, 184, 95, 132, 193, 168, 46, 150, 50, 54, 40, 188),
    (147, 59, 152, 159, 121, 156, 191, 72, 153, 182, 159, 38, 69, 18, 128, 112, 173, 181, 115, 69, 53, 82, 34, 5, 111, 179, 193, 113, 96, 1, 67, 42, 64, 78, 140, 69, 128, 145, 184, 50),
    (148, 169, 164, 161, 21, 190, 156, 172, 143, 22, 105, 78, 146, 196, 74, 96, 19, 11, 161, 10, 9, 28, 78, 183, 150, 49, 123, 176, 99, 123, 27, 199, 5, 138, 135, 149, 38, 0, 162, 97),
    (149, 197, 0, 164, 161, 148, 72, 4, 61, 128, 81, 88, 55, 129, 160, 70, 174, 57, 79, 1, 161, 94, 127, 47, 61, 179, 82, 161, 17, 142, 64, 70, 37, 165, 42, 147, 170, 17, 128, 6),
    (150, 98, 125, 114, 143, 109, 42, 55, 139, 55, 126, 129, 190, 144, 130, 80, 22, 181, 109, 97, 14, 71, 103, 119, 173, 30, 160, 124, 2, 195, 2, 191, 10, 34, 11, 136, 86, 28, 69, 189),
    (151, 70, 139, 121, 130, 159, 119, 45, 171, 13, 105, 13, 8, 113, 59, 44, 34, 94, 103, 183, 88, 51, 67, 196, 134, 165, 122, 131, 125, 101, 74, 191, 108, 41, 79, 145, 3, 189, 101, 151),
    (152, 100, 123, 3, 123, 59, 177, 87, 68, 118, 190, 87, 126, 193, 25, 95, 151, 123, 36, 99, 31, 20, 54, 109, 95, 82, 52, 193, 2, 31, 11, 141, 4, 117, 186, 182, 185, 136, 69, 139),
    (153, 137, 43, 90, 23, 183, 138, 134, 93, 107, 64, 101, 132, 179, 96, 67, 72, 26, 172, 36, 146, 6, 37, 74, 4, 105, 191, 27, 179, 64, 18, 89, 191, 117, 80, 174, 199, 127, 165, 45),
    (154, 94, 22, 179, 111, 33, 18, 183, 29, 75, 179, 49, 118, 176, 145, 152, 67, 0, 15, 15, 127, 98, 0, 99, 154, 172, 163, 199, 21, 67, 22, 154, 155, 137, 81, 198, 177, 151, 155, 117),
    (155, 54, 110, 177, 119, 9, 164, 175, 129, 122, 110, 138, 88, 185, 18, 51, 86, 42, 67, 113, 36, 91, 156, 140, 103, 1, 77, 145, 41, 113, 39, 17, 126, 18, 32, 124, 190, 188, 60, 55),
    (156, 78, 4, 103, 34, 137, 179, 189, 78, 171, 52, 96, 145, 131, 7, 67, 2, 43, 48, 20, 98, 108, 53, 177, 106, 127, 178, 48, 32, 34, 94, 43, 100, 38, 68, 108, 116, 168, 164, 54),
    (157, 78, 112, 19, 17, 10, 193, 86, 37, 47, 8, 188, 163, 44, 164, 129, 123, 142, 53, 29, 91, 195, 192, 162, 36, 175, 161, 165, 134, 76, 36, 16, 133, 74, 98, 71, 130, 97, 175, 117),
    (158, 123, 127, 148, 187, 70, 165, 79, 120, 114, 43, 64, 172, 68, 169, 95, 113, 105, 116, 62, 106, 111, 2, 116, 0, 164, 53, 9, 170, 169, 81, 29, 108, 118, 54, 133, 130, 197, 180, 124),
    (159, 176, 194, 53, 81, 136, 169, 76, 76, 24, 67, 80, 151, 183, 109, 117, 5, 22, 40, 38, 13, 199, 63, 130, 109, 6, 123, 66, 116, 120, 65, 74, 99, 116, 180, 183, 115, 97, 59, 181),
    (160, 152, 93, 55, 69, 175, 157, 62, 146, 175, 46, 141, 170, 139, 193, 33, 126, 80, 180, 84, 88, 110, 14, 41, 159, 68, 34, 37, 100, 26, 198, 126, 67, 118, 30, 111, 53, 172, 188, 6),
    (161, 137, 135, 155, 20, 28, 54, 50, 155, 27, 197, 42, 78, 122, 132, 11, 82, 78, 90, 66, 186, 46, 24, 88, 65, 105, 130, 43, 0, 78, 192, 164, 164, 177, 155, 164, 117, 112, 60, 51),
    (162, 146, 30, 14, 130, 80, 93, 119, 6, 70, 140, 162, 66, 108, 145, 94, 151, 180, 32, 0, 77, 119, 144, 177, 12, 62, 181, 25, 16, 96, 2, 48, 11, 71, 39, 42, 171, 123, 12, 67),
    (163, 79, 159, 130, 128, 77, 81, 44, 40, 22, 131, 114, 136, 122, 139, 157, 197, 133, 23, 150, 148, 88, 184, 86, 100, 152, 34, 157, 44, 38, 111, 153, 37, 103, 28, 180, 141, 30, 20, 99),
    (164, 149, 77, 167, 105, 8, 36, 165, 110, 71, 29, 86, 34, 55, 102, 61, 61, 27, 86, 108, 71, 51, 90, 198, 123, 150, 79, 193, 40, 111, 162, 133, 181, 156, 114, 60, 103, 106, 160, 105),
    (165, 38, 153, 44, 144, 165, 82, 166, 96, 17, 95, 159, 7, 199, 101, 121, 148, 19, 76, 110, 16, 7, 34, 44, 22, 178, 70, 191, 89, 187, 109, 194, 38, 119, 54, 65, 160, 154, 149, 151),
    (166, 41, 172, 192, 38, 149, 145, 132, 110, 183, 95, 186, 13, 171, 97, 102, 84, 188, 49, 80, 198, 27, 95, 199, 148, 162, 51, 28, 124, 27, 178, 72, 47, 19, 116, 180, 91, 97, 115, 81),
    (167, 24, 12, 176, 182, 25, 75, 149, 34, 143, 166, 198, 155, 6, 77, 86, 95, 185, 194, 180, 92, 183, 136, 174, 101, 118, 69, 125, 72, 110, 5, 81, 158, 116, 29, 121, 72, 26, 194, 95),
    (168, 21, 70, 65, 79, 46, 176, 16, 157, 182, 30, 152, 92, 113, 130, 73, 93, 135, 66, 92, 58, 7, 102, 154, 17, 151, 101, 55, 82, 176, 153, 106, 100, 158, 35, 161, 108, 77, 34, 7),
    (169, 12, 78, 199, 144, 144, 126, 197, 55, 185, 147, 16, 150, 62, 117, 87, 172, 36, 192, 108, 21, 151, 119, 127, 74, 193, 46, 180, 158, 31, 100, 104, 169, 180, 1, 91, 193, 41, 94, 39),
    (170, 65, 185, 8, 48, 11, 70, 86, 20, 62, 57, 151, 128, 164, 125, 33, 123, 46, 130, 58, 174, 125, 188, 20, 44, 194, 51, 7, 128, 12, 27, 128, 18, 95, 121, 5, 120, 50, 185, 32),
    (171, 26, 93, 100, 61, 5, 19, 102, 25, 5, 95, 89, 36, 162, 18, 16, 111, 69, 69, 131, 103, 66, 199, 136, 6, 175, 109, 165, 155, 33, 8, 58, 68, 136, 165, 97, 23, 149, 39, 62),
    (172, 150, 154, 76, 153, 119, 87, 48, 156, 170, 138, 192, 82, 90, 178, 144, 52, 58, 109, 70, 141, 29, 158, 41, 50, 183, 190, 140, 161, 133, 183, 131, 103, 119, 38, 106, 174, 71, 167, 153),
    (173, 2, 77, 36, 159, 19, 135, 141, 60, 166, 9, 180, 19, 166, 49, 132, 163, 30, 5, 142, 175, 83, 63, 58, 65, 60, 130, 169, 13, 1, 23, 186, 140, 40, 165, 35, 7, 74, 6, 28),
    (174, 65, 179, 34, 172, 134, 100, 130, 54, 35, 52, 62, 31, 124, 92, 68, 16, 122, 109, 162, 127, 156, 137, 2, 184, 34, 78, 106, 100, 156, 106, 86, 96, 155, 108, 23, 37, 176, 68, 32),
    (175, 146, 74, 139, 174, 47, 43, 116, 178, 93, 42, 157, 159, 167, 82, 18, 196, 67, 100, 88, 51, 125, 162, 177, 106, 16, 74, 36, 187, 28, 20, 100, 20, 93, 164, 191, 156, 131, 30, 148),
    (176, 197, 92, 46, 157, 105, 141, 28, 5, 89, 15, 44, 124, 28, 128, 19, 141, 96, 110, 3, 116, 182, 89, 35, 174, 186, 172, 52, 94, 40, 165, 53, 1, 198, 118, 172, 136, 83, 4, 8),
    (177, 91, 96, 85, 13, 179, 151, 59, 149, 50, 119, 181, 74, 60, 42, 79, 138, 174, 96, 22, 7, 161, 125, 33, 111, 124, 76, 177, 140, 26, 37, 4, 52, 180, 135, 138, 174, 162, 32, 135),
    (178, 66, 174, 110, 151, 95, 153, 169, 86, 194, 199, 4, 90, 57, 175, 150, 22, 67, 45, 134, 170, 92, 69, 75, 113, 131, 13, 87, 133, 57, 126, 146, 177, 166, 145, 14, 82, 188, 32, 166),
    (179, 115, 82, 88, 54, 134, 97, 124, 107, 136, 166, 93, 139, 5, 49, 173, 70, 104, 54, 127, 5, 106, 104, 48, 134, 139, 69, 192, 141, 136, 49, 156, 48, 115, 108, 81, 111, 36, 127, 24),
    (180, 101, 69, 190, 55, 17, 82, 120, 32, 119, 9, 101, 25, 131, 19, 104, 171, 25, 31, 50, 11, 42, 183, 198, 54, 35, 37, 149, 27, 177, 171, 37, 34, 160, 155, 145, 108, 19, 173, 171),
    (181, 50, 57, 47, 89, 126, 5, 2, 120, 175, 167, 52, 197, 70, 35, 106, 27, 47, 168, 195, 92, 46, 7, 95, 17, 19, 12, 3, 57, 191, 167, 144, 186, 172, 64, 157, 101, 196, 51, 175),
    (182, 76, 31, 157, 162, 133, 197, 46, 149, 20, 115, 173, 60, 16, 125, 75, 26, 10, 79, 176, 72, 192, 101, 156, 59, 130, 195, 20, 112, 67, 63, 194, 68, 171, 17, 185, 20, 10, 189, 144),
    (183, 51, 188, 55, 30, 100, 167, 30, 53, 192, 106, 93, 60, 20, 146, 20, 155, 168, 45, 109, 106, 76, 9, 112, 132, 125, 88, 49, 185, 9, 79, 78, 156, 189, 86, 16, 190, 31, 64, 168),
    (184, 106, 30, 74, 19, 179, 5, 135, 13, 52, 77, 199, 119, 130, 70, 196, 115, 113, 6, 183, 71, 15, 94, 145, 95, 75, 5, 113, 58, 172, 175, 154, 168, 23, 156, 156, 75, 51, 38, 46),
    (185, 157, 41, 171, 64, 97, 65, 2, 104, 62, 99, 110, 35, 166, 151, 156, 62, 69, 69, 170, 155, 73, 147, 46, 152, 196, 41, 87, 97, 137, 165, 178, 133, 182, 118, 67, 18, 175, 131, 129),
    (186, 196, 76, 28, 73, 132, 163, 148, 80, 181, 165, 189, 42, 188, 17, 100, 106, 145, 193, 115, 37, 167, 25, 191, 73, 198, 44, 19, 51, 127, 99, 32, 84, 109, 128, 143, 59, 102, 193, 75),
    (187, 38, 196, 89, 129, 186, 54, 144, 8, 29, 136, 147, 40, 24, 40, 4, 23, 58, 22, 51, 169, 97, 64, 76, 169, 183, 92, 126, 109, 111, 108, 57, 76, 83, 77, 32, 117, 46, 165, 123),
    (188, 79, 150, 79, 142, 32, 146, 49, 90, 0, 48, 47, 107, 138, 175, 123, 56, 101, 28, 169, 144, 160, 28, 176, 34, 79, 9, 150, 54, 154, 106, 77, 75, 104, 112, 100, 92, 114, 70, 177),
    (189, 126, 198, 87, 132, 69, 156, 156, 16, 89, 26, 109, 178, 78, 69, 155, 48, 14, 92, 17, 140, 185, 30, 52, 22, 16, 120, 7, 130, 130, 155, 81, 0, 51, 111, 111, 3, 122, 79, 36),
    (190, 100, 21, 164, 80, 161, 51, 106, 179, 30, 175, 115, 108, 68, 171, 88, 30, 94, 171, 77, 199, 108, 73, 73, 4, 13, 165, 85, 3, 155, 62, 108, 111, 141, 40, 62, 163, 30, 6, 161),
    (191, 84, 134, 147, 141, 135, 89, 73, 120, 182, 8, 145, 118, 25, 6, 44, 181, 169, 18, 20, 109, 116, 62, 145, 46, 161, 157, 17, 192, 51, 66, 167, 115, 144, 138, 0, 97, 125, 172, 181),
    (192, 72, 119, 104, 17, 134, 75, 145, 51, 16, 22, 68, 114, 89, 111, 15, 107, 44, 62, 120, 156, 28, 12, 10, 195, 2, 76, 32, 134, 161, 197, 137, 177, 146, 172, 98, 137, 121, 142, 59),
    (193, 74, 121, 16, 99, 178, 103, 169, 144, 117, 4, 62, 49, 124, 54, 33, 150, 93, 134, 117, 59, 38, 194, 154, 69, 103, 29, 67, 73, 173, 102, 7, 163, 45, 177, 13, 20, 154, 59, 8),
    (194, 176, 7, 163, 41, 137, 108, 173, 13, 159, 159, 94, 33, 35, 191, 100, 125, 34, 13, 131, 198, 67, 171, 23, 28, 90, 199, 167, 104, 88, 126, 31, 5, 129, 122, 73, 190, 184, 21, 82),
    (195, 19, 130, 93, 167, 96, 57, 72, 6, 85, 193, 147, 44, 24, 71, 152, 14, 75, 22, 133, 28, 112, 81, 45, 132, 144, 159, 88, 81, 17, 60, 197, 125, 195, 17, 108, 89, 16, 65, 41),
    (196, 167, 65, 145, 15, 66, 80, 3, 10, 90, 166, 177, 77, 129, 88, 5, 18, 160, 87, 38, 48, 17, 38, 23, 173, 57, 175, 27, 77, 145, 23, 151, 71, 195, 114, 165, 175, 123, 143, 153),
    (197, 59, 53, 119, 70, 160, 45, 183, 112, 35, 76, 80, 197, 39, 12, 168, 93, 16, 195, 95, 173, 65, 52, 118, 29, 34, 154, 160, 124, 99, 56, 197, 144, 64, 39, 17, 100, 159, 175, 133),
    (198, 5, 7, 20, 185, 141, 43, 146, 1, 147, 134, 31, 92, 23, 181, 158, 41, 124, 88, 163, 136, 124, 79, 142, 88, 142, 147, 106, 160, 56, 198, 99, 168, 38, 153, 165, 167, 23, 17, 142),
    (199, 66, 18, 18, 197, 181, 148, 37, 193, 10, 59, 131, 113, 115, 50, 138, 138, 79, 40, 184, 25, 7, 119, 141, 79, 129, 6, 168, 147, 116, 143, 46, 37, 199, 83, 65, 31, 95, 148, 3);

INSERT INTO T30 (pk, t1, t2, t3, t4, t5, t6, t7, t8, t9, t10, t11, t12, t13, t14, t15, t16, t17, t18, t19, t20, t21, t22, t23, t24, t25, t26, t27, t28, t29, t31, t32, t33, t34, t35, t36, t37, t38, t39, t40)
VALUES
    (0, 40, 6, 83, 131, 105, 109, 79, 159, 68, 61, 4, 141, 87, 74, 196, 100, 157, 190, 18, 69, 148, 120, 30, 50, 41, 118, 50, 43, 5, 163, 186, 127, 139, 66, 44, 16, 107, 199, 146),
    (1, 97, 51, 82, 128, 75, 71, 97, 130, 78, 7, 81, 16, 99, 98, 113, 109, 57, 71, 110, 15, 110, 23, 196, 56, 111, 53, 110, 147, 151, 82, 46, 34, 199, 97, 138, 46, 196, 105, 178),
    (2, 161, 4, 145, 135, 34, 95, 3, 159, 111, 134, 44, 59, 137, 193, 130, 139, 43, 173, 41, 142, 68, 84, 174, 92, 49, 18, 55, 18, 177, 174, 168, 61, 178, 103, 5, 109, 132, 108, 147),
    (3, 138, 10, 193, 6, 182, 153, 16, 104, 31, 13, 80, 50, 184, 105, 186, 94, 103, 38, 148, 131, 57, 18, 179, 194, 57, 123, 159, 83, 25, 60, 52, 129, 185, 119, 59, 30, 75, 119, 24),
    (4, 195, 54, 150, 71, 21, 150, 159, 3, 52, 118, 126, 114, 187, 178, 84, 64, 61, 64, 89, 175, 75, 39, 26, 145, 88, 93, 27, 14, 47, 15, 170, 174, 77, 5, 107, 13, 41, 139, 57),
    (5, 0, 0, 177, 141, 71, 94, 176, 176, 81, 96, 18, 46, 109, 67, 120, 123, 4, 162, 18, 12, 184, 195, 13, 87, 68, 161, 99, 164, 151, 130, 196, 139, 179, 136, 155, 34, 139, 169, 194),
    (6, 65, 6, 24, 161, 169, 16, 192, 123, 161, 112, 6, 26, 69, 179, 112, 189, 34, 49, 48, 138, 85, 83, 129, 172, 163, 80, 107, 169, 113, 136, 61, 181, 80, 184, 135, 104, 176, 58, 93),
    (7, 120, 35, 155, 137, 46, 19, 127, 83, 98, 65, 174, 170, 10, 192, 117, 178, 44, 154, 173, 155, 139, 17, 151, 134, 60, 188, 33, 76, 129, 19, 10, 75, 42, 126, 165, 132, 150, 27, 129),
    (8, 185, 140, 47, 59, 132, 83, 92, 74, 113, 55, 173, 62, 18, 197, 61, 80, 128, 174, 121, 176, 192, 164, 126, 74, 137, 51, 73, 131, 59, 32, 169, 138, 85, 62, 192, 140, 107, 150, 123),
    (9, 91, 48, 36, 106, 30, 149, 108, 149, 13, 143, 43, 176, 193, 162, 19, 176, 152, 179, 57, 119, 102, 76, 22, 105, 9, 49, 41, 90, 183, 91, 27, 9, 84, 97, 146, 168, 43, 134, 68),
    (10, 65, 99, 176, 155, 90, 160, 25, 24, 41, 70, 177, 38, 168, 50, 186, 93, 123, 123, 41, 49, 193, 74, 59, 84, 95, 63, 86, 67, 81, 117, 180, 53, 191, 101, 177, 97, 90, 183, 58),
    (11, 153, 167, 103, 191, 183, 5, 137, 16, 178, 95, 179, 125, 144, 152, 97, 130, 137, 184, 52, 1, 69, 90, 150, 46, 180, 58, 19, 167, 88, 41, 27, 179, 20, 62, 138, 188, 81, 99, 181),
    (12, 85, 115, 105, 72, 191, 9, 73, 21, 155, 65, 176, 76, 26, 145, 23, 199, 104, 138, 191, 56, 53, 40, 24, 36, 131, 78, 147, 8, 157, 89, 106, 9, 136, 179, 177, 194, 103, 66, 181),
    (13, 175, 173, 53, 89, 197, 37, 6, 149, 164, 18, 155, 15, 38, 128, 186, 106, 81, 141, 90, 43, 188, 84, 189, 16, 190, 136, 22, 151, 18, 150, 73, 194, 160, 140, 27, 90, 196, 92, 41),
    (14, 198, 92, 27, 18, 42, 32, 45, 130, 145, 136, 170, 97, 34, 44, 51, 101, 177, 68, 1, 69, 119, 111, 44, 168, 191, 131, 95, 23, 95, 87, 81, 109, 56, 39, 62, 29, 116, 91, 28),
    (15, 27, 145, 157, 142, 33, 6, 102, 126, 85, 37, 2, 185, 105, 166, 64, 160, 86, 123, 18, 96, 22, 67, 88, 105, 156, 111, 192, 48, 61, 34, 53, 69, 24, 77, 136, 136, 132, 99, 149),
    (16, 193, 141, 98, 136, 82, 91, 127, 177, 63, 49, 195, 79, 164, 121, 90, 54, 79, 171, 111, 178, 179, 68, 156, 12, 127, 91, 17, 94, 164, 123, 25, 44, 9, 45, 2, 171, 187, 93, 101),
    (17, 164, 180, 43, 48, 168, 135, 187, 52, 11, 56, 75, 122, 189, 29, 123, 155, 150, 30, 34, 184, 2, 1, 28, 15, 191, 177, 92, 196, 70, 141, 31, 18, 36, 132, 124, 60, 47, 127, 105),
    (18, 184, 94, 37, 171, 127, 75, 127, 72, 109, 168, 111, 70, 49, 129, 14, 98, 181, 17, 119, 84, 14, 75, 167, 45, 55, 140, 4, 72, 49, 119, 180, 143, 50, 64, 73, 140, 3, 95, 25),
    (19, 119, 21, 9, 30, 174, 43, 120, 64, 25, 168, 137, 170, 3, 67, 142, 180, 196, 90, 95, 125, 144, 168, 37, 91, 61, 47, 3, 47, 39, 20, 183, 122, 174, 51, 180, 17, 47, 89, 172),
    (20, 157, 145, 132, 79, 114, 95, 100, 9, 113, 185, 48, 74, 49, 120, 116, 49, 139, 183, 108, 13, 110, 185, 93, 93, 74, 193, 106, 191, 158, 2, 69, 81, 57, 40, 47, 142, 55, 81, 176),
    (21, 39, 128, 152, 0, 14, 171, 192, 198, 189, 155, 60, 192, 178, 14, 36, 99, 165, 136, 119, 85, 64, 153, 47, 40, 2, 153, 19, 171, 197, 72, 104, 113, 161, 25, 106, 175, 175, 159, 57),
    (22, 168, 171, 68, 88, 13, 100, 86, 102, 9, 123, 180, 102, 77, 162, 31, 120, 122, 40, 42, 87, 115, 14, 139, 52, 193, 141, 133, 2, 91, 158, 26, 9, 87, 42, 17, 30, 193, 91, 110),
    (23, 129, 42, 53, 172, 2, 13, 115, 99, 3, 35, 101, 82, 100, 140, 53, 82, 170, 179, 82, 180, 144, 139, 160, 103, 184, 68, 87, 170, 13, 172, 18, 151, 91, 74, 15, 26, 103, 89, 108),
    (24, 135, 155, 92, 66, 164, 192, 107, 56, 84, 1, 155, 77, 133, 34, 174, 127, 185, 111, 141, 97, 130, 192, 182, 87, 49, 56, 153, 159, 174, 159, 126, 130, 161, 59, 98, 172, 26, 155, 144),
    (25, 133, 188, 142, 42, 191, 102, 45, 45, 167, 26, 190, 187, 112, 49, 141, 173, 163, 44, 151, 25, 80, 25, 138, 186, 180, 3, 106, 40, 97, 8, 133, 138, 97, 154, 25, 134, 32, 66, 118),
    (26, 116, 185, 180, 117, 22, 159, 108, 22, 117, 27, 185, 116, 168, 189, 26, 88, 10, 29, 108, 58, 147, 60, 89, 26, 195, 98, 125, 55, 99, 13, 31, 31, 135, 168, 134, 90, 3, 82, 122),
    (27, 47, 157, 174, 7, 71, 188, 136, 71, 121, 68, 139, 186, 113, 59, 55, 175, 89, 140, 71, 92, 43, 185, 127, 89, 178, 157, 10, 163, 65, 1, 101, 186, 103, 106, 40, 2, 149, 46, 25),
    (28, 54, 0, 147, 148, 121, 90, 45, 100, 184, 86, 140, 18, 41, 23, 166, 126, 22, 100, 40, 199, 6, 5, 54, 96, 75, 185, 6, 117, 14, 55, 142, 189, 39, 55, 145, 139, 48, 101, 62),
    (29, 176, 121, 71, 145, 1, 184, 88, 157, 194, 1, 119, 83, 126, 81, 165, 84, 37, 108, 109, 199, 112, 45, 106, 39, 106, 82, 102, 123, 174, 133, 4, 40, 76, 45, 75, 14, 30, 152, 2),
    (30, 132, 162, 115, 31, 103, 87, 180, 143, 195, 32, 137, 134, 65, 56, 131, 162, 151, 44, 170, 53, 163, 66, 199, 16, 155, 115, 132, 172, 35, 174, 19, 96, 122, 83, 197, 63, 178, 174, 115),
    (31, 92, 48, 98, 138, 93, 107, 84, 2, 23, 177, 147, 187, 43, 116, 111, 63, 120, 125, 86, 149, 110, 80, 124, 157, 185, 45, 171, 154, 135, 95, 199, 143, 84, 28, 194, 67, 116, 42, 51),
    (32, 38, 145, 180, 156, 194, 178, 15, 181, 51, 11, 174, 11, 165, 79, 59, 2, 15, 39, 121, 20, 7, 117, 107, 152, 108, 114, 176, 50, 35, 72, 113, 40, 112, 72, 35, 174, 17, 117, 147),
    (33, 54, 116, 69, 171, 186, 155, 85, 136, 22, 123, 149, 102, 185, 77, 31, 85, 164, 143, 5, 164, 50, 158, 148, 115, 87, 99, 194, 126, 93, 80, 6, 186, 181, 131, 144, 144, 177, 152, 95),
    (34, 121, 75, 74, 163, 184, 74, 53, 3, 151, 121, 171, 133, 18, 196, 27, 152, 187, 90, 15, 174, 152, 138, 174, 89, 50, 21, 72, 58, 83, 39, 141, 111, 5, 109, 44, 113, 77, 194, 89),
    (35, 154, 167, 189, 49, 59, 76, 117, 47, 160, 126, 101, 5, 21, 101, 52, 188, 46, 31, 21, 93, 61, 79, 21, 165, 192, 199, 43, 25, 115, 162, 155, 150, 3, 128, 65, 149, 3, 196, 61),
    (36, 91, 140, 104, 139, 33, 74, 181, 144, 91, 63, 28, 139, 30, 100, 195, 116, 171, 1, 71, 163, 198, 73, 17, 43, 115, 185, 20, 134, 50, 56, 115, 44, 7, 71, 46, 179, 178, 127, 180),
    (37, 175, 172, 114, 107, 43, 127, 70, 176, 70, 77, 183, 81, 69, 102, 2, 27, 76, 92, 2, 63, 77, 18, 45, 66, 97, 29, 15, 76, 132, 60, 59, 99, 17, 174, 72, 84, 175, 83, 6),
    (38, 153, 98, 163, 10, 78, 46, 64, 42, 68, 155, 198, 197, 69, 4, 166, 174, 169, 119, 69, 146, 163, 82, 170, 7, 41, 68, 172, 115, 92, 21, 188, 3, 44, 78, 145, 29, 68, 118, 32),
    (39, 125, 66, 25, 196, 69, 134, 69, 50, 43, 89, 199, 43, 191, 1, 74, 40, 11, 48, 119, 56, 27, 187, 6, 131, 0, 199, 0, 147, 67, 68, 60, 187, 70, 174, 89, 20, 84, 114, 123),
    (40, 52, 152, 140, 146, 145, 34, 41, 71, 66, 10, 38, 10, 15, 157, 15, 67, 164, 118, 17, 153, 195, 130, 85, 141, 103, 49, 97, 16, 48, 42, 14, 134, 95, 28, 12, 59, 191, 155, 63),
    (41, 23, 52, 101, 76, 0, 26, 70, 109, 63, 95, 192, 160, 140, 30, 144, 28, 187, 17, 131, 174, 194, 80, 96, 191, 155, 62, 75, 2, 33, 55, 74, 97, 35, 19, 28, 162, 116, 42, 33),
    (42, 36, 45, 106, 185, 37, 9, 176, 174, 153, 11, 8, 194, 13, 18, 3, 153, 169, 28, 161, 69, 105, 11, 39, 198, 62, 141, 27, 99, 176, 40, 28, 105, 166, 103, 126, 97, 101, 117, 20),
    (43, 178, 6, 108, 197, 147, 27, 5, 121, 4, 73, 91, 86, 98, 120, 151, 50, 48, 178, 158, 85, 133, 143, 184, 192, 21, 14, 109, 148, 88, 64, 11, 175, 18, 132, 136, 33, 6, 52, 63),
    (44, 152, 89, 103, 58, 131, 124, 87, 75, 98, 178, 185, 114, 173, 14, 175, 193, 162, 190, 9, 108, 64, 11, 81, 154, 191, 174, 171, 134, 123, 158, 51, 192, 20, 59, 119, 177, 185, 195, 36),
    (45, 29, 58, 95, 137, 47, 17, 74, 127, 67, 186, 100, 169, 186, 119, 195, 146, 165, 38, 117, 89, 141, 97, 135, 169, 65, 65, 148, 89, 59, 185, 64, 18, 6, 18, 93, 150, 140, 66, 39),
    (46, 16, 191, 187, 80, 142, 119, 131, 81, 147, 163, 121, 179, 115, 155, 184, 126, 84, 170, 28, 181, 136, 4, 38, 127, 37, 20, 156, 146, 102, 113, 85, 114, 188, 173, 199, 179, 183, 186, 60),
    (47, 127, 5, 151, 179, 46, 27, 199, 121, 15, 124, 70, 31, 98, 182, 50, 1, 37, 169, 55, 9, 5, 157, 111, 173, 162, 67, 113, 121, 67, 18, 148, 137, 145, 82, 158, 87, 96, 187, 87),
    (48, 45, 47, 189, 32, 93, 12, 78, 189, 144, 168, 194, 178, 185, 19, 47, 111, 8, 161, 112, 16, 152, 199, 190, 93, 24, 183, 148, 172, 46, 6, 123, 23, 105, 129, 144, 13, 67, 85, 78),
    (49, 167, 71, 48, 155, 85, 162, 4, 100, 82, 86, 187, 41, 63, 40, 38, 68, 196, 191, 23, 0, 41, 99, 169, 48, 193, 102, 197, 137, 159, 11, 155, 22, 102, 109, 25, 106, 55, 180, 179),
    (50, 67, 192, 160, 85, 66, 11, 60, 88, 177, 87, 84, 165, 150, 17, 27, 47, 174, 162, 118, 26, 129, 10, 116, 171, 43, 168, 126, 129, 184, 136, 67, 180, 190, 137, 50, 175, 31, 95, 19),
    (51, 16, 12, 78, 20, 186, 55, 43, 65, 96, 29, 44, 148, 180, 6, 174, 187, 51, 187, 197, 27, 28, 32, 24, 166, 84, 4, 69, 183, 120, 87, 173, 44, 68, 186, 83, 60, 196, 58, 23),
    (52, 127, 36, 47, 136, 147, 42, 160, 0, 47, 91, 92, 29, 163, 169, 59, 36, 184, 190, 57, 109, 37, 71, 22, 15, 6, 88, 19, 109, 55, 186, 91, 93, 6, 185, 117, 65, 93, 17, 196),
    (53, 49, 12, 74, 80, 176, 56, 46, 194, 135, 9, 103, 76, 151, 68, 41, 174, 115, 66, 188, 57, 158, 104, 126, 18, 81, 0, 149, 131, 121, 106, 65, 15, 112, 11, 41, 5, 4, 91, 147),
    (54, 140, 185, 112, 181, 161, 47, 112, 13, 59, 181, 108, 111, 1, 10, 149, 155, 172, 141, 56, 75, 132, 9, 63, 28, 197, 116, 86, 126, 130, 180, 58, 191, 126, 20, 153, 8, 8, 130, 134),
    (55, 0, 170, 172, 165, 192, 169, 61, 158, 70, 59, 53, 91, 146, 193, 16, 142, 41, 100, 16, 114, 71, 29, 77, 68, 14, 19, 143, 94, 5, 187, 168, 160, 43, 84, 165, 114, 16, 82, 185),
    (56, 128, 27, 58, 1, 188, 61, 20, 69, 158, 4, 27, 65, 33, 106, 138, 148, 98, 64, 95, 6, 80, 151, 106, 99, 147, 54, 181, 182, 183, 153, 12, 158, 44, 109, 23, 44, 78, 96, 71),
    (57, 12, 58, 90, 199, 126, 10, 159, 111, 57, 84, 73, 165, 117, 92, 63, 192, 130, 70, 94, 164, 102, 136, 47, 69, 14, 22, 124, 42, 180, 2, 158, 72, 48, 195, 168, 127, 199, 65, 50),
    (58, 183, 87, 94, 79, 158, 19, 24, 164, 119, 44, 50, 69, 183, 8, 152, 184, 118, 150, 58, 87, 135, 11, 177, 33, 29, 70, 74, 123, 184, 24, 184, 67, 56, 113, 26, 28, 11, 104, 178),
    (59, 195, 190, 182, 20, 21, 137, 98, 199, 150, 117, 95, 42, 48, 52, 135, 125, 120, 165, 182, 183, 134, 31, 37, 23, 47, 43, 81, 184, 170, 185, 52, 71, 183, 124, 41, 173, 19, 86, 180),
    (60, 0, 113, 169, 23, 122, 185, 26, 72, 119, 196, 150, 53, 14, 32, 52, 37, 99, 56, 45, 23, 190, 137, 21, 62, 13, 63, 116, 141, 44, 16, 88, 125, 39, 197, 114, 112, 174, 73, 43),
    (61, 168, 126, 43, 44, 195, 182, 194, 94, 62, 21, 162, 163, 44, 7, 81, 49, 0, 61, 196, 121, 26, 111, 192, 75, 166, 18, 74, 61, 175, 86, 136, 19, 56, 177, 19, 95, 161, 132, 193),
    (62, 32, 30, 198, 172, 38, 38, 168, 42, 79, 106, 53, 167, 118, 184, 146, 114, 132, 95, 74, 66, 193, 34, 30, 120, 104, 27, 157, 34, 46, 82, 83, 56, 123, 67, 103, 183, 125, 171, 31),
    (63, 146, 68, 33, 140, 193, 112, 74, 27, 87, 94, 113, 111, 87, 48, 8, 135, 62, 37, 34, 32, 38, 17, 62, 87, 149, 147, 103, 119, 142, 138, 72, 151, 69, 24, 139, 57, 67, 69, 149),
    (64, 195, 157, 199, 152, 128, 98, 137, 196, 139, 108, 192, 47, 125, 160, 51, 97, 39, 187, 160, 191, 131, 111, 176, 49, 116, 1, 146, 191, 24, 120, 61, 151, 98, 4, 80, 93, 69, 122, 142),
    (65, 177, 1, 155, 138, 91, 36, 155, 40, 111, 3, 77, 137, 146, 91, 0, 146, 105, 130, 92, 156, 125, 197, 159, 28, 69, 67, 38, 106, 49, 120, 100, 147, 38, 117, 151, 117, 171, 183, 84),
    (66, 5, 103, 93, 45, 17, 113, 189, 17, 180, 166, 92, 18, 169, 177, 102, 41, 53, 183, 163, 182, 30, 177, 82, 106, 160, 182, 43, 144, 47, 29, 86, 161, 186, 192, 48, 67, 148, 195, 157),
    (67, 97, 50, 34, 7, 46, 177, 84, 35, 161, 116, 175, 124, 100, 176, 133, 78, 48, 12, 30, 40, 79, 73, 102, 153, 94, 134, 189, 70, 138, 83, 130, 108, 42, 52, 155, 79, 199, 18, 87),
    (68, 19, 2, 184, 127, 52, 69, 100, 70, 119, 105, 64, 191, 123, 79, 24, 169, 20, 18, 92, 33, 27, 109, 75, 48, 154, 95, 37, 3, 197, 24, 183, 46, 55, 68, 122, 42, 95, 15, 141),
    (69, 10, 167, 21, 25, 85, 117, 24, 11, 191, 114, 20, 167, 135, 97, 187, 124, 47, 87, 197, 87, 181, 16, 61, 51, 20, 43, 44, 75, 187, 26, 109, 61, 110, 54, 59, 21, 99, 137, 177),
    (70, 53, 140, 79, 26, 140, 78, 179, 194, 109, 145, 172, 113, 60, 105, 0, 67, 151, 26, 27, 34, 166, 78, 96, 181, 198, 29, 65, 142, 57, 151, 73, 159, 3, 143, 136, 28, 169, 59, 135),
    (71, 37, 58, 45, 137, 129, 122, 109, 28, 5, 96, 8, 25, 113, 3, 110, 74, 190, 9, 20, 82, 166, 193, 68, 105, 153, 137, 22, 139, 183, 151, 83, 118, 22, 19, 112, 18, 45, 94, 104),
    (72, 36, 65, 144, 120, 196, 175, 153, 140, 169, 42, 175, 101, 119, 167, 137, 71, 67, 29, 196, 198, 33, 181, 143, 136, 107, 101, 186, 98, 70, 50, 23, 22, 18, 63, 87, 77, 165, 78, 161),
    (73, 153, 33, 192, 120, 53, 108, 20, 196, 94, 74, 77, 196, 65, 132, 84, 12, 170, 45, 117, 76, 181, 92, 95, 177, 198, 88, 51, 115, 152, 58, 164, 81, 116, 172, 53, 192, 131, 27, 159),
    (74, 154, 149, 104, 166, 89, 183, 84, 64, 169, 192, 116, 184, 61, 3, 144, 39, 132, 139, 168, 73, 17, 12, 14, 147, 170, 108, 10, 134, 165, 114, 100, 186, 19, 24, 35, 148, 111, 115, 117),
    (75, 152, 194, 84, 39, 105, 148, 175, 174, 31, 34, 58, 18, 183, 42, 108, 23, 181, 41, 114, 63, 171, 64, 73, 83, 89, 93, 142, 77, 147, 31, 152, 174, 114, 55, 59, 185, 65, 106, 105),
    (76, 179, 80, 172, 13, 139, 98, 196, 0, 46, 13, 157, 18, 28, 34, 45, 22, 27, 132, 138, 188, 6, 164, 133, 40, 148, 87, 24, 177, 69, 80, 151, 79, 175, 158, 26, 92, 83, 46, 11),
    (77, 44, 161, 172, 188, 151, 67, 96, 138, 138, 180, 142, 24, 82, 157, 63, 136, 95, 169, 174, 133, 97, 65, 158, 177, 145, 181, 154, 171, 65, 39, 142, 155, 196, 130, 146, 166, 48, 84, 136),
    (78, 108, 190, 151, 134, 164, 142, 29, 146, 46, 196, 118, 149, 50, 198, 195, 154, 184, 98, 167, 135, 157, 22, 121, 145, 52, 61, 50, 94, 41, 30, 153, 37, 72, 65, 86, 51, 72, 154, 90),
    (79, 76, 2, 124, 177, 10, 153, 37, 103, 111, 182, 122, 196, 73, 31, 124, 22, 56, 38, 7, 26, 147, 117, 168, 190, 134, 84, 89, 93, 143, 104, 108, 177, 119, 15, 92, 125, 100, 16, 24),
    (80, 35, 132, 36, 117, 94, 128, 151, 100, 8, 116, 83, 195, 49, 6, 187, 3, 43, 88, 152, 144, 128, 96, 187, 105, 58, 177, 59, 196, 12, 109, 86, 107, 35, 122, 87, 187, 179, 20, 132),
    (81, 50, 46, 37, 33, 55, 153, 153, 117, 129, 180, 144, 90, 44, 84, 45, 171, 30, 97, 19, 107, 75, 197, 17, 23, 113, 155, 104, 101, 123, 174, 8, 31, 36, 106, 58, 142, 107, 31, 40),
    (82, 131, 18, 199, 116, 166, 98, 77, 108, 27, 5, 15, 131, 149, 34, 107, 113, 3, 37, 15, 161, 26, 188, 136, 94, 43, 57, 150, 41, 13, 199, 138, 25, 64, 157, 51, 23, 32, 133, 188),
    (83, 39, 127, 61, 195, 82, 113, 84, 69, 143, 78, 46, 11, 128, 17, 114, 9, 166, 170, 115, 1, 182, 169, 75, 49, 56, 58, 19, 150, 75, 162, 148, 146, 178, 20, 112, 114, 43, 110, 115),
    (84, 105, 163, 6, 43, 139, 156, 59, 196, 65, 149, 5, 125, 141, 83, 117, 50, 142, 142, 113, 175, 32, 137, 79, 130, 146, 135, 73, 38, 32, 62, 153, 191, 44, 116, 61, 139, 154, 86, 108),
    (85, 119, 6, 25, 147, 172, 155, 75, 186, 126, 38, 73, 163, 174, 83, 81, 146, 10, 176, 12, 195, 26, 125, 186, 117, 170, 19, 49, 178, 78, 60, 153, 6, 169, 127, 78, 110, 160, 76, 92),
    (86, 87, 47, 102, 80, 76, 143, 145, 180, 192, 63, 76, 161, 140, 2, 77, 49, 45, 158, 193, 108, 15, 128, 1, 194, 60, 61, 189, 76, 76, 152, 26, 143, 151, 17, 86, 27, 154, 12, 33),
    (87, 22, 138, 80, 136, 150, 21, 21, 175, 59, 171, 181, 7, 7, 8, 28, 13, 162, 98, 1, 188, 46, 47, 190, 188, 170, 181, 157, 0, 82, 32, 97, 87, 136, 66, 24, 191, 60, 37, 16),
    (88, 14, 198, 26, 183, 162, 2, 127, 9, 170, 123, 133, 123, 40, 169, 157, 84, 46, 42, 25, 80, 176, 172, 74, 133, 83, 64, 95, 172, 178, 24, 79, 3, 36, 124, 23, 11, 62, 5, 146),
    (89, 21, 175, 107, 24, 109, 132, 65, 68, 30, 44, 159, 85, 111, 27, 56, 83, 172, 123, 141, 118, 109, 114, 81, 129, 121, 101, 183, 59, 148, 185, 119, 11, 157, 165, 52, 47, 189, 41, 160),
    (90, 96, 159, 166, 62, 44, 177, 116, 171, 0, 77, 59, 112, 103, 179, 163, 11, 149, 82, 32, 148, 151, 174, 163, 198, 123, 60, 50, 146, 52, 67, 131, 9, 139, 54, 67, 81, 71, 51, 48),
    (91, 160, 108, 163, 50, 108, 87, 193, 113, 42, 14, 38, 183, 19, 192, 0, 63, 145, 39, 179, 5, 162, 163, 119, 189, 170, 25, 13, 130, 60, 77, 183, 116, 158, 102, 11, 51, 115, 93, 123),
    (92, 199, 166, 157, 65, 97, 142, 63, 86, 94, 79, 66, 110, 4, 188, 158, 82, 22, 133, 29, 7, 194, 151, 179, 118, 196, 43, 1, 179, 37, 50, 56, 81, 11, 198, 120, 77, 181, 68, 144),
    (93, 49, 192, 29, 124, 145, 53, 17, 79, 22, 106, 150, 67, 142, 28, 117, 122, 177, 187, 198, 121, 16, 121, 165, 4, 101, 83, 141, 86, 60, 141, 141, 31, 89, 80, 79, 133, 27, 167, 72),
    (94, 118, 24, 144, 13, 173, 198, 198, 74, 38, 39, 115, 18, 83, 8, 2, 39, 69, 199, 11, 153, 38, 54, 16, 163, 33, 156, 85, 11, 170, 138, 54, 115, 15, 165, 65, 176, 7, 115, 53),
    (95, 44, 62, 144, 31, 96, 170, 194, 2, 173, 56, 85, 29, 91, 50, 97, 168, 184, 112, 167, 95, 171, 153, 8, 68, 94, 21, 79, 181, 27, 33, 159, 41, 43, 119, 27, 154, 159, 1, 55),
    (96, 41, 11, 93, 188, 87, 68, 43, 64, 0, 191, 188, 77, 68, 67, 139, 24, 14, 148, 87, 71, 72, 159, 86, 189, 116, 189, 17, 154, 26, 16, 126, 159, 161, 195, 160, 182, 84, 84, 91),
    (97, 89, 96, 66, 176, 109, 115, 190, 55, 112, 170, 57, 49, 198, 144, 7, 11, 28, 35, 166, 22, 114, 35, 161, 123, 54, 32, 4, 22, 71, 84, 115, 44, 171, 0, 154, 113, 100, 152, 143),
    (98, 116, 197, 156, 151, 73, 184, 105, 148, 65, 139, 148, 17, 183, 46, 145, 83, 158, 143, 171, 91, 71, 136, 150, 4, 67, 0, 188, 21, 86, 100, 117, 171, 51, 134, 141, 33, 144, 81, 74),
    (99, 182, 108, 94, 50, 54, 129, 107, 194, 148, 167, 41, 133, 162, 112, 120, 190, 150, 151, 164, 108, 125, 63, 102, 194, 110, 191, 127, 177, 143, 184, 162, 106, 30, 41, 68, 144, 180, 196, 95),
    (100, 54, 0, 152, 158, 3, 177, 26, 91, 143, 174, 191, 193, 85, 95, 175, 51, 39, 163, 23, 95, 45, 141, 140, 54, 164, 53, 144, 79, 65, 13, 121, 131, 175, 81, 196, 16, 114, 17, 189),
    (101, 100, 113, 183, 144, 143, 159, 7, 51, 19, 77, 177, 128, 96, 80, 113, 31, 131, 186, 69, 0, 96, 77, 150, 28, 105, 34, 182, 199, 117, 124, 125, 77, 96, 158, 122, 68, 124, 149, 58),
    (102, 184, 197, 112, 65, 66, 63, 4, 137, 64, 126, 6, 12, 24, 1, 90, 52, 95, 188, 5, 2, 108, 143, 107, 151, 26, 32, 13, 47, 131, 184, 180, 38, 112, 127, 27, 175, 57, 132, 173),
    (103, 129, 52, 44, 190, 30, 88, 199, 152, 69, 26, 151, 10, 41, 35, 34, 99, 16, 107, 172, 21, 118, 168, 171, 9, 164, 40, 78, 81, 30, 102, 145, 36, 103, 141, 57, 72, 145, 125, 152),
    (104, 54, 10, 92, 118, 83, 115, 145, 45, 62, 57, 198, 35, 181, 111, 94, 68, 93, 155, 194, 36, 30, 93, 115, 131, 95, 122, 78, 77, 189, 44, 186, 61, 77, 197, 173, 58, 12, 125, 118),
    (105, 73, 24, 12, 54, 16, 36, 153, 129, 169, 10, 20, 97, 179, 144, 74, 104, 196, 132, 48, 79, 105, 40, 113, 185, 168, 76, 5, 110, 28, 32, 133, 165, 146, 156, 40, 58, 0, 131, 95),
    (106, 94, 191, 144, 147, 85, 126, 129, 134, 161, 153, 26, 49, 94, 144, 160, 111, 141, 113, 102, 82, 136, 67, 182, 13, 170, 88, 178, 178, 22, 60, 41, 53, 20, 130, 111, 186, 172, 170, 114),
    (107, 79, 62, 48, 55, 6, 169, 173, 5, 100, 75, 2, 115, 0, 48, 98, 115, 133, 0, 91, 182, 144, 62, 23, 154, 161, 7, 9, 0, 56, 33, 79, 74, 66, 105, 16, 125, 126, 121, 103),
    (108, 130, 107, 98, 149, 82, 156, 80, 177, 153, 5, 127, 157, 48, 103, 19, 146, 125, 67, 177, 2, 107, 34, 130, 39, 176, 169, 44, 164, 85, 121, 76, 152, 18, 32, 75, 155, 146, 34, 55),
    (109, 97, 69, 128, 53, 63, 165, 153, 46, 131, 183, 83, 127, 38, 11, 89, 172, 69, 140, 159, 160, 95, 36, 76, 108, 11, 69, 114, 25, 94, 143, 117, 169, 98, 69, 8, 99, 155, 12, 102),
    (110, 137, 152, 7, 87, 143, 106, 106, 146, 29, 19, 106, 198, 21, 165, 15, 78, 49, 71, 115, 165, 113, 163, 8, 152, 113, 169, 40, 36, 186, 157, 162, 172, 24, 181, 104, 121, 191, 45, 62),
    (111, 10, 141, 102, 95, 1, 116, 132, 107, 196, 113, 10, 158, 74, 97, 12, 90, 105, 61, 36, 110, 82, 128, 96, 52, 193, 130, 138, 139, 100, 118, 155, 81, 30, 95, 94, 73, 18, 74, 72),
    (112, 30, 15, 65, 148, 92, 136, 24, 172, 153, 63, 106, 65, 57, 193, 23, 12, 194, 188, 176, 173, 42, 62, 13, 89, 75, 78, 69, 17, 197, 153, 111, 53, 15, 69, 109, 159, 12, 176, 12),
    (113, 87, 87, 96, 98, 108, 176, 23, 134, 104, 79, 171, 63, 164, 96, 20, 173, 136, 147, 122, 0, 80, 185, 138, 104, 42, 10, 5, 4, 14, 134, 90, 44, 94, 48, 24, 126, 72, 108, 189),
    (114, 194, 133, 19, 52, 77, 128, 58, 148, 36, 114, 136, 3, 135, 138, 16, 172, 185, 32, 27, 166, 196, 105, 50, 128, 108, 33, 30, 143, 110, 187, 54, 0, 119, 49, 167, 4, 37, 38, 58),
    (115, 142, 120, 160, 176, 48, 84, 37, 37, 76, 11, 31, 120, 91, 54, 36, 57, 162, 36, 75, 65, 114, 152, 102, 5, 35, 129, 107, 69, 140, 67, 78, 113, 78, 38, 11, 15, 24, 111, 161),
    (116, 119, 70, 40, 118, 146, 27, 71, 30, 54, 81, 86, 166, 25, 42, 125, 158, 62, 102, 31, 48, 97, 92, 81, 160, 109, 35, 20, 129, 171, 128, 158, 70, 93, 107, 91, 183, 65, 89, 199),
    (117, 124, 164, 120, 195, 144, 162, 191, 182, 7, 74, 176, 189, 182, 24, 160, 169, 101, 8, 103, 68, 101, 153, 93, 25, 0, 58, 73, 49, 20, 5, 122, 26, 11, 174, 78, 14, 61, 44, 54),
    (118, 176, 147, 110, 153, 88, 180, 38, 57, 27, 169, 69, 15, 192, 9, 31, 112, 43, 181, 185, 173, 4, 149, 169, 39, 80, 17, 70, 73, 141, 182, 76, 135, 144, 198, 36, 99, 25, 44, 184),
    (119, 199, 3, 138, 103, 57, 180, 101, 10, 86, 2, 137, 130, 12, 145, 78, 54, 66, 133, 82, 56, 160, 90, 27, 146, 182, 126, 189, 141, 51, 171, 179, 42, 177, 153, 144, 152, 97, 60, 186),
    (120, 17, 106, 192, 113, 124, 150, 22, 179, 130, 24, 4, 50, 118, 38, 116, 181, 46, 173, 13, 62, 70, 14, 131, 9, 37, 179, 77, 17, 48, 167, 28, 142, 188, 94, 49, 166, 104, 156, 136),
    (121, 194, 88, 78, 142, 47, 79, 94, 125, 187, 92, 72, 169, 82, 91, 66, 39, 194, 64, 136, 117, 176, 52, 161, 6, 182, 9, 124, 97, 81, 15, 96, 126, 194, 170, 96, 119, 145, 101, 170),
    (122, 50, 10, 156, 88, 53, 73, 92, 95, 52, 118, 110, 142, 171, 70, 119, 36, 189, 11, 149, 158, 182, 97, 53, 96, 43, 128, 128, 144, 71, 69, 170, 28, 30, 130, 120, 46, 155, 177, 37),
    (123, 183, 79, 32, 46, 136, 136, 56, 87, 62, 95, 46, 50, 85, 134, 104, 13, 61, 181, 115, 108, 158, 3, 60, 104, 77, 69, 127, 11, 106, 157, 100, 82, 19, 124, 19, 160, 129, 84, 67),
    (124, 145, 82, 78, 80, 106, 178, 73, 43, 43, 76, 168, 48, 192, 89, 21, 115, 20, 146, 143, 107, 173, 45, 46, 105, 5, 100, 20, 94, 193, 38, 128, 192, 122, 160, 88, 168, 77, 81, 135),
    (125, 134, 157, 153, 60, 83, 144, 91, 112, 115, 109, 85, 104, 32, 56, 129, 94, 72, 24, 69, 87, 58, 160, 12, 66, 101, 109, 155, 181, 146, 80, 160, 64, 53, 112, 104, 45, 50, 54, 46),
    (126, 51, 94, 191, 147, 180, 96, 162, 170, 174, 124, 59, 151, 92, 154, 11, 0, 154, 136, 153, 112, 100, 102, 49, 120, 77, 165, 183, 109, 40, 106, 106, 77, 130, 106, 141, 55, 191, 84, 59),
    (127, 87, 50, 20, 161, 27, 99, 150, 111, 84, 103, 70, 4, 13, 174, 81, 23, 79, 26, 90, 129, 57, 104, 127, 97, 57, 41, 53, 154, 116, 185, 2, 69, 34, 173, 143, 18, 8, 177, 74),
    (128, 25, 10, 11, 161, 76, 147, 103, 13, 54, 87, 188, 73, 155, 147, 193, 6, 43, 65, 166, 24, 73, 32, 183, 191, 175, 92, 83, 153, 168, 37, 104, 31, 148, 177, 121, 193, 58, 64, 130),
    (129, 101, 196, 118, 186, 93, 58, 58, 172, 16, 45, 9, 156, 66, 73, 195, 157, 199, 41, 123, 144, 158, 121, 58, 116, 193, 68, 36, 88, 40, 121, 2, 164, 122, 37, 110, 164, 27, 152, 126),
    (130, 31, 65, 65, 25, 85, 93, 101, 20, 93, 102, 36, 77, 196, 94, 61, 7, 10, 73, 46, 20, 14, 6, 183, 28, 121, 41, 132, 176, 102, 131, 17, 160, 49, 86, 48, 99, 194, 116, 31),
    (131, 181, 101, 126, 39, 100, 1, 86, 136, 45, 82, 101, 83, 0, 136, 149, 197, 31, 181, 95, 59, 124, 17, 16, 79, 72, 40, 86, 63, 150, 71, 133, 99, 112, 16, 120, 48, 146, 175, 47),
    (132, 143, 117, 85, 146, 157, 170, 195, 42, 12, 14, 42, 2, 40, 30, 97, 170, 106, 67, 136, 88, 163, 105, 21, 63, 16, 194, 9, 40, 31, 178, 66, 194, 26, 70, 192, 130, 94, 103, 164),
    (133, 113, 14, 54, 104, 28, 38, 119, 132, 63, 154, 154, 163, 94, 118, 38, 26, 47, 169, 178, 72, 186, 184, 158, 191, 171, 125, 73, 163, 6, 86, 22, 126, 42, 115, 198, 13, 124, 172, 170),
    (134, 94, 111, 44, 84, 53, 8, 33, 88, 154, 24, 186, 110, 145, 156, 51, 129, 30, 133, 43, 93, 79, 144, 187, 101, 125, 146, 89, 176, 191, 41, 131, 21, 141, 88, 73, 33, 23, 154, 173),
    (135, 157, 102, 152, 96, 109, 84, 180, 79, 34, 133, 122, 196, 25, 167, 187, 30, 152, 189, 157, 36, 29, 6, 172, 116, 36, 137, 123, 123, 128, 197, 130, 118, 113, 183, 167, 42, 106, 116, 119),
    (136, 114, 122, 25, 81, 129, 31, 195, 64, 166, 13, 7, 15, 197, 39, 148, 59, 27, 136, 166, 176, 161, 141, 156, 140, 161, 164, 51, 182, 197, 176, 69, 8, 184, 26, 124, 186, 28, 119, 106),
    (137, 159, 145, 139, 167, 121, 65, 99, 70, 141, 140, 146, 27, 26, 192, 42, 92, 148, 179, 29, 4, 51, 155, 16, 99, 179, 160, 14, 76, 103, 163, 60, 110, 86, 182, 147, 31, 47, 144, 191),
    (138, 129, 161, 23, 14, 185, 157, 99, 48, 114, 54, 131, 142, 100, 144, 97, 183, 110, 1, 181, 108, 93, 92, 162, 39, 122, 32, 133, 130, 14, 182, 71, 0, 10, 155, 153, 135, 122, 99, 50),
    (139, 121, 32, 93, 90, 91, 99, 162, 131, 70, 185, 185, 78, 39, 19, 45, 98, 6, 33, 115, 64, 82, 132, 87, 140, 62, 28, 126, 172, 144, 3, 52, 165, 2, 143, 49, 2, 180, 105, 137),
    (140, 52, 71, 31, 115, 179, 39, 32, 160, 176, 71, 130, 70, 126, 112, 29, 95, 9, 120, 119, 13, 28, 104, 36, 41, 173, 7, 181, 73, 137, 190, 193, 122, 35, 78, 78, 0, 145, 36, 90),
    (141, 45, 33, 8, 110, 139, 184, 171, 118, 179, 138, 0, 127, 100, 80, 39, 7, 83, 77, 149, 75, 115, 179, 29, 23, 38, 119, 121, 159, 29, 41, 190, 119, 8, 197, 197, 198, 30, 65, 54),
    (142, 83, 19, 198, 35, 117, 186, 123, 1, 30, 85, 104, 116, 74, 114, 190, 70, 191, 199, 1, 87, 111, 121, 78, 1, 191, 54, 109, 197, 133, 183, 31, 124, 43, 11, 33, 109, 16, 16, 173),
    (143, 5, 123, 160, 101, 166, 2, 58, 124, 74, 132, 194, 123, 31, 107, 187, 183, 159, 92, 150, 18, 175, 77, 144, 129, 46, 194, 196, 91, 87, 180, 153, 134, 198, 142, 50, 121, 163, 74, 62),
    (144, 156, 135, 153, 94, 65, 142, 12, 76, 53, 51, 95, 41, 43, 95, 197, 40, 116, 19, 80, 17, 86, 44, 122, 141, 87, 177, 34, 15, 199, 189, 199, 101, 95, 179, 174, 33, 85, 66, 162),
    (145, 92, 72, 43, 156, 36, 63, 71, 64, 178, 181, 140, 88, 148, 73, 68, 173, 99, 58, 158, 90, 70, 164, 143, 191, 91, 184, 19, 45, 147, 51, 3, 145, 45, 10, 139, 95, 146, 28, 104),
    (146, 47, 44, 41, 105, 29, 110, 49, 178, 87, 143, 124, 56, 173, 29, 95, 145, 107, 52, 92, 70, 107, 91, 44, 34, 1, 149, 157, 172, 71, 142, 98, 42, 191, 113, 0, 58, 192, 116, 0),
    (147, 93, 144, 169, 159, 82, 22, 127, 151, 115, 39, 60, 50, 138, 26, 116, 139, 54, 94, 151, 80, 141, 65, 60, 170, 162, 184, 96, 85, 5, 41, 67, 70, 92, 49, 177, 56, 83, 136, 117),
    (148, 169, 185, 77, 94, 11, 168, 151, 187, 15, 57, 80, 35, 173, 92, 59, 48, 156, 61, 62, 128, 150, 126, 48, 30, 72, 193, 58, 84, 42, 90, 188, 12, 161, 46, 35, 129, 142, 151, 170),
    (149, 13, 174, 172, 63, 20, 104, 99, 97, 20, 10, 105, 151, 36, 71, 187, 192, 60, 26, 45, 58, 103, 87, 141, 43, 178, 41, 74, 148, 120, 198, 55, 39, 36, 21, 124, 64, 109, 190, 82),
    (150, 91, 162, 73, 124, 178, 131, 125, 24, 166, 81, 111, 185, 137, 82, 19, 18, 69, 118, 32, 33, 57, 87, 73, 159, 95, 197, 126, 100, 158, 188, 120, 155, 124, 20, 157, 184, 1, 103, 143),
    (151, 73, 128, 89, 34, 186, 90, 127, 102, 122, 53, 164, 46, 187, 199, 140, 37, 37, 54, 54, 11, 198, 141, 165, 48, 118, 5, 160, 83, 49, 110, 191, 147, 41, 106, 15, 134, 35, 177, 103),
    (152, 129, 167, 28, 40, 198, 103, 1, 142, 43, 37, 2, 177, 115, 14, 146, 43, 38, 70, 161, 66, 95, 54, 194, 93, 12, 155, 11, 5, 74, 142, 31, 124, 134, 52, 58, 185, 4, 33, 26),
    (153, 139, 44, 94, 30, 82, 20, 165, 182, 142, 4, 49, 24, 153, 72, 150, 88, 24, 175, 75, 149, 180, 19, 179, 163, 153, 53, 69, 25, 146, 164, 30, 88, 136, 8, 12, 6, 3, 153, 30),
    (154, 6, 31, 148, 111, 37, 54, 38, 24, 183, 103, 57, 171, 27, 198, 120, 83, 149, 41, 86, 186, 197, 82, 175, 104, 187, 39, 168, 4, 40, 132, 79, 120, 93, 79, 86, 48, 166, 196, 3),
    (155, 59, 50, 165, 47, 133, 14, 149, 9, 112, 142, 158, 83, 43, 107, 117, 125, 105, 53, 77, 70, 121, 59, 198, 6, 189, 9, 115, 61, 70, 156, 36, 41, 68, 48, 195, 1, 96, 72, 141),
    (156, 98, 21, 44, 192, 118, 152, 35, 34, 21, 22, 161, 45, 151, 23, 91, 157, 46, 186, 25, 146, 74, 101, 53, 13, 61, 162, 95, 82, 77, 111, 30, 183, 4, 104, 178, 174, 67, 27, 12),
    (157, 9, 110, 173, 75, 156, 52, 73, 133, 98, 5, 89, 77, 42, 139, 59, 195, 29, 94, 85, 112, 137, 120, 12, 32, 118, 32, 183, 66, 149, 113, 66, 17, 36, 81, 133, 194, 40, 26, 117),
    (158, 106, 151, 122, 137, 39, 82, 1, 22, 136, 189, 16, 36, 36, 106, 195, 96, 156, 44, 47, 101, 129, 44, 3, 19, 18, 164, 169, 110, 105, 31, 66, 65, 83, 57, 37, 153, 54, 59, 26),
    (159, 25, 199, 63, 141, 79, 198, 91, 136, 36, 13, 41, 111, 50, 35, 61, 38, 155, 53, 185, 18, 107, 18, 189, 170, 39, 143, 176, 84, 19, 31, 122, 65, 187, 55, 163, 89, 153, 74, 46),
    (160, 66, 106, 69, 155, 168, 172, 170, 77, 153, 124, 72, 31, 164, 84, 96, 23, 23, 174, 21, 41, 48, 152, 186, 6, 188, 116, 156, 78, 2, 199, 144, 191, 78, 6, 153, 172, 184, 190, 148),
    (161, 37, 12, 195, 171, 109, 120, 125, 162, 124, 22, 193, 67, 43, 71, 120, 147, 98, 144, 75, 133, 36, 127, 55, 86, 165, 189, 175, 67, 124, 74, 168, 1, 118, 174, 40, 105, 173, 0, 8),
    (162, 116, 91, 196, 166, 8, 69, 130, 153, 92, 189, 110, 43, 165, 146, 49, 180, 154, 171, 76, 59, 164, 155, 187, 162, 107, 196, 110, 66, 168, 194, 127, 40, 102, 110, 97, 77, 89, 175, 52),
    (163, 181, 174, 142, 103, 111, 23, 54, 140, 123, 16, 155, 102, 145, 18, 183, 87, 196, 140, 85, 177, 32, 162, 32, 167, 48, 198, 116, 130, 36, 107, 43, 40, 0, 28, 69, 53, 198, 70, 130),
    (164, 48, 122, 99, 39, 122, 135, 38, 43, 4, 169, 178, 90, 51, 28, 13, 157, 91, 102, 8, 8, 113, 123, 92, 160, 69, 162, 13, 64, 27, 46, 38, 69, 0, 142, 148, 158, 188, 97, 100),
    (165, 94, 30, 162, 196, 176, 107, 189, 177, 41, 9, 3, 25, 82, 177, 165, 26, 145, 67, 181, 169, 183, 48, 135, 113, 77, 61, 64, 100, 179, 71, 166, 111, 157, 133, 84, 3, 30, 151, 44),
    (166, 45, 69, 75, 122, 146, 35, 156, 72, 177, 137, 182, 188, 108, 162, 155, 7, 117, 77, 60, 158, 186, 71, 177, 192, 133, 153, 58, 172, 31, 11, 87, 39, 157, 63, 84, 181, 44, 19, 33),
    (167, 51, 91, 38, 50, 120, 183, 57, 74, 55, 106, 65, 47, 194, 76, 113, 191, 9, 18, 84, 144, 190, 96, 9, 61, 51, 67, 82, 28, 28, 195, 16, 61, 167, 5, 94, 48, 64, 159, 33),
    (168, 138, 36, 147, 19, 92, 85, 120, 60, 120, 60, 36, 133, 151, 157, 193, 189, 107, 29, 108, 78, 41, 127, 102, 28, 58, 22, 195, 195, 29, 14, 88, 116, 20, 110, 37, 113, 113, 185, 161),
    (169, 43, 37, 148, 37, 197, 139, 22, 36, 37, 69, 146, 25, 5, 144, 107, 85, 80, 9, 114, 149, 162, 192, 192, 89, 182, 151, 118, 99, 140, 174, 195, 46, 160, 149, 173, 199, 93, 55, 107),
    (170, 197, 23, 120, 142, 133, 137, 61, 122, 103, 188, 109, 96, 198, 113, 180, 84, 80, 117, 117, 15, 150, 21, 119, 180, 191, 188, 106, 75, 194, 155, 146, 41, 80, 129, 51, 139, 13, 89, 147),
    (171, 81, 134, 122, 88, 101, 91, 65, 192, 99, 111, 170, 119, 137, 166, 52, 3, 1, 161, 28, 83, 36, 78, 54, 28, 46, 69, 112, 160, 141, 40, 87, 128, 60, 8, 13, 44, 67, 171, 115),
    (172, 194, 139, 92, 141, 138, 6, 189, 70, 163, 171, 46, 150, 23, 3, 82, 18, 21, 155, 191, 93, 29, 51, 141, 80, 69, 143, 128, 28, 176, 102, 64, 29, 143, 179, 113, 119, 60, 72, 113),
    (173, 115, 65, 106, 113, 153, 80, 143, 0, 147, 19, 135, 87, 6, 124, 135, 75, 50, 105, 74, 181, 1, 33, 39, 91, 100, 156, 72, 155, 120, 192, 148, 14, 121, 64, 20, 181, 46, 137, 4),
    (174, 144, 54, 97, 27, 118, 99, 27, 168, 60, 104, 88, 190, 90, 14, 103, 197, 131, 48, 145, 35, 153, 63, 10, 190, 50, 153, 167, 152, 110, 152, 159, 186, 70, 99, 85, 190, 183, 24, 18),
    (175, 105, 188, 67, 167, 56, 142, 56, 132, 119, 58, 142, 149, 155, 90, 94, 27, 72, 20, 72, 87, 14, 63, 110, 80, 14, 57, 87, 64, 171, 52, 154, 52, 87, 120, 182, 194, 108, 145, 187),
    (176, 140, 133, 116, 127, 190, 45, 93, 77, 76, 0, 49, 63, 194, 131, 100, 93, 128, 193, 68, 55, 113, 122, 125, 18, 116, 87, 2, 114, 70, 84, 109, 169, 199, 55, 168, 150, 106, 10, 95),
    (177, 109, 77, 193, 116, 170, 50, 189, 39, 98, 176, 155, 74, 28, 120, 170, 116, 59, 53, 54, 17, 72, 29, 9, 73, 1, 172, 126, 145, 140, 69, 47, 7, 189, 123, 5, 109, 8, 32, 197),
    (178, 33, 92, 167, 71, 70, 85, 35, 73, 125, 67, 20, 142, 123, 178, 156, 84, 169, 32, 157, 74, 159, 169, 192, 180, 187, 155, 47, 81, 195, 50, 26, 45, 8, 199, 2, 10, 74, 153, 54),
    (179, 3, 67, 103, 62, 77, 78, 63, 30, 142, 120, 188, 7, 88, 154, 18, 175, 8, 142, 73, 129, 52, 178, 80, 40, 182, 28, 67, 60, 27, 33, 152, 74, 171, 187, 79, 179, 38, 158, 63),
    (180, 100, 24, 96, 159, 117, 71, 35, 35, 65, 138, 156, 154, 87, 2, 32, 88, 169, 159, 33, 121, 53, 180, 13, 122, 82, 122, 79, 97, 188, 140, 133, 194, 144, 86, 192, 180, 88, 74, 162),
    (181, 78, 160, 186, 53, 89, 157, 163, 49, 37, 170, 189, 16, 78, 187, 32, 49, 164, 81, 8, 155, 147, 148, 88, 117, 136, 122, 89, 140, 149, 28, 24, 149, 185, 171, 45, 3, 66, 162, 11),
    (182, 86, 0, 98, 157, 130, 13, 24, 91, 3, 143, 102, 139, 21, 155, 87, 65, 121, 184, 19, 54, 78, 18, 118, 41, 2, 122, 45, 40, 168, 154, 3, 53, 199, 149, 53, 112, 92, 109, 117),
    (183, 104, 104, 28, 91, 35, 85, 27, 22, 197, 70, 74, 38, 28, 177, 145, 142, 101, 133, 57, 173, 66, 148, 58, 167, 80, 183, 81, 120, 94, 129, 93, 151, 182, 121, 30, 117, 32, 7, 103),
    (184, 113, 180, 86, 106, 72, 176, 143, 159, 124, 134, 93, 109, 6, 108, 90, 0, 180, 100, 31, 131, 41, 157, 91, 12, 106, 41, 117, 126, 59, 137, 169, 160, 136, 39, 124, 197, 27, 46, 44),
    (185, 52, 154, 161, 135, 88, 21, 189, 111, 83, 166, 180, 54, 21, 146, 183, 191, 160, 74, 60, 141, 151, 198, 198, 57, 124, 191, 142, 65, 47, 172, 34, 154, 64, 67, 180, 153, 81, 14, 29),
    (186, 59, 190, 128, 126, 114, 49, 89, 65, 26, 110, 36, 109, 16, 73, 48, 10, 162, 17, 134, 37, 110, 0, 155, 137, 74, 120, 32, 11, 115, 18, 167, 163, 42, 0, 163, 14, 75, 130, 76),
    (187, 3, 93, 126, 175, 139, 7, 10, 1, 150, 116, 133, 78, 65, 129, 42, 48, 191, 44, 130, 64, 57, 43, 127, 83, 126, 7, 47, 43, 1, 11, 2, 51, 116, 149, 17, 181, 137, 125, 57),
    (188, 178, 67, 149, 63, 110, 114, 67, 149, 3, 153, 69, 30, 173, 124, 138, 192, 121, 108, 37, 124, 100, 144, 22, 42, 122, 29, 25, 107, 189, 34, 44, 158, 86, 175, 11, 171, 22, 160, 134),
    (189, 138, 4, 77, 162, 153, 74, 81, 76, 183, 73, 47, 110, 19, 165, 48, 6, 71, 133, 175, 190, 8, 114, 7, 135, 147, 88, 149, 133, 143, 119, 167, 192, 62, 80, 23, 3, 25, 170, 72),
    (190, 178, 33, 135, 51, 143, 111, 89, 52, 101, 78, 69, 190, 18, 193, 160, 51, 85, 92, 2, 20, 4, 14, 45, 46, 77, 172, 185, 168, 9, 50, 64, 36, 2, 92, 111, 171, 138, 43, 177),
    (191, 191, 70, 16, 121, 93, 98, 121, 183, 196, 0, 12, 128, 99, 127, 122, 2, 176, 34, 61, 30, 165, 31, 48, 7, 68, 151, 65, 54, 173, 117, 69, 46, 162, 103, 70, 166, 50, 97, 100),
    (192, 91, 176, 106, 95, 28, 176, 8, 41, 148, 155, 124, 43, 87, 150, 47, 151, 61, 198, 76, 46, 177, 159, 147, 183, 0, 169, 115, 58, 199, 165, 85, 92, 23, 71, 119, 37, 156, 124, 185),
    (193, 36, 47, 38, 104, 13, 134, 124, 62, 85, 49, 20, 94, 11, 88, 58, 165, 143, 143, 63, 60, 163, 144, 134, 85, 113, 189, 191, 107, 87, 163, 82, 71, 59, 37, 118, 9, 150, 199, 158),
    (194, 12, 101, 53, 50, 14, 153, 61, 160, 116, 29, 143, 154, 166, 112, 153, 84, 45, 9, 137, 165, 185, 170, 140, 120, 39, 153, 17, 195, 69, 144, 176, 189, 196, 22, 127, 126, 115, 5, 198),
    (195, 193, 115, 136, 122, 129, 94, 97, 176, 59, 173, 187, 129, 42, 51, 162, 28, 66, 158, 197, 51, 2, 167, 139, 42, 133, 131, 153, 185, 39, 110, 58, 48, 89, 30, 88, 110, 59, 13, 124),
    (196, 21, 159, 94, 22, 115, 121, 124, 51, 41, 38, 193, 28, 136, 150, 32, 100, 65, 184, 184, 64, 130, 117, 178, 55, 11, 91, 81, 121, 172, 134, 165, 169, 150, 173, 176, 18, 87, 74, 6),
    (197, 59, 84, 99, 32, 23, 90, 69, 89, 83, 154, 146, 26, 52, 143, 7, 182, 161, 20, 60, 10, 125, 19, 88, 198, 39, 59, 23, 41, 48, 186, 143, 150, 102, 59, 87, 132, 34, 62, 179),
    (198, 138, 53, 148, 123, 124, 104, 32, 28, 195, 41, 128, 94, 120, 62, 31, 3, 146, 103, 155, 168, 115, 5, 118, 63, 176, 47, 108, 48, 115, 41, 106, 63, 169, 181, 62, 196, 159, 109, 8),
    (199, 89, 109, 129, 197, 181, 89, 154, 114, 109, 27, 26, 137, 123, 35, 147, 35, 177, 95, 134, 151, 79, 99, 70, 49, 7, 48, 162, 180, 151, 140, 132, 149, 51, 67, 49, 186, 46, 179, 70);

INSERT INTO T31 (pk, t1, t2, t3, t4, t5, t6, t7, t8, t9, t10, t11, t12, t13, t14, t15, t16, t17, t18, t19, t20, t21, t22, t23, t24, t25, t26, t27, t28, t29, t30, t32, t33, t34, t35, t36, t37, t38, t39, t40)
VALUES
    (0, 26, 84, 194, 53, 117, 68, 53, 143, 2, 44, 194, 198, 192, 21, 87, 61, 189, 99, 174, 154, 153, 160, 185, 89, 175, 80, 109, 166, 29, 177, 130, 29, 32, 94, 191, 156, 1, 48, 20),
    (1, 142, 86, 39, 131, 131, 164, 179, 163, 138, 89, 163, 97, 132, 171, 129, 93, 32, 23, 179, 191, 30, 197, 182, 169, 60, 144, 19, 10, 155, 199, 36, 133, 172, 148, 30, 179, 128, 110, 176),
    (2, 157, 7, 80, 64, 193, 28, 79, 21, 140, 130, 174, 187, 1, 190, 176, 115, 170, 189, 177, 51, 39, 141, 19, 72, 39, 162, 12, 66, 148, 107, 17, 163, 73, 188, 9, 112, 139, 148, 147),
    (3, 61, 68, 86, 7, 195, 93, 153, 118, 31, 9, 38, 73, 169, 34, 69, 165, 154, 159, 50, 121, 111, 74, 10, 2, 42, 83, 140, 78, 95, 14, 48, 165, 35, 167, 78, 99, 22, 80, 123),
    (4, 87, 91, 75, 49, 71, 147, 99, 26, 102, 85, 80, 30, 194, 184, 119, 65, 128, 161, 31, 14, 29, 174, 129, 198, 79, 134, 185, 57, 183, 135, 78, 9, 183, 131, 92, 69, 104, 134, 83),
    (5, 58, 133, 5, 190, 76, 41, 112, 122, 79, 194, 170, 83, 3, 102, 21, 100, 85, 135, 18, 155, 46, 98, 129, 126, 150, 140, 35, 8, 158, 158, 70, 56, 52, 168, 38, 88, 172, 12, 176),
    (6, 13, 25, 10, 164, 105, 148, 136, 183, 94, 6, 189, 135, 75, 136, 163, 14, 119, 150, 169, 161, 69, 128, 123, 11, 133, 87, 11, 159, 79, 153, 127, 65, 92, 170, 195, 92, 142, 88, 125),
    (7, 81, 136, 81, 40, 158, 131, 133, 197, 35, 95, 122, 53, 135, 9, 181, 188, 124, 193, 91, 41, 152, 153, 158, 117, 123, 131, 163, 178, 51, 81, 174, 174, 61, 110, 18, 80, 91, 71, 88),
    (8, 3, 142, 119, 133, 146, 156, 18, 29, 129, 178, 3, 13, 189, 161, 12, 145, 186, 141, 125, 170, 25, 62, 35, 116, 38, 125, 121, 8, 164, 180, 137, 31, 21, 189, 159, 194, 192, 36, 85),
    (9, 171, 25, 151, 149, 132, 155, 95, 173, 20, 59, 115, 162, 138, 52, 69, 60, 183, 11, 2, 127, 166, 186, 161, 127, 18, 157, 28, 23, 91, 114, 36, 158, 74, 72, 188, 171, 42, 10, 33),
    (10, 17, 167, 118, 158, 141, 168, 99, 145, 153, 171, 153, 20, 77, 85, 99, 97, 141, 15, 137, 66, 130, 72, 64, 146, 65, 133, 27, 191, 120, 4, 129, 12, 183, 177, 67, 72, 91, 113, 4),
    (11, 129, 14, 162, 31, 133, 88, 164, 110, 81, 147, 25, 153, 186, 176, 27, 185, 194, 22, 138, 111, 186, 14, 184, 182, 120, 96, 97, 92, 191, 19, 168, 47, 56, 192, 7, 42, 19, 12, 145),
    (12, 146, 26, 194, 191, 67, 35, 41, 153, 17, 120, 84, 85, 79, 165, 91, 112, 7, 52, 140, 10, 57, 17, 129, 55, 76, 135, 174, 41, 123, 30, 162, 123, 134, 102, 161, 9, 124, 93, 75),
    (13, 155, 181, 62, 35, 29, 146, 99, 13, 23, 0, 194, 29, 7, 130, 130, 32, 0, 90, 192, 167, 128, 16, 167, 149, 0, 65, 103, 45, 133, 178, 193, 127, 8, 84, 91, 19, 94, 137, 52),
    (14, 73, 110, 166, 170, 198, 156, 0, 168, 53, 18, 119, 78, 67, 127, 199, 137, 91, 121, 84, 1, 193, 113, 137, 156, 173, 133, 106, 172, 148, 83, 6, 37, 23, 42, 122, 91, 148, 157, 154),
    (15, 162, 43, 94, 180, 77, 104, 94, 43, 16, 73, 60, 110, 128, 191, 14, 21, 50, 54, 194, 0, 80, 101, 184, 73, 94, 148, 147, 112, 65, 175, 36, 67, 150, 48, 195, 70, 68, 67, 171),
    (16, 179, 50, 97, 152, 77, 199, 88, 121, 187, 81, 16, 51, 163, 152, 96, 32, 117, 108, 160, 179, 46, 184, 67, 37, 32, 176, 133, 86, 77, 193, 188, 48, 88, 125, 175, 1, 9, 161, 60),
    (17, 133, 90, 48, 188, 149, 59, 89, 24, 169, 103, 151, 115, 64, 151, 89, 168, 27, 164, 120, 137, 56, 56, 145, 191, 54, 176, 1, 130, 90, 130, 70, 36, 195, 16, 184, 102, 54, 184, 156),
    (18, 99, 79, 68, 193, 95, 165, 118, 47, 114, 181, 159, 114, 170, 27, 37, 54, 4, 79, 80, 87, 6, 151, 158, 108, 10, 77, 166, 98, 190, 5, 12, 104, 174, 108, 104, 162, 72, 153, 161),
    (19, 55, 24, 21, 134, 5, 36, 16, 182, 89, 18, 39, 65, 18, 22, 27, 134, 43, 29, 140, 129, 61, 79, 53, 143, 59, 46, 34, 36, 114, 67, 28, 4, 89, 25, 28, 105, 52, 146, 197),
    (20, 154, 10, 145, 161, 9, 27, 108, 99, 118, 148, 131, 152, 81, 6, 97, 181, 175, 83, 26, 152, 75, 95, 149, 99, 171, 142, 171, 105, 93, 34, 130, 52, 45, 26, 180, 79, 17, 155, 178),
    (21, 88, 80, 194, 159, 112, 48, 143, 10, 55, 151, 147, 17, 47, 159, 11, 86, 153, 13, 92, 132, 71, 106, 129, 147, 121, 7, 54, 75, 0, 29, 78, 88, 132, 35, 169, 97, 74, 129, 9),
    (22, 92, 167, 161, 150, 96, 151, 4, 21, 4, 133, 28, 39, 46, 110, 6, 74, 144, 78, 120, 164, 107, 107, 8, 15, 33, 15, 109, 179, 115, 45, 167, 101, 21, 136, 191, 189, 49, 190, 93),
    (23, 62, 67, 109, 31, 142, 104, 77, 179, 140, 28, 147, 199, 179, 177, 71, 28, 193, 30, 50, 112, 29, 13, 168, 96, 94, 155, 3, 87, 21, 169, 190, 35, 17, 195, 114, 141, 128, 11, 150),
    (24, 144, 99, 35, 198, 0, 88, 47, 31, 179, 98, 67, 0, 20, 198, 33, 86, 38, 155, 152, 20, 180, 73, 87, 99, 72, 138, 37, 105, 66, 146, 167, 77, 43, 136, 138, 132, 181, 108, 173),
    (25, 12, 155, 45, 44, 125, 152, 77, 98, 6, 41, 111, 123, 145, 28, 77, 40, 137, 50, 87, 149, 49, 155, 15, 21, 102, 70, 144, 35, 60, 132, 50, 145, 135, 181, 50, 197, 177, 87, 72),
    (26, 54, 120, 91, 87, 197, 100, 75, 184, 179, 150, 124, 88, 193, 137, 186, 91, 139, 72, 169, 2, 123, 78, 52, 50, 12, 167, 161, 123, 88, 111, 146, 90, 114, 133, 97, 20, 153, 192, 184),
    (27, 131, 166, 74, 106, 131, 185, 85, 98, 129, 109, 41, 133, 161, 33, 40, 90, 92, 94, 169, 1, 27, 103, 191, 27, 114, 174, 150, 171, 45, 43, 55, 54, 11, 89, 174, 87, 71, 104, 14),
    (28, 75, 181, 154, 66, 31, 26, 153, 148, 128, 54, 23, 110, 65, 60, 160, 4, 13, 121, 39, 142, 192, 87, 59, 68, 191, 155, 19, 110, 33, 3, 167, 33, 58, 55, 30, 61, 86, 26, 125),
    (29, 124, 144, 7, 0, 56, 57, 90, 111, 30, 167, 105, 118, 153, 91, 107, 20, 13, 118, 73, 90, 40, 16, 63, 52, 160, 107, 66, 27, 78, 71, 22, 147, 131, 92, 161, 112, 187, 92, 96),
    (30, 118, 71, 41, 116, 41, 67, 183, 179, 17, 21, 15, 103, 21, 64, 25, 75, 140, 185, 51, 120, 36, 73, 169, 182, 37, 162, 75, 5, 76, 131, 69, 56, 24, 196, 166, 76, 59, 23, 176),
    (31, 51, 54, 56, 74, 47, 39, 86, 62, 84, 12, 176, 83, 51, 84, 169, 63, 186, 18, 75, 155, 112, 101, 46, 195, 124, 44, 153, 73, 141, 82, 1, 143, 23, 75, 31, 184, 54, 62, 7),
    (32, 187, 95, 150, 180, 30, 120, 134, 70, 161, 70, 180, 114, 3, 194, 129, 146, 137, 27, 95, 132, 157, 80, 167, 2, 129, 143, 47, 148, 86, 198, 155, 36, 6, 97, 85, 129, 117, 3, 167),
    (33, 156, 112, 59, 55, 28, 48, 90, 168, 92, 23, 16, 25, 32, 82, 87, 119, 23, 148, 86, 158, 16, 139, 140, 36, 171, 167, 106, 164, 90, 44, 182, 77, 183, 137, 20, 25, 1, 85, 131),
    (34, 193, 26, 63, 41, 40, 2, 194, 86, 74, 107, 80, 99, 34, 156, 62, 180, 39, 187, 172, 94, 101, 189, 172, 131, 10, 27, 21, 180, 60, 120, 67, 80, 97, 108, 66, 40, 19, 166, 89),
    (35, 33, 192, 112, 142, 66, 24, 54, 24, 30, 37, 117, 1, 21, 45, 28, 140, 173, 130, 125, 60, 189, 89, 89, 42, 175, 168, 166, 184, 63, 99, 86, 197, 23, 57, 117, 158, 87, 125, 169),
    (36, 152, 194, 50, 89, 182, 186, 23, 56, 104, 183, 37, 99, 67, 192, 183, 33, 158, 81, 174, 182, 197, 196, 190, 185, 153, 175, 14, 26, 104, 47, 45, 197, 111, 196, 68, 196, 167, 145, 78),
    (37, 98, 183, 3, 59, 152, 22, 184, 63, 24, 137, 137, 11, 71, 158, 161, 108, 151, 38, 70, 17, 29, 10, 162, 21, 28, 177, 89, 147, 150, 111, 27, 186, 73, 73, 197, 92, 178, 90, 46),
    (38, 56, 65, 106, 30, 146, 186, 112, 2, 84, 153, 126, 13, 151, 21, 102, 79, 193, 143, 135, 40, 140, 0, 19, 170, 12, 12, 56, 155, 116, 184, 146, 54, 11, 75, 47, 119, 43, 25, 6),
    (39, 185, 175, 48, 33, 182, 41, 160, 21, 21, 64, 0, 196, 164, 126, 16, 178, 126, 49, 118, 133, 76, 147, 116, 121, 169, 56, 124, 167, 46, 1, 104, 28, 151, 150, 41, 169, 29, 179, 135),
    (40, 158, 56, 60, 33, 85, 39, 10, 110, 69, 69, 57, 62, 130, 127, 63, 163, 82, 53, 183, 127, 115, 19, 164, 125, 61, 91, 19, 146, 157, 4, 177, 26, 13, 191, 197, 40, 120, 123, 3),
    (41, 50, 53, 9, 118, 47, 7, 46, 43, 83, 172, 152, 19, 194, 97, 135, 196, 112, 78, 98, 153, 183, 38, 56, 43, 24, 9, 183, 37, 46, 184, 147, 35, 118, 151, 55, 145, 193, 15, 157),
    (42, 103, 30, 12, 144, 145, 100, 126, 133, 165, 22, 146, 34, 118, 40, 142, 104, 197, 133, 5, 181, 9, 60, 118, 170, 115, 84, 63, 47, 137, 51, 34, 148, 118, 152, 37, 40, 2, 36, 45),
    (43, 88, 121, 141, 127, 37, 173, 120, 130, 47, 155, 150, 155, 61, 86, 158, 21, 154, 33, 32, 145, 191, 19, 103, 39, 81, 136, 90, 113, 143, 131, 0, 167, 168, 145, 93, 199, 34, 52, 110),
    (44, 10, 36, 75, 153, 171, 107, 106, 104, 191, 104, 109, 151, 104, 190, 42, 29, 97, 87, 145, 38, 48, 20, 116, 186, 17, 190, 145, 147, 195, 39, 8, 132, 174, 174, 15, 195, 150, 106, 6),
    (45, 190, 143, 114, 29, 123, 60, 54, 94, 155, 39, 130, 88, 108, 8, 25, 134, 21, 109, 88, 198, 149, 49, 128, 60, 93, 18, 171, 26, 86, 33, 22, 44, 191, 58, 173, 108, 26, 146, 92),
    (46, 41, 8, 51, 137, 80, 14, 195, 50, 112, 197, 94, 100, 145, 140, 181, 22, 13, 3, 88, 153, 179, 8, 26, 126, 103, 77, 147, 10, 88, 195, 85, 70, 138, 171, 13, 128, 166, 31, 191),
    (47, 165, 30, 38, 100, 161, 129, 17, 156, 53, 29, 154, 53, 61, 99, 160, 121, 68, 30, 196, 89, 74, 87, 27, 146, 38, 176, 170, 83, 26, 8, 159, 134, 156, 58, 6, 119, 181, 153, 15),
    (48, 56, 25, 86, 4, 74, 155, 183, 42, 26, 59, 112, 189, 68, 58, 106, 33, 94, 160, 1, 80, 11, 171, 58, 6, 167, 77, 165, 141, 82, 53, 70, 42, 174, 138, 30, 67, 172, 47, 20),
    (49, 174, 4, 108, 142, 171, 95, 181, 50, 191, 53, 134, 166, 12, 110, 142, 179, 190, 187, 123, 68, 28, 198, 79, 178, 32, 117, 29, 195, 84, 106, 138, 163, 194, 13, 99, 141, 173, 92, 50),
    (50, 186, 115, 55, 117, 133, 35, 171, 41, 77, 162, 126, 166, 111, 114, 181, 62, 10, 80, 21, 17, 32, 187, 127, 24, 163, 183, 28, 77, 161, 137, 24, 95, 25, 0, 37, 95, 191, 172, 109),
    (51, 178, 31, 72, 33, 129, 20, 198, 194, 101, 36, 110, 70, 49, 133, 130, 32, 77, 13, 76, 91, 182, 199, 188, 55, 150, 184, 191, 93, 135, 11, 119, 13, 140, 3, 30, 40, 183, 190, 6),
    (52, 161, 24, 34, 22, 81, 118, 172, 51, 41, 54, 11, 184, 50, 144, 53, 84, 73, 29, 36, 58, 6, 62, 124, 186, 74, 165, 120, 30, 122, 34, 87, 139, 144, 83, 110, 43, 59, 39, 193),
    (53, 45, 130, 136, 156, 195, 24, 95, 17, 73, 177, 98, 15, 144, 152, 175, 170, 55, 6, 145, 153, 129, 139, 75, 198, 14, 161, 147, 17, 195, 54, 11, 2, 134, 76, 0, 59, 29, 81, 191),
    (54, 172, 149, 149, 190, 38, 30, 0, 42, 67, 15, 37, 49, 166, 125, 87, 155, 30, 135, 190, 33, 95, 93, 192, 84, 102, 182, 128, 29, 37, 2, 55, 170, 170, 87, 143, 60, 24, 14, 116),
    (55, 82, 119, 15, 24, 61, 167, 66, 15, 83, 156, 162, 23, 36, 56, 50, 86, 167, 81, 45, 106, 45, 24, 101, 111, 53, 106, 162, 155, 58, 87, 144, 16, 32, 35, 126, 158, 96, 78, 177),
    (56, 88, 156, 11, 85, 103, 90, 105, 156, 135, 98, 194, 48, 27, 196, 140, 145, 174, 145, 198, 189, 10, 68, 37, 143, 25, 156, 198, 170, 65, 195, 162, 2, 59, 87, 19, 135, 144, 145, 110),
    (57, 180, 56, 143, 145, 169, 175, 159, 0, 56, 39, 83, 196, 3, 174, 151, 26, 72, 122, 42, 171, 116, 82, 83, 115, 183, 7, 146, 42, 149, 105, 44, 68, 154, 58, 79, 115, 199, 17, 14),
    (58, 32, 39, 48, 194, 28, 78, 51, 68, 52, 165, 24, 113, 120, 78, 86, 164, 64, 18, 1, 187, 40, 107, 153, 116, 94, 92, 111, 134, 183, 95, 135, 197, 13, 129, 149, 156, 84, 35, 0),
    (59, 180, 4, 181, 0, 86, 50, 60, 74, 156, 155, 7, 159, 176, 36, 29, 8, 121, 0, 13, 180, 98, 94, 171, 36, 139, 33, 99, 185, 49, 56, 181, 135, 52, 39, 56, 3, 48, 22, 155),
    (60, 85, 91, 15, 180, 32, 99, 5, 185, 164, 6, 44, 120, 190, 28, 17, 135, 72, 92, 186, 99, 29, 53, 74, 26, 4, 113, 165, 92, 37, 43, 160, 45, 109, 64, 89, 172, 87, 49, 24),
    (61, 171, 123, 80, 197, 72, 139, 33, 99, 113, 155, 44, 199, 20, 83, 162, 7, 92, 59, 119, 187, 98, 183, 95, 190, 75, 173, 97, 144, 54, 99, 112, 179, 167, 23, 194, 36, 22, 72, 40),
    (62, 198, 16, 83, 139, 64, 115, 15, 92, 151, 91, 104, 28, 131, 130, 48, 76, 136, 81, 45, 28, 72, 123, 162, 26, 141, 119, 27, 115, 160, 146, 138, 16, 161, 17, 42, 98, 183, 167, 63),
    (63, 105, 80, 161, 31, 84, 123, 148, 68, 104, 128, 96, 170, 182, 195, 16, 158, 82, 74, 70, 138, 37, 146, 14, 80, 83, 83, 131, 73, 19, 38, 59, 110, 148, 71, 49, 173, 34, 17, 85),
    (64, 124, 113, 82, 152, 79, 52, 154, 136, 174, 77, 107, 131, 90, 54, 100, 126, 126, 85, 151, 145, 127, 18, 62, 35, 57, 195, 16, 184, 64, 91, 114, 185, 166, 102, 142, 40, 154, 58, 163),
    (65, 125, 80, 166, 79, 167, 111, 48, 168, 78, 48, 161, 38, 54, 151, 115, 84, 69, 156, 111, 131, 181, 154, 73, 56, 119, 21, 55, 147, 5, 146, 145, 73, 24, 152, 189, 79, 168, 106, 30),
    (66, 91, 190, 58, 83, 90, 123, 125, 127, 150, 8, 93, 27, 96, 53, 31, 40, 64, 38, 68, 105, 139, 77, 1, 5, 181, 40, 107, 133, 98, 14, 35, 130, 191, 78, 25, 4, 40, 117, 38),
    (67, 194, 147, 5, 84, 47, 180, 126, 181, 183, 75, 68, 144, 117, 121, 140, 144, 3, 42, 91, 108, 3, 59, 17, 135, 113, 150, 164, 3, 148, 175, 16, 111, 106, 13, 76, 126, 45, 167, 117),
    (68, 92, 12, 110, 67, 193, 196, 59, 70, 198, 24, 166, 137, 104, 86, 159, 67, 186, 176, 36, 163, 108, 148, 102, 24, 87, 174, 19, 153, 27, 193, 120, 2, 82, 10, 188, 67, 148, 177, 47),
    (69, 19, 143, 169, 112, 148, 195, 120, 61, 182, 81, 104, 66, 71, 27, 187, 9, 37, 199, 186, 178, 150, 27, 159, 115, 83, 195, 54, 4, 110, 88, 30, 120, 32, 57, 121, 123, 92, 149, 15),
    (70, 122, 119, 18, 196, 79, 185, 5, 104, 145, 171, 172, 174, 101, 32, 18, 42, 176, 132, 156, 184, 139, 97, 9, 113, 185, 161, 86, 76, 111, 76, 29, 38, 195, 153, 95, 65, 148, 28, 43),
    (71, 140, 92, 27, 92, 84, 185, 194, 84, 106, 77, 56, 148, 71, 164, 165, 76, 165, 3, 69, 63, 39, 44, 14, 42, 86, 10, 64, 196, 128, 128, 18, 104, 25, 111, 192, 47, 158, 131, 90),
    (72, 190, 114, 105, 52, 164, 111, 26, 23, 47, 138, 53, 100, 25, 42, 195, 35, 32, 25, 43, 49, 154, 179, 68, 153, 98, 132, 40, 18, 117, 116, 113, 3, 91, 167, 113, 26, 142, 32, 56),
    (73, 161, 13, 14, 51, 19, 25, 103, 23, 75, 125, 39, 76, 172, 81, 82, 81, 146, 183, 187, 141, 102, 104, 85, 123, 17, 112, 187, 158, 16, 19, 177, 128, 19, 104, 135, 190, 64, 137, 2),
    (74, 75, 148, 57, 171, 108, 140, 84, 194, 162, 36, 74, 151, 91, 91, 152, 19, 51, 54, 139, 40, 177, 180, 185, 186, 55, 140, 156, 91, 124, 66, 197, 165, 153, 1, 135, 194, 8, 11, 182),
    (75, 150, 32, 109, 143, 140, 26, 165, 156, 108, 54, 15, 36, 23, 32, 116, 199, 137, 96, 99, 51, 1, 69, 80, 20, 149, 182, 189, 70, 10, 175, 190, 161, 159, 78, 14, 13, 127, 4, 30),
    (76, 169, 46, 89, 36, 33, 57, 194, 190, 121, 157, 171, 152, 145, 92, 102, 0, 23, 87, 171, 140, 40, 193, 193, 63, 117, 124, 141, 112, 176, 175, 69, 10, 1, 1, 87, 85, 83, 104, 28),
    (77, 46, 8, 90, 98, 52, 63, 186, 97, 47, 171, 159, 53, 88, 22, 189, 69, 6, 19, 148, 27, 16, 22, 172, 47, 42, 197, 154, 66, 85, 71, 180, 83, 156, 191, 102, 59, 3, 145, 167),
    (78, 160, 111, 66, 68, 12, 27, 20, 157, 54, 120, 152, 39, 156, 161, 115, 165, 25, 183, 90, 5, 90, 10, 109, 16, 13, 191, 70, 88, 174, 150, 145, 107, 125, 2, 150, 77, 123, 185, 156),
    (79, 69, 3, 100, 124, 153, 94, 125, 63, 77, 51, 191, 193, 23, 67, 15, 156, 38, 129, 130, 2, 73, 8, 62, 20, 100, 113, 191, 195, 29, 121, 182, 186, 87, 133, 121, 69, 190, 93, 150),
    (80, 69, 103, 118, 185, 86, 186, 142, 173, 137, 14, 42, 83, 149, 131, 154, 173, 64, 59, 181, 103, 31, 146, 184, 152, 29, 73, 181, 180, 175, 184, 152, 171, 186, 59, 158, 99, 115, 48, 141),
    (81, 16, 121, 9, 154, 184, 85, 179, 191, 1, 127, 119, 199, 63, 38, 157, 131, 114, 45, 185, 25, 2, 107, 53, 191, 174, 30, 135, 80, 14, 157, 92, 15, 162, 182, 154, 7, 18, 162, 159),
    (82, 82, 5, 196, 80, 112, 139, 86, 121, 77, 174, 112, 99, 143, 33, 102, 31, 128, 54, 147, 17, 103, 69, 44, 157, 55, 66, 165, 27, 26, 112, 59, 173, 96, 123, 169, 189, 193, 176, 91),
    (83, 187, 43, 198, 143, 103, 57, 166, 17, 0, 144, 110, 151, 162, 113, 161, 49, 191, 119, 190, 93, 101, 114, 163, 157, 125, 178, 105, 35, 139, 42, 33, 1, 54, 9, 62, 15, 161, 71, 152),
    (84, 13, 42, 44, 99, 176, 63, 32, 27, 93, 70, 29, 182, 41, 185, 70, 99, 32, 53, 181, 11, 146, 97, 94, 35, 134, 36, 58, 24, 8, 91, 18, 101, 26, 92, 78, 100, 160, 119, 101),
    (85, 28, 34, 192, 6, 110, 158, 84, 39, 154, 108, 139, 91, 158, 191, 170, 71, 137, 179, 28, 63, 129, 85, 160, 152, 123, 129, 155, 116, 108, 68, 4, 42, 56, 137, 50, 183, 181, 56, 136),
    (86, 36, 127, 173, 39, 96, 167, 5, 38, 181, 45, 73, 2, 142, 113, 156, 72, 67, 26, 192, 115, 79, 59, 27, 76, 51, 154, 51, 34, 52, 157, 139, 106, 93, 56, 61, 130, 169, 43, 178),
    (87, 89, 53, 82, 97, 44, 61, 141, 195, 96, 96, 9, 136, 125, 129, 37, 53, 135, 53, 128, 56, 4, 122, 83, 7, 178, 128, 199, 190, 75, 44, 15, 104, 110, 108, 32, 3, 172, 175, 38),
    (88, 124, 82, 60, 38, 144, 197, 167, 93, 68, 61, 46, 67, 105, 34, 95, 179, 113, 16, 141, 37, 125, 84, 178, 68, 108, 154, 1, 67, 128, 98, 100, 129, 131, 66, 136, 154, 166, 43, 19),
    (89, 40, 126, 83, 162, 175, 4, 146, 161, 91, 90, 112, 188, 152, 190, 177, 127, 148, 128, 149, 126, 193, 135, 127, 75, 7, 85, 109, 135, 19, 48, 84, 47, 152, 95, 180, 67, 38, 175, 49),
    (90, 67, 158, 11, 151, 162, 179, 107, 112, 61, 149, 196, 53, 23, 10, 4, 172, 152, 125, 169, 90, 109, 84, 26, 75, 69, 186, 150, 63, 53, 11, 14, 120, 120, 65, 79, 177, 116, 136, 176),
    (91, 87, 164, 113, 124, 118, 167, 75, 62, 149, 119, 36, 78, 181, 90, 46, 159, 87, 181, 143, 139, 7, 84, 155, 142, 130, 81, 41, 127, 126, 29, 158, 85, 177, 164, 167, 115, 186, 113, 73),
    (92, 173, 69, 71, 129, 182, 167, 20, 112, 71, 153, 75, 46, 97, 153, 57, 39, 195, 150, 37, 183, 162, 186, 189, 182, 128, 170, 17, 132, 99, 9, 126, 46, 139, 22, 115, 184, 138, 126, 141),
    (93, 136, 145, 34, 174, 167, 156, 143, 118, 27, 34, 103, 138, 172, 162, 43, 62, 152, 47, 19, 89, 150, 106, 42, 154, 36, 110, 58, 25, 122, 144, 104, 37, 15, 107, 102, 37, 26, 16, 61),
    (94, 114, 113, 132, 115, 153, 9, 8, 121, 39, 98, 49, 95, 193, 105, 119, 171, 98, 115, 115, 141, 141, 100, 44, 192, 171, 181, 121, 181, 91, 35, 193, 112, 196, 102, 126, 172, 46, 134, 115),
    (95, 27, 90, 149, 34, 68, 153, 37, 148, 5, 169, 157, 94, 111, 45, 44, 155, 175, 35, 73, 135, 28, 77, 26, 121, 172, 53, 38, 123, 36, 82, 76, 91, 150, 64, 170, 117, 19, 66, 79),
    (96, 196, 109, 91, 126, 0, 17, 144, 178, 158, 162, 137, 194, 132, 192, 181, 152, 170, 165, 53, 23, 154, 158, 27, 171, 174, 51, 130, 176, 3, 131, 48, 34, 40, 54, 91, 67, 181, 58, 136),
    (97, 107, 101, 75, 95, 45, 66, 24, 47, 5, 67, 137, 16, 195, 35, 67, 134, 52, 75, 150, 27, 73, 35, 60, 189, 101, 95, 125, 120, 140, 68, 155, 84, 119, 149, 61, 49, 128, 39, 83),
    (98, 38, 58, 69, 62, 29, 54, 173, 180, 153, 163, 160, 1, 66, 29, 8, 89, 51, 135, 94, 95, 193, 114, 124, 69, 36, 159, 60, 79, 101, 181, 19, 10, 185, 35, 120, 34, 54, 150, 185),
    (99, 181, 55, 139, 135, 97, 49, 121, 115, 75, 109, 190, 97, 173, 31, 71, 114, 88, 89, 196, 72, 78, 25, 162, 8, 161, 123, 66, 33, 102, 168, 61, 64, 63, 92, 115, 44, 161, 66, 153),
    (100, 132, 185, 182, 88, 120, 93, 82, 184, 28, 30, 71, 39, 44, 67, 6, 171, 78, 97, 168, 55, 168, 10, 108, 125, 125, 163, 139, 9, 32, 89, 149, 189, 0, 60, 55, 108, 198, 90, 96),
    (101, 172, 146, 127, 197, 80, 40, 199, 158, 155, 89, 176, 43, 146, 93, 126, 76, 176, 190, 164, 94, 42, 45, 170, 18, 187, 77, 71, 77, 193, 50, 128, 63, 11, 183, 65, 173, 53, 162, 157),
    (102, 182, 13, 161, 42, 94, 8, 95, 38, 13, 36, 88, 184, 14, 99, 15, 124, 123, 38, 22, 41, 152, 25, 33, 144, 44, 48, 187, 103, 111, 27, 151, 189, 195, 25, 118, 79, 139, 134, 98),
    (103, 7, 98, 94, 110, 137, 174, 199, 140, 154, 174, 39, 82, 185, 44, 81, 181, 30, 23, 59, 21, 187, 83, 190, 183, 109, 103, 160, 11, 105, 54, 70, 151, 26, 169, 156, 4, 108, 82, 145),
    (104, 104, 107, 17, 166, 140, 103, 6, 190, 73, 94, 162, 185, 109, 194, 35, 176, 127, 145, 23, 192, 53, 38, 181, 60, 162, 137, 143, 59, 64, 70, 155, 152, 63, 190, 51, 32, 102, 112, 51),
    (105, 114, 18, 54, 32, 105, 7, 191, 10, 98, 50, 17, 90, 144, 189, 46, 45, 167, 111, 14, 9, 55, 74, 120, 60, 144, 111, 38, 13, 195, 142, 194, 37, 14, 174, 189, 170, 94, 156, 24),
    (106, 41, 111, 22, 103, 101, 36, 63, 68, 195, 151, 65, 157, 192, 143, 181, 98, 178, 179, 59, 157, 166, 45, 112, 13, 164, 42, 75, 181, 29, 3, 125, 5, 127, 133, 193, 189, 25, 98, 1),
    (107, 34, 114, 130, 186, 67, 186, 34, 77, 169, 180, 68, 74, 154, 11, 109, 97, 57, 66, 171, 117, 29, 15, 52, 146, 64, 79, 186, 40, 64, 50, 1, 156, 163, 142, 168, 133, 112, 147, 168),
    (108, 51, 27, 142, 36, 197, 186, 156, 158, 198, 183, 137, 174, 192, 110, 96, 170, 183, 179, 150, 151, 197, 141, 81, 113, 174, 127, 127, 135, 180, 197, 38, 46, 131, 110, 62, 38, 44, 69, 169),
    (109, 71, 140, 114, 76, 61, 7, 22, 69, 150, 19, 124, 115, 15, 90, 15, 36, 3, 88, 70, 50, 146, 182, 121, 183, 103, 26, 156, 85, 11, 157, 185, 37, 139, 147, 111, 84, 152, 163, 63),
    (110, 168, 47, 129, 103, 105, 12, 18, 101, 151, 9, 105, 96, 129, 183, 37, 82, 170, 34, 194, 156, 12, 28, 70, 182, 129, 65, 161, 128, 161, 114, 117, 91, 116, 72, 147, 50, 47, 134, 0),
    (111, 196, 21, 21, 63, 10, 91, 88, 88, 81, 144, 24, 21, 74, 85, 44, 46, 19, 191, 15, 50, 87, 47, 141, 58, 157, 75, 61, 170, 51, 90, 27, 171, 71, 3, 22, 131, 133, 41, 52),
    (112, 18, 139, 47, 104, 130, 180, 51, 171, 32, 180, 173, 76, 5, 11, 137, 47, 62, 14, 82, 184, 67, 41, 77, 90, 62, 113, 34, 12, 42, 148, 128, 96, 70, 175, 121, 178, 118, 97, 184),
    (113, 135, 0, 76, 38, 113, 127, 4, 172, 93, 9, 72, 123, 49, 39, 50, 102, 26, 75, 159, 25, 75, 69, 117, 141, 115, 133, 163, 180, 159, 50, 132, 53, 34, 6, 35, 45, 104, 82, 88),
    (114, 48, 162, 175, 132, 188, 27, 139, 113, 160, 8, 103, 178, 188, 38, 177, 87, 101, 195, 128, 114, 72, 79, 69, 1, 45, 134, 54, 157, 183, 66, 68, 157, 142, 142, 181, 190, 137, 155, 6),
    (115, 128, 140, 101, 69, 129, 94, 18, 164, 140, 101, 139, 104, 117, 52, 25, 110, 161, 102, 21, 71, 121, 19, 145, 60, 83, 191, 77, 122, 90, 164, 32, 40, 5, 88, 149, 0, 144, 199, 195),
    (116, 105, 79, 115, 188, 135, 118, 199, 82, 109, 109, 126, 198, 156, 144, 171, 143, 5, 54, 81, 39, 26, 120, 30, 129, 88, 120, 12, 32, 32, 169, 159, 184, 169, 112, 134, 66, 101, 41, 133),
    (117, 100, 4, 2, 33, 109, 78, 33, 160, 59, 175, 1, 52, 74, 101, 45, 67, 60, 71, 10, 22, 132, 61, 199, 175, 47, 67, 52, 31, 79, 49, 116, 183, 15, 169, 189, 192, 115, 26, 52),
    (118, 61, 122, 29, 32, 149, 163, 109, 129, 60, 163, 119, 161, 151, 10, 96, 198, 172, 80, 175, 132, 118, 59, 35, 143, 95, 173, 198, 51, 190, 105, 167, 186, 168, 107, 139, 37, 38, 55, 118),
    (119, 61, 75, 157, 40, 106, 15, 120, 175, 24, 110, 14, 198, 38, 75, 173, 98, 2, 133, 172, 196, 116, 68, 36, 13, 116, 154, 62, 176, 87, 18, 72, 135, 190, 26, 131, 137, 73, 94, 26),
    (120, 27, 192, 58, 178, 97, 10, 43, 96, 40, 112, 77, 79, 130, 30, 122, 116, 25, 24, 150, 96, 15, 67, 11, 194, 13, 130, 181, 163, 151, 100, 11, 17, 182, 67, 20, 146, 182, 123, 57),
    (121, 31, 147, 188, 29, 54, 86, 19, 30, 162, 29, 156, 155, 145, 19, 189, 39, 79, 184, 7, 112, 100, 181, 55, 8, 46, 196, 36, 102, 101, 50, 105, 128, 193, 99, 30, 93, 134, 102, 182),
    (122, 110, 179, 190, 148, 116, 66, 90, 185, 103, 155, 171, 91, 124, 110, 179, 73, 170, 48, 105, 93, 39, 157, 165, 54, 14, 103, 185, 13, 169, 126, 8, 109, 30, 11, 134, 79, 14, 184, 102),
    (123, 108, 166, 185, 180, 59, 143, 39, 99, 54, 162, 60, 34, 34, 85, 143, 85, 3, 178, 140, 51, 4, 134, 166, 145, 169, 31, 95, 191, 65, 71, 10, 116, 114, 173, 198, 64, 111, 162, 148),
    (124, 93, 26, 16, 49, 26, 193, 111, 181, 68, 125, 126, 85, 80, 62, 167, 51, 150, 12, 121, 165, 183, 52, 107, 197, 75, 85, 61, 53, 88, 175, 192, 71, 117, 121, 192, 71, 36, 163, 104),
    (125, 111, 20, 63, 190, 0, 191, 71, 79, 34, 104, 123, 13, 45, 161, 85, 185, 33, 110, 82, 12, 182, 44, 104, 74, 155, 163, 62, 173, 29, 99, 65, 101, 22, 153, 173, 0, 143, 62, 84),
    (126, 163, 188, 81, 188, 163, 140, 185, 36, 57, 148, 113, 106, 181, 101, 76, 175, 147, 32, 3, 79, 46, 59, 98, 67, 90, 62, 136, 30, 3, 109, 178, 20, 133, 9, 5, 60, 65, 75, 71),
    (127, 104, 132, 23, 10, 188, 32, 155, 184, 164, 139, 16, 49, 28, 104, 116, 73, 161, 142, 191, 190, 57, 93, 136, 52, 12, 31, 191, 49, 143, 1, 0, 120, 55, 134, 86, 165, 2, 40, 77),
    (128, 115, 153, 198, 16, 109, 95, 121, 48, 181, 176, 112, 42, 44, 77, 91, 101, 164, 23, 83, 188, 119, 112, 24, 89, 28, 28, 150, 41, 156, 118, 41, 126, 15, 60, 111, 188, 158, 109, 92),
    (129, 11, 189, 96, 138, 60, 176, 165, 77, 54, 110, 21, 70, 84, 99, 121, 126, 141, 83, 147, 181, 176, 120, 43, 142, 137, 70, 21, 5, 173, 41, 182, 119, 55, 195, 94, 60, 133, 151, 85),
    (130, 151, 96, 61, 117, 142, 71, 13, 126, 171, 76, 150, 49, 184, 32, 13, 144, 45, 149, 83, 169, 37, 112, 9, 84, 41, 69, 148, 158, 81, 186, 120, 12, 182, 100, 14, 125, 121, 133, 17),
    (131, 39, 77, 135, 29, 172, 124, 42, 187, 161, 131, 153, 199, 75, 100, 168, 7, 169, 16, 185, 78, 187, 166, 50, 77, 190, 160, 174, 181, 199, 106, 194, 151, 158, 42, 123, 79, 105, 196, 180),
    (132, 70, 132, 109, 8, 172, 112, 107, 55, 119, 124, 110, 128, 140, 139, 39, 45, 48, 101, 192, 23, 107, 113, 185, 86, 121, 109, 169, 16, 14, 37, 9, 185, 36, 108, 39, 64, 13, 49, 44),
    (133, 66, 129, 184, 159, 91, 71, 17, 148, 83, 12, 83, 86, 109, 96, 197, 25, 176, 62, 121, 143, 109, 191, 42, 116, 81, 91, 143, 141, 107, 52, 55, 163, 59, 189, 149, 100, 161, 35, 63),
    (134, 80, 151, 149, 115, 130, 25, 41, 105, 180, 150, 22, 121, 196, 145, 114, 135, 199, 102, 15, 16, 95, 73, 147, 51, 142, 170, 61, 149, 66, 60, 11, 158, 12, 97, 2, 33, 109, 102, 188),
    (135, 112, 40, 0, 31, 21, 50, 186, 93, 44, 182, 4, 102, 41, 50, 17, 86, 91, 73, 195, 135, 23, 0, 193, 122, 36, 31, 117, 83, 20, 143, 80, 84, 70, 192, 39, 110, 168, 82, 71),
    (136, 123, 187, 10, 141, 100, 34, 183, 183, 52, 80, 18, 76, 78, 110, 151, 152, 58, 129, 179, 110, 56, 135, 112, 96, 45, 5, 80, 9, 168, 141, 73, 43, 44, 2, 138, 158, 5, 53, 34),
    (137, 192, 2, 199, 30, 133, 178, 178, 66, 65, 180, 166, 44, 133, 157, 152, 26, 135, 67, 133, 174, 53, 91, 187, 4, 178, 131, 164, 172, 34, 199, 0, 149, 181, 197, 15, 14, 168, 166, 104),
    (138, 95, 92, 194, 112, 85, 21, 170, 130, 167, 114, 18, 186, 117, 196, 194, 16, 78, 51, 20, 182, 84, 136, 75, 127, 52, 148, 189, 163, 26, 168, 117, 117, 122, 78, 199, 191, 109, 102, 1),
    (139, 113, 194, 10, 35, 169, 113, 100, 61, 30, 131, 147, 6, 147, 163, 172, 151, 25, 69, 130, 63, 108, 190, 8, 131, 73, 77, 129, 72, 72, 102, 152, 174, 198, 193, 39, 53, 190, 63, 90),
    (140, 150, 19, 23, 145, 76, 76, 148, 60, 55, 38, 107, 141, 155, 51, 141, 199, 198, 174, 160, 19, 43, 90, 108, 117, 24, 121, 33, 160, 109, 197, 73, 50, 54, 22, 1, 90, 148, 138, 198),
    (141, 151, 34, 97, 109, 11, 120, 160, 176, 40, 68, 77, 93, 45, 78, 111, 53, 151, 12, 55, 107, 181, 134, 27, 25, 55, 19, 131, 101, 110, 30, 130, 113, 113, 13, 180, 115, 65, 83, 28),
    (142, 73, 1, 37, 60, 152, 83, 131, 113, 168, 159, 114, 124, 57, 57, 20, 144, 10, 62, 118, 69, 56, 16, 31, 148, 148, 187, 149, 150, 19, 98, 27, 99, 104, 115, 129, 21, 66, 176, 189),
    (143, 19, 66, 158, 58, 20, 11, 193, 18, 104, 187, 2, 179, 112, 50, 152, 78, 140, 190, 5, 187, 129, 33, 13, 2, 86, 36, 41, 125, 39, 88, 159, 157, 185, 188, 142, 161, 83, 77, 150),
    (144, 75, 164, 159, 113, 108, 151, 184, 35, 192, 124, 2, 67, 38, 89, 12, 159, 13, 182, 109, 119, 63, 192, 5, 108, 99, 44, 47, 50, 95, 79, 181, 176, 125, 102, 46, 138, 100, 117, 53),
    (145, 6, 77, 120, 75, 105, 65, 43, 57, 174, 51, 83, 139, 178, 74, 70, 150, 7, 197, 140, 122, 192, 178, 192, 119, 179, 191, 199, 159, 68, 0, 137, 198, 74, 128, 2, 195, 72, 130, 99),
    (146, 177, 70, 118, 184, 97, 81, 64, 181, 102, 99, 102, 93, 127, 115, 143, 117, 61, 96, 198, 23, 3, 128, 47, 19, 179, 187, 58, 29, 154, 175, 113, 194, 39, 66, 172, 99, 100, 157, 104),
    (147, 66, 112, 0, 118, 14, 102, 21, 2, 83, 182, 40, 188, 72, 173, 31, 22, 147, 197, 54, 67, 110, 38, 75, 93, 156, 166, 163, 13, 74, 122, 9, 160, 126, 44, 1, 55, 114, 140, 100),
    (148, 186, 110, 129, 86, 49, 196, 198, 106, 39, 181, 77, 15, 138, 64, 189, 166, 188, 46, 40, 28, 169, 21, 13, 191, 67, 168, 152, 52, 173, 193, 178, 78, 190, 25, 124, 147, 68, 129, 14),
    (149, 75, 159, 58, 31, 56, 98, 160, 147, 176, 129, 21, 30, 46, 108, 181, 124, 60, 69, 81, 83, 110, 90, 140, 161, 56, 34, 168, 1, 144, 41, 4, 0, 25, 1, 3, 22, 84, 135, 18),
    (150, 157, 12, 78, 153, 2, 16, 135, 42, 83, 78, 56, 96, 62, 166, 168, 105, 188, 66, 65, 172, 187, 123, 61, 29, 82, 74, 119, 133, 143, 172, 86, 36, 131, 52, 152, 1, 70, 10, 188),
    (151, 70, 90, 79, 102, 44, 171, 89, 63, 150, 84, 197, 108, 72, 39, 148, 33, 140, 165, 134, 84, 72, 65, 134, 26, 78, 7, 51, 52, 137, 160, 159, 80, 101, 53, 59, 32, 144, 14, 60),
    (152, 138, 140, 1, 127, 20, 22, 167, 106, 133, 22, 13, 96, 172, 83, 158, 167, 65, 98, 120, 147, 97, 66, 115, 1, 171, 83, 83, 27, 86, 176, 100, 60, 141, 9, 32, 17, 9, 162, 54),
    (153, 165, 169, 153, 39, 126, 32, 17, 137, 192, 159, 113, 88, 149, 28, 117, 153, 191, 39, 76, 105, 31, 43, 4, 161, 32, 47, 135, 67, 71, 166, 11, 8, 66, 145, 29, 193, 34, 97, 16),
    (154, 182, 106, 99, 101, 118, 100, 34, 125, 39, 184, 48, 80, 14, 194, 120, 105, 196, 67, 80, 75, 143, 38, 73, 41, 42, 150, 47, 24, 109, 75, 199, 114, 74, 125, 74, 121, 29, 26, 108),
    (155, 58, 187, 172, 111, 61, 50, 137, 84, 84, 184, 149, 84, 92, 99, 158, 17, 37, 106, 67, 96, 54, 198, 113, 21, 60, 148, 44, 135, 42, 156, 159, 26, 146, 5, 27, 159, 55, 161, 78),
    (156, 113, 138, 30, 88, 21, 135, 3, 56, 32, 121, 145, 145, 106, 96, 73, 20, 160, 155, 78, 6, 197, 21, 15, 39, 6, 173, 155, 14, 137, 56, 1, 182, 112, 199, 183, 48, 119, 68, 130),
    (157, 148, 133, 182, 134, 80, 146, 133, 166, 3, 20, 57, 104, 65, 85, 171, 140, 185, 8, 47, 88, 120, 39, 197, 119, 84, 173, 32, 79, 108, 136, 126, 55, 132, 159, 147, 108, 98, 104, 94),
    (158, 153, 143, 151, 153, 135, 58, 2, 123, 173, 79, 34, 94, 52, 168, 169, 148, 158, 19, 5, 94, 71, 120, 29, 186, 146, 72, 68, 87, 80, 142, 95, 195, 60, 112, 87, 90, 166, 43, 114),
    (159, 172, 186, 122, 136, 159, 122, 115, 107, 164, 48, 100, 182, 153, 155, 53, 102, 36, 2, 178, 73, 194, 155, 114, 79, 107, 113, 184, 134, 7, 9, 69, 61, 158, 23, 150, 90, 143, 69, 11),
    (160, 41, 37, 78, 180, 181, 78, 58, 74, 23, 149, 116, 58, 80, 102, 128, 189, 36, 10, 170, 140, 120, 167, 76, 8, 100, 181, 144, 170, 45, 165, 63, 134, 158, 8, 158, 46, 35, 65, 74),
    (161, 27, 100, 107, 108, 102, 85, 174, 167, 100, 122, 46, 166, 186, 83, 125, 98, 113, 6, 74, 38, 165, 41, 21, 134, 157, 160, 154, 144, 43, 101, 26, 180, 53, 149, 63, 155, 99, 196, 33),
    (162, 55, 60, 189, 150, 118, 167, 14, 94, 2, 143, 130, 199, 18, 122, 170, 140, 80, 176, 4, 62, 107, 175, 167, 174, 1, 148, 103, 151, 21, 112, 48, 163, 34, 46, 148, 61, 44, 61, 123),
    (163, 58, 10, 20, 5, 106, 167, 45, 0, 7, 156, 144, 69, 30, 27, 6, 24, 34, 111, 83, 143, 97, 125, 26, 134, 154, 181, 31, 16, 17, 165, 118, 80, 124, 106, 61, 11, 92, 146, 24),
    (164, 15, 48, 3, 100, 97, 156, 75, 189, 44, 123, 37, 5, 75, 16, 167, 124, 193, 146, 61, 156, 40, 41, 160, 83, 129, 75, 18, 52, 195, 186, 127, 5, 137, 47, 16, 117, 198, 101, 30),
    (165, 178, 178, 77, 194, 59, 55, 42, 123, 190, 45, 199, 139, 193, 101, 167, 189, 20, 87, 178, 88, 21, 14, 16, 11, 14, 66, 178, 87, 130, 88, 146, 121, 62, 110, 147, 65, 194, 52, 82),
    (166, 176, 129, 23, 62, 28, 63, 0, 61, 12, 177, 141, 61, 109, 49, 130, 156, 42, 146, 194, 125, 137, 166, 147, 100, 115, 132, 1, 16, 165, 74, 7, 125, 103, 136, 5, 166, 91, 168, 133),
    (167, 67, 99, 173, 64, 186, 3, 124, 115, 187, 32, 128, 155, 92, 11, 103, 123, 42, 196, 120, 184, 8, 187, 187, 75, 139, 138, 158, 155, 186, 67, 0, 112, 54, 105, 34, 191, 96, 125, 97),
    (168, 160, 123, 1, 112, 185, 4, 52, 93, 86, 166, 4, 49, 68, 40, 83, 150, 59, 78, 99, 64, 98, 50, 125, 90, 197, 103, 35, 197, 79, 176, 40, 139, 155, 116, 44, 178, 17, 184, 110),
    (169, 86, 61, 189, 110, 6, 47, 197, 119, 73, 136, 134, 89, 140, 72, 42, 86, 6, 124, 76, 7, 145, 18, 5, 113, 142, 169, 79, 87, 85, 75, 43, 103, 35, 39, 50, 32, 94, 138, 72),
    (170, 191, 124, 85, 135, 121, 141, 50, 8, 156, 158, 150, 105, 94, 61, 129, 175, 91, 105, 48, 97, 130, 127, 171, 31, 190, 159, 193, 63, 111, 99, 162, 58, 73, 161, 128, 115, 110, 77, 160),
    (171, 161, 31, 101, 46, 173, 119, 3, 130, 37, 194, 175, 2, 149, 23, 19, 144, 164, 32, 188, 34, 79, 138, 159, 189, 191, 165, 87, 105, 115, 199, 15, 91, 33, 74, 5, 56, 66, 151, 32),
    (172, 121, 89, 7, 168, 3, 148, 54, 20, 108, 177, 124, 59, 184, 164, 64, 38, 125, 16, 43, 187, 196, 127, 27, 146, 171, 33, 63, 167, 126, 113, 103, 61, 196, 189, 111, 53, 14, 90, 171),
    (173, 53, 55, 170, 106, 155, 36, 51, 146, 72, 176, 163, 113, 184, 56, 55, 120, 4, 131, 118, 16, 63, 81, 2, 38, 150, 116, 16, 133, 89, 145, 125, 53, 53, 70, 138, 102, 74, 118, 54),
    (174, 139, 117, 191, 51, 142, 42, 188, 44, 178, 143, 148, 189, 190, 46, 1, 84, 130, 193, 20, 118, 96, 26, 113, 118, 32, 155, 64, 185, 141, 104, 67, 94, 122, 90, 125, 195, 2, 84, 65),
    (175, 189, 169, 22, 48, 24, 197, 97, 126, 63, 22, 135, 141, 139, 173, 131, 166, 157, 153, 159, 130, 91, 98, 160, 87, 6, 190, 19, 80, 82, 95, 162, 157, 119, 52, 25, 108, 160, 150, 34),
    (176, 93, 72, 181, 129, 191, 163, 25, 72, 96, 119, 38, 62, 15, 182, 18, 61, 116, 189, 131, 29, 106, 171, 92, 48, 118, 56, 41, 195, 127, 143, 62, 125, 48, 32, 80, 144, 143, 58, 182),
    (177, 186, 61, 107, 150, 101, 51, 89, 71, 43, 34, 168, 142, 157, 27, 131, 112, 21, 31, 128, 188, 90, 98, 176, 103, 63, 129, 185, 47, 10, 43, 73, 71, 176, 44, 133, 25, 99, 1, 107),
    (178, 105, 81, 44, 153, 182, 13, 104, 20, 61, 11, 132, 158, 95, 178, 61, 78, 122, 65, 144, 55, 160, 0, 44, 167, 3, 16, 97, 131, 127, 31, 125, 182, 158, 107, 99, 97, 169, 50, 55),
    (179, 150, 2, 196, 153, 32, 35, 98, 29, 54, 142, 96, 198, 78, 102, 160, 38, 147, 13, 92, 37, 78, 45, 78, 90, 159, 27, 30, 198, 66, 91, 67, 128, 123, 100, 23, 189, 2, 160, 60),
    (180, 3, 142, 125, 20, 92, 82, 172, 133, 156, 12, 196, 113, 175, 133, 73, 180, 47, 56, 196, 5, 121, 152, 3, 181, 41, 39, 45, 112, 155, 181, 8, 137, 77, 191, 38, 47, 150, 113, 195),
    (181, 33, 123, 172, 69, 157, 62, 46, 184, 100, 91, 21, 108, 41, 24, 67, 72, 196, 155, 13, 140, 33, 163, 84, 130, 139, 0, 136, 61, 23, 190, 137, 24, 56, 191, 67, 90, 116, 136, 20),
    (182, 88, 43, 89, 59, 117, 41, 190, 59, 104, 12, 153, 144, 145, 130, 173, 7, 194, 12, 55, 71, 171, 186, 56, 153, 95, 125, 174, 126, 157, 70, 115, 33, 35, 35, 174, 192, 86, 70, 52),
    (183, 9, 198, 36, 156, 25, 21, 27, 139, 64, 164, 176, 132, 175, 193, 77, 41, 16, 183, 132, 79, 106, 53, 30, 20, 49, 67, 38, 76, 127, 106, 151, 5, 64, 83, 140, 6, 199, 102, 141),
    (184, 142, 21, 123, 27, 44, 71, 83, 13, 167, 167, 186, 157, 121, 12, 165, 63, 6, 88, 17, 44, 57, 3, 134, 18, 57, 92, 154, 149, 56, 31, 24, 45, 162, 106, 180, 15, 68, 0, 167),
    (185, 11, 144, 1, 157, 188, 21, 39, 152, 11, 153, 77, 141, 173, 180, 161, 131, 105, 63, 46, 196, 119, 199, 46, 141, 80, 152, 140, 103, 101, 89, 84, 18, 165, 84, 84, 119, 160, 10, 132),
    (186, 173, 40, 90, 71, 83, 84, 17, 118, 15, 58, 66, 13, 4, 1, 28, 188, 47, 90, 32, 142, 77, 15, 162, 72, 76, 191, 134, 51, 76, 18, 102, 42, 78, 185, 116, 21, 112, 138, 42),
    (187, 140, 46, 109, 72, 50, 112, 190, 91, 17, 48, 165, 84, 69, 198, 106, 154, 102, 51, 159, 13, 34, 47, 136, 160, 160, 5, 88, 198, 170, 119, 70, 9, 151, 85, 103, 41, 8, 4, 2),
    (188, 37, 52, 114, 146, 152, 102, 34, 140, 85, 104, 80, 149, 26, 111, 106, 92, 101, 187, 117, 170, 182, 52, 96, 37, 78, 144, 63, 169, 126, 52, 20, 103, 63, 182, 63, 193, 5, 54, 193),
    (189, 4, 59, 85, 26, 58, 48, 108, 35, 119, 120, 39, 174, 32, 119, 155, 13, 122, 35, 126, 166, 69, 103, 63, 193, 110, 197, 57, 46, 114, 6, 153, 43, 93, 165, 6, 138, 148, 149, 167),
    (190, 19, 44, 93, 146, 132, 53, 34, 52, 67, 154, 125, 101, 194, 94, 147, 40, 165, 70, 115, 33, 77, 8, 139, 95, 63, 143, 175, 81, 183, 67, 35, 32, 179, 115, 165, 117, 193, 34, 185),
    (191, 52, 48, 77, 18, 23, 24, 90, 151, 85, 122, 190, 36, 100, 185, 56, 78, 134, 24, 105, 25, 198, 113, 38, 62, 27, 39, 154, 126, 72, 106, 195, 143, 25, 41, 161, 34, 130, 160, 12),
    (192, 193, 168, 80, 110, 150, 134, 152, 185, 145, 85, 106, 99, 5, 63, 57, 164, 119, 133, 46, 39, 161, 24, 97, 91, 78, 35, 92, 190, 129, 68, 175, 89, 124, 44, 172, 94, 98, 187, 157),
    (193, 151, 31, 151, 38, 0, 198, 77, 110, 84, 99, 81, 20, 163, 147, 57, 46, 164, 73, 190, 32, 127, 107, 26, 1, 128, 130, 0, 62, 17, 43, 171, 44, 54, 76, 13, 19, 20, 1, 64),
    (194, 76, 148, 77, 20, 33, 168, 115, 186, 132, 30, 132, 110, 106, 146, 176, 39, 48, 35, 82, 161, 48, 9, 117, 58, 138, 1, 34, 14, 108, 81, 76, 17, 50, 99, 98, 1, 119, 48, 24),
    (195, 15, 120, 20, 153, 84, 182, 78, 199, 135, 105, 105, 45, 31, 103, 171, 171, 136, 140, 3, 57, 63, 89, 14, 184, 41, 181, 195, 186, 81, 152, 69, 8, 63, 148, 173, 57, 134, 180, 55),
    (196, 121, 132, 56, 93, 70, 46, 195, 82, 169, 194, 198, 172, 54, 120, 68, 38, 81, 144, 5, 149, 196, 121, 111, 78, 37, 116, 18, 110, 188, 160, 29, 78, 53, 114, 55, 197, 32, 173, 132),
    (197, 176, 106, 169, 182, 128, 197, 158, 94, 177, 83, 197, 67, 141, 134, 185, 19, 119, 31, 20, 19, 82, 4, 20, 36, 193, 110, 52, 25, 145, 80, 10, 35, 68, 131, 195, 150, 132, 181, 151),
    (198, 145, 88, 61, 90, 31, 35, 136, 170, 7, 74, 24, 199, 111, 70, 181, 154, 72, 28, 77, 140, 37, 178, 199, 89, 183, 56, 112, 94, 141, 151, 54, 107, 184, 71, 69, 136, 178, 8, 177),
    (199, 187, 121, 141, 96, 88, 69, 136, 141, 136, 126, 97, 100, 199, 16, 49, 173, 4, 125, 16, 47, 44, 72, 119, 115, 95, 120, 21, 34, 159, 176, 74, 109, 155, 154, 55, 163, 191, 154, 175);

INSERT INTO T32 (pk, t1, t2, t3, t4, t5, t6, t7, t8, t9, t10, t11, t12, t13, t14, t15, t16, t17, t18, t19, t20, t21, t22, t23, t24, t25, t26, t27, t28, t29, t30, t31, t33, t34, t35, t36, t37, t38, t39, t40)
VALUES
    (0, 198, 157, 73, 32, 170, 149, 48, 146, 121, 150, 177, 36, 155, 146, 62, 136, 68, 133, 155, 110, 69, 137, 199, 38, 45, 175, 154, 121, 131, 136, 135, 199, 193, 2, 93, 86, 188, 189, 32),
    (1, 5, 155, 178, 112, 177, 70, 46, 29, 128, 169, 26, 63, 137, 14, 88, 163, 32, 130, 170, 53, 74, 37, 196, 8, 183, 114, 124, 79, 198, 141, 63, 117, 154, 53, 92, 39, 80, 39, 119),
    (2, 169, 139, 13, 2, 29, 18, 7, 174, 48, 166, 166, 151, 22, 130, 197, 101, 90, 132, 70, 199, 65, 155, 105, 12, 136, 10, 37, 116, 76, 61, 79, 182, 28, 36, 56, 139, 69, 56, 15),
    (3, 135, 29, 171, 130, 3, 24, 114, 153, 48, 113, 16, 104, 65, 75, 156, 3, 28, 110, 18, 148, 153, 129, 118, 2, 175, 36, 144, 165, 112, 56, 197, 27, 50, 118, 137, 175, 141, 144, 195),
    (4, 18, 50, 126, 75, 159, 90, 132, 93, 199, 95, 78, 122, 83, 40, 199, 146, 27, 71, 50, 42, 100, 36, 116, 175, 10, 16, 182, 73, 60, 6, 32, 164, 159, 56, 38, 142, 26, 102, 109),
    (5, 79, 195, 98, 82, 174, 115, 159, 72, 120, 180, 6, 141, 177, 100, 52, 167, 125, 55, 87, 91, 127, 34, 173, 153, 20, 160, 132, 33, 168, 61, 78, 182, 73, 147, 15, 102, 101, 126, 168),
    (6, 14, 96, 83, 22, 90, 116, 76, 31, 133, 30, 152, 126, 172, 89, 126, 162, 122, 107, 37, 96, 87, 123, 31, 3, 119, 153, 51, 195, 170, 156, 4, 30, 93, 40, 163, 31, 59, 2, 13),
    (7, 26, 41, 31, 131, 159, 77, 81, 58, 175, 19, 92, 112, 73, 18, 129, 31, 13, 5, 58, 56, 174, 80, 183, 63, 154, 67, 40, 148, 73, 184, 33, 33, 198, 104, 101, 58, 136, 78, 190),
    (8, 154, 133, 47, 118, 94, 27, 44, 197, 146, 148, 179, 19, 78, 112, 157, 49, 99, 198, 170, 60, 109, 146, 62, 92, 159, 90, 61, 173, 194, 51, 68, 46, 178, 111, 90, 108, 127, 82, 136),
    (9, 115, 3, 109, 92, 119, 4, 123, 198, 112, 144, 130, 62, 126, 190, 170, 120, 75, 71, 131, 199, 83, 71, 58, 102, 102, 0, 41, 46, 66, 0, 65, 129, 27, 199, 41, 140, 196, 3, 119),
    (10, 66, 78, 155, 87, 104, 25, 183, 99, 70, 53, 77, 2, 103, 152, 164, 190, 93, 58, 49, 157, 9, 10, 24, 129, 173, 189, 151, 140, 2, 111, 140, 174, 3, 28, 186, 70, 70, 17, 143),
    (11, 188, 32, 156, 116, 168, 139, 32, 85, 142, 166, 165, 13, 105, 181, 127, 199, 79, 73, 86, 85, 58, 171, 80, 147, 34, 52, 156, 87, 153, 134, 197, 181, 103, 143, 190, 58, 178, 124, 168),
    (12, 169, 67, 131, 126, 126, 162, 49, 166, 79, 69, 186, 56, 164, 18, 179, 89, 85, 4, 1, 9, 30, 105, 98, 127, 137, 94, 75, 36, 56, 101, 52, 192, 93, 193, 42, 141, 83, 0, 151),
    (13, 89, 73, 159, 55, 13, 30, 21, 150, 30, 169, 86, 109, 14, 60, 132, 167, 40, 121, 86, 137, 169, 29, 12, 31, 141, 105, 185, 127, 17, 50, 9, 69, 169, 78, 139, 95, 152, 62, 148),
    (14, 65, 161, 172, 64, 64, 191, 20, 38, 148, 93, 11, 97, 34, 175, 159, 38, 145, 41, 93, 112, 118, 99, 177, 30, 78, 199, 73, 184, 94, 126, 119, 64, 63, 9, 86, 155, 107, 185, 166),
    (15, 96, 89, 58, 4, 64, 134, 138, 156, 105, 50, 37, 36, 158, 73, 173, 110, 139, 67, 54, 156, 152, 27, 97, 87, 87, 95, 107, 85, 113, 172, 91, 121, 101, 181, 132, 63, 77, 190, 14),
    (16, 182, 50, 82, 66, 33, 28, 125, 7, 137, 73, 25, 115, 18, 99, 128, 147, 82, 96, 9, 32, 12, 148, 124, 178, 64, 159, 186, 8, 142, 82, 95, 152, 58, 194, 86, 175, 36, 195, 180),
    (17, 0, 124, 133, 159, 126, 71, 108, 145, 191, 15, 17, 71, 38, 12, 101, 143, 34, 35, 143, 195, 23, 140, 126, 101, 44, 162, 10, 126, 50, 42, 75, 50, 41, 185, 65, 94, 187, 95, 38),
    (18, 90, 122, 19, 138, 26, 9, 135, 101, 136, 40, 0, 178, 181, 85, 21, 80, 26, 31, 82, 104, 181, 172, 123, 23, 132, 9, 193, 103, 180, 169, 9, 109, 199, 198, 95, 156, 102, 108, 35),
    (19, 9, 33, 184, 145, 57, 113, 166, 151, 105, 154, 131, 146, 185, 66, 106, 103, 14, 164, 145, 3, 164, 51, 177, 124, 75, 11, 169, 128, 68, 80, 34, 62, 90, 98, 121, 154, 76, 152, 86),
    (20, 196, 44, 117, 124, 61, 69, 58, 197, 103, 13, 59, 156, 127, 180, 185, 135, 156, 173, 92, 123, 56, 199, 3, 15, 153, 172, 140, 95, 183, 150, 196, 4, 147, 151, 83, 1, 147, 88, 67),
    (21, 23, 99, 123, 77, 116, 78, 132, 60, 159, 115, 63, 162, 113, 76, 158, 186, 2, 85, 151, 91, 58, 55, 40, 13, 167, 128, 67, 99, 154, 180, 60, 18, 46, 13, 106, 57, 172, 155, 20),
    (22, 15, 67, 72, 144, 152, 172, 23, 139, 117, 7, 90, 86, 51, 192, 74, 95, 59, 50, 169, 153, 131, 95, 128, 75, 138, 179, 171, 139, 160, 24, 170, 168, 32, 89, 87, 86, 114, 103, 179),
    (23, 81, 171, 180, 165, 67, 192, 136, 151, 94, 140, 176, 4, 12, 112, 155, 68, 70, 32, 70, 129, 54, 197, 47, 32, 179, 1, 166, 111, 149, 108, 118, 79, 64, 66, 76, 39, 98, 178, 0),
    (24, 75, 50, 172, 66, 63, 30, 191, 56, 172, 7, 11, 137, 105, 144, 188, 73, 65, 184, 84, 177, 97, 88, 52, 125, 93, 135, 190, 29, 36, 98, 75, 68, 10, 170, 58, 196, 173, 43, 131),
    (25, 17, 182, 120, 193, 69, 166, 84, 153, 51, 88, 185, 63, 78, 193, 29, 6, 77, 121, 140, 44, 101, 8, 4, 20, 116, 166, 198, 97, 87, 117, 63, 39, 10, 138, 163, 62, 115, 103, 77),
    (26, 154, 117, 122, 116, 44, 76, 183, 180, 14, 195, 151, 65, 109, 55, 20, 159, 107, 76, 157, 104, 65, 141, 112, 197, 177, 0, 194, 119, 164, 38, 120, 119, 151, 27, 188, 29, 174, 82, 133),
    (27, 125, 183, 107, 102, 85, 188, 34, 78, 12, 185, 100, 149, 117, 172, 78, 132, 128, 194, 113, 195, 148, 158, 11, 1, 14, 95, 6, 26, 34, 89, 123, 3, 145, 164, 73, 86, 30, 105, 15),
    (28, 1, 169, 15, 88, 181, 154, 94, 126, 175, 127, 120, 183, 151, 54, 124, 120, 64, 83, 40, 195, 139, 61, 14, 59, 83, 21, 56, 4, 93, 110, 181, 137, 145, 43, 66, 146, 194, 89, 199),
    (29, 115, 37, 63, 21, 138, 182, 116, 63, 128, 127, 87, 65, 166, 52, 113, 188, 168, 14, 167, 8, 76, 185, 95, 119, 27, 61, 183, 12, 111, 95, 51, 68, 71, 28, 54, 195, 97, 9, 140),
    (30, 88, 49, 94, 52, 72, 81, 192, 158, 108, 48, 123, 69, 20, 162, 52, 136, 53, 101, 85, 42, 107, 124, 143, 120, 178, 92, 152, 32, 67, 61, 125, 110, 137, 90, 59, 45, 168, 113, 90),
    (31, 91, 114, 180, 64, 142, 109, 38, 145, 152, 3, 66, 30, 186, 160, 103, 57, 39, 132, 61, 122, 168, 0, 161, 195, 12, 93, 6, 172, 169, 147, 14, 16, 108, 107, 185, 173, 16, 79, 42),
    (32, 188, 165, 155, 141, 111, 179, 67, 89, 194, 124, 92, 52, 137, 33, 56, 53, 33, 52, 143, 119, 17, 61, 160, 125, 62, 146, 116, 141, 161, 172, 185, 126, 60, 160, 78, 177, 178, 6, 124),
    (33, 99, 118, 143, 55, 17, 47, 122, 119, 69, 86, 36, 177, 189, 44, 87, 65, 27, 6, 110, 123, 125, 167, 52, 1, 146, 80, 151, 175, 148, 3, 26, 118, 99, 105, 149, 33, 162, 179, 130),
    (34, 131, 188, 108, 106, 173, 176, 81, 165, 137, 86, 16, 163, 142, 77, 96, 62, 131, 65, 81, 149, 90, 39, 105, 168, 6, 47, 32, 16, 107, 41, 136, 181, 136, 172, 11, 50, 191, 64, 69),
    (35, 189, 193, 15, 48, 9, 21, 142, 59, 38, 178, 124, 181, 181, 87, 169, 62, 139, 25, 3, 98, 96, 53, 131, 62, 129, 26, 119, 10, 140, 180, 72, 52, 81, 187, 187, 66, 82, 83, 98),
    (36, 175, 21, 81, 5, 5, 52, 38, 69, 59, 93, 53, 66, 45, 112, 62, 154, 75, 151, 165, 93, 54, 107, 89, 95, 41, 80, 168, 163, 5, 109, 138, 9, 124, 90, 17, 66, 23, 32, 121),
    (37, 91, 111, 180, 11, 123, 148, 7, 153, 30, 71, 20, 189, 9, 74, 13, 162, 104, 50, 142, 186, 83, 85, 23, 1, 72, 2, 117, 43, 47, 38, 124, 36, 129, 39, 18, 62, 102, 196, 151),
    (38, 180, 80, 10, 197, 41, 82, 29, 68, 83, 84, 138, 49, 85, 180, 48, 114, 81, 72, 135, 122, 33, 178, 196, 119, 4, 58, 35, 102, 113, 100, 137, 31, 58, 50, 148, 124, 179, 141, 83),
    (39, 47, 121, 40, 45, 124, 154, 102, 174, 105, 63, 5, 153, 198, 120, 88, 27, 55, 109, 24, 74, 115, 190, 90, 118, 107, 181, 32, 88, 173, 75, 51, 30, 67, 38, 85, 54, 129, 149, 95),
    (40, 127, 98, 42, 84, 189, 161, 198, 63, 52, 32, 168, 27, 90, 126, 97, 195, 194, 79, 133, 169, 67, 20, 182, 102, 55, 64, 61, 199, 78, 75, 44, 96, 81, 101, 169, 178, 119, 140, 135),
    (41, 145, 190, 163, 41, 187, 105, 3, 60, 110, 4, 189, 42, 157, 161, 117, 119, 50, 146, 139, 60, 71, 50, 24, 47, 87, 41, 55, 1, 195, 34, 17, 20, 139, 63, 140, 138, 100, 146, 73),
    (42, 77, 9, 163, 164, 161, 91, 65, 182, 54, 121, 25, 178, 8, 177, 147, 50, 113, 76, 186, 25, 89, 186, 185, 94, 194, 26, 19, 9, 62, 88, 153, 82, 50, 64, 47, 170, 5, 10, 199),
    (43, 127, 176, 179, 74, 24, 136, 94, 28, 72, 37, 166, 144, 196, 95, 196, 85, 86, 45, 75, 152, 153, 57, 91, 23, 41, 21, 20, 148, 18, 176, 128, 181, 194, 13, 66, 132, 23, 83, 38),
    (44, 65, 101, 26, 113, 32, 59, 191, 82, 72, 126, 106, 39, 5, 171, 5, 68, 184, 12, 81, 55, 138, 162, 31, 181, 105, 173, 195, 54, 44, 197, 177, 153, 179, 55, 73, 116, 48, 9, 148),
    (45, 25, 4, 28, 34, 48, 69, 67, 38, 3, 13, 78, 129, 107, 42, 45, 198, 39, 30, 126, 100, 191, 181, 1, 10, 34, 177, 50, 133, 69, 137, 189, 82, 121, 191, 5, 60, 191, 44, 54),
    (46, 161, 174, 126, 93, 197, 140, 156, 196, 157, 63, 20, 70, 127, 7, 134, 138, 164, 8, 197, 39, 167, 182, 50, 0, 143, 141, 97, 149, 184, 86, 120, 105, 178, 13, 158, 62, 52, 97, 160),
    (47, 116, 195, 99, 82, 19, 8, 163, 193, 138, 33, 168, 18, 177, 157, 178, 61, 153, 157, 8, 103, 9, 112, 52, 23, 19, 90, 121, 37, 174, 169, 51, 104, 6, 71, 132, 90, 100, 110, 147),
    (48, 142, 34, 137, 121, 68, 35, 3, 139, 66, 151, 127, 41, 127, 104, 58, 126, 25, 187, 20, 43, 176, 163, 41, 125, 105, 50, 137, 52, 53, 77, 121, 62, 185, 184, 70, 106, 113, 83, 16),
    (49, 41, 158, 137, 58, 50, 21, 150, 175, 123, 167, 183, 125, 161, 160, 160, 156, 55, 143, 93, 193, 50, 119, 78, 88, 193, 181, 124, 91, 100, 191, 91, 149, 155, 36, 169, 73, 152, 132, 138),
    (50, 115, 65, 118, 138, 14, 6, 125, 89, 192, 41, 63, 189, 86, 40, 42, 67, 110, 65, 70, 26, 61, 80, 15, 54, 153, 174, 25, 118, 127, 101, 190, 144, 123, 168, 183, 148, 24, 125, 119),
    (51, 1, 116, 127, 179, 14, 16, 155, 188, 188, 187, 39, 157, 104, 28, 0, 32, 7, 63, 102, 66, 73, 22, 120, 175, 182, 157, 116, 122, 145, 180, 71, 182, 116, 65, 20, 22, 153, 166, 110),
    (52, 135, 122, 77, 23, 179, 177, 21, 35, 147, 96, 151, 76, 31, 191, 12, 67, 106, 8, 139, 80, 168, 31, 16, 78, 79, 189, 26, 77, 175, 126, 3, 142, 159, 128, 126, 7, 125, 81, 170),
    (53, 107, 18, 113, 22, 47, 81, 17, 186, 145, 193, 14, 150, 168, 38, 156, 40, 169, 23, 141, 189, 152, 176, 16, 33, 27, 97, 73, 83, 33, 161, 188, 174, 12, 46, 142, 146, 14, 53, 20),
    (54, 140, 117, 27, 113, 23, 13, 102, 58, 195, 148, 75, 192, 119, 45, 61, 24, 184, 56, 12, 56, 36, 151, 20, 6, 42, 72, 120, 142, 28, 165, 67, 134, 37, 192, 83, 38, 172, 78, 109),
    (55, 171, 153, 100, 12, 14, 20, 45, 13, 177, 6, 89, 112, 115, 51, 27, 119, 113, 171, 153, 43, 172, 140, 87, 100, 58, 117, 188, 142, 34, 117, 55, 136, 87, 102, 27, 192, 53, 79, 34),
    (56, 169, 48, 30, 49, 158, 91, 170, 67, 52, 114, 169, 7, 152, 45, 32, 140, 112, 42, 63, 130, 126, 179, 95, 10, 163, 35, 68, 180, 57, 89, 191, 51, 37, 100, 141, 15, 169, 183, 183),
    (57, 75, 169, 107, 129, 156, 59, 84, 83, 138, 184, 71, 1, 129, 107, 11, 65, 80, 199, 180, 73, 133, 114, 76, 173, 55, 100, 68, 9, 130, 49, 149, 95, 103, 43, 124, 7, 40, 24, 106),
    (58, 177, 64, 47, 121, 63, 75, 143, 92, 105, 76, 27, 153, 127, 74, 40, 147, 110, 10, 185, 153, 121, 146, 113, 17, 122, 47, 50, 13, 124, 35, 192, 161, 112, 59, 89, 27, 136, 2, 133),
    (59, 147, 37, 132, 98, 167, 83, 64, 187, 74, 195, 110, 133, 31, 63, 108, 131, 168, 120, 199, 172, 102, 116, 145, 185, 17, 61, 147, 195, 127, 119, 150, 125, 65, 0, 103, 108, 20, 22, 179),
    (60, 107, 173, 166, 199, 141, 77, 127, 104, 1, 37, 187, 85, 46, 183, 97, 104, 39, 149, 67, 36, 145, 46, 79, 159, 74, 62, 197, 197, 35, 33, 51, 117, 4, 116, 47, 195, 70, 16, 186),
    (61, 21, 59, 3, 175, 194, 128, 62, 196, 9, 36, 128, 91, 36, 168, 67, 159, 197, 64, 47, 122, 12, 23, 165, 173, 174, 152, 76, 162, 127, 90, 43, 48, 179, 65, 199, 165, 113, 133, 57),
    (62, 150, 96, 17, 126, 94, 169, 85, 34, 96, 76, 105, 91, 69, 42, 0, 108, 154, 22, 53, 83, 145, 0, 83, 24, 71, 86, 86, 67, 127, 170, 185, 8, 21, 89, 23, 47, 48, 86, 44),
    (63, 91, 45, 24, 60, 196, 10, 64, 20, 105, 197, 195, 149, 9, 127, 92, 43, 119, 131, 92, 166, 124, 42, 160, 92, 180, 5, 90, 198, 146, 60, 91, 111, 175, 2, 66, 80, 157, 145, 122),
    (64, 171, 166, 78, 132, 48, 46, 185, 87, 113, 126, 146, 77, 172, 180, 94, 155, 112, 122, 28, 19, 159, 185, 162, 6, 6, 124, 35, 153, 87, 39, 77, 19, 132, 199, 94, 183, 62, 64, 55),
    (65, 92, 164, 129, 50, 73, 86, 83, 162, 116, 127, 169, 115, 9, 165, 12, 154, 190, 30, 67, 11, 120, 126, 159, 102, 80, 133, 196, 141, 68, 142, 148, 97, 98, 156, 49, 151, 98, 116, 97),
    (66, 103, 145, 103, 23, 182, 5, 159, 145, 57, 62, 195, 70, 66, 34, 115, 48, 3, 64, 184, 134, 4, 86, 47, 137, 87, 143, 10, 143, 20, 32, 12, 25, 137, 130, 154, 15, 191, 5, 43),
    (67, 115, 99, 165, 75, 165, 15, 40, 180, 112, 78, 143, 45, 102, 168, 23, 197, 177, 193, 134, 81, 126, 24, 125, 113, 144, 89, 169, 83, 24, 122, 189, 59, 113, 75, 122, 83, 184, 90, 183),
    (68, 109, 174, 137, 36, 47, 156, 147, 9, 102, 128, 66, 186, 153, 113, 35, 85, 11, 18, 188, 196, 136, 53, 115, 178, 71, 135, 186, 19, 74, 62, 101, 77, 114, 123, 46, 197, 187, 180, 174),
    (69, 118, 154, 11, 143, 2, 116, 79, 98, 122, 167, 126, 101, 171, 106, 138, 78, 11, 86, 34, 32, 26, 72, 172, 149, 59, 187, 69, 145, 67, 81, 112, 129, 15, 88, 28, 66, 185, 195, 104),
    (70, 50, 1, 45, 14, 119, 101, 164, 155, 159, 185, 196, 177, 189, 104, 194, 186, 167, 5, 19, 103, 130, 97, 157, 177, 36, 43, 112, 133, 67, 34, 19, 175, 143, 138, 181, 93, 198, 28, 118),
    (71, 84, 141, 75, 135, 51, 187, 59, 173, 122, 119, 38, 95, 114, 46, 151, 99, 55, 195, 188, 33, 105, 31, 113, 97, 193, 95, 104, 188, 106, 103, 43, 24, 30, 178, 22, 102, 188, 121, 99),
    (72, 157, 108, 60, 74, 13, 180, 14, 195, 71, 160, 108, 90, 164, 15, 168, 71, 104, 50, 21, 69, 35, 102, 3, 165, 41, 95, 81, 177, 62, 153, 47, 2, 118, 125, 13, 24, 103, 102, 117),
    (73, 47, 71, 59, 159, 37, 101, 127, 177, 171, 133, 59, 134, 137, 25, 33, 147, 23, 57, 59, 168, 140, 98, 7, 180, 159, 6, 79, 102, 17, 153, 31, 54, 126, 65, 4, 74, 147, 84, 66),
    (74, 87, 109, 81, 16, 183, 132, 179, 44, 130, 196, 128, 90, 40, 35, 35, 68, 147, 37, 99, 46, 193, 62, 194, 12, 117, 132, 38, 132, 82, 178, 146, 145, 137, 172, 60, 142, 28, 5, 163),
    (75, 18, 75, 107, 136, 142, 153, 70, 48, 64, 43, 113, 26, 69, 5, 82, 30, 95, 124, 85, 38, 100, 132, 138, 163, 178, 184, 176, 185, 124, 103, 34, 49, 193, 52, 136, 35, 93, 120, 35),
    (76, 88, 134, 42, 156, 118, 117, 54, 165, 150, 149, 176, 106, 158, 174, 34, 78, 137, 22, 4, 5, 132, 151, 76, 176, 171, 71, 102, 101, 184, 168, 95, 120, 25, 181, 152, 45, 176, 117, 26),
    (77, 103, 170, 174, 125, 182, 161, 133, 70, 167, 77, 58, 66, 137, 196, 75, 75, 33, 129, 196, 67, 45, 47, 22, 53, 154, 21, 38, 54, 75, 45, 2, 98, 103, 95, 3, 78, 7, 126, 45),
    (78, 167, 70, 73, 75, 139, 1, 122, 191, 9, 198, 118, 76, 2, 167, 38, 68, 194, 183, 8, 120, 137, 137, 27, 78, 69, 85, 87, 95, 152, 139, 79, 32, 120, 91, 49, 37, 22, 143, 5),
    (79, 181, 10, 131, 77, 57, 12, 138, 49, 34, 129, 12, 97, 23, 90, 148, 111, 90, 106, 143, 21, 9, 71, 79, 104, 0, 164, 89, 8, 26, 35, 81, 5, 20, 143, 158, 145, 41, 84, 2),
    (80, 91, 187, 189, 20, 74, 105, 62, 50, 165, 85, 26, 87, 96, 63, 77, 131, 19, 116, 8, 154, 107, 134, 26, 182, 72, 128, 28, 93, 83, 2, 90, 120, 140, 118, 168, 115, 180, 126, 160),
    (81, 47, 164, 193, 163, 1, 182, 39, 172, 174, 106, 103, 61, 121, 154, 196, 155, 149, 185, 140, 121, 196, 155, 173, 93, 196, 71, 53, 61, 46, 11, 20, 149, 132, 167, 51, 27, 68, 143, 187),
    (82, 24, 121, 190, 148, 76, 69, 14, 181, 163, 107, 28, 54, 112, 52, 170, 118, 178, 3, 39, 4, 171, 169, 106, 3, 131, 193, 182, 107, 136, 133, 143, 69, 36, 128, 59, 45, 78, 142, 103),
    (83, 85, 163, 119, 133, 15, 43, 93, 128, 151, 164, 88, 42, 139, 168, 86, 47, 159, 33, 82, 165, 33, 119, 173, 66, 113, 96, 123, 42, 135, 188, 41, 9, 84, 42, 137, 135, 88, 124, 33),
    (84, 24, 181, 40, 194, 40, 129, 98, 98, 176, 0, 127, 74, 147, 96, 132, 179, 9, 159, 88, 37, 187, 78, 140, 108, 56, 154, 49, 190, 52, 77, 67, 55, 25, 24, 41, 97, 192, 120, 142),
    (85, 4, 47, 126, 100, 116, 96, 88, 135, 63, 29, 184, 188, 142, 172, 54, 66, 125, 165, 175, 190, 171, 85, 81, 85, 88, 115, 16, 121, 185, 99, 196, 185, 61, 100, 22, 86, 170, 52, 3),
    (86, 48, 113, 63, 164, 113, 137, 5, 9, 75, 3, 32, 107, 116, 191, 3, 94, 95, 101, 76, 150, 132, 182, 21, 171, 115, 45, 26, 120, 113, 190, 110, 14, 119, 25, 100, 66, 16, 146, 97),
    (87, 110, 193, 6, 162, 3, 57, 62, 52, 55, 95, 107, 68, 170, 48, 147, 51, 41, 33, 61, 122, 121, 110, 10, 99, 139, 44, 8, 112, 187, 175, 17, 85, 163, 23, 43, 179, 74, 176, 118),
    (88, 83, 27, 10, 27, 5, 71, 116, 46, 41, 169, 149, 131, 142, 81, 156, 158, 69, 49, 111, 128, 13, 155, 109, 20, 63, 195, 5, 46, 180, 144, 91, 102, 107, 193, 101, 57, 80, 61, 198),
    (89, 150, 168, 198, 4, 178, 70, 143, 136, 118, 102, 57, 22, 2, 17, 81, 47, 150, 45, 85, 91, 180, 92, 85, 102, 144, 31, 158, 125, 163, 179, 172, 84, 186, 158, 72, 44, 196, 179, 21),
    (90, 198, 78, 34, 94, 127, 67, 6, 68, 125, 33, 8, 182, 3, 171, 79, 139, 170, 140, 33, 27, 150, 159, 108, 124, 38, 109, 79, 167, 125, 155, 24, 162, 155, 6, 151, 174, 68, 86, 131),
    (91, 32, 34, 8, 87, 163, 197, 137, 139, 176, 96, 82, 76, 137, 160, 21, 161, 98, 85, 16, 183, 148, 40, 78, 183, 65, 110, 158, 28, 88, 49, 189, 112, 3, 155, 159, 92, 49, 40, 35),
    (92, 98, 167, 131, 115, 113, 47, 44, 192, 84, 59, 13, 178, 108, 11, 137, 37, 32, 178, 54, 31, 121, 114, 66, 31, 41, 21, 72, 189, 112, 37, 39, 32, 55, 52, 182, 102, 170, 38, 82),
    (93, 95, 54, 27, 183, 7, 103, 28, 20, 60, 115, 7, 16, 128, 75, 7, 192, 78, 18, 55, 19, 26, 197, 147, 46, 150, 176, 15, 107, 129, 0, 25, 31, 98, 71, 161, 157, 139, 107, 168),
    (94, 175, 75, 60, 131, 159, 192, 165, 169, 196, 123, 172, 8, 103, 159, 153, 110, 100, 5, 83, 108, 49, 165, 156, 61, 148, 54, 130, 116, 86, 109, 103, 159, 193, 46, 97, 187, 65, 55, 139),
    (95, 110, 196, 140, 162, 185, 114, 154, 97, 136, 93, 129, 20, 173, 0, 105, 179, 9, 88, 56, 179, 27, 24, 123, 153, 129, 86, 105, 194, 40, 85, 50, 134, 93, 147, 31, 60, 196, 129, 191),
    (96, 123, 0, 119, 161, 43, 96, 67, 158, 166, 76, 124, 172, 19, 118, 78, 94, 157, 126, 134, 57, 27, 50, 106, 135, 84, 99, 7, 34, 108, 106, 174, 121, 35, 53, 33, 103, 95, 194, 38),
    (97, 32, 129, 169, 106, 74, 23, 68, 98, 190, 26, 5, 9, 87, 66, 98, 109, 167, 110, 150, 12, 157, 43, 60, 93, 87, 43, 127, 45, 69, 43, 155, 15, 157, 141, 22, 67, 136, 104, 141),
    (98, 8, 131, 180, 194, 25, 24, 44, 165, 119, 42, 106, 76, 120, 17, 55, 139, 108, 157, 10, 136, 113, 84, 145, 193, 139, 73, 6, 186, 59, 102, 33, 156, 61, 18, 135, 115, 97, 177, 80),
    (99, 125, 168, 39, 2, 87, 47, 71, 2, 47, 165, 125, 93, 43, 158, 162, 140, 9, 192, 156, 69, 181, 74, 179, 21, 163, 174, 110, 110, 149, 37, 111, 134, 188, 59, 158, 73, 128, 22, 144),
    (100, 62, 196, 177, 120, 65, 44, 117, 41, 180, 66, 156, 107, 147, 77, 94, 195, 191, 43, 5, 80, 1, 44, 98, 152, 61, 62, 168, 53, 136, 46, 80, 175, 162, 185, 169, 117, 131, 39, 51),
    (101, 54, 168, 133, 180, 107, 103, 80, 64, 69, 89, 94, 136, 4, 0, 61, 154, 39, 109, 64, 6, 30, 184, 108, 73, 23, 173, 73, 116, 132, 52, 89, 75, 45, 179, 173, 155, 18, 163, 166),
    (102, 50, 43, 125, 100, 170, 67, 99, 114, 96, 29, 10, 0, 166, 173, 121, 18, 48, 42, 52, 134, 120, 155, 140, 171, 47, 35, 111, 24, 42, 38, 131, 22, 103, 30, 92, 185, 134, 120, 38),
    (103, 88, 192, 110, 157, 191, 55, 36, 175, 29, 149, 138, 4, 26, 3, 54, 139, 179, 67, 37, 69, 174, 68, 44, 175, 187, 162, 143, 3, 74, 166, 23, 157, 17, 134, 193, 166, 98, 95, 197),
    (104, 108, 126, 121, 180, 147, 180, 105, 141, 182, 23, 160, 65, 42, 0, 9, 102, 135, 102, 86, 34, 125, 100, 22, 171, 67, 4, 68, 33, 133, 132, 89, 113, 41, 131, 25, 173, 29, 164, 128),
    (105, 196, 64, 130, 30, 37, 6, 57, 81, 6, 47, 20, 48, 36, 65, 80, 17, 83, 84, 45, 171, 138, 69, 145, 17, 33, 54, 64, 102, 98, 193, 46, 104, 41, 105, 129, 98, 169, 149, 71),
    (106, 98, 21, 115, 173, 38, 96, 122, 154, 12, 90, 156, 40, 58, 22, 92, 3, 190, 95, 40, 22, 38, 78, 156, 96, 191, 112, 39, 135, 22, 59, 178, 23, 46, 24, 62, 197, 40, 45, 53),
    (107, 106, 181, 17, 6, 94, 167, 96, 91, 74, 99, 199, 78, 81, 92, 54, 62, 45, 133, 22, 154, 130, 193, 68, 111, 91, 159, 180, 123, 75, 73, 34, 156, 34, 54, 61, 184, 193, 22, 55),
    (108, 120, 180, 44, 82, 194, 100, 14, 171, 112, 147, 141, 164, 155, 142, 137, 75, 12, 99, 0, 135, 140, 67, 191, 166, 167, 34, 131, 160, 46, 64, 140, 73, 156, 67, 146, 154, 40, 37, 25),
    (109, 151, 156, 174, 84, 58, 16, 119, 127, 50, 1, 59, 178, 128, 119, 8, 21, 180, 42, 82, 102, 113, 83, 62, 90, 61, 57, 142, 119, 160, 97, 91, 183, 163, 78, 185, 125, 141, 109, 37),
    (110, 131, 113, 121, 180, 153, 188, 178, 91, 176, 162, 167, 60, 107, 107, 149, 114, 134, 132, 26, 40, 136, 109, 138, 121, 141, 105, 112, 132, 177, 172, 93, 190, 46, 146, 51, 172, 107, 30, 72),
    (111, 157, 24, 127, 91, 133, 29, 34, 2, 66, 88, 131, 183, 164, 165, 190, 137, 9, 49, 70, 121, 182, 192, 1, 143, 2, 191, 101, 180, 42, 17, 159, 34, 183, 122, 29, 46, 91, 85, 188),
    (112, 176, 60, 187, 59, 59, 76, 4, 9, 177, 196, 101, 75, 20, 151, 116, 100, 186, 80, 157, 42, 95, 113, 43, 122, 160, 47, 170, 103, 16, 93, 85, 111, 17, 65, 76, 61, 187, 69, 173),
    (113, 45, 80, 24, 85, 61, 139, 85, 186, 22, 84, 130, 1, 13, 165, 173, 94, 39, 20, 131, 89, 124, 108, 2, 122, 55, 137, 50, 46, 141, 50, 45, 43, 164, 125, 130, 174, 24, 181, 82),
    (114, 28, 124, 153, 147, 79, 20, 95, 197, 115, 58, 83, 145, 150, 169, 153, 41, 93, 162, 50, 28, 185, 18, 113, 99, 122, 153, 97, 145, 85, 16, 119, 116, 191, 85, 9, 150, 107, 138, 150),
    (115, 55, 164, 75, 2, 114, 69, 24, 183, 175, 118, 164, 35, 82, 119, 142, 192, 30, 89, 195, 71, 14, 92, 158, 162, 111, 31, 3, 140, 114, 169, 96, 125, 118, 132, 100, 146, 145, 193, 55),
    (116, 197, 94, 78, 10, 165, 134, 87, 196, 143, 183, 185, 153, 17, 193, 161, 45, 57, 183, 8, 70, 14, 121, 125, 44, 148, 58, 72, 196, 171, 163, 154, 161, 185, 57, 68, 97, 79, 73, 116),
    (117, 105, 101, 192, 166, 130, 101, 40, 46, 30, 140, 28, 119, 64, 54, 91, 165, 67, 65, 113, 161, 33, 91, 16, 31, 187, 68, 94, 2, 154, 154, 177, 44, 80, 148, 185, 65, 190, 111, 52),
    (118, 31, 168, 36, 41, 188, 148, 177, 121, 189, 108, 89, 34, 182, 147, 199, 29, 192, 196, 172, 129, 54, 82, 147, 151, 65, 156, 146, 41, 97, 176, 130, 3, 61, 84, 168, 102, 3, 27, 175),
    (119, 65, 150, 5, 155, 66, 101, 115, 150, 73, 170, 113, 161, 40, 155, 93, 111, 157, 84, 43, 24, 17, 114, 97, 14, 164, 84, 15, 10, 154, 74, 141, 73, 157, 167, 35, 151, 27, 192, 64),
    (120, 182, 129, 153, 109, 49, 183, 163, 143, 159, 182, 191, 93, 198, 16, 30, 42, 184, 114, 7, 79, 64, 141, 173, 28, 30, 103, 37, 143, 191, 105, 91, 29, 135, 134, 27, 176, 123, 168, 195),
    (121, 140, 56, 137, 9, 109, 39, 146, 84, 153, 133, 195, 11, 68, 176, 3, 110, 178, 16, 152, 9, 59, 132, 63, 175, 141, 184, 173, 162, 94, 92, 126, 142, 142, 73, 164, 25, 69, 130, 124),
    (122, 37, 48, 183, 80, 154, 86, 172, 102, 87, 107, 94, 178, 91, 108, 119, 107, 130, 60, 111, 172, 40, 103, 153, 182, 72, 44, 156, 71, 141, 152, 90, 129, 120, 34, 136, 180, 151, 38, 66),
    (123, 31, 98, 31, 61, 57, 170, 14, 57, 153, 165, 158, 175, 192, 187, 195, 196, 165, 63, 145, 53, 148, 2, 56, 123, 169, 187, 151, 99, 130, 189, 69, 165, 106, 61, 185, 5, 116, 64, 59),
    (124, 178, 187, 41, 124, 150, 23, 19, 35, 114, 105, 43, 178, 19, 198, 152, 97, 66, 131, 113, 120, 163, 139, 69, 135, 133, 32, 88, 48, 193, 112, 196, 11, 43, 186, 90, 144, 20, 126, 87),
    (125, 40, 19, 178, 45, 189, 180, 52, 1, 30, 81, 80, 37, 135, 48, 182, 36, 105, 155, 168, 151, 199, 175, 185, 108, 138, 141, 166, 116, 20, 68, 183, 69, 171, 79, 39, 0, 10, 93, 118),
    (126, 144, 131, 114, 97, 198, 32, 168, 49, 179, 138, 57, 130, 128, 83, 146, 102, 127, 180, 53, 185, 152, 139, 168, 1, 157, 151, 76, 7, 149, 72, 30, 73, 131, 59, 151, 168, 137, 119, 111),
    (127, 45, 172, 195, 84, 184, 85, 45, 157, 11, 137, 164, 135, 64, 155, 34, 38, 125, 55, 161, 91, 137, 80, 118, 27, 175, 147, 121, 11, 146, 164, 84, 165, 165, 101, 12, 79, 146, 27, 156),
    (128, 42, 14, 197, 167, 152, 124, 162, 139, 11, 56, 77, 123, 45, 20, 57, 170, 19, 120, 174, 156, 156, 129, 38, 98, 1, 109, 106, 1, 117, 40, 166, 8, 11, 100, 96, 22, 12, 44, 153),
    (129, 149, 20, 64, 64, 85, 95, 100, 119, 49, 115, 77, 43, 181, 131, 58, 125, 90, 167, 27, 184, 180, 126, 44, 5, 134, 22, 128, 73, 73, 41, 197, 180, 165, 124, 10, 104, 64, 45, 69),
    (130, 87, 190, 22, 122, 118, 195, 25, 106, 189, 39, 144, 71, 64, 46, 4, 129, 199, 2, 161, 12, 106, 23, 19, 31, 143, 159, 131, 48, 167, 55, 10, 59, 118, 71, 83, 12, 80, 51, 82),
    (131, 75, 80, 1, 74, 112, 87, 35, 175, 58, 15, 122, 197, 167, 97, 81, 187, 198, 197, 103, 33, 41, 88, 192, 36, 133, 80, 55, 130, 75, 85, 41, 48, 6, 65, 148, 102, 47, 43, 148),
    (132, 123, 161, 83, 77, 97, 170, 142, 79, 18, 1, 176, 31, 113, 21, 124, 91, 90, 64, 44, 24, 26, 2, 22, 12, 12, 16, 121, 41, 49, 130, 129, 72, 95, 142, 159, 12, 31, 87, 43),
    (133, 147, 186, 131, 152, 41, 46, 6, 63, 90, 37, 22, 65, 45, 97, 186, 144, 12, 45, 77, 133, 132, 188, 32, 171, 151, 40, 2, 199, 45, 126, 14, 36, 172, 9, 115, 50, 164, 85, 117),
    (134, 125, 159, 134, 115, 110, 182, 18, 57, 106, 54, 50, 19, 186, 183, 87, 109, 181, 54, 193, 174, 157, 76, 66, 148, 81, 143, 146, 42, 154, 115, 10, 96, 83, 30, 72, 7, 36, 142, 177),
    (135, 90, 119, 87, 198, 128, 108, 170, 94, 153, 108, 156, 71, 172, 82, 116, 180, 67, 99, 26, 39, 130, 161, 52, 160, 177, 4, 158, 110, 113, 147, 87, 117, 50, 36, 111, 46, 159, 192, 152),
    (136, 1, 158, 37, 25, 177, 164, 190, 19, 144, 148, 143, 124, 7, 43, 119, 196, 33, 167, 126, 0, 181, 145, 166, 198, 191, 116, 7, 163, 74, 78, 197, 14, 112, 30, 89, 159, 34, 102, 194),
    (137, 134, 47, 124, 110, 36, 195, 100, 118, 65, 32, 2, 78, 5, 99, 179, 118, 79, 89, 15, 83, 36, 79, 184, 12, 126, 147, 165, 148, 146, 165, 191, 36, 178, 136, 142, 35, 28, 198, 61),
    (138, 129, 49, 100, 122, 32, 176, 80, 25, 90, 156, 149, 11, 165, 96, 64, 113, 156, 190, 121, 24, 23, 130, 151, 21, 110, 154, 97, 95, 78, 17, 95, 183, 127, 62, 23, 130, 189, 177, 139),
    (139, 70, 42, 74, 192, 132, 51, 193, 34, 196, 80, 147, 53, 104, 144, 5, 32, 159, 79, 28, 190, 19, 113, 141, 46, 193, 3, 125, 18, 2, 41, 116, 118, 174, 37, 186, 153, 37, 175, 136),
    (140, 52, 151, 104, 178, 111, 71, 167, 63, 156, 199, 151, 101, 39, 85, 105, 87, 116, 101, 129, 199, 140, 140, 88, 144, 165, 126, 183, 30, 28, 6, 18, 65, 14, 111, 197, 77, 12, 32, 55),
    (141, 118, 50, 152, 40, 112, 80, 110, 109, 130, 29, 189, 133, 114, 18, 45, 41, 135, 99, 30, 80, 199, 154, 181, 188, 163, 133, 129, 117, 2, 24, 53, 165, 62, 24, 125, 120, 196, 137, 148),
    (142, 75, 77, 185, 92, 112, 42, 18, 102, 49, 63, 163, 128, 70, 47, 3, 17, 154, 55, 127, 179, 55, 133, 158, 168, 19, 34, 130, 168, 112, 75, 171, 42, 140, 195, 32, 6, 24, 64, 6),
    (143, 145, 34, 145, 146, 182, 62, 34, 7, 146, 86, 19, 171, 72, 67, 196, 64, 168, 54, 69, 51, 157, 6, 185, 113, 34, 133, 192, 89, 4, 98, 135, 39, 122, 147, 166, 18, 63, 111, 70),
    (144, 81, 119, 113, 22, 183, 169, 53, 19, 188, 198, 71, 114, 191, 22, 192, 143, 155, 71, 43, 112, 172, 20, 33, 145, 160, 6, 161, 163, 73, 71, 122, 84, 172, 84, 71, 175, 50, 51, 90),
    (145, 60, 169, 92, 152, 167, 134, 11, 101, 132, 31, 70, 63, 135, 157, 152, 197, 93, 191, 0, 145, 86, 108, 30, 29, 12, 101, 5, 99, 192, 189, 82, 62, 65, 188, 169, 181, 57, 131, 124),
    (146, 0, 117, 79, 17, 52, 95, 58, 116, 193, 91, 143, 155, 1, 107, 46, 142, 123, 166, 104, 102, 147, 157, 97, 26, 48, 79, 180, 78, 13, 36, 166, 59, 154, 11, 45, 154, 108, 63, 11),
    (147, 170, 143, 90, 90, 42, 69, 19, 27, 197, 76, 113, 92, 94, 75, 96, 121, 17, 75, 184, 3, 184, 53, 196, 65, 148, 173, 162, 184, 7, 66, 50, 122, 95, 62, 126, 45, 151, 13, 88),
    (148, 22, 95, 192, 130, 177, 11, 106, 109, 141, 82, 12, 174, 19, 80, 158, 179, 119, 44, 126, 159, 125, 33, 169, 87, 45, 72, 92, 123, 106, 45, 183, 14, 135, 101, 78, 48, 89, 58, 36),
    (149, 91, 36, 138, 42, 108, 176, 46, 4, 60, 185, 129, 103, 141, 74, 8, 17, 25, 123, 98, 184, 64, 194, 157, 156, 197, 119, 147, 99, 176, 54, 167, 31, 72, 118, 107, 175, 152, 94, 48),
    (150, 14, 169, 24, 166, 115, 159, 56, 142, 160, 83, 163, 104, 127, 191, 149, 173, 69, 183, 155, 19, 199, 115, 155, 104, 103, 120, 160, 104, 92, 80, 98, 156, 6, 146, 169, 49, 80, 169, 71),
    (151, 127, 17, 170, 196, 42, 195, 96, 196, 156, 129, 66, 35, 151, 176, 46, 180, 179, 115, 175, 27, 150, 145, 88, 95, 66, 19, 155, 187, 7, 130, 59, 123, 140, 161, 84, 126, 92, 158, 31),
    (152, 58, 96, 52, 155, 191, 61, 122, 108, 166, 174, 121, 146, 57, 40, 146, 106, 127, 29, 132, 19, 140, 52, 149, 68, 19, 170, 69, 109, 127, 135, 17, 195, 194, 10, 188, 185, 182, 22, 150),
    (153, 110, 145, 59, 117, 115, 20, 89, 21, 34, 105, 16, 11, 119, 140, 163, 141, 186, 17, 106, 141, 77, 0, 4, 112, 138, 131, 47, 87, 12, 142, 197, 132, 0, 40, 86, 182, 78, 87, 24),
    (154, 124, 126, 130, 30, 14, 141, 40, 64, 66, 109, 47, 105, 105, 82, 70, 98, 173, 172, 25, 128, 8, 185, 19, 190, 100, 137, 42, 186, 176, 70, 90, 176, 138, 63, 34, 185, 157, 118, 58),
    (155, 88, 9, 38, 187, 127, 102, 182, 194, 3, 63, 2, 110, 98, 146, 16, 103, 165, 83, 127, 178, 43, 184, 51, 27, 148, 18, 72, 150, 155, 82, 149, 100, 194, 34, 159, 15, 61, 175, 25),
    (156, 150, 186, 62, 119, 36, 129, 121, 24, 4, 27, 9, 127, 90, 128, 157, 10, 128, 31, 174, 170, 196, 120, 64, 23, 49, 171, 137, 0, 88, 169, 177, 15, 122, 54, 137, 68, 58, 87, 30),
    (157, 82, 15, 20, 45, 184, 166, 12, 179, 37, 109, 0, 55, 47, 176, 53, 130, 45, 192, 196, 11, 23, 152, 23, 120, 10, 12, 49, 146, 93, 161, 7, 62, 176, 149, 174, 61, 90, 142, 182),
    (158, 174, 199, 141, 128, 66, 55, 179, 114, 105, 116, 71, 45, 179, 48, 101, 128, 6, 143, 19, 156, 79, 37, 125, 133, 18, 140, 168, 165, 113, 118, 10, 98, 101, 24, 127, 48, 83, 118, 95),
    (159, 0, 15, 107, 73, 8, 145, 90, 95, 159, 186, 160, 86, 19, 129, 145, 93, 196, 57, 112, 23, 35, 158, 17, 119, 83, 75, 145, 28, 158, 159, 27, 148, 13, 65, 81, 163, 69, 108, 122),
    (160, 84, 95, 170, 23, 1, 67, 169, 57, 134, 99, 154, 98, 152, 12, 187, 184, 154, 196, 156, 129, 183, 67, 87, 39, 149, 8, 160, 191, 41, 126, 63, 185, 49, 185, 163, 37, 162, 183, 89),
    (161, 134, 136, 130, 146, 145, 72, 75, 156, 106, 162, 129, 182, 23, 61, 10, 142, 131, 146, 59, 11, 2, 32, 102, 107, 0, 53, 79, 184, 57, 154, 72, 183, 172, 42, 39, 177, 149, 2, 139),
    (162, 3, 59, 169, 100, 102, 58, 187, 149, 121, 180, 57, 90, 120, 71, 194, 90, 189, 28, 154, 96, 36, 97, 68, 65, 92, 6, 62, 104, 72, 110, 30, 86, 5, 164, 10, 155, 189, 164, 2),
    (163, 0, 142, 103, 129, 65, 115, 60, 182, 88, 152, 143, 176, 0, 182, 156, 24, 178, 0, 82, 190, 60, 119, 152, 188, 168, 38, 192, 83, 196, 128, 124, 46, 30, 27, 109, 81, 54, 64, 197),
    (164, 22, 41, 42, 80, 25, 92, 160, 8, 42, 100, 114, 21, 51, 126, 158, 34, 166, 6, 84, 95, 60, 166, 105, 40, 173, 171, 110, 147, 107, 154, 12, 73, 141, 68, 49, 24, 158, 191, 33),
    (165, 149, 109, 90, 197, 186, 103, 66, 49, 21, 8, 97, 61, 21, 102, 195, 164, 146, 89, 103, 24, 163, 29, 102, 104, 4, 70, 123, 66, 99, 153, 107, 180, 123, 43, 129, 51, 93, 45, 65),
    (166, 74, 181, 19, 85, 44, 102, 54, 140, 108, 13, 177, 192, 150, 5, 45, 114, 89, 123, 50, 187, 118, 169, 184, 103, 119, 33, 159, 68, 87, 55, 48, 152, 195, 198, 190, 133, 5, 13, 100),
    (167, 127, 160, 67, 154, 7, 67, 19, 16, 122, 26, 163, 171, 68, 36, 176, 136, 163, 67, 101, 84, 46, 95, 57, 90, 2, 26, 67, 40, 40, 62, 24, 164, 128, 179, 50, 114, 84, 76, 29),
    (168, 142, 40, 126, 64, 33, 124, 142, 164, 125, 185, 196, 90, 83, 175, 6, 64, 181, 194, 54, 52, 157, 196, 67, 9, 174, 56, 78, 110, 102, 136, 2, 106, 72, 123, 105, 106, 106, 178, 98),
    (169, 114, 92, 71, 199, 97, 9, 65, 185, 164, 65, 69, 57, 185, 40, 126, 67, 126, 142, 155, 150, 68, 123, 118, 119, 109, 57, 68, 68, 30, 112, 68, 24, 181, 45, 26, 169, 184, 194, 90),
    (170, 164, 131, 101, 73, 152, 137, 108, 42, 199, 146, 49, 4, 8, 186, 66, 173, 117, 83, 72, 158, 6, 55, 181, 152, 86, 158, 101, 59, 154, 198, 121, 145, 78, 92, 77, 102, 165, 53, 80),
    (171, 4, 117, 156, 135, 133, 186, 169, 73, 63, 156, 94, 36, 197, 95, 50, 150, 8, 10, 58, 72, 190, 161, 50, 184, 37, 148, 163, 157, 158, 166, 133, 196, 146, 14, 19, 111, 14, 51, 130),
    (172, 149, 112, 179, 127, 55, 174, 195, 15, 51, 37, 118, 52, 133, 13, 173, 45, 173, 157, 42, 157, 110, 94, 82, 169, 45, 29, 146, 189, 39, 153, 123, 169, 194, 97, 14, 11, 127, 140, 0),
    (173, 194, 65, 101, 83, 81, 128, 183, 17, 85, 179, 39, 10, 159, 117, 53, 132, 181, 96, 69, 125, 55, 83, 52, 130, 4, 120, 110, 77, 131, 116, 125, 67, 144, 102, 136, 58, 118, 111, 65),
    (174, 110, 6, 20, 122, 139, 30, 8, 112, 64, 196, 129, 125, 71, 4, 59, 187, 187, 175, 112, 86, 174, 152, 69, 97, 172, 112, 160, 163, 36, 95, 96, 140, 21, 154, 148, 123, 123, 77, 50),
    (175, 77, 95, 143, 65, 60, 126, 156, 145, 154, 20, 115, 27, 59, 90, 195, 27, 156, 169, 49, 79, 167, 29, 10, 162, 159, 68, 179, 12, 130, 169, 60, 8, 56, 159, 93, 135, 99, 93, 83),
    (176, 17, 88, 17, 89, 126, 55, 90, 110, 168, 137, 81, 139, 169, 121, 182, 54, 12, 59, 35, 72, 117, 143, 135, 14, 70, 55, 172, 185, 181, 115, 1, 67, 194, 19, 75, 111, 197, 190, 100),
    (177, 116, 49, 32, 36, 48, 186, 136, 192, 193, 123, 113, 9, 156, 146, 131, 124, 66, 9, 185, 109, 94, 164, 170, 105, 154, 105, 62, 71, 2, 83, 158, 24, 22, 142, 89, 86, 188, 12, 120),
    (178, 38, 178, 26, 61, 38, 82, 103, 197, 186, 107, 35, 68, 24, 50, 52, 32, 5, 158, 82, 56, 142, 186, 149, 2, 124, 34, 132, 62, 175, 113, 114, 127, 14, 13, 134, 121, 153, 193, 30),
    (179, 198, 5, 131, 85, 153, 137, 119, 80, 51, 68, 38, 83, 34, 77, 179, 34, 104, 176, 101, 66, 64, 62, 84, 129, 99, 196, 192, 113, 64, 72, 147, 34, 194, 18, 186, 180, 148, 52, 146),
    (180, 125, 162, 42, 122, 199, 180, 59, 95, 95, 156, 17, 178, 193, 116, 14, 134, 137, 170, 107, 50, 196, 80, 43, 173, 56, 60, 183, 23, 183, 22, 115, 109, 34, 155, 109, 51, 108, 165, 102),
    (181, 58, 58, 100, 16, 152, 119, 142, 189, 90, 190, 145, 36, 139, 79, 192, 190, 26, 198, 18, 54, 195, 197, 42, 125, 38, 95, 14, 151, 22, 193, 126, 76, 55, 160, 166, 183, 133, 126, 99),
    (182, 6, 25, 121, 169, 0, 165, 183, 56, 146, 187, 109, 194, 69, 54, 44, 143, 172, 120, 8, 47, 27, 134, 12, 54, 158, 164, 198, 105, 105, 31, 115, 59, 117, 114, 85, 37, 1, 58, 152),
    (183, 23, 142, 10, 132, 83, 96, 126, 174, 77, 23, 158, 9, 169, 183, 172, 115, 10, 105, 34, 59, 48, 25, 93, 36, 112, 186, 6, 147, 44, 89, 105, 6, 73, 69, 90, 58, 129, 76, 77),
    (184, 128, 179, 0, 33, 86, 138, 150, 94, 141, 71, 10, 2, 8, 76, 59, 154, 90, 1, 22, 49, 183, 121, 112, 119, 40, 144, 17, 141, 27, 133, 7, 84, 109, 81, 35, 139, 55, 62, 144),
    (185, 132, 146, 189, 177, 154, 83, 108, 135, 24, 185, 59, 132, 123, 145, 62, 152, 68, 154, 44, 44, 109, 112, 153, 80, 109, 111, 133, 27, 149, 128, 168, 35, 54, 161, 47, 106, 36, 164, 24),
    (186, 35, 21, 147, 13, 146, 17, 115, 15, 187, 100, 60, 24, 33, 163, 107, 189, 139, 52, 84, 109, 66, 127, 59, 151, 17, 103, 176, 57, 25, 182, 35, 21, 160, 55, 129, 69, 170, 155, 158),
    (187, 127, 54, 82, 102, 64, 133, 79, 131, 132, 2, 153, 4, 156, 129, 46, 120, 76, 85, 64, 40, 152, 133, 112, 116, 52, 193, 0, 159, 98, 173, 170, 144, 16, 34, 118, 129, 37, 93, 131),
    (188, 73, 161, 53, 160, 12, 115, 143, 113, 36, 100, 151, 14, 137, 55, 115, 108, 157, 189, 91, 154, 8, 61, 148, 141, 80, 178, 127, 141, 117, 12, 158, 77, 149, 134, 56, 155, 42, 136, 60),
    (189, 20, 69, 16, 43, 100, 10, 104, 189, 30, 57, 12, 72, 73, 14, 186, 143, 17, 180, 168, 127, 190, 65, 47, 17, 53, 137, 194, 158, 199, 19, 60, 197, 127, 43, 153, 169, 102, 78, 9),
    (190, 10, 156, 98, 12, 62, 156, 191, 199, 146, 118, 134, 27, 30, 49, 170, 56, 175, 194, 163, 165, 55, 187, 119, 86, 196, 130, 20, 194, 19, 183, 172, 148, 131, 81, 113, 124, 0, 97, 0),
    (191, 119, 51, 46, 188, 182, 4, 41, 20, 184, 131, 35, 185, 133, 123, 172, 138, 89, 15, 189, 193, 31, 32, 66, 181, 170, 140, 196, 88, 50, 45, 121, 93, 142, 173, 103, 182, 3, 2, 65),
    (192, 2, 78, 145, 176, 161, 19, 76, 10, 170, 40, 138, 25, 71, 116, 46, 188, 37, 184, 81, 184, 14, 27, 89, 101, 6, 73, 169, 195, 144, 13, 137, 51, 144, 60, 158, 16, 172, 99, 50),
    (193, 111, 89, 134, 26, 16, 182, 143, 38, 73, 183, 199, 122, 28, 72, 170, 50, 145, 77, 163, 59, 133, 13, 87, 133, 143, 63, 76, 182, 124, 182, 187, 41, 172, 71, 52, 87, 21, 164, 87),
    (194, 100, 58, 172, 184, 72, 11, 89, 96, 182, 101, 83, 67, 18, 157, 143, 135, 131, 165, 69, 64, 193, 4, 39, 41, 121, 64, 98, 61, 23, 129, 179, 109, 118, 94, 140, 131, 111, 100, 185),
    (195, 113, 88, 39, 98, 113, 50, 133, 117, 51, 135, 46, 23, 155, 139, 111, 123, 187, 153, 42, 14, 188, 64, 51, 193, 12, 159, 20, 31, 74, 89, 123, 69, 109, 59, 152, 101, 33, 52, 21),
    (196, 21, 140, 112, 48, 165, 190, 83, 117, 173, 13, 176, 195, 183, 29, 86, 171, 73, 33, 56, 187, 78, 22, 198, 30, 12, 182, 6, 128, 23, 169, 20, 13, 90, 9, 139, 29, 120, 115, 81),
    (197, 94, 125, 158, 199, 180, 123, 107, 109, 199, 17, 21, 69, 142, 185, 107, 77, 156, 156, 103, 99, 120, 131, 7, 172, 166, 98, 43, 140, 71, 62, 120, 27, 124, 48, 179, 51, 82, 19, 184),
    (198, 19, 173, 170, 3, 8, 123, 117, 142, 137, 135, 33, 150, 20, 114, 160, 130, 196, 87, 46, 122, 185, 86, 127, 152, 98, 98, 123, 5, 95, 177, 188, 74, 125, 179, 164, 38, 172, 50, 128),
    (199, 68, 9, 136, 139, 78, 0, 51, 130, 65, 91, 106, 179, 103, 7, 53, 154, 120, 132, 31, 55, 151, 122, 64, 35, 171, 86, 151, 2, 156, 125, 152, 28, 76, 188, 65, 194, 14, 152, 19);

INSERT INTO T33 (pk, t1, t2, t3, t4, t5, t6, t7, t8, t9, t10, t11, t12, t13, t14, t15, t16, t17, t18, t19, t20, t21, t22, t23, t24, t25, t26, t27, t28, t29, t30, t31, t32, t34, t35, t36, t37, t38, t39, t40)
VALUES
    (0, 152, 159, 168, 110, 104, 27, 143, 89, 42, 173, 40, 167, 29, 122, 199, 29, 107, 99, 45, 26, 155, 76, 119, 56, 182, 140, 141, 70, 149, 93, 93, 10, 172, 24, 169, 46, 71, 122, 167),
    (1, 193, 193, 36, 169, 40, 160, 58, 121, 67, 5, 29, 26, 179, 149, 99, 82, 14, 11, 137, 64, 32, 14, 64, 122, 190, 103, 1, 75, 14, 183, 62, 165, 18, 93, 51, 142, 107, 126, 87),
    (2, 37, 154, 59, 100, 193, 169, 109, 191, 44, 77, 135, 62, 109, 131, 134, 49, 53, 160, 40, 180, 10, 23, 150, 79, 187, 82, 51, 178, 117, 125, 42, 179, 102, 75, 97, 47, 15, 42, 53),
    (3, 33, 75, 28, 179, 69, 80, 87, 14, 11, 183, 32, 38, 97, 42, 185, 129, 168, 134, 5, 63, 181, 33, 47, 107, 120, 142, 84, 113, 7, 34, 9, 180, 87, 89, 51, 5, 65, 199, 47),
    (4, 30, 183, 83, 71, 107, 126, 156, 172, 118, 20, 63, 161, 137, 91, 155, 138, 196, 155, 98, 58, 69, 84, 175, 120, 138, 17, 47, 124, 193, 78, 15, 76, 116, 179, 8, 182, 135, 156, 131),
    (5, 194, 73, 67, 105, 24, 7, 158, 118, 55, 184, 146, 12, 156, 5, 124, 170, 21, 145, 125, 158, 93, 82, 27, 117, 114, 102, 9, 97, 18, 39, 125, 26, 93, 55, 72, 33, 61, 111, 139),
    (6, 119, 7, 39, 19, 191, 30, 0, 199, 43, 142, 63, 185, 197, 193, 117, 96, 146, 190, 167, 25, 131, 71, 30, 179, 83, 91, 67, 182, 129, 197, 47, 98, 197, 23, 165, 115, 84, 102, 1),
    (7, 49, 77, 58, 143, 164, 50, 152, 132, 150, 30, 60, 44, 141, 25, 17, 121, 119, 6, 83, 168, 72, 172, 162, 130, 96, 144, 163, 48, 30, 73, 13, 152, 91, 31, 135, 83, 70, 3, 3),
    (8, 87, 86, 45, 172, 20, 7, 197, 188, 77, 177, 182, 8, 60, 79, 10, 52, 11, 19, 109, 121, 75, 66, 25, 127, 13, 127, 19, 48, 118, 9, 80, 30, 35, 24, 153, 120, 137, 156, 96),
    (9, 124, 108, 82, 111, 125, 31, 55, 110, 53, 68, 46, 119, 39, 78, 175, 187, 103, 153, 3, 78, 195, 198, 157, 115, 91, 124, 117, 91, 13, 83, 12, 1, 123, 79, 197, 61, 170, 133, 69),
    (10, 23, 49, 101, 91, 85, 43, 13, 116, 69, 55, 155, 157, 148, 195, 88, 18, 61, 58, 104, 66, 51, 51, 169, 95, 6, 100, 84, 118, 28, 89, 137, 98, 15, 73, 188, 12, 82, 32, 16),
    (11, 135, 120, 179, 65, 193, 79, 95, 110, 172, 180, 107, 27, 146, 10, 183, 133, 50, 174, 126, 154, 140, 86, 87, 83, 175, 186, 166, 124, 47, 116, 32, 177, 124, 71, 3, 62, 39, 38, 72),
    (12, 5, 104, 110, 57, 85, 144, 20, 17, 64, 19, 131, 89, 37, 186, 160, 32, 96, 84, 72, 79, 70, 153, 6, 9, 42, 58, 10, 86, 106, 85, 81, 25, 92, 15, 140, 135, 22, 98, 146),
    (13, 149, 50, 182, 8, 89, 107, 178, 183, 55, 120, 197, 28, 77, 88, 151, 109, 31, 63, 156, 188, 73, 111, 73, 68, 73, 44, 120, 45, 84, 152, 27, 114, 184, 12, 60, 79, 157, 11, 96),
    (14, 21, 111, 166, 182, 149, 55, 146, 103, 120, 69, 74, 130, 51, 112, 135, 54, 110, 110, 16, 67, 19, 124, 88, 146, 136, 92, 141, 72, 106, 188, 26, 23, 129, 86, 10, 197, 90, 176, 194),
    (15, 163, 32, 22, 158, 0, 159, 95, 57, 26, 171, 74, 155, 195, 15, 103, 12, 24, 102, 74, 44, 9, 172, 76, 173, 160, 135, 62, 173, 10, 100, 20, 139, 57, 112, 68, 31, 164, 161, 83),
    (16, 71, 36, 34, 99, 90, 128, 117, 108, 63, 98, 123, 11, 136, 173, 80, 137, 27, 129, 181, 166, 47, 60, 13, 69, 164, 65, 160, 129, 54, 121, 35, 187, 64, 50, 80, 166, 98, 18, 33),
    (17, 70, 118, 82, 22, 78, 127, 41, 111, 114, 96, 186, 166, 57, 177, 0, 130, 183, 121, 153, 140, 186, 148, 149, 137, 199, 196, 102, 73, 8, 162, 62, 64, 181, 172, 32, 84, 139, 126, 31),
    (18, 179, 14, 92, 140, 192, 91, 84, 54, 24, 196, 64, 153, 163, 179, 23, 41, 117, 63, 26, 7, 75, 164, 124, 29, 13, 167, 172, 53, 192, 114, 28, 106, 147, 78, 135, 130, 42, 91, 110),
    (19, 71, 166, 155, 93, 68, 84, 155, 34, 125, 72, 109, 57, 123, 54, 91, 44, 195, 183, 107, 63, 101, 88, 154, 57, 134, 125, 5, 180, 144, 15, 96, 2, 46, 134, 177, 162, 6, 68, 181),
    (20, 148, 31, 46, 89, 23, 7, 194, 164, 4, 148, 107, 123, 62, 101, 158, 129, 17, 43, 168, 112, 40, 100, 18, 15, 31, 187, 93, 115, 86, 53, 80, 163, 174, 71, 62, 113, 138, 79, 70),
    (21, 79, 169, 7, 114, 24, 122, 92, 100, 155, 27, 52, 134, 25, 127, 136, 122, 151, 160, 174, 117, 140, 31, 180, 96, 151, 145, 0, 116, 145, 19, 136, 192, 43, 195, 178, 108, 139, 38, 192),
    (22, 126, 92, 126, 37, 170, 35, 174, 119, 89, 1, 64, 76, 149, 70, 103, 64, 28, 74, 84, 95, 197, 90, 162, 138, 17, 68, 184, 130, 144, 25, 177, 165, 119, 100, 63, 61, 44, 14, 13),
    (23, 78, 79, 61, 53, 192, 83, 10, 62, 145, 142, 59, 65, 191, 184, 107, 41, 85, 141, 2, 42, 109, 43, 9, 137, 40, 130, 182, 139, 190, 14, 11, 91, 177, 102, 193, 76, 15, 176, 4),
    (24, 193, 13, 24, 118, 181, 159, 66, 74, 167, 72, 194, 126, 42, 73, 127, 160, 160, 34, 12, 89, 155, 91, 57, 172, 118, 86, 5, 175, 55, 20, 118, 58, 49, 11, 149, 110, 70, 105, 164),
    (25, 198, 64, 123, 124, 3, 93, 91, 71, 123, 107, 173, 120, 124, 195, 154, 32, 23, 100, 30, 162, 183, 110, 37, 73, 160, 194, 77, 161, 9, 100, 14, 66, 170, 162, 105, 141, 105, 103, 21),
    (26, 77, 10, 4, 28, 49, 162, 21, 146, 168, 128, 70, 54, 35, 161, 107, 96, 66, 167, 149, 91, 128, 62, 192, 16, 171, 139, 93, 37, 63, 31, 22, 15, 67, 178, 93, 3, 5, 113, 89),
    (27, 152, 133, 60, 183, 76, 161, 59, 142, 12, 173, 185, 65, 43, 56, 53, 46, 115, 183, 40, 136, 131, 106, 117, 7, 192, 166, 91, 159, 71, 67, 146, 78, 184, 165, 41, 171, 73, 79, 157),
    (28, 115, 127, 47, 73, 79, 167, 108, 195, 52, 137, 94, 88, 6, 113, 167, 69, 137, 70, 56, 137, 13, 183, 148, 189, 134, 60, 132, 86, 87, 48, 100, 132, 2, 102, 174, 104, 177, 121, 145),
    (29, 71, 14, 59, 20, 75, 105, 39, 37, 72, 187, 179, 78, 196, 152, 161, 96, 124, 101, 115, 74, 118, 146, 109, 11, 139, 27, 75, 87, 1, 98, 97, 137, 79, 88, 131, 183, 5, 34, 147),
    (30, 119, 135, 33, 94, 167, 4, 67, 123, 156, 116, 124, 5, 142, 156, 20, 34, 116, 188, 135, 143, 112, 151, 15, 64, 144, 9, 2, 177, 164, 148, 125, 42, 183, 4, 6, 8, 44, 20, 166),
    (31, 87, 153, 12, 141, 96, 143, 70, 151, 145, 57, 194, 197, 57, 94, 47, 194, 131, 158, 194, 164, 170, 126, 188, 102, 3, 30, 43, 26, 16, 158, 121, 43, 171, 145, 102, 23, 191, 63, 42),
    (32, 80, 191, 32, 144, 95, 101, 98, 3, 180, 168, 133, 17, 129, 2, 164, 134, 101, 153, 150, 137, 6, 120, 94, 37, 113, 156, 126, 11, 190, 106, 194, 168, 37, 169, 37, 108, 81, 101, 141),
    (33, 75, 126, 179, 165, 97, 151, 180, 118, 100, 187, 160, 131, 80, 9, 47, 38, 150, 67, 116, 190, 61, 191, 5, 65, 63, 185, 88, 20, 131, 107, 76, 189, 79, 71, 164, 94, 16, 87, 174),
    (34, 124, 143, 55, 100, 81, 65, 63, 189, 7, 70, 168, 80, 86, 157, 48, 196, 73, 72, 105, 165, 48, 33, 171, 179, 4, 82, 53, 40, 182, 31, 116, 96, 88, 13, 119, 20, 30, 199, 89),
    (35, 19, 165, 72, 80, 92, 172, 58, 48, 23, 85, 63, 166, 174, 28, 49, 46, 188, 168, 170, 80, 99, 6, 34, 147, 25, 39, 174, 186, 192, 42, 127, 159, 82, 38, 44, 70, 153, 169, 22),
    (36, 73, 178, 33, 10, 79, 135, 20, 198, 138, 131, 187, 195, 34, 101, 106, 11, 8, 82, 185, 173, 44, 157, 18, 109, 92, 137, 65, 101, 43, 73, 28, 125, 173, 26, 63, 175, 190, 112, 132),
    (37, 161, 71, 118, 41, 117, 193, 49, 133, 137, 189, 34, 161, 130, 75, 88, 198, 21, 45, 3, 67, 115, 179, 94, 69, 27, 49, 74, 158, 19, 138, 142, 169, 181, 49, 181, 60, 156, 21, 113),
    (38, 142, 184, 137, 88, 188, 183, 24, 177, 48, 156, 171, 86, 92, 15, 168, 79, 18, 30, 46, 16, 66, 82, 109, 90, 88, 111, 120, 152, 123, 63, 83, 141, 90, 195, 58, 153, 49, 178, 131),
    (39, 113, 176, 91, 131, 138, 35, 174, 81, 101, 90, 80, 176, 184, 82, 160, 38, 132, 58, 197, 87, 61, 190, 197, 110, 24, 187, 20, 95, 56, 87, 61, 178, 86, 55, 170, 15, 129, 125, 93),
    (40, 178, 78, 188, 145, 76, 109, 154, 177, 1, 30, 100, 170, 145, 102, 106, 85, 32, 35, 1, 167, 133, 171, 163, 58, 195, 110, 15, 173, 94, 15, 186, 180, 18, 144, 9, 10, 29, 37, 138),
    (41, 74, 114, 121, 49, 79, 103, 124, 159, 40, 159, 111, 23, 195, 112, 118, 131, 171, 172, 197, 8, 137, 143, 191, 0, 85, 35, 101, 98, 5, 122, 18, 183, 32, 125, 189, 56, 70, 82, 133),
    (42, 120, 84, 20, 54, 53, 66, 143, 164, 150, 66, 196, 33, 177, 127, 116, 53, 22, 180, 101, 68, 17, 85, 120, 117, 32, 21, 31, 74, 98, 186, 167, 111, 131, 173, 31, 40, 177, 124, 92),
    (43, 80, 162, 179, 162, 109, 164, 103, 137, 111, 150, 7, 169, 102, 160, 109, 84, 18, 3, 16, 1, 196, 8, 113, 186, 125, 199, 89, 143, 198, 190, 86, 30, 24, 22, 110, 182, 49, 186, 8),
    (44, 52, 128, 191, 3, 170, 132, 131, 191, 23, 151, 172, 121, 168, 121, 124, 55, 100, 162, 170, 33, 72, 32, 83, 24, 111, 130, 143, 9, 115, 109, 31, 183, 142, 142, 141, 79, 110, 170, 135),
    (45, 90, 2, 148, 79, 168, 42, 159, 2, 162, 49, 78, 163, 5, 49, 48, 163, 173, 90, 60, 85, 34, 103, 174, 188, 161, 183, 44, 43, 110, 131, 54, 119, 32, 192, 54, 192, 151, 60, 17),
    (46, 6, 85, 190, 109, 161, 7, 110, 147, 147, 122, 18, 63, 116, 197, 134, 67, 191, 139, 118, 53, 190, 107, 90, 5, 25, 126, 160, 55, 124, 123, 15, 196, 42, 97, 37, 85, 95, 62, 84),
    (47, 26, 133, 186, 184, 189, 189, 169, 108, 139, 55, 19, 90, 89, 112, 57, 24, 5, 65, 35, 88, 195, 47, 42, 28, 70, 132, 79, 6, 134, 167, 44, 142, 131, 46, 172, 138, 170, 36, 35),
    (48, 87, 137, 152, 183, 9, 114, 153, 57, 168, 132, 150, 126, 116, 92, 92, 140, 5, 54, 46, 162, 134, 40, 22, 90, 126, 130, 36, 150, 158, 15, 188, 176, 83, 196, 58, 132, 12, 69, 171),
    (49, 83, 5, 121, 61, 145, 133, 181, 132, 9, 50, 187, 13, 55, 50, 58, 16, 88, 132, 188, 177, 163, 174, 139, 106, 65, 85, 149, 172, 96, 0, 67, 62, 39, 169, 53, 127, 19, 75, 4),
    (50, 65, 164, 2, 142, 139, 83, 141, 144, 98, 3, 63, 1, 72, 173, 45, 130, 165, 103, 94, 156, 32, 88, 135, 50, 27, 150, 22, 91, 12, 121, 164, 179, 104, 99, 19, 19, 145, 28, 9),
    (51, 180, 129, 124, 79, 86, 85, 196, 59, 102, 91, 69, 139, 8, 178, 9, 121, 84, 168, 143, 45, 69, 53, 1, 184, 6, 173, 59, 79, 78, 5, 188, 24, 180, 152, 120, 101, 50, 19, 175),
    (52, 169, 62, 75, 34, 172, 194, 51, 3, 2, 56, 145, 49, 34, 91, 6, 149, 180, 197, 179, 160, 107, 138, 53, 44, 104, 165, 107, 56, 124, 183, 96, 11, 101, 144, 30, 178, 138, 32, 14),
    (53, 77, 162, 132, 126, 18, 34, 149, 154, 109, 47, 31, 93, 5, 141, 84, 171, 193, 89, 97, 59, 199, 185, 147, 195, 78, 166, 49, 164, 147, 100, 129, 196, 26, 125, 166, 111, 198, 86, 31),
    (54, 113, 120, 8, 124, 148, 165, 100, 143, 164, 198, 199, 81, 193, 34, 48, 44, 138, 75, 137, 185, 153, 61, 144, 52, 90, 168, 107, 126, 41, 175, 48, 169, 12, 150, 106, 52, 145, 133, 175),
    (55, 97, 175, 28, 28, 198, 54, 28, 104, 185, 28, 15, 40, 114, 126, 182, 62, 91, 175, 32, 173, 138, 48, 73, 40, 170, 197, 197, 4, 92, 140, 182, 126, 183, 34, 191, 197, 101, 72, 197),
    (56, 165, 129, 120, 39, 175, 138, 39, 156, 73, 73, 50, 29, 7, 152, 165, 195, 86, 21, 169, 178, 186, 164, 50, 137, 83, 52, 171, 88, 140, 53, 41, 21, 53, 148, 27, 31, 177, 110, 38),
    (57, 83, 162, 153, 35, 54, 3, 24, 114, 167, 17, 17, 30, 158, 63, 179, 25, 10, 14, 108, 88, 72, 11, 6, 144, 110, 48, 149, 67, 156, 133, 132, 8, 113, 14, 0, 168, 140, 177, 100),
    (58, 101, 177, 187, 62, 174, 144, 110, 49, 182, 145, 141, 89, 179, 72, 167, 134, 195, 113, 38, 163, 93, 73, 60, 20, 71, 54, 88, 68, 9, 163, 112, 191, 40, 50, 77, 84, 76, 102, 42),
    (59, 56, 183, 130, 93, 61, 134, 161, 144, 82, 4, 130, 120, 165, 156, 30, 6, 46, 66, 81, 139, 97, 5, 135, 8, 132, 176, 21, 64, 187, 151, 62, 16, 56, 147, 62, 96, 122, 57, 188),
    (60, 119, 117, 105, 25, 147, 145, 163, 105, 122, 26, 93, 40, 195, 114, 55, 97, 146, 178, 95, 7, 2, 165, 58, 157, 199, 15, 92, 94, 151, 18, 90, 59, 18, 198, 190, 193, 174, 180, 41),
    (61, 17, 102, 195, 198, 77, 71, 152, 177, 191, 17, 31, 95, 32, 94, 178, 199, 180, 93, 193, 17, 28, 134, 171, 147, 90, 183, 112, 2, 137, 2, 155, 135, 101, 154, 68, 15, 1, 60, 34),
    (62, 194, 168, 174, 180, 134, 72, 127, 193, 166, 161, 90, 55, 95, 42, 22, 191, 94, 103, 142, 29, 113, 14, 62, 50, 170, 195, 166, 30, 184, 84, 7, 9, 177, 21, 92, 98, 60, 86, 173),
    (63, 176, 71, 121, 92, 27, 108, 43, 63, 174, 105, 107, 91, 178, 83, 28, 40, 142, 89, 13, 162, 157, 172, 37, 83, 193, 34, 72, 189, 43, 178, 55, 73, 88, 47, 167, 95, 71, 173, 71),
    (64, 30, 51, 68, 25, 15, 132, 92, 109, 11, 179, 106, 110, 81, 67, 132, 199, 28, 38, 152, 89, 155, 158, 34, 184, 130, 67, 58, 58, 90, 45, 116, 109, 33, 135, 94, 96, 34, 41, 117),
    (65, 47, 27, 49, 41, 13, 106, 119, 29, 114, 146, 174, 142, 28, 66, 143, 168, 176, 141, 15, 20, 146, 119, 11, 47, 102, 36, 95, 57, 91, 78, 173, 65, 91, 65, 178, 135, 134, 121, 137),
    (66, 21, 151, 65, 174, 198, 185, 69, 134, 72, 113, 147, 43, 107, 130, 80, 72, 189, 190, 135, 6, 64, 60, 120, 52, 147, 47, 26, 74, 103, 176, 192, 184, 93, 0, 144, 53, 32, 56, 176),
    (67, 162, 50, 102, 198, 156, 64, 35, 89, 119, 119, 100, 171, 53, 111, 80, 149, 168, 85, 84, 180, 114, 187, 139, 92, 115, 9, 106, 168, 37, 62, 184, 22, 94, 191, 136, 124, 185, 71, 28),
    (68, 38, 0, 120, 39, 70, 125, 157, 71, 148, 185, 100, 81, 128, 116, 108, 143, 192, 16, 78, 5, 2, 47, 196, 180, 104, 67, 95, 51, 70, 38, 103, 187, 164, 163, 74, 139, 134, 132, 8),
    (69, 34, 34, 189, 176, 24, 35, 57, 199, 10, 40, 111, 65, 163, 94, 141, 97, 180, 97, 167, 5, 130, 174, 24, 117, 49, 176, 133, 165, 116, 82, 174, 18, 108, 82, 11, 187, 165, 136, 125),
    (70, 175, 5, 118, 55, 11, 135, 170, 105, 100, 187, 14, 4, 19, 118, 29, 159, 9, 128, 51, 74, 166, 137, 193, 135, 101, 150, 93, 118, 136, 64, 33, 138, 137, 73, 72, 58, 161, 109, 103),
    (71, 95, 29, 67, 74, 50, 124, 46, 86, 179, 116, 123, 151, 157, 171, 133, 195, 25, 139, 144, 52, 56, 150, 70, 108, 34, 141, 53, 193, 143, 174, 65, 32, 166, 107, 184, 108, 94, 42, 28),
    (72, 126, 24, 160, 136, 83, 47, 137, 177, 186, 189, 162, 110, 181, 103, 194, 173, 27, 86, 141, 139, 64, 25, 3, 190, 119, 19, 169, 25, 140, 4, 42, 165, 169, 114, 134, 20, 145, 171, 124),
    (73, 191, 21, 64, 172, 186, 171, 115, 21, 79, 182, 78, 170, 148, 101, 132, 128, 137, 89, 60, 50, 154, 64, 109, 17, 178, 164, 197, 3, 41, 173, 62, 72, 176, 22, 23, 67, 83, 182, 2),
    (74, 182, 59, 20, 53, 129, 19, 109, 57, 92, 58, 157, 20, 172, 185, 124, 78, 128, 146, 48, 157, 117, 125, 41, 46, 178, 31, 184, 79, 33, 99, 121, 188, 66, 58, 1, 70, 122, 61, 69),
    (75, 127, 168, 2, 188, 103, 9, 119, 95, 86, 16, 15, 91, 89, 146, 109, 67, 182, 58, 50, 158, 99, 121, 118, 111, 27, 77, 36, 175, 180, 52, 120, 83, 38, 196, 181, 102, 68, 15, 55),
    (76, 0, 136, 180, 65, 75, 178, 161, 32, 23, 36, 70, 143, 53, 90, 194, 99, 79, 78, 162, 185, 137, 106, 135, 138, 196, 14, 57, 21, 173, 185, 18, 159, 71, 151, 166, 101, 168, 31, 42),
    (77, 0, 180, 164, 190, 128, 12, 195, 26, 13, 42, 198, 29, 186, 30, 147, 35, 140, 38, 177, 192, 64, 108, 131, 153, 182, 10, 72, 61, 193, 106, 196, 31, 144, 146, 187, 179, 135, 60, 112),
    (78, 65, 1, 130, 131, 53, 60, 100, 68, 115, 110, 62, 149, 34, 186, 115, 10, 48, 74, 32, 165, 67, 36, 176, 118, 144, 189, 145, 133, 39, 178, 37, 41, 170, 132, 106, 29, 152, 153, 156),
    (79, 169, 101, 133, 83, 27, 193, 151, 61, 40, 149, 23, 60, 107, 181, 182, 198, 63, 94, 18, 91, 149, 60, 126, 165, 120, 115, 106, 37, 76, 2, 126, 2, 140, 147, 66, 12, 157, 74, 166),
    (80, 39, 78, 121, 187, 168, 127, 91, 155, 77, 52, 58, 56, 65, 95, 159, 160, 28, 12, 156, 91, 54, 75, 151, 83, 87, 169, 161, 77, 138, 73, 7, 146, 134, 96, 128, 113, 135, 77, 109),
    (81, 76, 137, 66, 52, 16, 54, 2, 25, 8, 33, 105, 173, 2, 73, 57, 37, 55, 112, 0, 97, 115, 122, 112, 165, 67, 124, 137, 68, 161, 58, 58, 28, 168, 182, 33, 103, 23, 79, 35),
    (82, 133, 170, 79, 59, 164, 135, 6, 166, 187, 21, 175, 45, 37, 102, 30, 195, 26, 21, 149, 54, 63, 164, 146, 18, 166, 54, 7, 169, 168, 188, 185, 161, 41, 67, 48, 4, 193, 144, 22),
    (83, 160, 37, 61, 153, 135, 135, 147, 16, 193, 141, 101, 48, 178, 120, 197, 193, 65, 42, 122, 13, 13, 88, 185, 29, 7, 86, 77, 27, 71, 52, 161, 157, 20, 82, 143, 176, 151, 96, 67),
    (84, 104, 138, 176, 110, 157, 93, 103, 104, 194, 113, 189, 15, 47, 153, 176, 134, 187, 60, 68, 142, 37, 144, 73, 28, 187, 165, 160, 120, 91, 69, 140, 14, 88, 160, 132, 83, 152, 78, 8),
    (85, 182, 157, 0, 186, 162, 78, 187, 109, 188, 65, 141, 153, 168, 49, 23, 164, 194, 163, 53, 60, 26, 7, 113, 127, 140, 182, 36, 83, 7, 140, 99, 74, 150, 176, 65, 144, 18, 124, 139),
    (86, 161, 29, 159, 139, 6, 24, 125, 94, 102, 22, 72, 80, 122, 124, 40, 83, 44, 85, 169, 58, 165, 60, 66, 193, 67, 47, 149, 40, 57, 165, 48, 143, 77, 103, 168, 180, 166, 51, 66),
    (87, 1, 172, 149, 179, 99, 62, 115, 177, 103, 48, 63, 191, 88, 168, 47, 24, 48, 71, 53, 89, 87, 162, 191, 154, 107, 166, 42, 77, 161, 17, 14, 49, 185, 181, 34, 94, 167, 116, 29),
    (88, 143, 54, 17, 117, 40, 176, 104, 188, 196, 16, 46, 128, 185, 146, 57, 161, 3, 86, 64, 158, 141, 44, 189, 173, 126, 154, 98, 102, 110, 89, 14, 107, 91, 182, 1, 56, 18, 142, 171),
    (89, 159, 138, 175, 29, 106, 151, 191, 96, 10, 57, 141, 120, 22, 57, 143, 146, 64, 120, 179, 58, 76, 46, 20, 80, 23, 10, 61, 20, 93, 137, 65, 20, 10, 64, 143, 29, 87, 159, 122),
    (90, 133, 80, 16, 193, 91, 42, 21, 105, 134, 70, 171, 114, 24, 4, 75, 148, 47, 195, 196, 104, 124, 53, 137, 52, 115, 6, 16, 187, 120, 73, 161, 133, 163, 67, 98, 66, 101, 123, 198),
    (91, 127, 155, 97, 78, 83, 140, 153, 10, 37, 55, 10, 142, 92, 39, 105, 38, 178, 75, 52, 103, 8, 131, 45, 177, 195, 125, 104, 176, 115, 133, 129, 189, 180, 61, 9, 16, 153, 67, 143),
    (92, 20, 172, 185, 30, 184, 107, 62, 175, 142, 17, 39, 11, 7, 90, 28, 87, 28, 191, 164, 106, 130, 43, 13, 139, 16, 170, 99, 167, 116, 102, 177, 196, 156, 69, 96, 158, 21, 187, 159),
    (93, 88, 195, 15, 103, 22, 127, 171, 58, 163, 78, 155, 166, 182, 94, 89, 184, 143, 146, 12, 19, 132, 6, 50, 60, 0, 160, 48, 37, 164, 114, 154, 103, 81, 143, 53, 92, 184, 72, 89),
    (94, 192, 133, 44, 199, 189, 116, 103, 187, 73, 146, 53, 38, 135, 196, 163, 175, 48, 190, 56, 165, 19, 154, 19, 148, 114, 162, 30, 108, 193, 49, 46, 149, 34, 182, 62, 67, 166, 194, 180),
    (95, 5, 188, 82, 146, 125, 169, 102, 87, 77, 22, 23, 52, 7, 14, 113, 162, 170, 50, 153, 172, 150, 149, 102, 121, 46, 95, 135, 9, 12, 90, 90, 183, 7, 156, 73, 182, 37, 153, 36),
    (96, 10, 151, 118, 132, 94, 164, 138, 181, 3, 79, 114, 32, 171, 195, 123, 148, 2, 133, 197, 30, 166, 193, 147, 23, 20, 59, 176, 149, 97, 16, 59, 51, 45, 125, 66, 183, 199, 181, 128),
    (97, 123, 149, 18, 60, 56, 39, 95, 190, 182, 152, 91, 6, 34, 171, 75, 146, 195, 165, 84, 81, 137, 119, 37, 127, 49, 92, 39, 183, 177, 169, 169, 3, 150, 165, 133, 97, 96, 45, 77),
    (98, 48, 52, 9, 23, 113, 96, 20, 55, 88, 85, 4, 4, 149, 174, 77, 31, 24, 149, 153, 162, 71, 11, 109, 107, 139, 192, 147, 76, 116, 33, 61, 85, 188, 130, 190, 94, 197, 94, 8),
    (99, 142, 123, 129, 60, 38, 18, 167, 180, 125, 194, 71, 139, 158, 31, 10, 85, 29, 169, 135, 191, 129, 70, 141, 172, 194, 28, 197, 14, 188, 147, 33, 103, 153, 101, 23, 45, 73, 79, 35),
    (100, 83, 49, 25, 41, 160, 6, 197, 65, 76, 97, 12, 101, 157, 0, 86, 116, 38, 98, 105, 195, 186, 143, 10, 6, 145, 100, 72, 91, 70, 42, 157, 35, 191, 56, 60, 83, 128, 71, 76),
    (101, 147, 169, 184, 188, 71, 148, 130, 169, 195, 156, 156, 181, 22, 42, 103, 121, 108, 101, 18, 25, 160, 61, 47, 41, 159, 52, 172, 62, 165, 105, 47, 180, 177, 195, 13, 77, 150, 107, 53),
    (102, 124, 6, 12, 2, 83, 59, 48, 172, 160, 190, 44, 135, 61, 23, 92, 19, 199, 19, 61, 65, 145, 69, 112, 153, 48, 144, 64, 156, 130, 74, 85, 4, 169, 42, 81, 7, 5, 61, 190),
    (103, 80, 170, 134, 121, 126, 181, 8, 58, 175, 75, 158, 34, 61, 155, 73, 34, 36, 188, 61, 106, 198, 121, 196, 99, 28, 71, 197, 68, 8, 118, 74, 84, 72, 193, 73, 195, 33, 196, 170),
    (104, 122, 114, 26, 105, 52, 134, 93, 192, 115, 103, 159, 175, 44, 6, 53, 165, 173, 52, 69, 13, 192, 72, 163, 172, 131, 139, 170, 151, 76, 11, 91, 29, 171, 69, 106, 124, 174, 20, 183),
    (105, 174, 92, 61, 172, 161, 24, 2, 112, 98, 17, 146, 120, 23, 149, 1, 177, 14, 118, 14, 129, 173, 6, 15, 153, 94, 100, 172, 140, 182, 58, 9, 37, 145, 77, 91, 128, 101, 157, 60),
    (106, 53, 74, 135, 191, 136, 167, 148, 42, 97, 40, 0, 169, 40, 14, 93, 71, 4, 190, 59, 12, 64, 41, 25, 94, 170, 181, 174, 163, 153, 114, 111, 185, 145, 59, 151, 149, 162, 107, 155),
    (107, 25, 76, 70, 109, 0, 128, 59, 84, 155, 97, 40, 11, 196, 94, 198, 3, 95, 37, 102, 59, 158, 134, 38, 35, 21, 153, 68, 50, 97, 117, 91, 84, 159, 166, 138, 65, 192, 134, 93),
    (108, 24, 55, 30, 158, 134, 69, 167, 173, 60, 196, 184, 69, 119, 190, 56, 49, 190, 191, 153, 103, 143, 91, 26, 118, 168, 129, 130, 69, 16, 6, 62, 186, 142, 196, 98, 80, 103, 109, 62),
    (109, 124, 26, 83, 32, 38, 162, 111, 195, 121, 97, 126, 199, 52, 86, 74, 134, 83, 31, 108, 198, 17, 98, 116, 45, 82, 27, 123, 58, 80, 16, 81, 172, 126, 60, 79, 135, 1, 124, 0),
    (110, 145, 185, 142, 193, 21, 193, 12, 199, 188, 53, 91, 122, 124, 197, 101, 26, 105, 18, 106, 93, 121, 196, 150, 16, 42, 60, 38, 93, 154, 79, 75, 142, 154, 5, 84, 110, 175, 140, 24),
    (111, 142, 24, 159, 91, 18, 20, 104, 35, 52, 145, 186, 81, 32, 114, 188, 98, 91, 19, 128, 3, 184, 161, 160, 81, 95, 102, 1, 59, 7, 147, 108, 199, 182, 100, 42, 39, 9, 170, 179),
    (112, 16, 0, 28, 70, 169, 140, 199, 109, 41, 85, 11, 126, 103, 41, 159, 52, 145, 92, 12, 109, 82, 63, 153, 16, 125, 101, 33, 33, 11, 45, 46, 185, 72, 138, 70, 4, 167, 65, 68),
    (113, 153, 120, 120, 19, 147, 12, 24, 66, 73, 79, 90, 94, 129, 11, 147, 99, 60, 187, 180, 83, 137, 42, 53, 44, 37, 6, 65, 142, 18, 37, 192, 172, 103, 76, 127, 20, 117, 189, 88),
    (114, 125, 121, 129, 4, 23, 69, 142, 23, 76, 146, 139, 84, 173, 130, 70, 145, 67, 160, 28, 31, 94, 177, 115, 168, 127, 89, 54, 100, 149, 114, 182, 189, 108, 167, 49, 25, 135, 59, 99),
    (115, 198, 28, 4, 147, 159, 75, 96, 142, 186, 4, 171, 99, 152, 91, 39, 120, 128, 86, 7, 117, 93, 175, 199, 45, 126, 57, 189, 185, 122, 146, 7, 127, 9, 136, 39, 3, 189, 181, 133),
    (116, 99, 196, 72, 35, 66, 52, 81, 109, 146, 45, 11, 135, 90, 140, 13, 178, 194, 129, 192, 32, 6, 33, 184, 47, 179, 190, 59, 156, 1, 119, 129, 155, 6, 1, 82, 164, 172, 89, 63),
    (117, 68, 52, 10, 133, 90, 131, 91, 184, 162, 112, 142, 155, 1, 127, 132, 57, 37, 102, 177, 116, 69, 65, 89, 41, 134, 39, 21, 109, 145, 75, 64, 178, 12, 13, 14, 91, 112, 84, 41),
    (118, 36, 89, 166, 159, 84, 71, 163, 19, 11, 168, 92, 52, 165, 93, 50, 114, 89, 174, 59, 88, 106, 195, 37, 134, 136, 114, 2, 153, 128, 114, 64, 37, 155, 196, 75, 117, 141, 119, 94),
    (119, 104, 103, 140, 167, 77, 3, 50, 38, 181, 152, 134, 175, 111, 69, 77, 130, 135, 98, 178, 183, 23, 82, 143, 18, 121, 66, 17, 191, 188, 106, 196, 29, 196, 2, 128, 34, 73, 165, 70),
    (120, 146, 148, 84, 1, 156, 3, 111, 8, 29, 145, 109, 150, 106, 51, 197, 43, 129, 192, 80, 93, 54, 138, 56, 88, 28, 179, 43, 58, 194, 174, 78, 138, 75, 40, 130, 38, 166, 115, 23),
    (121, 185, 194, 4, 181, 31, 17, 47, 142, 5, 91, 88, 101, 54, 25, 39, 56, 178, 76, 92, 146, 20, 189, 32, 97, 73, 180, 115, 100, 188, 5, 153, 19, 140, 165, 69, 137, 181, 39, 82),
    (122, 105, 90, 149, 178, 156, 90, 70, 58, 105, 57, 17, 52, 29, 195, 111, 165, 49, 147, 45, 198, 9, 53, 20, 78, 115, 41, 41, 46, 167, 53, 28, 87, 33, 162, 143, 125, 84, 14, 189),
    (123, 54, 19, 17, 89, 39, 38, 105, 154, 28, 162, 127, 19, 18, 140, 9, 120, 136, 106, 189, 110, 137, 142, 54, 184, 71, 163, 191, 21, 176, 81, 160, 18, 149, 123, 173, 75, 77, 178, 119),
    (124, 143, 167, 135, 186, 101, 177, 188, 102, 152, 174, 41, 184, 136, 102, 50, 57, 50, 71, 14, 177, 132, 126, 37, 42, 152, 4, 184, 31, 72, 110, 62, 151, 123, 156, 172, 40, 138, 143, 183),
    (125, 121, 49, 110, 65, 19, 69, 115, 26, 148, 16, 26, 99, 190, 59, 1, 177, 6, 49, 95, 183, 66, 128, 199, 153, 3, 46, 157, 80, 77, 115, 196, 190, 39, 85, 31, 43, 174, 186, 187),
    (126, 33, 90, 146, 184, 121, 44, 72, 71, 54, 100, 177, 27, 146, 35, 121, 110, 46, 102, 61, 77, 17, 64, 130, 48, 126, 23, 79, 38, 197, 185, 118, 153, 82, 194, 33, 117, 47, 76, 199),
    (127, 39, 10, 73, 89, 128, 45, 172, 43, 151, 184, 17, 63, 173, 150, 171, 107, 77, 71, 87, 31, 56, 185, 63, 35, 105, 28, 154, 105, 110, 93, 80, 112, 184, 125, 196, 43, 163, 31, 92),
    (128, 79, 198, 167, 101, 3, 80, 36, 198, 94, 139, 20, 96, 21, 171, 195, 143, 121, 64, 93, 39, 115, 152, 96, 91, 39, 161, 98, 34, 60, 15, 19, 111, 21, 83, 123, 137, 109, 124, 54),
    (129, 157, 35, 164, 140, 64, 116, 43, 127, 69, 163, 130, 121, 113, 60, 147, 48, 56, 19, 193, 144, 49, 168, 191, 109, 36, 89, 136, 19, 89, 70, 24, 115, 191, 65, 145, 4, 24, 69, 65),
    (130, 126, 142, 9, 79, 94, 37, 117, 110, 115, 147, 186, 10, 0, 75, 164, 154, 49, 164, 12, 115, 83, 38, 53, 7, 66, 4, 68, 37, 36, 194, 169, 173, 43, 43, 159, 107, 20, 2, 101),
    (131, 90, 139, 148, 67, 91, 1, 93, 109, 136, 185, 79, 91, 37, 23, 13, 102, 195, 99, 89, 122, 115, 183, 60, 138, 136, 81, 85, 55, 131, 85, 50, 157, 52, 96, 172, 17, 182, 69, 89),
    (132, 6, 108, 129, 12, 23, 124, 2, 78, 167, 120, 84, 34, 136, 71, 109, 107, 146, 138, 60, 174, 177, 149, 142, 165, 39, 179, 83, 57, 55, 96, 179, 38, 7, 127, 118, 136, 3, 29, 145),
    (133, 11, 23, 39, 46, 117, 179, 110, 23, 119, 120, 71, 193, 140, 149, 113, 59, 64, 28, 7, 95, 0, 171, 78, 61, 11, 87, 112, 137, 7, 168, 9, 185, 37, 30, 20, 1, 86, 112, 141),
    (134, 132, 177, 30, 55, 42, 150, 2, 140, 113, 107, 74, 113, 68, 127, 106, 87, 97, 144, 101, 111, 106, 90, 138, 106, 97, 65, 96, 126, 90, 106, 77, 26, 191, 29, 168, 114, 2, 162, 101),
    (135, 74, 55, 51, 164, 27, 8, 48, 99, 180, 76, 194, 16, 165, 108, 46, 141, 153, 87, 49, 39, 2, 88, 167, 63, 141, 93, 58, 147, 176, 69, 15, 70, 57, 135, 31, 65, 140, 172, 39),
    (136, 193, 35, 194, 150, 44, 198, 106, 19, 8, 87, 6, 133, 149, 8, 144, 14, 67, 91, 176, 46, 130, 79, 189, 108, 56, 124, 152, 15, 148, 60, 177, 104, 125, 133, 30, 33, 4, 18, 190),
    (137, 129, 116, 99, 9, 146, 106, 100, 171, 124, 127, 104, 157, 173, 64, 39, 40, 87, 191, 84, 44, 60, 32, 20, 174, 62, 135, 49, 97, 9, 36, 141, 73, 72, 141, 169, 52, 80, 195, 91),
    (138, 75, 159, 46, 129, 165, 162, 129, 38, 2, 48, 197, 92, 137, 60, 69, 112, 99, 147, 54, 199, 9, 109, 0, 13, 181, 183, 30, 189, 11, 85, 165, 184, 89, 185, 20, 153, 198, 156, 190),
    (139, 106, 41, 98, 4, 82, 97, 113, 86, 181, 136, 142, 136, 143, 45, 65, 158, 193, 24, 107, 184, 14, 191, 176, 182, 29, 52, 27, 138, 25, 130, 56, 169, 198, 116, 139, 173, 52, 129, 171),
    (140, 143, 44, 12, 42, 177, 143, 22, 132, 146, 60, 115, 133, 34, 198, 154, 134, 15, 139, 92, 153, 198, 104, 12, 176, 107, 167, 31, 43, 121, 43, 47, 161, 150, 40, 162, 147, 178, 9, 110),
    (141, 44, 153, 154, 103, 186, 185, 68, 20, 191, 199, 96, 94, 142, 162, 51, 115, 117, 162, 74, 91, 127, 106, 137, 175, 157, 60, 147, 43, 8, 56, 12, 71, 45, 125, 105, 47, 64, 161, 26),
    (142, 138, 198, 0, 123, 106, 52, 35, 118, 66, 172, 153, 189, 163, 46, 77, 127, 183, 121, 161, 88, 193, 15, 25, 136, 74, 162, 183, 106, 106, 103, 144, 165, 152, 188, 171, 0, 100, 143, 72),
    (143, 131, 128, 119, 0, 189, 182, 22, 183, 82, 78, 155, 144, 145, 87, 110, 42, 133, 121, 123, 61, 176, 41, 32, 112, 199, 0, 61, 182, 15, 126, 184, 116, 171, 68, 15, 186, 23, 190, 14),
    (144, 161, 168, 79, 62, 1, 54, 117, 71, 7, 186, 32, 149, 46, 172, 86, 89, 94, 62, 124, 105, 57, 178, 97, 163, 54, 65, 132, 170, 102, 140, 16, 116, 105, 25, 21, 104, 144, 181, 97),
    (145, 14, 103, 176, 47, 87, 76, 61, 179, 21, 40, 61, 28, 41, 138, 100, 53, 41, 123, 74, 158, 198, 23, 117, 130, 181, 6, 134, 79, 110, 7, 20, 119, 12, 4, 83, 182, 144, 16, 189),
    (146, 104, 155, 108, 45, 162, 109, 133, 107, 121, 174, 180, 18, 199, 168, 105, 12, 135, 135, 193, 114, 57, 125, 109, 128, 9, 71, 114, 131, 4, 177, 113, 75, 139, 4, 134, 60, 121, 60, 77),
    (147, 144, 91, 124, 37, 79, 68, 25, 91, 178, 119, 4, 133, 96, 180, 74, 65, 19, 69, 93, 12, 165, 77, 117, 191, 82, 7, 56, 146, 169, 54, 124, 79, 13, 192, 50, 199, 139, 116, 99),
    (148, 196, 149, 16, 115, 126, 139, 51, 83, 189, 40, 75, 137, 25, 161, 186, 98, 64, 101, 70, 110, 98, 162, 87, 130, 192, 145, 154, 72, 35, 146, 199, 8, 138, 159, 23, 65, 185, 176, 14),
    (149, 191, 0, 62, 147, 70, 133, 159, 21, 125, 61, 171, 179, 45, 34, 164, 144, 27, 135, 51, 110, 166, 99, 179, 86, 196, 6, 126, 37, 85, 96, 73, 93, 133, 35, 12, 77, 153, 96, 86),
    (150, 77, 18, 89, 62, 183, 102, 121, 63, 88, 168, 167, 16, 129, 33, 131, 123, 186, 26, 95, 154, 44, 14, 196, 175, 179, 154, 119, 114, 51, 192, 54, 7, 164, 37, 109, 187, 88, 133, 85),
    (151, 61, 55, 22, 191, 129, 179, 139, 4, 68, 94, 33, 19, 190, 48, 79, 81, 175, 93, 31, 34, 191, 89, 113, 31, 120, 21, 142, 107, 23, 52, 83, 76, 60, 26, 119, 184, 179, 121, 123),
    (152, 43, 185, 181, 148, 163, 33, 7, 48, 87, 156, 198, 176, 114, 175, 77, 120, 55, 81, 159, 171, 194, 51, 109, 183, 93, 192, 182, 70, 163, 136, 100, 54, 33, 7, 133, 187, 123, 27, 196),
    (153, 150, 73, 25, 128, 197, 41, 78, 116, 83, 132, 143, 58, 162, 66, 9, 102, 86, 7, 98, 90, 159, 48, 65, 154, 129, 77, 132, 12, 157, 27, 1, 104, 68, 15, 97, 37, 86, 108, 39),
    (154, 45, 104, 3, 188, 178, 142, 53, 28, 152, 14, 45, 91, 108, 150, 51, 99, 105, 123, 99, 97, 124, 33, 140, 114, 88, 10, 141, 62, 60, 179, 16, 4, 107, 143, 73, 187, 168, 134, 118),
    (155, 177, 172, 18, 172, 130, 135, 60, 160, 99, 131, 191, 164, 87, 143, 42, 178, 58, 15, 82, 77, 114, 74, 196, 195, 40, 81, 61, 48, 46, 189, 165, 139, 33, 32, 130, 67, 167, 123, 23),
    (156, 171, 74, 181, 105, 159, 180, 98, 124, 74, 90, 89, 56, 7, 108, 90, 55, 10, 169, 162, 136, 168, 168, 194, 91, 94, 53, 35, 194, 151, 128, 132, 73, 180, 0, 65, 168, 68, 82, 126),
    (157, 118, 180, 37, 156, 77, 190, 147, 153, 119, 150, 10, 21, 16, 32, 121, 17, 129, 26, 90, 2, 186, 23, 142, 30, 10, 107, 45, 87, 163, 86, 124, 32, 72, 79, 128, 45, 37, 81, 67),
    (158, 124, 31, 162, 25, 82, 138, 97, 79, 76, 164, 105, 122, 47, 60, 167, 61, 170, 133, 112, 153, 154, 50, 174, 108, 77, 114, 68, 146, 85, 102, 97, 182, 31, 73, 58, 137, 100, 106, 154),
    (159, 54, 86, 46, 66, 116, 28, 60, 7, 110, 56, 169, 164, 7, 121, 111, 89, 68, 107, 90, 131, 9, 157, 102, 89, 198, 39, 116, 159, 41, 172, 137, 12, 158, 75, 189, 103, 48, 64, 52),
    (160, 40, 152, 129, 181, 96, 143, 93, 22, 181, 176, 150, 168, 98, 132, 67, 163, 144, 49, 93, 155, 53, 54, 156, 36, 116, 38, 54, 114, 19, 118, 121, 165, 148, 76, 118, 43, 63, 41, 77),
    (161, 24, 17, 153, 174, 106, 168, 110, 61, 121, 11, 197, 51, 50, 128, 186, 177, 149, 4, 149, 166, 100, 35, 164, 185, 197, 168, 164, 7, 45, 160, 151, 35, 191, 45, 136, 102, 160, 60, 41),
    (162, 133, 13, 93, 185, 75, 158, 29, 173, 52, 50, 24, 153, 154, 140, 177, 97, 160, 15, 80, 43, 6, 104, 96, 4, 165, 181, 133, 42, 112, 85, 187, 40, 31, 192, 156, 67, 124, 82, 5),
    (163, 192, 97, 49, 167, 99, 162, 16, 154, 198, 94, 8, 62, 27, 155, 10, 105, 57, 83, 88, 161, 183, 54, 169, 180, 91, 140, 173, 125, 191, 14, 5, 22, 156, 179, 22, 168, 91, 59, 8),
    (164, 25, 183, 155, 110, 0, 40, 84, 183, 6, 47, 166, 42, 122, 182, 70, 116, 178, 38, 122, 85, 17, 164, 127, 156, 146, 191, 45, 156, 57, 173, 26, 44, 163, 153, 149, 51, 140, 185, 119),
    (165, 86, 12, 128, 145, 43, 199, 96, 76, 8, 118, 185, 138, 45, 7, 170, 108, 2, 134, 70, 130, 190, 143, 166, 154, 168, 111, 150, 53, 162, 190, 8, 194, 28, 126, 191, 169, 70, 129, 176),
    (166, 146, 7, 24, 70, 110, 35, 8, 40, 191, 75, 87, 54, 116, 66, 129, 103, 164, 95, 168, 21, 31, 95, 25, 88, 110, 191, 11, 133, 16, 181, 133, 11, 90, 194, 77, 134, 194, 29, 135),
    (167, 119, 175, 95, 85, 154, 161, 14, 182, 172, 87, 152, 104, 82, 116, 123, 55, 85, 62, 164, 151, 99, 93, 7, 172, 21, 39, 33, 160, 152, 48, 63, 94, 126, 153, 188, 101, 67, 55, 31),
    (168, 86, 170, 49, 121, 142, 89, 40, 140, 189, 161, 28, 55, 109, 55, 82, 115, 171, 24, 84, 60, 182, 185, 156, 197, 98, 150, 40, 148, 56, 117, 5, 174, 53, 191, 181, 144, 140, 167, 18),
    (169, 44, 12, 169, 87, 144, 69, 131, 87, 149, 144, 80, 71, 180, 98, 58, 50, 171, 50, 131, 18, 105, 81, 14, 76, 152, 43, 21, 63, 135, 114, 77, 20, 165, 121, 93, 199, 103, 162, 7),
    (170, 125, 137, 199, 115, 110, 9, 35, 93, 129, 7, 180, 55, 37, 105, 3, 113, 138, 82, 95, 113, 168, 25, 32, 136, 42, 185, 25, 81, 164, 109, 8, 92, 41, 149, 125, 67, 77, 77, 33),
    (171, 158, 100, 139, 72, 121, 186, 97, 83, 169, 8, 56, 58, 55, 106, 184, 24, 54, 111, 130, 158, 110, 108, 29, 124, 108, 62, 65, 62, 187, 126, 139, 104, 180, 67, 27, 190, 68, 136, 86),
    (172, 126, 165, 24, 125, 98, 23, 21, 35, 184, 75, 58, 192, 133, 20, 72, 176, 108, 89, 4, 91, 83, 111, 194, 74, 18, 11, 139, 166, 67, 178, 119, 109, 127, 171, 62, 22, 65, 121, 115),
    (173, 67, 68, 192, 131, 50, 13, 46, 46, 6, 172, 73, 84, 173, 168, 196, 80, 122, 192, 85, 33, 34, 74, 161, 170, 111, 97, 155, 180, 67, 131, 94, 88, 53, 188, 155, 18, 102, 138, 106),
    (174, 177, 177, 122, 189, 178, 103, 60, 19, 158, 74, 15, 97, 11, 19, 21, 124, 68, 86, 16, 53, 31, 39, 153, 102, 29, 22, 182, 144, 20, 16, 36, 165, 39, 135, 15, 60, 73, 21, 31),
    (175, 109, 94, 13, 101, 88, 61, 42, 85, 78, 43, 24, 94, 67, 186, 111, 108, 5, 41, 64, 130, 109, 16, 148, 8, 74, 118, 55, 105, 86, 31, 66, 188, 78, 179, 7, 39, 71, 178, 180),
    (176, 31, 189, 132, 162, 50, 87, 156, 30, 36, 46, 73, 83, 128, 15, 194, 133, 154, 156, 56, 137, 137, 16, 25, 121, 182, 84, 124, 99, 119, 136, 9, 58, 146, 66, 129, 91, 153, 124, 93),
    (177, 145, 105, 194, 178, 136, 182, 73, 194, 38, 37, 29, 150, 185, 147, 20, 140, 68, 160, 12, 162, 124, 11, 110, 33, 142, 88, 84, 120, 34, 85, 116, 59, 98, 150, 20, 23, 143, 115, 198),
    (178, 87, 191, 162, 18, 31, 136, 46, 15, 137, 167, 90, 42, 75, 183, 87, 54, 157, 181, 154, 80, 57, 119, 138, 124, 190, 14, 123, 77, 29, 37, 38, 33, 99, 53, 101, 107, 45, 5, 118),
    (179, 197, 60, 43, 105, 93, 139, 7, 33, 100, 142, 39, 98, 63, 96, 68, 98, 67, 111, 95, 152, 96, 61, 45, 145, 22, 173, 85, 74, 8, 7, 143, 148, 169, 2, 175, 74, 188, 3, 104),
    (180, 53, 74, 41, 183, 78, 118, 13, 38, 193, 163, 47, 10, 57, 26, 26, 44, 63, 177, 46, 10, 53, 137, 195, 98, 87, 119, 132, 20, 133, 180, 142, 157, 88, 72, 17, 21, 105, 77, 119),
    (181, 59, 190, 93, 69, 106, 120, 91, 54, 197, 190, 43, 27, 183, 122, 168, 106, 53, 103, 185, 71, 20, 20, 80, 30, 144, 151, 111, 103, 52, 157, 23, 81, 151, 81, 191, 35, 60, 109, 133),
    (182, 37, 178, 49, 65, 183, 58, 76, 111, 1, 12, 97, 93, 113, 23, 21, 172, 164, 116, 193, 169, 127, 6, 46, 161, 24, 159, 27, 25, 156, 74, 192, 6, 188, 58, 19, 37, 117, 9, 165),
    (183, 124, 171, 83, 182, 165, 114, 62, 74, 185, 35, 134, 25, 53, 95, 198, 78, 99, 125, 192, 92, 164, 133, 130, 93, 164, 70, 173, 146, 156, 0, 112, 88, 70, 34, 110, 100, 21, 124, 99),
    (184, 13, 120, 52, 192, 19, 74, 65, 184, 27, 113, 119, 174, 158, 50, 59, 40, 104, 172, 109, 170, 190, 107, 75, 133, 186, 174, 104, 26, 179, 101, 172, 170, 189, 168, 18, 192, 110, 72, 34),
    (185, 140, 114, 26, 160, 91, 156, 116, 30, 180, 195, 197, 67, 20, 176, 3, 80, 98, 45, 58, 163, 18, 150, 98, 45, 90, 115, 8, 10, 86, 180, 8, 105, 164, 47, 157, 105, 52, 121, 110),
    (186, 158, 101, 188, 106, 22, 177, 36, 102, 119, 21, 24, 135, 113, 109, 66, 3, 175, 177, 36, 149, 126, 29, 118, 128, 41, 107, 151, 41, 170, 101, 39, 120, 148, 198, 64, 180, 162, 194, 76),
    (187, 15, 80, 87, 77, 50, 119, 10, 56, 177, 38, 31, 83, 31, 25, 152, 74, 30, 39, 95, 22, 19, 174, 21, 46, 125, 107, 140, 130, 41, 167, 132, 45, 149, 119, 93, 125, 122, 171, 50),
    (188, 50, 56, 100, 125, 72, 195, 44, 35, 157, 144, 197, 7, 125, 39, 47, 90, 78, 174, 185, 155, 27, 90, 72, 140, 98, 11, 87, 77, 165, 184, 79, 108, 9, 175, 174, 198, 172, 59, 97),
    (189, 158, 166, 140, 102, 97, 101, 124, 123, 165, 127, 107, 67, 57, 27, 140, 116, 86, 146, 188, 135, 168, 17, 39, 65, 26, 135, 23, 12, 86, 160, 15, 124, 112, 11, 1, 16, 85, 150, 130),
    (190, 117, 96, 165, 5, 0, 90, 160, 43, 190, 148, 175, 70, 103, 150, 190, 96, 157, 40, 4, 129, 27, 125, 17, 57, 62, 9, 11, 89, 113, 55, 73, 121, 72, 51, 108, 118, 130, 52, 166),
    (191, 21, 148, 178, 136, 144, 11, 105, 193, 133, 160, 179, 105, 152, 124, 161, 162, 6, 78, 111, 1, 86, 44, 22, 174, 54, 111, 132, 109, 100, 13, 30, 4, 147, 11, 32, 49, 164, 189, 79),
    (192, 24, 113, 102, 83, 118, 150, 37, 167, 76, 90, 101, 182, 7, 19, 29, 144, 183, 141, 113, 26, 196, 198, 168, 3, 134, 144, 88, 71, 41, 175, 12, 67, 55, 19, 83, 121, 142, 180, 163),
    (193, 169, 199, 14, 155, 106, 7, 94, 93, 63, 36, 62, 145, 179, 101, 108, 36, 159, 175, 157, 191, 2, 145, 183, 101, 185, 11, 66, 2, 199, 37, 140, 199, 98, 132, 18, 142, 97, 96, 139),
    (194, 79, 80, 89, 34, 91, 196, 181, 37, 76, 16, 82, 36, 8, 23, 89, 109, 14, 185, 133, 171, 196, 179, 15, 57, 75, 21, 62, 158, 113, 89, 89, 124, 137, 152, 157, 18, 58, 12, 49),
    (195, 28, 11, 60, 101, 72, 165, 108, 127, 168, 119, 188, 190, 180, 169, 130, 49, 64, 155, 43, 183, 198, 27, 123, 129, 45, 88, 148, 102, 44, 195, 72, 17, 15, 147, 160, 75, 55, 12, 66),
    (196, 7, 178, 158, 38, 84, 106, 83, 60, 194, 90, 94, 7, 178, 82, 144, 104, 191, 6, 115, 151, 56, 190, 101, 101, 27, 162, 175, 73, 1, 116, 122, 106, 154, 22, 3, 28, 179, 41, 144),
    (197, 32, 33, 159, 126, 198, 185, 104, 123, 88, 163, 39, 5, 72, 85, 165, 148, 103, 187, 148, 4, 119, 62, 2, 132, 35, 196, 34, 47, 65, 175, 78, 11, 22, 59, 167, 185, 178, 126, 50),
    (198, 170, 138, 60, 152, 15, 130, 62, 45, 126, 6, 32, 22, 179, 189, 154, 13, 40, 162, 173, 188, 82, 64, 171, 130, 61, 18, 75, 88, 157, 10, 56, 86, 136, 104, 67, 171, 13, 50, 26),
    (199, 69, 114, 12, 95, 128, 174, 67, 26, 50, 160, 20, 94, 146, 35, 148, 100, 99, 197, 107, 152, 175, 141, 52, 181, 137, 122, 41, 94, 88, 189, 30, 53, 22, 76, 160, 136, 24, 50, 30);

INSERT INTO T34 (pk, t1, t2, t3, t4, t5, t6, t7, t8, t9, t10, t11, t12, t13, t14, t15, t16, t17, t18, t19, t20, t21, t22, t23, t24, t25, t26, t27, t28, t29, t30, t31, t32, t33, t35, t36, t37, t38, t39, t40)
VALUES
    (0, 33, 107, 188, 88, 0, 40, 105, 10, 54, 61, 2, 3, 145, 80, 24, 183, 69, 109, 47, 4, 117, 189, 81, 171, 197, 178, 28, 169, 0, 42, 27, 77, 80, 31, 166, 164, 92, 184, 163),
    (1, 180, 139, 160, 187, 61, 147, 85, 179, 21, 51, 97, 173, 117, 45, 134, 105, 1, 25, 113, 94, 144, 13, 1, 53, 98, 104, 82, 62, 184, 70, 87, 169, 49, 121, 177, 151, 135, 185, 31),
    (2, 99, 63, 193, 142, 85, 118, 181, 47, 38, 20, 185, 55, 129, 113, 165, 93, 125, 116, 44, 113, 79, 76, 83, 43, 186, 125, 167, 134, 134, 189, 44, 153, 102, 173, 79, 97, 43, 140, 122),
    (3, 51, 132, 105, 95, 194, 62, 85, 148, 106, 156, 99, 128, 145, 152, 32, 83, 7, 168, 33, 158, 163, 179, 135, 184, 71, 31, 152, 69, 164, 172, 82, 127, 192, 195, 68, 180, 199, 172, 14),
    (4, 118, 26, 38, 11, 28, 64, 110, 86, 39, 123, 8, 133, 113, 74, 122, 41, 139, 72, 22, 99, 60, 131, 173, 41, 125, 180, 72, 132, 40, 61, 122, 167, 151, 123, 178, 87, 68, 102, 48),
    (5, 81, 86, 150, 46, 84, 32, 22, 48, 106, 181, 135, 24, 130, 118, 167, 5, 69, 89, 43, 48, 123, 124, 33, 87, 57, 122, 22, 41, 9, 6, 133, 131, 111, 100, 23, 162, 45, 99, 77),
    (6, 165, 112, 5, 68, 116, 83, 74, 199, 88, 3, 93, 2, 71, 159, 110, 86, 192, 140, 114, 144, 53, 62, 27, 175, 6, 152, 150, 179, 172, 114, 164, 191, 191, 71, 50, 5, 112, 188, 187),
    (7, 10, 46, 162, 106, 117, 41, 18, 73, 3, 134, 55, 97, 117, 31, 70, 199, 107, 83, 101, 9, 174, 154, 103, 131, 8, 28, 41, 157, 101, 183, 183, 151, 197, 142, 148, 35, 185, 136, 30),
    (8, 90, 8, 188, 1, 114, 140, 149, 43, 97, 96, 27, 60, 168, 5, 138, 122, 64, 58, 89, 177, 161, 125, 50, 105, 115, 6, 143, 184, 166, 121, 131, 36, 115, 164, 61, 106, 7, 174, 47),
    (9, 47, 127, 198, 178, 13, 90, 192, 93, 2, 54, 47, 20, 139, 26, 110, 139, 19, 78, 16, 26, 114, 131, 164, 45, 78, 139, 61, 59, 199, 1, 144, 67, 125, 28, 100, 162, 168, 145, 71),
    (10, 47, 194, 59, 148, 178, 49, 99, 153, 157, 47, 9, 191, 133, 155, 46, 40, 146, 185, 112, 169, 34, 185, 56, 166, 151, 190, 69, 127, 156, 166, 174, 183, 162, 47, 198, 173, 79, 150, 27),
    (11, 11, 119, 46, 48, 152, 123, 33, 127, 187, 21, 18, 135, 167, 44, 172, 122, 102, 179, 99, 99, 188, 128, 163, 56, 147, 40, 111, 46, 171, 88, 1, 76, 175, 108, 135, 176, 66, 73, 36),
    (12, 114, 21, 31, 44, 11, 139, 37, 150, 0, 141, 9, 101, 184, 21, 197, 198, 158, 39, 118, 181, 192, 158, 137, 24, 172, 124, 100, 18, 150, 143, 118, 29, 128, 136, 109, 143, 14, 82, 55),
    (13, 98, 100, 166, 103, 111, 193, 8, 23, 140, 149, 62, 105, 98, 176, 72, 35, 60, 26, 164, 142, 32, 112, 58, 8, 195, 138, 174, 77, 24, 197, 138, 167, 8, 104, 47, 169, 10, 132, 175),
    (14, 15, 14, 31, 33, 160, 26, 153, 73, 105, 170, 107, 101, 163, 47, 162, 61, 173, 191, 22, 188, 116, 141, 146, 156, 126, 199, 174, 45, 33, 195, 88, 83, 90, 108, 172, 128, 103, 138, 65),
    (15, 158, 80, 115, 66, 99, 17, 64, 61, 149, 123, 187, 82, 127, 184, 191, 104, 47, 57, 156, 163, 74, 167, 74, 46, 33, 31, 183, 152, 89, 86, 113, 97, 34, 38, 192, 44, 96, 60, 188),
    (16, 79, 89, 8, 14, 183, 112, 99, 29, 11, 12, 135, 42, 182, 169, 143, 135, 142, 183, 131, 89, 88, 120, 15, 56, 106, 37, 54, 63, 59, 116, 80, 13, 195, 59, 4, 110, 40, 80, 181),
    (17, 64, 73, 121, 191, 135, 151, 168, 155, 38, 2, 124, 134, 129, 84, 180, 149, 131, 185, 147, 77, 27, 161, 189, 49, 155, 188, 66, 106, 120, 112, 104, 49, 2, 167, 192, 172, 57, 145, 94),
    (18, 132, 28, 140, 22, 135, 116, 162, 28, 37, 195, 14, 184, 82, 6, 41, 90, 78, 120, 122, 190, 38, 163, 30, 27, 162, 180, 148, 30, 149, 7, 1, 104, 82, 25, 95, 12, 18, 26, 168),
    (19, 172, 96, 15, 157, 125, 123, 5, 45, 142, 103, 199, 92, 60, 17, 8, 198, 60, 190, 140, 141, 38, 189, 188, 19, 86, 47, 141, 69, 138, 112, 174, 19, 144, 5, 195, 118, 20, 113, 77),
    (20, 52, 127, 80, 118, 79, 54, 198, 101, 63, 74, 190, 52, 160, 47, 136, 15, 170, 193, 157, 42, 189, 147, 20, 67, 73, 86, 7, 63, 30, 198, 117, 31, 68, 27, 48, 47, 156, 22, 42),
    (21, 132, 67, 6, 145, 65, 114, 1, 17, 74, 70, 58, 9, 175, 151, 47, 132, 35, 167, 2, 153, 30, 193, 108, 152, 138, 53, 148, 30, 50, 55, 22, 131, 106, 33, 62, 67, 92, 63, 10),
    (22, 83, 181, 145, 120, 62, 135, 152, 130, 74, 12, 61, 88, 136, 14, 54, 155, 116, 106, 129, 35, 83, 101, 129, 36, 0, 122, 35, 63, 137, 171, 163, 175, 196, 157, 53, 42, 39, 32, 176),
    (23, 188, 161, 157, 119, 64, 176, 195, 45, 193, 118, 165, 141, 102, 14, 88, 148, 50, 6, 119, 198, 190, 84, 55, 60, 46, 180, 73, 102, 30, 187, 92, 8, 166, 50, 162, 193, 81, 25, 71),
    (24, 64, 64, 6, 16, 95, 100, 80, 6, 5, 13, 185, 91, 89, 171, 158, 16, 173, 58, 143, 191, 179, 46, 146, 177, 44, 118, 10, 85, 152, 92, 91, 58, 24, 125, 125, 6, 65, 70, 141),
    (25, 120, 8, 109, 32, 192, 166, 94, 159, 180, 50, 178, 18, 140, 161, 65, 53, 28, 42, 105, 26, 154, 27, 155, 170, 160, 120, 66, 192, 40, 11, 51, 11, 196, 160, 115, 72, 135, 81, 156),
    (26, 49, 155, 85, 53, 177, 89, 141, 143, 147, 98, 133, 173, 24, 40, 146, 83, 72, 141, 136, 175, 144, 32, 21, 136, 36, 176, 141, 130, 29, 47, 30, 7, 93, 23, 147, 143, 154, 98, 38),
    (27, 76, 58, 33, 133, 89, 193, 25, 115, 56, 93, 76, 130, 2, 71, 174, 105, 162, 28, 63, 111, 113, 21, 153, 91, 18, 19, 157, 44, 173, 36, 170, 15, 139, 175, 95, 45, 8, 104, 167),
    (28, 49, 76, 127, 54, 153, 2, 105, 127, 195, 41, 9, 65, 49, 192, 68, 1, 57, 120, 98, 154, 109, 36, 22, 158, 47, 174, 100, 98, 2, 85, 68, 94, 30, 93, 184, 79, 125, 113, 45),
    (29, 154, 187, 12, 165, 77, 89, 11, 97, 9, 155, 194, 67, 131, 113, 8, 59, 104, 128, 141, 2, 101, 34, 22, 78, 87, 8, 40, 38, 92, 56, 192, 24, 8, 197, 184, 81, 142, 74, 144),
    (30, 182, 94, 160, 146, 135, 78, 153, 78, 30, 199, 179, 148, 60, 50, 194, 76, 62, 61, 19, 16, 85, 139, 69, 47, 144, 96, 121, 85, 119, 81, 63, 176, 10, 72, 67, 99, 71, 169, 130),
    (31, 60, 170, 182, 119, 190, 96, 130, 60, 78, 141, 28, 73, 71, 61, 34, 132, 29, 65, 141, 49, 100, 151, 160, 126, 136, 128, 9, 182, 2, 35, 38, 139, 2, 13, 39, 48, 194, 79, 122),
    (32, 101, 110, 58, 186, 61, 94, 8, 154, 146, 62, 12, 73, 92, 133, 98, 178, 13, 30, 161, 137, 156, 52, 102, 170, 89, 169, 95, 156, 97, 11, 114, 26, 38, 190, 125, 116, 197, 23, 185),
    (33, 120, 65, 27, 154, 169, 197, 61, 19, 135, 27, 174, 28, 65, 64, 171, 68, 184, 73, 83, 27, 182, 74, 188, 50, 97, 106, 181, 67, 184, 107, 42, 160, 166, 109, 29, 84, 37, 190, 107),
    (34, 62, 28, 147, 121, 170, 37, 157, 79, 167, 150, 9, 110, 181, 64, 103, 144, 129, 31, 163, 41, 92, 21, 70, 31, 117, 53, 97, 172, 35, 144, 175, 118, 10, 42, 6, 85, 10, 109, 0),
    (35, 139, 129, 15, 197, 181, 169, 9, 120, 100, 191, 135, 148, 40, 18, 22, 174, 95, 62, 26, 72, 10, 152, 5, 112, 96, 183, 174, 126, 54, 187, 175, 34, 56, 141, 61, 117, 113, 167, 27),
    (36, 39, 5, 10, 126, 95, 65, 83, 164, 110, 68, 18, 164, 33, 139, 91, 1, 184, 188, 126, 31, 124, 14, 167, 84, 51, 171, 77, 189, 167, 90, 21, 8, 21, 7, 46, 108, 186, 52, 152),
    (37, 180, 61, 185, 168, 23, 96, 90, 40, 91, 36, 78, 78, 112, 164, 87, 193, 48, 147, 173, 180, 3, 177, 48, 170, 120, 40, 42, 58, 156, 186, 80, 27, 111, 104, 38, 167, 36, 39, 103),
    (38, 64, 165, 53, 58, 93, 41, 116, 132, 106, 13, 112, 124, 164, 197, 169, 88, 162, 63, 173, 198, 6, 69, 99, 52, 81, 29, 108, 170, 42, 183, 116, 45, 195, 43, 103, 47, 171, 45, 20),
    (39, 21, 12, 41, 126, 39, 185, 170, 116, 46, 129, 198, 154, 141, 111, 158, 52, 66, 147, 34, 184, 117, 43, 88, 66, 146, 14, 154, 8, 140, 81, 133, 132, 191, 25, 42, 184, 134, 143, 160),
    (40, 179, 162, 48, 35, 40, 46, 63, 120, 25, 189, 85, 121, 181, 68, 83, 106, 101, 162, 192, 116, 155, 85, 54, 194, 180, 35, 119, 184, 117, 30, 126, 161, 98, 164, 104, 125, 147, 116, 17),
    (41, 84, 91, 98, 173, 57, 111, 192, 38, 118, 148, 181, 24, 135, 78, 162, 54, 150, 19, 18, 141, 137, 36, 40, 32, 81, 192, 21, 188, 0, 24, 14, 35, 192, 35, 17, 60, 177, 172, 116),
    (42, 39, 97, 156, 137, 186, 23, 126, 8, 59, 85, 47, 119, 154, 195, 172, 37, 60, 144, 81, 194, 190, 43, 127, 186, 55, 138, 112, 105, 80, 166, 26, 47, 35, 190, 130, 71, 195, 186, 190),
    (43, 85, 20, 193, 8, 3, 90, 158, 63, 122, 90, 103, 136, 192, 38, 68, 3, 29, 116, 92, 89, 175, 176, 119, 10, 199, 8, 183, 20, 170, 182, 58, 117, 151, 78, 174, 134, 21, 160, 26),
    (44, 108, 86, 193, 118, 117, 56, 56, 11, 122, 152, 17, 25, 181, 57, 156, 111, 180, 57, 7, 37, 197, 32, 191, 111, 84, 139, 57, 5, 1, 14, 158, 160, 9, 107, 90, 75, 14, 51, 165),
    (45, 98, 110, 194, 146, 55, 198, 7, 95, 26, 196, 52, 149, 78, 135, 143, 14, 73, 140, 116, 2, 3, 96, 187, 42, 161, 31, 185, 89, 167, 160, 173, 139, 91, 197, 13, 4, 72, 66, 56),
    (46, 158, 89, 33, 131, 197, 53, 128, 178, 169, 5, 4, 179, 122, 171, 73, 117, 186, 6, 138, 120, 171, 128, 128, 164, 183, 13, 76, 156, 21, 155, 192, 125, 103, 74, 19, 54, 107, 182, 79),
    (47, 62, 0, 54, 41, 89, 67, 165, 177, 48, 83, 8, 89, 154, 62, 20, 23, 111, 35, 37, 59, 20, 43, 52, 147, 106, 179, 37, 196, 65, 67, 20, 150, 104, 159, 90, 20, 176, 196, 166),
    (48, 112, 187, 173, 131, 168, 117, 141, 80, 155, 31, 123, 79, 187, 104, 58, 95, 120, 86, 160, 176, 28, 165, 154, 57, 138, 187, 0, 13, 165, 51, 86, 168, 160, 83, 29, 99, 101, 177, 23),
    (49, 82, 10, 114, 135, 84, 53, 44, 89, 73, 77, 5, 64, 6, 122, 108, 110, 15, 10, 100, 155, 33, 75, 188, 54, 143, 14, 130, 35, 135, 160, 26, 56, 58, 29, 169, 20, 97, 11, 68),
    (50, 116, 177, 129, 191, 3, 92, 98, 161, 159, 118, 120, 153, 52, 186, 97, 178, 138, 138, 44, 4, 161, 103, 40, 154, 38, 93, 45, 44, 0, 62, 178, 41, 24, 25, 131, 173, 94, 146, 169),
    (51, 20, 39, 193, 194, 40, 44, 135, 90, 89, 98, 153, 118, 158, 1, 101, 120, 63, 40, 184, 179, 129, 9, 85, 102, 80, 72, 49, 25, 35, 51, 47, 15, 12, 176, 30, 28, 7, 61, 24),
    (52, 196, 196, 33, 134, 55, 39, 79, 176, 41, 123, 124, 77, 137, 187, 12, 109, 0, 72, 180, 126, 30, 18, 56, 11, 130, 114, 71, 198, 102, 86, 122, 65, 50, 85, 16, 1, 171, 155, 94),
    (53, 140, 25, 92, 35, 16, 84, 6, 119, 34, 11, 62, 144, 9, 168, 157, 129, 144, 184, 76, 37, 96, 118, 184, 16, 159, 7, 193, 168, 110, 122, 151, 114, 69, 31, 42, 84, 191, 72, 69),
    (54, 36, 118, 159, 91, 117, 147, 119, 86, 57, 19, 184, 88, 25, 163, 181, 25, 137, 123, 159, 2, 130, 168, 100, 194, 86, 126, 81, 155, 107, 43, 107, 143, 104, 1, 191, 54, 61, 32, 100),
    (55, 92, 16, 64, 199, 43, 11, 84, 189, 168, 84, 130, 18, 176, 177, 179, 71, 167, 118, 118, 48, 102, 0, 121, 114, 117, 30, 69, 73, 184, 189, 66, 8, 33, 167, 166, 36, 181, 71, 68),
    (56, 163, 139, 150, 125, 27, 52, 84, 194, 45, 14, 17, 59, 128, 83, 190, 98, 174, 125, 111, 29, 53, 121, 193, 84, 1, 121, 149, 180, 164, 42, 160, 38, 127, 39, 124, 98, 137, 94, 164),
    (57, 199, 42, 141, 32, 11, 45, 31, 126, 176, 159, 129, 157, 123, 38, 155, 171, 58, 118, 10, 152, 44, 81, 15, 161, 54, 4, 14, 137, 156, 5, 132, 74, 193, 3, 94, 115, 70, 12, 193),
    (58, 174, 83, 144, 90, 172, 167, 89, 8, 102, 127, 77, 124, 68, 175, 1, 122, 22, 111, 11, 23, 143, 74, 12, 102, 97, 104, 100, 164, 166, 131, 169, 186, 156, 97, 10, 71, 112, 122, 90),
    (59, 11, 86, 32, 96, 177, 148, 15, 164, 137, 100, 112, 40, 163, 146, 74, 129, 74, 4, 178, 8, 112, 97, 110, 138, 66, 199, 109, 91, 151, 180, 194, 152, 37, 172, 0, 88, 173, 168, 131),
    (60, 186, 107, 167, 161, 177, 23, 65, 11, 156, 151, 9, 177, 65, 34, 179, 130, 171, 166, 151, 119, 97, 152, 140, 48, 32, 106, 185, 164, 86, 158, 15, 10, 193, 43, 102, 73, 51, 175, 131),
    (61, 92, 161, 4, 130, 29, 89, 49, 70, 86, 19, 140, 186, 178, 163, 79, 184, 29, 171, 159, 196, 52, 122, 126, 160, 22, 41, 11, 8, 155, 169, 4, 66, 168, 126, 92, 105, 197, 31, 2),
    (62, 2, 105, 180, 163, 88, 198, 104, 1, 66, 104, 20, 170, 112, 42, 197, 138, 22, 53, 71, 111, 20, 51, 98, 94, 170, 142, 30, 187, 110, 67, 163, 40, 128, 156, 198, 136, 15, 35, 31),
    (63, 177, 35, 164, 40, 149, 43, 100, 94, 35, 54, 38, 43, 129, 152, 162, 42, 48, 18, 68, 173, 73, 18, 110, 137, 139, 154, 171, 181, 26, 6, 3, 42, 179, 124, 53, 175, 18, 1, 48),
    (64, 175, 66, 96, 111, 136, 159, 128, 10, 34, 153, 52, 84, 99, 28, 80, 44, 88, 146, 110, 185, 163, 58, 171, 137, 175, 110, 29, 24, 28, 23, 2, 107, 55, 91, 28, 180, 163, 131, 65),
    (65, 170, 153, 46, 44, 172, 115, 10, 115, 118, 14, 91, 67, 90, 5, 45, 187, 64, 65, 58, 76, 90, 40, 64, 78, 186, 142, 27, 44, 121, 103, 172, 159, 175, 16, 14, 92, 91, 62, 158),
    (66, 139, 146, 74, 10, 185, 174, 50, 99, 76, 82, 109, 15, 13, 108, 155, 96, 170, 184, 29, 174, 153, 153, 78, 14, 53, 54, 98, 189, 0, 26, 160, 77, 43, 122, 129, 171, 167, 103, 124),
    (67, 69, 91, 108, 151, 86, 151, 136, 157, 73, 23, 5, 71, 4, 103, 168, 125, 81, 25, 12, 177, 111, 52, 72, 113, 90, 26, 169, 47, 172, 168, 13, 27, 2, 85, 116, 86, 179, 164, 54),
    (68, 41, 158, 59, 190, 84, 153, 42, 191, 179, 192, 117, 151, 36, 122, 134, 39, 106, 179, 150, 14, 112, 195, 53, 46, 33, 183, 76, 63, 156, 171, 96, 17, 131, 182, 181, 94, 69, 196, 69),
    (69, 75, 54, 76, 69, 44, 20, 180, 28, 92, 112, 63, 94, 152, 53, 137, 161, 191, 60, 8, 197, 28, 95, 139, 22, 172, 165, 195, 156, 142, 128, 152, 53, 153, 13, 185, 135, 172, 20, 175),
    (70, 98, 172, 14, 181, 151, 130, 120, 195, 101, 151, 69, 195, 113, 59, 139, 55, 139, 171, 58, 77, 6, 174, 70, 168, 1, 5, 65, 74, 103, 173, 162, 111, 83, 104, 44, 3, 174, 109, 48),
    (71, 91, 11, 151, 14, 87, 0, 177, 94, 39, 25, 6, 151, 56, 116, 98, 80, 101, 183, 11, 187, 179, 179, 122, 191, 80, 28, 73, 106, 125, 20, 28, 23, 188, 150, 193, 191, 100, 17, 34),
    (72, 69, 110, 117, 12, 126, 194, 84, 100, 138, 147, 34, 157, 11, 179, 120, 51, 131, 36, 12, 135, 79, 179, 23, 153, 34, 117, 120, 49, 80, 96, 87, 100, 99, 190, 75, 44, 87, 40, 31),
    (73, 21, 163, 172, 18, 48, 178, 78, 9, 149, 154, 71, 18, 8, 124, 165, 23, 78, 121, 83, 151, 158, 187, 138, 191, 55, 169, 152, 35, 138, 149, 142, 127, 160, 10, 69, 51, 185, 95, 98),
    (74, 22, 99, 95, 26, 115, 102, 96, 146, 44, 29, 128, 125, 161, 40, 36, 27, 50, 164, 192, 108, 115, 194, 149, 26, 35, 14, 112, 17, 87, 154, 184, 182, 152, 102, 110, 147, 83, 77, 12),
    (75, 87, 114, 170, 50, 176, 95, 6, 185, 140, 136, 42, 72, 94, 60, 187, 107, 148, 131, 20, 20, 61, 89, 191, 73, 147, 176, 21, 46, 37, 159, 9, 21, 22, 163, 108, 198, 149, 21, 116),
    (76, 120, 91, 168, 143, 37, 62, 13, 118, 174, 8, 72, 79, 140, 55, 97, 138, 99, 80, 95, 122, 113, 53, 28, 163, 37, 134, 12, 47, 64, 57, 190, 148, 154, 110, 42, 67, 133, 62, 125),
    (77, 54, 121, 28, 31, 177, 38, 65, 78, 134, 131, 196, 158, 63, 152, 90, 122, 42, 26, 60, 160, 125, 3, 190, 65, 107, 83, 22, 67, 198, 58, 88, 150, 25, 136, 50, 191, 194, 104, 25),
    (78, 101, 88, 68, 162, 49, 60, 180, 42, 44, 104, 191, 134, 40, 10, 20, 158, 31, 118, 178, 67, 64, 51, 197, 120, 80, 53, 188, 188, 190, 6, 78, 97, 110, 188, 138, 185, 5, 155, 184),
    (79, 156, 86, 11, 138, 164, 130, 100, 158, 54, 166, 157, 188, 171, 69, 21, 52, 105, 40, 110, 79, 122, 97, 170, 189, 89, 25, 44, 68, 102, 121, 193, 52, 51, 67, 172, 196, 98, 28, 38),
    (80, 4, 192, 7, 13, 144, 107, 132, 65, 47, 192, 185, 86, 111, 160, 193, 38, 80, 64, 18, 124, 68, 169, 187, 194, 103, 21, 13, 161, 99, 145, 57, 143, 59, 177, 3, 0, 111, 141, 128),
    (81, 57, 67, 8, 131, 132, 30, 103, 117, 38, 179, 20, 193, 191, 109, 117, 99, 144, 51, 120, 14, 14, 102, 141, 46, 119, 51, 41, 196, 89, 173, 171, 162, 179, 180, 79, 140, 92, 7, 34),
    (82, 89, 132, 30, 45, 187, 70, 123, 147, 15, 39, 139, 85, 48, 10, 68, 194, 83, 23, 153, 164, 177, 102, 118, 150, 117, 80, 23, 143, 153, 23, 25, 21, 188, 4, 88, 33, 182, 73, 161),
    (83, 35, 34, 123, 191, 198, 156, 49, 199, 38, 112, 118, 153, 104, 187, 37, 52, 35, 62, 74, 119, 105, 191, 170, 42, 93, 136, 151, 115, 50, 156, 26, 164, 153, 114, 180, 56, 186, 45, 139),
    (84, 175, 67, 196, 25, 174, 115, 82, 189, 84, 178, 22, 11, 27, 39, 60, 125, 121, 62, 181, 0, 171, 74, 35, 142, 116, 46, 181, 82, 16, 72, 57, 108, 9, 151, 74, 35, 106, 164, 162),
    (85, 59, 11, 139, 29, 69, 168, 102, 185, 148, 5, 30, 175, 188, 24, 1, 15, 147, 90, 84, 145, 188, 187, 67, 123, 11, 20, 179, 63, 85, 138, 77, 94, 98, 176, 184, 153, 172, 6, 130),
    (86, 114, 138, 83, 173, 128, 76, 46, 7, 132, 62, 3, 23, 144, 61, 75, 82, 142, 2, 49, 88, 169, 86, 7, 132, 45, 192, 65, 195, 141, 17, 159, 59, 13, 142, 82, 35, 161, 57, 152),
    (87, 119, 130, 154, 96, 97, 39, 5, 75, 13, 188, 6, 91, 118, 126, 179, 92, 81, 121, 98, 123, 152, 90, 162, 156, 109, 157, 96, 130, 54, 174, 183, 87, 176, 139, 148, 68, 74, 101, 100),
    (88, 64, 150, 61, 37, 193, 173, 181, 156, 177, 198, 102, 150, 120, 183, 6, 166, 112, 111, 179, 71, 191, 141, 82, 104, 62, 25, 148, 155, 18, 194, 158, 48, 2, 112, 73, 60, 157, 5, 138),
    (89, 7, 119, 126, 68, 75, 165, 144, 98, 157, 198, 71, 94, 152, 90, 115, 107, 132, 75, 89, 123, 131, 119, 60, 73, 9, 23, 30, 162, 106, 146, 23, 103, 71, 32, 87, 171, 14, 132, 96),
    (90, 162, 94, 16, 50, 60, 169, 62, 193, 10, 102, 148, 5, 99, 106, 174, 159, 163, 126, 22, 96, 107, 139, 12, 179, 198, 98, 108, 134, 100, 60, 166, 74, 42, 91, 173, 37, 19, 195, 172),
    (91, 108, 151, 18, 39, 195, 192, 134, 138, 43, 72, 59, 191, 117, 93, 97, 185, 194, 176, 102, 42, 137, 76, 83, 160, 47, 118, 61, 22, 174, 176, 34, 192, 79, 26, 61, 127, 155, 174, 57),
    (92, 78, 107, 23, 150, 86, 11, 110, 195, 120, 158, 139, 80, 78, 83, 42, 145, 29, 75, 167, 49, 69, 139, 51, 54, 116, 117, 70, 69, 120, 158, 31, 182, 126, 9, 101, 139, 99, 30, 3),
    (93, 165, 116, 154, 141, 15, 23, 57, 21, 66, 133, 24, 20, 12, 62, 124, 140, 108, 181, 93, 16, 105, 185, 122, 191, 59, 113, 42, 42, 152, 182, 169, 108, 183, 3, 92, 67, 134, 83, 124),
    (94, 180, 144, 146, 102, 81, 16, 72, 45, 83, 78, 165, 6, 107, 88, 191, 9, 47, 184, 175, 146, 47, 78, 33, 95, 52, 162, 37, 197, 160, 97, 47, 116, 112, 16, 153, 126, 149, 64, 105),
    (95, 113, 88, 113, 59, 90, 134, 178, 137, 167, 196, 126, 41, 117, 78, 104, 141, 44, 146, 174, 141, 73, 96, 20, 180, 197, 153, 147, 75, 21, 199, 195, 48, 20, 53, 146, 39, 82, 3, 71),
    (96, 37, 102, 179, 39, 105, 162, 122, 197, 172, 99, 35, 4, 74, 197, 114, 48, 9, 60, 60, 18, 22, 143, 47, 93, 87, 163, 165, 37, 24, 151, 79, 103, 46, 31, 152, 135, 78, 118, 9),
    (97, 65, 170, 197, 98, 188, 120, 196, 156, 125, 117, 153, 88, 84, 168, 183, 47, 77, 93, 176, 9, 6, 144, 82, 187, 91, 29, 55, 169, 80, 14, 110, 159, 113, 20, 132, 23, 102, 144, 93),
    (98, 63, 4, 48, 117, 33, 122, 31, 120, 192, 28, 170, 60, 84, 75, 104, 161, 150, 73, 55, 142, 127, 88, 1, 71, 111, 39, 165, 5, 119, 94, 34, 196, 68, 156, 47, 172, 123, 158, 174),
    (99, 19, 16, 28, 176, 142, 145, 38, 158, 29, 64, 195, 121, 161, 52, 9, 196, 12, 87, 100, 105, 126, 170, 178, 190, 7, 10, 124, 80, 125, 61, 66, 53, 137, 0, 62, 185, 50, 171, 17),
    (100, 186, 166, 93, 134, 103, 128, 50, 194, 20, 160, 43, 165, 68, 67, 171, 168, 23, 31, 36, 126, 28, 22, 20, 144, 181, 116, 134, 27, 55, 107, 164, 30, 177, 59, 28, 13, 110, 131, 38),
    (101, 195, 13, 24, 157, 95, 84, 137, 167, 137, 80, 85, 175, 177, 61, 193, 154, 2, 123, 25, 6, 134, 12, 30, 51, 105, 1, 20, 45, 49, 139, 28, 65, 78, 164, 141, 78, 198, 166, 89),
    (102, 140, 49, 189, 168, 108, 26, 94, 117, 94, 9, 145, 188, 159, 182, 142, 136, 82, 99, 94, 155, 196, 79, 3, 196, 114, 46, 141, 71, 24, 74, 178, 99, 4, 83, 186, 17, 3, 74, 197),
    (103, 160, 62, 14, 137, 64, 60, 53, 194, 87, 142, 98, 111, 64, 94, 66, 5, 125, 36, 98, 8, 54, 170, 88, 65, 105, 17, 0, 46, 198, 133, 180, 170, 139, 66, 54, 94, 89, 119, 27),
    (104, 47, 24, 176, 67, 180, 184, 24, 186, 123, 62, 78, 147, 161, 101, 49, 44, 164, 83, 177, 50, 122, 7, 15, 78, 185, 190, 20, 94, 16, 68, 78, 78, 1, 86, 182, 68, 184, 71, 178),
    (105, 153, 32, 141, 66, 67, 53, 178, 1, 164, 181, 17, 132, 167, 80, 139, 144, 154, 33, 61, 54, 157, 180, 15, 40, 63, 86, 114, 123, 29, 83, 29, 152, 156, 61, 85, 183, 148, 98, 21),
    (106, 20, 169, 149, 49, 122, 175, 96, 54, 24, 108, 176, 23, 25, 145, 149, 121, 15, 75, 32, 33, 144, 146, 78, 21, 178, 97, 162, 16, 79, 199, 178, 59, 124, 75, 41, 182, 10, 31, 10),
    (107, 98, 0, 104, 176, 125, 32, 196, 134, 65, 62, 198, 137, 77, 5, 172, 46, 142, 5, 36, 181, 107, 28, 96, 80, 4, 109, 110, 4, 120, 187, 5, 119, 154, 167, 174, 54, 175, 115, 68),
    (108, 86, 48, 166, 149, 75, 164, 97, 146, 69, 77, 98, 48, 104, 35, 119, 99, 149, 11, 168, 43, 170, 2, 11, 139, 1, 111, 11, 104, 81, 129, 128, 196, 11, 39, 11, 95, 61, 189, 137),
    (109, 60, 152, 66, 15, 50, 24, 126, 152, 11, 49, 20, 143, 176, 137, 18, 43, 100, 131, 87, 142, 131, 115, 41, 56, 123, 101, 19, 56, 189, 115, 106, 167, 49, 189, 175, 81, 74, 31, 141),
    (110, 0, 57, 50, 103, 62, 86, 157, 7, 89, 20, 107, 96, 151, 128, 174, 142, 44, 43, 148, 133, 35, 22, 89, 158, 72, 14, 115, 104, 13, 66, 167, 139, 116, 75, 89, 123, 198, 65, 114),
    (111, 55, 127, 31, 29, 181, 123, 113, 199, 159, 37, 98, 116, 115, 19, 95, 117, 51, 160, 82, 87, 28, 107, 185, 59, 38, 7, 33, 169, 142, 18, 134, 65, 132, 107, 23, 197, 34, 128, 139),
    (112, 149, 29, 169, 49, 21, 163, 134, 119, 116, 154, 121, 81, 110, 73, 29, 54, 25, 3, 167, 156, 87, 187, 98, 182, 56, 147, 175, 97, 37, 159, 37, 25, 88, 124, 77, 192, 134, 140, 70),
    (113, 30, 119, 82, 99, 147, 0, 199, 90, 3, 192, 141, 65, 11, 29, 1, 192, 63, 65, 198, 194, 65, 126, 41, 126, 122, 38, 199, 99, 141, 190, 53, 146, 180, 32, 74, 145, 157, 67, 121),
    (114, 166, 56, 85, 90, 13, 165, 143, 189, 173, 75, 35, 198, 88, 95, 37, 51, 26, 4, 142, 57, 133, 125, 130, 20, 49, 158, 127, 167, 43, 8, 19, 41, 189, 122, 172, 48, 151, 129, 136),
    (115, 24, 27, 111, 191, 155, 145, 46, 17, 157, 101, 37, 64, 114, 55, 0, 93, 39, 22, 126, 167, 49, 40, 163, 45, 38, 42, 46, 91, 31, 140, 44, 179, 149, 197, 159, 83, 153, 152, 196),
    (116, 107, 20, 141, 44, 37, 138, 37, 3, 59, 198, 7, 192, 145, 169, 24, 119, 78, 38, 165, 1, 74, 56, 181, 27, 184, 87, 196, 5, 106, 84, 31, 40, 139, 129, 92, 115, 80, 103, 103),
    (117, 137, 82, 134, 52, 111, 168, 59, 193, 69, 135, 155, 63, 45, 127, 37, 185, 174, 121, 184, 129, 11, 50, 75, 127, 154, 40, 91, 198, 33, 148, 72, 1, 146, 187, 108, 28, 110, 190, 31),
    (118, 193, 117, 133, 78, 175, 75, 186, 126, 172, 75, 115, 91, 56, 105, 53, 48, 181, 171, 17, 137, 180, 59, 142, 181, 122, 82, 35, 12, 157, 169, 1, 43, 194, 155, 0, 171, 148, 141, 164),
    (119, 119, 154, 37, 16, 179, 118, 197, 161, 48, 78, 55, 48, 18, 5, 112, 150, 129, 150, 55, 100, 124, 149, 157, 16, 12, 47, 5, 44, 149, 29, 130, 172, 140, 188, 154, 184, 55, 38, 114),
    (120, 20, 90, 105, 197, 83, 127, 160, 98, 98, 72, 108, 7, 150, 90, 114, 1, 149, 5, 109, 35, 72, 162, 106, 146, 161, 158, 101, 119, 58, 72, 136, 197, 47, 143, 43, 43, 37, 178, 65),
    (121, 153, 98, 168, 14, 44, 177, 98, 132, 100, 101, 127, 2, 183, 133, 59, 16, 166, 30, 134, 28, 80, 16, 33, 36, 27, 187, 191, 182, 73, 148, 85, 24, 37, 110, 126, 23, 53, 5, 188),
    (122, 134, 196, 145, 117, 141, 128, 32, 93, 83, 43, 195, 94, 96, 16, 127, 110, 142, 190, 92, 133, 132, 99, 180, 10, 41, 135, 155, 71, 89, 18, 171, 124, 62, 193, 33, 10, 177, 97, 74),
    (123, 96, 44, 117, 41, 102, 145, 92, 190, 185, 198, 50, 0, 0, 15, 172, 12, 76, 99, 37, 25, 95, 10, 102, 85, 154, 38, 47, 86, 65, 117, 174, 26, 143, 123, 16, 72, 136, 110, 131),
    (124, 4, 140, 79, 56, 146, 3, 107, 27, 80, 6, 148, 57, 114, 194, 19, 20, 64, 162, 90, 54, 92, 118, 105, 41, 125, 123, 24, 16, 143, 2, 49, 112, 90, 182, 22, 51, 16, 149, 140),
    (125, 107, 152, 124, 149, 149, 81, 130, 188, 65, 71, 133, 199, 45, 103, 26, 100, 15, 119, 35, 43, 50, 131, 171, 50, 187, 130, 197, 36, 168, 19, 123, 55, 12, 114, 142, 101, 69, 173, 37),
    (126, 107, 162, 89, 57, 80, 163, 53, 52, 122, 161, 136, 80, 160, 109, 167, 180, 178, 101, 162, 99, 136, 106, 39, 68, 109, 89, 1, 172, 101, 36, 89, 151, 32, 159, 194, 187, 101, 125, 29),
    (127, 14, 102, 119, 27, 173, 70, 54, 108, 34, 50, 95, 139, 73, 38, 18, 51, 197, 138, 197, 65, 178, 178, 135, 41, 152, 166, 192, 60, 43, 39, 7, 198, 100, 89, 137, 41, 13, 155, 144),
    (128, 100, 139, 168, 119, 111, 161, 181, 6, 100, 115, 74, 36, 104, 98, 69, 91, 33, 196, 57, 97, 141, 111, 36, 88, 119, 43, 37, 103, 99, 165, 198, 173, 106, 34, 32, 195, 174, 94, 189),
    (129, 81, 104, 141, 100, 162, 2, 177, 98, 172, 193, 41, 98, 134, 138, 32, 196, 177, 151, 99, 117, 22, 66, 97, 170, 155, 105, 79, 18, 192, 38, 61, 52, 57, 75, 37, 85, 93, 49, 4),
    (130, 1, 52, 66, 113, 29, 178, 187, 193, 55, 79, 58, 50, 151, 151, 159, 122, 130, 10, 43, 162, 98, 126, 23, 42, 194, 151, 90, 11, 140, 142, 196, 17, 88, 44, 135, 129, 35, 96, 49),
    (131, 136, 55, 154, 5, 27, 74, 41, 160, 158, 77, 20, 4, 131, 76, 123, 66, 180, 178, 77, 138, 149, 68, 74, 17, 105, 20, 174, 179, 167, 7, 129, 186, 136, 161, 11, 0, 165, 164, 127),
    (132, 101, 89, 34, 52, 184, 1, 139, 22, 177, 185, 39, 76, 194, 119, 66, 30, 42, 30, 19, 4, 35, 150, 81, 191, 99, 195, 54, 143, 36, 74, 3, 152, 141, 45, 20, 143, 170, 149, 192),
    (133, 75, 39, 9, 39, 127, 130, 170, 43, 147, 26, 198, 14, 72, 165, 152, 7, 21, 184, 89, 97, 2, 53, 143, 136, 152, 46, 165, 170, 56, 154, 102, 4, 173, 33, 147, 133, 96, 35, 79),
    (134, 188, 45, 121, 24, 14, 153, 152, 1, 79, 1, 194, 28, 128, 113, 132, 93, 1, 166, 69, 159, 188, 45, 150, 176, 6, 128, 21, 197, 191, 156, 55, 136, 115, 99, 98, 29, 156, 116, 7),
    (135, 119, 82, 44, 137, 130, 137, 39, 160, 43, 56, 63, 107, 88, 6, 27, 140, 36, 81, 67, 70, 149, 128, 77, 37, 122, 62, 39, 31, 84, 28, 139, 53, 180, 182, 128, 68, 18, 170, 100),
    (136, 63, 62, 73, 47, 80, 112, 88, 52, 151, 24, 62, 107, 0, 1, 5, 168, 112, 153, 2, 103, 71, 145, 133, 51, 155, 53, 77, 18, 32, 6, 67, 124, 185, 62, 174, 64, 4, 149, 153),
    (137, 78, 45, 100, 128, 57, 32, 182, 125, 116, 95, 16, 57, 146, 46, 135, 16, 166, 8, 85, 123, 71, 160, 86, 80, 100, 131, 86, 169, 3, 153, 164, 58, 161, 195, 197, 89, 101, 147, 120),
    (138, 5, 83, 165, 162, 16, 111, 154, 161, 102, 110, 179, 169, 63, 75, 163, 141, 139, 50, 3, 182, 68, 78, 181, 4, 7, 53, 163, 105, 174, 159, 2, 71, 143, 103, 161, 77, 4, 146, 0),
    (139, 167, 195, 51, 56, 194, 193, 1, 64, 28, 85, 9, 136, 33, 24, 114, 170, 138, 99, 137, 170, 154, 90, 108, 31, 84, 189, 101, 100, 22, 133, 54, 37, 158, 86, 13, 17, 164, 95, 64),
    (140, 66, 35, 72, 131, 157, 76, 142, 160, 187, 118, 170, 0, 90, 88, 27, 2, 155, 122, 133, 156, 180, 46, 22, 170, 51, 23, 129, 187, 111, 78, 123, 90, 136, 99, 153, 141, 179, 162, 106),
    (141, 106, 90, 47, 22, 127, 126, 78, 83, 95, 121, 68, 1, 162, 108, 88, 12, 140, 144, 68, 174, 74, 18, 190, 143, 182, 30, 31, 62, 188, 27, 175, 64, 103, 173, 93, 86, 116, 142, 53),
    (142, 67, 24, 88, 127, 9, 109, 160, 12, 174, 75, 142, 72, 101, 95, 102, 176, 70, 111, 99, 38, 18, 65, 4, 8, 107, 83, 192, 137, 139, 105, 4, 150, 100, 118, 104, 14, 148, 184, 60),
    (143, 0, 107, 109, 46, 74, 110, 13, 198, 141, 104, 190, 157, 166, 81, 66, 49, 88, 117, 149, 109, 18, 78, 183, 84, 53, 75, 42, 185, 120, 86, 189, 121, 199, 111, 178, 197, 198, 143, 18),
    (144, 86, 180, 18, 4, 167, 117, 1, 86, 177, 8, 44, 133, 140, 7, 178, 33, 109, 139, 7, 135, 76, 180, 93, 139, 80, 190, 15, 50, 9, 7, 192, 169, 10, 172, 7, 170, 81, 157, 126),
    (145, 15, 182, 154, 33, 31, 30, 62, 22, 18, 152, 157, 79, 83, 68, 109, 113, 163, 55, 72, 156, 48, 89, 64, 90, 79, 1, 31, 36, 27, 176, 125, 149, 44, 53, 78, 167, 93, 168, 162),
    (146, 24, 115, 12, 153, 81, 189, 50, 70, 176, 196, 63, 74, 149, 63, 63, 109, 33, 139, 35, 28, 195, 109, 174, 141, 189, 110, 75, 99, 104, 24, 144, 11, 29, 164, 82, 63, 159, 106, 183),
    (147, 177, 58, 186, 124, 35, 187, 177, 97, 80, 95, 119, 18, 8, 188, 15, 59, 30, 156, 138, 133, 187, 52, 31, 26, 100, 27, 60, 181, 66, 17, 190, 55, 156, 45, 125, 130, 76, 54, 56),
    (148, 111, 129, 105, 119, 60, 82, 133, 108, 38, 106, 179, 100, 167, 25, 9, 31, 84, 64, 41, 52, 170, 164, 104, 111, 33, 111, 30, 81, 144, 182, 65, 142, 98, 190, 163, 60, 20, 123, 56),
    (149, 2, 144, 185, 67, 183, 113, 164, 20, 87, 99, 92, 134, 107, 47, 127, 152, 189, 160, 149, 75, 90, 176, 71, 100, 115, 88, 3, 5, 41, 90, 181, 127, 194, 94, 12, 89, 148, 97, 111),
    (150, 196, 7, 80, 188, 111, 195, 104, 1, 28, 176, 167, 181, 182, 17, 155, 85, 104, 166, 106, 121, 71, 37, 131, 195, 16, 62, 78, 160, 37, 22, 126, 130, 159, 76, 104, 167, 86, 155, 124),
    (151, 173, 87, 39, 136, 119, 33, 77, 87, 40, 105, 144, 68, 28, 87, 195, 182, 46, 106, 182, 103, 129, 12, 153, 173, 81, 191, 64, 101, 93, 113, 51, 83, 127, 144, 128, 19, 179, 31, 136),
    (152, 192, 123, 96, 196, 130, 43, 83, 189, 19, 93, 157, 17, 55, 52, 184, 45, 184, 141, 62, 57, 103, 15, 105, 166, 91, 95, 35, 76, 143, 119, 128, 30, 158, 178, 58, 123, 181, 79, 153),
    (153, 121, 153, 168, 116, 67, 51, 33, 16, 36, 69, 21, 33, 135, 57, 148, 30, 38, 197, 98, 132, 194, 117, 12, 197, 167, 126, 158, 88, 65, 95, 89, 75, 3, 79, 75, 174, 124, 153, 143),
    (154, 60, 131, 27, 163, 189, 24, 86, 134, 2, 55, 12, 124, 134, 115, 139, 141, 126, 151, 89, 65, 173, 156, 17, 114, 133, 162, 121, 54, 17, 52, 10, 20, 24, 139, 85, 34, 94, 31, 13),
    (155, 190, 186, 101, 151, 133, 21, 49, 42, 73, 199, 99, 29, 157, 194, 95, 151, 74, 40, 74, 31, 144, 10, 2, 186, 100, 46, 177, 134, 83, 173, 138, 77, 84, 18, 184, 162, 69, 1, 25),
    (156, 194, 145, 106, 73, 23, 110, 163, 55, 122, 16, 145, 123, 134, 44, 161, 180, 97, 189, 104, 96, 28, 104, 39, 72, 142, 30, 140, 29, 35, 164, 166, 18, 148, 127, 13, 56, 177, 19, 23),
    (157, 188, 156, 186, 36, 191, 113, 81, 3, 183, 43, 77, 126, 167, 70, 76, 134, 7, 87, 167, 101, 175, 13, 86, 135, 66, 103, 94, 24, 80, 138, 20, 86, 16, 198, 199, 63, 87, 110, 0),
    (158, 194, 97, 185, 10, 94, 181, 26, 179, 47, 143, 171, 192, 198, 9, 92, 164, 170, 31, 12, 7, 78, 89, 111, 166, 4, 132, 122, 191, 129, 70, 108, 70, 33, 171, 89, 128, 131, 190, 91),
    (159, 99, 30, 83, 34, 115, 92, 167, 190, 151, 44, 46, 34, 45, 126, 109, 92, 153, 112, 24, 55, 50, 84, 110, 61, 118, 66, 93, 194, 98, 161, 105, 1, 11, 161, 127, 81, 100, 56, 33),
    (160, 25, 63, 54, 90, 170, 162, 133, 182, 90, 148, 114, 80, 11, 91, 43, 113, 2, 71, 58, 98, 14, 68, 129, 5, 86, 142, 100, 26, 139, 186, 7, 184, 24, 77, 104, 117, 93, 165, 158),
    (161, 153, 1, 28, 10, 158, 145, 74, 63, 100, 107, 124, 148, 66, 78, 61, 50, 181, 130, 54, 170, 8, 110, 187, 62, 15, 138, 20, 93, 105, 62, 87, 173, 22, 145, 124, 39, 75, 196, 70),
    (162, 105, 150, 148, 105, 80, 144, 166, 195, 3, 157, 78, 94, 129, 104, 188, 168, 54, 49, 102, 165, 0, 116, 119, 102, 124, 153, 144, 25, 70, 10, 118, 24, 45, 107, 62, 73, 12, 32, 81),
    (163, 148, 31, 139, 58, 130, 1, 8, 87, 108, 17, 38, 7, 177, 28, 126, 106, 93, 84, 170, 140, 111, 134, 181, 130, 127, 169, 197, 163, 197, 48, 60, 81, 145, 78, 67, 110, 4, 43, 39),
    (164, 79, 31, 165, 195, 148, 170, 179, 144, 71, 21, 190, 164, 4, 108, 8, 15, 164, 7, 167, 102, 109, 138, 64, 65, 159, 176, 83, 186, 11, 11, 116, 11, 161, 110, 47, 48, 108, 30, 140),
    (165, 146, 135, 39, 13, 0, 49, 116, 136, 153, 80, 130, 101, 150, 111, 155, 180, 13, 138, 6, 188, 194, 107, 140, 88, 110, 99, 137, 127, 147, 79, 135, 152, 106, 145, 89, 191, 192, 107, 186),
    (166, 9, 148, 3, 175, 183, 127, 196, 75, 136, 169, 177, 82, 127, 176, 88, 32, 107, 130, 11, 122, 196, 83, 48, 90, 55, 175, 92, 25, 99, 70, 85, 171, 86, 141, 136, 105, 149, 140, 101),
    (167, 178, 47, 22, 80, 54, 58, 6, 146, 157, 194, 199, 93, 140, 18, 81, 83, 95, 128, 61, 101, 157, 93, 67, 100, 20, 54, 35, 176, 158, 68, 100, 16, 158, 110, 59, 176, 60, 35, 15),
    (168, 48, 93, 175, 49, 158, 9, 24, 142, 69, 54, 72, 108, 164, 113, 43, 86, 88, 7, 92, 174, 169, 133, 25, 102, 14, 81, 14, 150, 70, 175, 53, 61, 167, 191, 147, 144, 70, 156, 114),
    (169, 31, 26, 184, 123, 36, 44, 189, 115, 6, 122, 56, 130, 195, 116, 9, 12, 142, 108, 46, 72, 24, 138, 165, 185, 144, 11, 53, 170, 195, 26, 198, 169, 136, 80, 1, 112, 83, 198, 8),
    (170, 71, 118, 189, 31, 95, 37, 6, 82, 29, 171, 128, 17, 104, 69, 27, 97, 58, 46, 59, 16, 56, 194, 104, 188, 23, 53, 2, 34, 88, 159, 14, 114, 29, 68, 131, 51, 104, 176, 196),
    (171, 171, 189, 139, 7, 69, 198, 191, 1, 79, 165, 35, 134, 9, 78, 62, 120, 115, 133, 91, 22, 120, 156, 176, 197, 53, 149, 175, 90, 36, 33, 71, 96, 165, 162, 70, 95, 19, 107, 3),
    (172, 140, 42, 68, 72, 74, 55, 57, 116, 146, 167, 42, 175, 65, 43, 7, 62, 78, 138, 131, 90, 192, 133, 139, 29, 50, 193, 125, 186, 73, 131, 1, 89, 12, 142, 38, 71, 93, 45, 114),
    (173, 25, 37, 182, 179, 28, 13, 3, 75, 166, 59, 79, 73, 196, 46, 158, 149, 91, 33, 97, 128, 131, 103, 153, 161, 111, 78, 3, 139, 152, 25, 123, 86, 117, 31, 188, 5, 140, 13, 64),
    (174, 66, 108, 45, 72, 197, 57, 89, 171, 128, 46, 199, 84, 183, 155, 81, 3, 52, 87, 194, 154, 0, 186, 125, 151, 33, 135, 56, 161, 52, 190, 174, 173, 176, 74, 48, 61, 55, 28, 89),
    (175, 103, 185, 142, 33, 74, 119, 106, 120, 153, 174, 22, 96, 123, 177, 195, 29, 85, 166, 19, 183, 117, 79, 111, 172, 88, 194, 177, 113, 187, 42, 67, 124, 143, 180, 76, 85, 8, 147, 20),
    (176, 95, 28, 3, 96, 51, 148, 161, 126, 87, 59, 38, 109, 141, 121, 33, 23, 16, 144, 59, 143, 66, 121, 27, 57, 71, 15, 4, 20, 110, 160, 7, 188, 172, 61, 13, 23, 104, 62, 165),
    (177, 109, 185, 146, 129, 4, 87, 90, 54, 121, 107, 53, 128, 21, 149, 111, 126, 46, 8, 81, 146, 57, 180, 82, 77, 108, 32, 116, 180, 183, 4, 102, 70, 145, 1, 178, 90, 152, 104, 134),
    (178, 113, 196, 16, 134, 71, 47, 98, 132, 124, 93, 110, 193, 116, 139, 31, 17, 198, 113, 131, 25, 84, 157, 112, 174, 191, 112, 67, 92, 2, 54, 54, 124, 10, 104, 29, 146, 162, 50, 142),
    (179, 59, 149, 174, 100, 50, 115, 47, 116, 144, 74, 24, 29, 96, 108, 110, 133, 58, 79, 93, 193, 138, 96, 101, 31, 154, 156, 35, 197, 62, 124, 21, 118, 32, 18, 190, 47, 98, 26, 83),
    (180, 157, 9, 194, 174, 64, 83, 162, 149, 21, 96, 10, 193, 13, 132, 23, 57, 196, 55, 40, 69, 126, 199, 59, 153, 179, 48, 15, 54, 2, 79, 177, 151, 175, 14, 39, 148, 111, 180, 9),
    (181, 171, 124, 37, 138, 93, 155, 130, 184, 141, 86, 34, 188, 2, 61, 157, 19, 115, 146, 101, 159, 44, 1, 103, 140, 73, 6, 134, 125, 65, 91, 139, 128, 127, 74, 124, 35, 50, 96, 115),
    (182, 197, 80, 3, 185, 132, 177, 7, 101, 38, 148, 93, 81, 84, 58, 59, 11, 59, 197, 138, 168, 76, 49, 191, 123, 101, 54, 175, 61, 92, 73, 108, 178, 87, 86, 159, 113, 14, 72, 113),
    (183, 2, 107, 175, 4, 192, 62, 103, 190, 3, 62, 173, 79, 142, 108, 117, 31, 111, 74, 62, 68, 123, 88, 141, 118, 53, 23, 167, 88, 157, 189, 89, 124, 2, 38, 173, 84, 53, 77, 16),
    (184, 54, 34, 166, 6, 113, 104, 31, 59, 100, 15, 153, 57, 167, 88, 41, 3, 106, 162, 129, 112, 166, 10, 55, 135, 109, 134, 20, 115, 91, 26, 12, 22, 84, 86, 62, 194, 42, 39, 25),
    (185, 177, 65, 48, 86, 38, 154, 129, 86, 80, 27, 45, 128, 135, 10, 60, 98, 194, 106, 34, 36, 71, 135, 51, 87, 7, 67, 168, 60, 174, 59, 26, 131, 89, 108, 16, 72, 17, 87, 148),
    (186, 51, 140, 112, 140, 89, 189, 147, 166, 67, 99, 158, 91, 157, 154, 98, 130, 32, 10, 56, 112, 24, 61, 33, 7, 100, 62, 84, 5, 24, 197, 155, 189, 31, 96, 118, 15, 35, 162, 143),
    (187, 195, 28, 101, 163, 78, 116, 182, 28, 174, 52, 52, 141, 127, 168, 171, 154, 193, 71, 155, 141, 41, 22, 147, 191, 119, 84, 11, 172, 55, 59, 19, 88, 146, 160, 73, 95, 87, 79, 170),
    (188, 172, 95, 190, 55, 29, 98, 183, 153, 3, 184, 151, 60, 1, 43, 173, 11, 54, 107, 87, 109, 77, 192, 173, 54, 46, 134, 73, 159, 162, 115, 160, 117, 63, 110, 172, 190, 16, 144, 98),
    (189, 5, 15, 109, 98, 50, 72, 98, 194, 153, 180, 194, 172, 190, 77, 59, 44, 66, 148, 27, 192, 145, 167, 58, 128, 104, 125, 186, 56, 137, 147, 79, 65, 186, 11, 105, 3, 126, 191, 33),
    (190, 92, 2, 12, 137, 181, 65, 102, 29, 23, 110, 29, 87, 96, 186, 143, 45, 156, 82, 116, 84, 64, 28, 92, 186, 153, 148, 169, 124, 120, 25, 156, 147, 38, 198, 36, 95, 91, 97, 156),
    (191, 28, 76, 83, 64, 0, 96, 198, 80, 95, 19, 156, 187, 148, 172, 146, 173, 189, 62, 89, 19, 53, 36, 92, 0, 137, 66, 193, 102, 172, 172, 118, 125, 24, 85, 198, 134, 110, 45, 112),
    (192, 145, 31, 173, 181, 21, 197, 79, 116, 122, 177, 166, 107, 1, 64, 27, 74, 177, 39, 180, 25, 85, 116, 60, 30, 65, 199, 59, 93, 178, 103, 43, 75, 192, 122, 127, 30, 190, 31, 124),
    (193, 9, 14, 0, 106, 97, 152, 9, 59, 14, 103, 172, 118, 100, 97, 67, 127, 120, 72, 122, 178, 22, 3, 151, 194, 31, 181, 26, 143, 75, 145, 84, 179, 38, 111, 5, 54, 67, 183, 5),
    (194, 183, 54, 174, 182, 5, 170, 93, 90, 141, 128, 32, 133, 71, 173, 141, 21, 151, 76, 166, 94, 197, 40, 54, 59, 166, 29, 160, 23, 160, 163, 145, 5, 103, 174, 152, 84, 110, 62, 186),
    (195, 106, 70, 88, 37, 15, 19, 12, 167, 117, 16, 168, 120, 5, 6, 74, 136, 42, 18, 142, 108, 68, 180, 83, 9, 188, 71, 19, 41, 172, 137, 18, 41, 91, 178, 74, 12, 189, 65, 186),
    (196, 182, 57, 65, 131, 136, 64, 96, 161, 116, 125, 47, 110, 76, 98, 112, 112, 146, 124, 75, 39, 92, 39, 194, 140, 24, 169, 76, 73, 20, 36, 61, 129, 163, 77, 186, 82, 72, 188, 80),
    (197, 127, 194, 111, 65, 55, 125, 123, 140, 183, 71, 72, 118, 77, 2, 17, 4, 6, 140, 113, 55, 196, 118, 134, 63, 72, 179, 78, 199, 135, 191, 173, 173, 174, 146, 194, 161, 21, 19, 126),
    (198, 159, 184, 128, 38, 36, 76, 166, 62, 26, 28, 33, 128, 116, 166, 175, 63, 92, 39, 80, 159, 40, 90, 49, 4, 18, 29, 73, 77, 91, 131, 159, 84, 2, 190, 49, 0, 48, 171, 65),
    (199, 96, 174, 65, 89, 19, 174, 5, 96, 41, 151, 174, 96, 36, 189, 7, 180, 117, 135, 61, 129, 78, 194, 37, 100, 120, 85, 89, 12, 138, 21, 122, 125, 82, 176, 147, 99, 171, 108, 61);

INSERT INTO T35 (pk, t1, t2, t3, t4, t5, t6, t7, t8, t9, t10, t11, t12, t13, t14, t15, t16, t17, t18, t19, t20, t21, t22, t23, t24, t25, t26, t27, t28, t29, t30, t31, t32, t33, t34, t36, t37, t38, t39, t40)
VALUES
    (0, 96, 88, 119, 87, 26, 54, 22, 157, 39, 85, 68, 56, 135, 118, 165, 89, 61, 72, 69, 46, 151, 104, 57, 149, 89, 108, 137, 56, 72, 54, 34, 187, 23, 147, 87, 59, 196, 161, 160),
    (1, 82, 34, 155, 144, 25, 81, 45, 104, 58, 117, 180, 199, 74, 60, 42, 86, 71, 156, 78, 106, 74, 141, 141, 48, 12, 158, 132, 32, 111, 150, 19, 187, 156, 75, 42, 109, 173, 179, 59),
    (2, 171, 199, 29, 181, 56, 60, 95, 21, 179, 97, 45, 173, 181, 70, 69, 192, 80, 39, 100, 67, 104, 183, 143, 94, 20, 158, 150, 183, 75, 153, 21, 157, 173, 32, 99, 179, 11, 95, 167),
    (3, 34, 19, 25, 90, 35, 81, 51, 0, 112, 40, 19, 52, 103, 146, 82, 142, 1, 49, 24, 74, 145, 16, 169, 58, 67, 145, 7, 173, 60, 14, 22, 197, 186, 198, 96, 151, 13, 105, 96),
    (4, 152, 28, 189, 42, 125, 89, 15, 87, 126, 2, 182, 144, 122, 61, 76, 128, 91, 176, 90, 166, 43, 135, 175, 28, 5, 26, 17, 145, 193, 199, 24, 75, 29, 179, 52, 5, 160, 130, 167),
    (5, 173, 23, 18, 197, 103, 148, 183, 101, 31, 83, 110, 167, 36, 87, 164, 57, 56, 23, 32, 131, 129, 162, 74, 20, 44, 79, 76, 172, 76, 65, 51, 74, 109, 11, 16, 13, 154, 34, 21),
    (6, 32, 17, 116, 168, 172, 141, 30, 156, 178, 32, 76, 46, 183, 192, 94, 45, 103, 62, 138, 154, 51, 4, 47, 10, 63, 113, 184, 20, 132, 41, 145, 101, 71, 10, 183, 94, 57, 23, 5),
    (7, 23, 115, 37, 83, 37, 193, 196, 174, 154, 177, 62, 116, 193, 49, 65, 75, 187, 74, 6, 164, 63, 110, 146, 145, 65, 77, 44, 85, 151, 99, 170, 174, 112, 65, 81, 81, 82, 174, 10),
    (8, 106, 123, 110, 139, 137, 147, 79, 99, 28, 132, 104, 74, 45, 137, 94, 129, 97, 100, 182, 91, 95, 190, 42, 3, 95, 161, 156, 159, 153, 73, 153, 25, 130, 136, 79, 101, 72, 118, 141),
    (9, 193, 66, 188, 177, 72, 106, 100, 113, 179, 104, 85, 35, 41, 114, 1, 56, 146, 198, 104, 140, 56, 100, 50, 130, 184, 115, 87, 39, 116, 147, 165, 5, 196, 126, 101, 190, 5, 135, 51),
    (10, 63, 31, 135, 35, 152, 52, 2, 105, 176, 150, 70, 184, 59, 199, 195, 191, 197, 44, 184, 33, 44, 149, 150, 188, 8, 177, 28, 176, 184, 151, 59, 182, 23, 171, 96, 107, 91, 198, 180),
    (11, 10, 107, 109, 114, 121, 147, 39, 24, 164, 18, 94, 70, 142, 142, 193, 1, 1, 172, 36, 100, 37, 59, 80, 39, 141, 112, 59, 67, 179, 163, 29, 66, 129, 191, 40, 139, 50, 177, 55),
    (12, 47, 118, 153, 8, 169, 134, 37, 86, 63, 31, 104, 90, 133, 72, 186, 49, 155, 126, 174, 16, 53, 10, 145, 173, 75, 14, 139, 151, 78, 103, 172, 146, 129, 40, 106, 62, 173, 159, 106),
    (13, 101, 92, 175, 16, 177, 143, 98, 165, 28, 18, 27, 126, 46, 158, 146, 55, 46, 181, 89, 49, 117, 36, 163, 19, 19, 41, 52, 57, 178, 34, 27, 55, 65, 57, 62, 122, 29, 15, 66),
    (14, 112, 117, 88, 42, 93, 54, 148, 53, 20, 131, 199, 190, 27, 32, 0, 23, 188, 165, 92, 8, 87, 85, 65, 179, 137, 87, 102, 80, 19, 101, 176, 44, 28, 185, 99, 125, 137, 109, 121),
    (15, 135, 158, 128, 143, 183, 168, 113, 152, 191, 67, 130, 176, 54, 74, 10, 46, 168, 104, 27, 14, 115, 176, 42, 11, 114, 142, 194, 143, 62, 22, 128, 81, 142, 177, 181, 77, 27, 172, 107),
    (16, 180, 6, 66, 18, 5, 148, 38, 186, 75, 122, 9, 72, 172, 68, 61, 43, 102, 176, 59, 81, 145, 186, 19, 58, 154, 120, 76, 69, 179, 57, 158, 9, 174, 138, 8, 178, 71, 149, 186),
    (17, 30, 136, 67, 77, 102, 53, 110, 8, 94, 150, 136, 153, 198, 183, 115, 147, 23, 152, 134, 77, 18, 145, 132, 77, 14, 84, 189, 63, 143, 193, 157, 120, 12, 11, 23, 97, 170, 13, 65),
    (18, 6, 85, 101, 62, 171, 182, 103, 139, 175, 16, 82, 146, 24, 6, 184, 156, 187, 59, 19, 195, 163, 166, 83, 174, 62, 144, 195, 3, 54, 101, 195, 16, 0, 117, 9, 192, 26, 59, 38),
    (19, 32, 41, 12, 150, 85, 179, 121, 72, 120, 94, 60, 50, 80, 166, 49, 73, 186, 52, 27, 31, 100, 189, 25, 112, 166, 166, 66, 50, 5, 27, 64, 113, 145, 54, 107, 79, 146, 65, 149),
    (20, 39, 174, 165, 61, 196, 48, 42, 168, 14, 167, 60, 91, 70, 132, 101, 39, 46, 5, 176, 47, 128, 23, 99, 151, 19, 151, 168, 118, 86, 40, 191, 120, 96, 93, 77, 97, 198, 164, 68),
    (21, 137, 109, 69, 112, 175, 46, 162, 177, 55, 15, 118, 22, 187, 125, 12, 1, 42, 173, 163, 149, 65, 144, 77, 72, 179, 79, 98, 87, 181, 84, 194, 118, 10, 108, 25, 70, 47, 147, 154),
    (22, 162, 52, 24, 141, 109, 108, 60, 4, 179, 61, 135, 79, 177, 64, 119, 32, 6, 192, 89, 112, 92, 102, 108, 70, 10, 10, 120, 29, 129, 145, 22, 193, 4, 181, 151, 80, 89, 179, 115),
    (23, 119, 167, 65, 177, 59, 171, 14, 85, 104, 144, 149, 155, 73, 7, 118, 179, 22, 56, 164, 144, 122, 124, 77, 60, 164, 194, 70, 109, 122, 38, 133, 76, 19, 2, 40, 146, 47, 153, 198),
    (24, 3, 21, 71, 37, 173, 83, 199, 81, 23, 172, 31, 118, 160, 24, 59, 43, 68, 95, 150, 71, 59, 190, 57, 95, 49, 103, 82, 123, 14, 182, 144, 8, 13, 116, 50, 163, 177, 69, 13),
    (25, 2, 197, 86, 161, 16, 139, 110, 26, 23, 147, 163, 23, 38, 8, 93, 19, 24, 94, 105, 82, 48, 151, 156, 126, 62, 16, 84, 53, 130, 34, 162, 117, 54, 86, 130, 120, 186, 159, 118),
    (26, 76, 197, 118, 75, 106, 35, 78, 176, 153, 62, 32, 31, 181, 144, 14, 150, 104, 26, 100, 179, 85, 129, 13, 197, 95, 96, 93, 23, 69, 73, 175, 78, 94, 89, 4, 104, 35, 154, 93),
    (27, 167, 80, 187, 198, 126, 100, 84, 86, 131, 161, 107, 55, 150, 28, 188, 15, 178, 191, 168, 70, 158, 87, 0, 51, 121, 171, 12, 96, 183, 180, 3, 15, 194, 148, 67, 164, 135, 15, 65),
    (28, 132, 146, 38, 195, 157, 115, 23, 130, 78, 133, 91, 161, 10, 109, 111, 100, 68, 159, 120, 158, 21, 14, 129, 180, 89, 69, 115, 16, 92, 134, 15, 42, 0, 63, 111, 48, 83, 53, 25),
    (29, 173, 146, 48, 37, 9, 76, 26, 150, 172, 156, 186, 58, 69, 16, 126, 24, 126, 139, 197, 40, 34, 28, 126, 2, 169, 102, 150, 105, 115, 54, 74, 126, 73, 163, 93, 129, 110, 191, 126),
    (30, 8, 78, 144, 125, 93, 156, 155, 54, 79, 159, 33, 96, 192, 40, 147, 193, 121, 56, 166, 173, 122, 29, 76, 122, 107, 107, 76, 124, 19, 90, 19, 47, 162, 20, 104, 148, 76, 21, 91),
    (31, 189, 182, 152, 94, 35, 19, 108, 155, 171, 178, 26, 179, 106, 40, 92, 166, 180, 65, 171, 59, 169, 144, 20, 139, 28, 110, 175, 90, 83, 66, 131, 13, 67, 33, 119, 146, 102, 99, 114),
    (32, 93, 2, 106, 7, 188, 177, 176, 43, 68, 186, 199, 164, 162, 69, 69, 175, 48, 0, 159, 106, 36, 170, 143, 59, 86, 81, 127, 129, 41, 101, 111, 50, 120, 9, 71, 91, 49, 192, 189),
    (33, 15, 25, 67, 81, 83, 44, 181, 144, 21, 39, 36, 171, 149, 139, 49, 10, 168, 187, 76, 69, 6, 33, 176, 32, 160, 89, 23, 152, 71, 196, 75, 186, 112, 76, 153, 150, 97, 24, 147),
    (34, 35, 160, 95, 118, 186, 36, 98, 85, 68, 57, 60, 199, 45, 174, 79, 117, 37, 143, 21, 75, 111, 156, 82, 159, 89, 75, 82, 103, 122, 175, 81, 22, 31, 93, 160, 150, 165, 137, 194),
    (35, 79, 167, 40, 35, 46, 134, 197, 98, 188, 149, 41, 108, 93, 187, 73, 114, 172, 67, 105, 151, 82, 110, 182, 32, 104, 108, 122, 112, 11, 47, 14, 111, 80, 184, 14, 197, 189, 83, 73),
    (36, 84, 146, 165, 20, 29, 169, 46, 104, 88, 32, 152, 143, 181, 195, 182, 103, 121, 139, 124, 166, 28, 94, 109, 130, 0, 54, 1, 56, 21, 162, 129, 100, 193, 174, 158, 167, 72, 78, 183),
    (37, 127, 137, 143, 181, 35, 138, 0, 126, 194, 184, 103, 47, 70, 65, 22, 10, 36, 139, 13, 59, 154, 122, 172, 191, 96, 150, 104, 65, 185, 189, 142, 67, 43, 97, 69, 36, 0, 140, 186),
    (38, 35, 15, 106, 194, 91, 112, 52, 21, 17, 66, 46, 162, 142, 133, 11, 73, 53, 148, 124, 140, 197, 160, 76, 109, 156, 25, 135, 182, 154, 156, 31, 123, 70, 4, 60, 23, 165, 28, 13),
    (39, 53, 147, 161, 117, 132, 20, 161, 131, 16, 26, 90, 111, 90, 188, 112, 101, 183, 25, 164, 1, 130, 100, 92, 109, 166, 116, 101, 111, 84, 147, 152, 34, 104, 73, 196, 66, 92, 56, 98),
    (40, 164, 192, 198, 199, 76, 36, 68, 29, 93, 174, 160, 64, 30, 116, 60, 114, 159, 1, 78, 107, 93, 199, 131, 141, 172, 183, 182, 17, 73, 119, 146, 102, 70, 188, 89, 79, 162, 192, 194),
    (41, 131, 164, 198, 167, 81, 43, 195, 120, 124, 20, 152, 23, 0, 154, 97, 72, 185, 154, 82, 88, 146, 77, 30, 149, 64, 88, 48, 5, 193, 92, 83, 28, 82, 166, 97, 67, 118, 155, 132),
    (42, 85, 191, 133, 45, 134, 90, 124, 132, 11, 24, 111, 91, 40, 64, 142, 5, 51, 57, 52, 35, 64, 197, 173, 172, 141, 144, 95, 142, 178, 75, 41, 155, 101, 64, 90, 61, 170, 123, 64),
    (43, 117, 37, 182, 72, 5, 91, 60, 76, 125, 153, 83, 129, 198, 141, 120, 54, 99, 82, 154, 149, 165, 105, 36, 118, 162, 88, 176, 31, 73, 194, 5, 49, 44, 109, 149, 65, 99, 189, 106),
    (44, 143, 6, 16, 39, 124, 34, 99, 141, 15, 113, 86, 116, 62, 185, 0, 169, 3, 149, 185, 105, 176, 80, 123, 197, 154, 170, 115, 119, 46, 3, 92, 65, 5, 117, 57, 47, 183, 178, 55),
    (45, 164, 174, 190, 163, 162, 172, 19, 159, 64, 17, 179, 49, 56, 175, 19, 112, 113, 182, 65, 175, 74, 161, 18, 135, 28, 143, 186, 6, 101, 86, 62, 159, 144, 141, 155, 123, 113, 22, 5),
    (46, 129, 163, 83, 9, 195, 177, 153, 185, 137, 63, 153, 94, 132, 30, 76, 159, 189, 50, 92, 108, 101, 18, 15, 141, 120, 34, 135, 89, 69, 70, 15, 46, 96, 133, 127, 175, 131, 118, 121),
    (47, 67, 91, 84, 87, 86, 17, 7, 199, 70, 72, 145, 3, 43, 58, 12, 35, 63, 133, 13, 28, 172, 180, 80, 172, 27, 178, 186, 177, 164, 13, 79, 55, 102, 97, 118, 199, 169, 153, 105),
    (48, 173, 38, 59, 136, 28, 24, 105, 107, 77, 73, 114, 180, 135, 96, 113, 178, 58, 43, 57, 163, 199, 136, 154, 41, 137, 47, 9, 59, 59, 154, 150, 17, 150, 162, 196, 119, 64, 122, 173),
    (49, 16, 125, 116, 46, 179, 164, 135, 30, 58, 42, 53, 197, 128, 193, 77, 116, 76, 7, 24, 84, 64, 52, 60, 197, 144, 166, 73, 174, 96, 38, 82, 152, 169, 27, 195, 27, 29, 44, 97),
    (50, 161, 128, 120, 74, 115, 140, 169, 180, 41, 65, 102, 51, 157, 47, 161, 13, 121, 98, 36, 72, 4, 129, 104, 160, 79, 138, 40, 66, 54, 116, 32, 45, 79, 68, 183, 173, 135, 109, 49),
    (51, 141, 196, 20, 86, 147, 118, 119, 104, 77, 84, 65, 186, 122, 73, 8, 15, 30, 114, 164, 120, 48, 44, 24, 167, 4, 20, 112, 144, 165, 14, 46, 141, 159, 152, 184, 22, 190, 199, 42),
    (52, 114, 14, 94, 101, 107, 144, 44, 35, 73, 11, 92, 173, 146, 98, 64, 17, 26, 178, 97, 131, 17, 187, 134, 136, 121, 55, 22, 119, 70, 64, 83, 130, 152, 111, 89, 139, 196, 106, 89),
    (53, 150, 187, 73, 46, 189, 116, 22, 5, 184, 161, 21, 47, 35, 184, 39, 102, 160, 76, 143, 87, 90, 70, 130, 82, 5, 61, 25, 153, 23, 17, 61, 39, 111, 8, 152, 173, 124, 56, 33),
    (54, 75, 174, 112, 169, 183, 74, 138, 17, 54, 82, 199, 62, 184, 75, 102, 104, 147, 102, 198, 137, 87, 14, 169, 137, 149, 49, 182, 160, 25, 182, 10, 162, 16, 91, 128, 125, 58, 16, 10),
    (55, 125, 187, 16, 189, 163, 2, 129, 156, 150, 60, 76, 142, 27, 123, 117, 190, 147, 118, 184, 31, 26, 102, 17, 101, 128, 173, 95, 104, 64, 144, 125, 23, 93, 127, 138, 173, 38, 73, 75),
    (56, 110, 80, 130, 89, 108, 1, 57, 135, 175, 40, 2, 149, 121, 81, 44, 85, 194, 192, 59, 105, 193, 159, 143, 179, 145, 15, 148, 76, 109, 31, 138, 38, 29, 10, 4, 4, 1, 36, 199),
    (57, 92, 159, 161, 159, 150, 111, 9, 144, 144, 192, 178, 180, 191, 151, 101, 50, 180, 190, 19, 186, 17, 113, 23, 4, 140, 121, 59, 120, 93, 64, 175, 188, 63, 78, 118, 32, 169, 150, 159),
    (58, 168, 118, 16, 112, 138, 54, 82, 95, 132, 84, 154, 113, 70, 41, 99, 103, 199, 198, 55, 7, 49, 90, 9, 194, 71, 61, 179, 134, 155, 180, 82, 182, 66, 133, 153, 177, 17, 197, 82),
    (59, 157, 29, 64, 72, 193, 184, 77, 63, 92, 31, 176, 126, 183, 156, 171, 140, 117, 112, 172, 107, 37, 9, 197, 99, 135, 195, 146, 13, 134, 75, 189, 98, 0, 121, 143, 168, 115, 125, 79),
    (60, 165, 51, 172, 171, 130, 146, 108, 193, 124, 165, 126, 190, 82, 178, 130, 16, 132, 129, 124, 14, 98, 75, 152, 45, 126, 49, 36, 50, 159, 14, 147, 87, 21, 81, 135, 31, 83, 34, 60),
    (61, 36, 30, 2, 58, 164, 14, 25, 1, 60, 138, 118, 48, 188, 9, 101, 149, 33, 61, 86, 97, 143, 172, 37, 135, 161, 116, 79, 85, 186, 52, 135, 173, 13, 142, 139, 115, 192, 117, 50),
    (62, 65, 29, 114, 68, 18, 96, 195, 89, 78, 154, 90, 74, 41, 62, 158, 49, 29, 113, 146, 79, 22, 179, 75, 2, 89, 35, 61, 111, 16, 129, 196, 78, 133, 133, 50, 104, 135, 63, 10),
    (63, 51, 66, 7, 196, 102, 5, 131, 23, 89, 102, 12, 140, 34, 140, 102, 4, 46, 185, 181, 136, 77, 25, 148, 160, 137, 52, 106, 135, 188, 156, 142, 100, 188, 111, 88, 68, 46, 42, 144),
    (64, 190, 155, 28, 155, 29, 114, 163, 132, 90, 143, 155, 100, 40, 4, 154, 31, 4, 9, 29, 197, 94, 119, 74, 154, 6, 138, 149, 198, 50, 142, 196, 75, 40, 59, 90, 111, 134, 106, 70),
    (65, 152, 195, 116, 53, 150, 26, 46, 163, 176, 78, 33, 148, 116, 165, 35, 145, 95, 152, 106, 57, 124, 185, 107, 185, 120, 11, 160, 129, 65, 188, 123, 166, 187, 177, 24, 12, 77, 137, 30),
    (66, 70, 23, 187, 142, 151, 42, 155, 176, 36, 64, 168, 92, 153, 164, 11, 72, 142, 14, 143, 57, 109, 57, 195, 57, 118, 93, 30, 101, 170, 14, 117, 178, 88, 194, 32, 127, 184, 194, 15),
    (67, 66, 55, 70, 100, 54, 70, 155, 119, 121, 186, 158, 99, 168, 108, 145, 74, 30, 183, 186, 106, 84, 147, 64, 57, 158, 192, 96, 154, 63, 17, 32, 79, 155, 159, 176, 57, 130, 157, 124),
    (68, 176, 146, 143, 158, 123, 115, 118, 116, 167, 26, 196, 74, 57, 45, 165, 84, 64, 120, 139, 181, 120, 121, 116, 2, 182, 13, 47, 64, 12, 11, 4, 181, 135, 17, 156, 184, 167, 11, 38),
    (69, 166, 48, 25, 192, 94, 136, 132, 107, 5, 94, 30, 91, 53, 132, 81, 86, 61, 5, 183, 15, 19, 116, 159, 129, 133, 100, 126, 29, 108, 136, 44, 26, 140, 73, 82, 144, 15, 0, 193),
    (70, 75, 76, 111, 187, 127, 131, 177, 93, 14, 158, 185, 148, 193, 67, 64, 183, 139, 91, 71, 7, 120, 145, 33, 124, 194, 134, 23, 75, 124, 191, 2, 130, 38, 171, 19, 2, 163, 191, 121),
    (71, 5, 194, 56, 39, 149, 50, 165, 20, 109, 51, 13, 85, 71, 95, 67, 187, 163, 53, 191, 34, 114, 18, 36, 183, 160, 89, 158, 42, 115, 137, 52, 3, 29, 98, 171, 167, 52, 63, 135),
    (72, 1, 159, 158, 6, 3, 41, 10, 28, 98, 85, 40, 153, 100, 115, 64, 155, 9, 52, 184, 95, 59, 170, 78, 150, 165, 25, 105, 182, 35, 119, 141, 124, 38, 164, 149, 154, 183, 12, 123),
    (73, 143, 21, 83, 122, 142, 125, 152, 126, 37, 5, 177, 73, 103, 6, 194, 173, 189, 73, 191, 153, 93, 133, 152, 179, 103, 164, 80, 38, 166, 144, 184, 72, 105, 53, 106, 169, 118, 6, 69),
    (74, 76, 120, 102, 21, 118, 158, 174, 121, 6, 163, 12, 92, 88, 181, 118, 59, 150, 28, 161, 95, 176, 110, 37, 115, 68, 68, 33, 69, 96, 177, 53, 49, 129, 179, 63, 123, 60, 38, 50),
    (75, 13, 152, 65, 63, 176, 121, 158, 136, 111, 184, 38, 122, 124, 180, 7, 97, 12, 27, 30, 54, 118, 183, 56, 80, 182, 67, 27, 143, 1, 107, 178, 83, 108, 151, 191, 186, 125, 113, 156),
    (76, 112, 197, 146, 189, 176, 149, 58, 107, 43, 195, 45, 150, 151, 97, 141, 189, 77, 147, 80, 36, 192, 11, 178, 175, 74, 78, 12, 148, 151, 50, 85, 153, 48, 4, 136, 196, 109, 1, 165),
    (77, 102, 53, 31, 107, 9, 70, 135, 196, 112, 171, 33, 154, 140, 45, 104, 177, 138, 96, 80, 167, 28, 131, 109, 44, 80, 29, 16, 149, 149, 113, 44, 123, 199, 39, 36, 147, 82, 103, 181),
    (78, 67, 88, 126, 98, 179, 73, 135, 140, 46, 75, 187, 183, 189, 41, 7, 56, 78, 24, 51, 9, 155, 130, 111, 188, 115, 59, 190, 96, 25, 130, 109, 162, 110, 199, 28, 169, 156, 159, 138),
    (79, 48, 128, 28, 56, 49, 140, 121, 67, 66, 139, 193, 3, 102, 148, 30, 159, 150, 154, 128, 160, 52, 118, 113, 69, 155, 1, 90, 133, 164, 158, 118, 6, 121, 41, 62, 59, 131, 63, 108),
    (80, 67, 38, 144, 76, 125, 22, 10, 99, 85, 4, 77, 59, 179, 43, 62, 142, 157, 160, 134, 107, 69, 38, 117, 165, 105, 31, 77, 199, 77, 132, 181, 124, 33, 154, 165, 193, 41, 117, 112),
    (81, 156, 151, 130, 7, 63, 13, 91, 39, 34, 99, 1, 52, 101, 38, 140, 70, 77, 122, 187, 163, 128, 41, 20, 147, 46, 52, 17, 147, 73, 2, 193, 131, 162, 159, 144, 25, 98, 75, 195),
    (82, 132, 124, 180, 104, 156, 116, 25, 137, 14, 29, 100, 118, 159, 57, 177, 5, 9, 159, 33, 134, 175, 170, 57, 122, 51, 124, 0, 65, 11, 89, 196, 77, 68, 67, 65, 98, 110, 104, 6),
    (83, 84, 111, 195, 116, 94, 25, 2, 157, 141, 8, 123, 169, 177, 137, 66, 175, 63, 5, 125, 61, 150, 147, 41, 78, 165, 60, 56, 93, 23, 79, 92, 131, 95, 27, 172, 116, 188, 163, 134),
    (84, 62, 180, 12, 108, 101, 173, 103, 88, 31, 165, 133, 158, 192, 73, 107, 18, 48, 21, 152, 45, 85, 16, 111, 194, 141, 111, 2, 131, 178, 80, 85, 110, 125, 24, 2, 159, 1, 60, 13),
    (85, 104, 112, 193, 114, 194, 132, 7, 68, 139, 178, 114, 49, 19, 192, 124, 103, 54, 31, 13, 20, 169, 94, 193, 23, 69, 142, 1, 157, 6, 66, 7, 15, 85, 138, 4, 169, 85, 78, 125),
    (86, 69, 26, 113, 94, 176, 38, 160, 16, 185, 85, 187, 75, 128, 22, 54, 151, 160, 119, 144, 81, 189, 67, 137, 167, 140, 21, 35, 31, 28, 39, 62, 116, 139, 53, 40, 71, 68, 186, 127),
    (87, 98, 106, 97, 90, 148, 15, 67, 108, 162, 17, 102, 117, 199, 52, 122, 105, 36, 5, 188, 158, 117, 4, 27, 62, 97, 84, 47, 177, 22, 172, 152, 192, 4, 26, 36, 43, 51, 101, 37),
    (88, 47, 40, 104, 47, 17, 166, 66, 27, 128, 75, 198, 14, 36, 56, 199, 43, 149, 7, 59, 169, 144, 142, 113, 24, 29, 27, 80, 135, 1, 88, 111, 129, 83, 40, 65, 1, 133, 65, 37),
    (89, 54, 164, 179, 8, 34, 87, 176, 104, 94, 40, 10, 13, 19, 169, 179, 163, 127, 104, 122, 36, 172, 187, 128, 164, 175, 78, 181, 98, 104, 92, 41, 65, 149, 196, 35, 37, 118, 56, 82),
    (90, 186, 141, 140, 72, 2, 128, 88, 69, 21, 44, 4, 146, 149, 119, 44, 183, 64, 109, 194, 125, 39, 195, 110, 93, 61, 178, 147, 65, 53, 137, 150, 62, 32, 24, 189, 180, 119, 58, 135),
    (91, 122, 82, 163, 116, 105, 26, 36, 17, 170, 61, 189, 117, 78, 86, 26, 50, 119, 121, 76, 78, 160, 199, 179, 133, 62, 106, 79, 105, 16, 190, 28, 153, 196, 83, 89, 160, 168, 1, 10),
    (92, 92, 22, 197, 106, 31, 117, 77, 99, 64, 16, 182, 171, 113, 197, 38, 5, 132, 160, 185, 43, 15, 11, 42, 165, 176, 17, 173, 99, 26, 194, 55, 180, 54, 157, 172, 13, 145, 133, 128),
    (93, 64, 157, 1, 168, 17, 79, 147, 98, 180, 186, 125, 4, 90, 49, 14, 17, 85, 91, 165, 183, 120, 161, 163, 20, 188, 72, 60, 135, 59, 185, 0, 34, 177, 4, 173, 50, 45, 119, 197),
    (94, 56, 130, 112, 58, 174, 66, 150, 118, 8, 142, 115, 71, 1, 61, 38, 15, 140, 145, 107, 154, 156, 133, 161, 34, 15, 91, 124, 175, 16, 184, 103, 4, 130, 52, 36, 91, 169, 165, 5),
    (95, 168, 0, 112, 123, 107, 122, 143, 152, 67, 105, 139, 135, 174, 114, 18, 5, 149, 151, 192, 126, 148, 15, 10, 132, 28, 83, 175, 63, 171, 54, 23, 187, 91, 15, 113, 57, 92, 57, 171),
    (96, 118, 152, 65, 14, 195, 161, 56, 136, 49, 144, 51, 153, 28, 91, 101, 23, 156, 118, 183, 85, 146, 191, 93, 174, 173, 94, 27, 174, 149, 156, 128, 181, 180, 166, 20, 151, 115, 179, 118),
    (97, 76, 42, 133, 192, 180, 85, 193, 36, 54, 23, 183, 153, 126, 178, 30, 32, 72, 196, 111, 115, 18, 185, 34, 32, 142, 11, 38, 58, 104, 33, 12, 188, 116, 40, 100, 141, 178, 183, 183),
    (98, 29, 177, 53, 28, 181, 127, 73, 76, 144, 69, 133, 111, 182, 125, 115, 18, 63, 179, 47, 11, 21, 46, 40, 177, 189, 194, 173, 104, 188, 24, 97, 11, 184, 86, 98, 151, 183, 183, 108),
    (99, 102, 84, 49, 191, 157, 160, 0, 122, 134, 177, 45, 99, 150, 33, 109, 79, 151, 77, 105, 63, 84, 121, 166, 156, 61, 35, 16, 62, 35, 98, 101, 37, 180, 117, 28, 36, 88, 17, 121),
    (100, 4, 77, 92, 66, 50, 78, 25, 148, 58, 127, 76, 25, 2, 92, 6, 128, 159, 9, 184, 61, 84, 3, 154, 183, 137, 194, 87, 23, 25, 124, 121, 144, 192, 198, 94, 150, 142, 96, 78),
    (101, 195, 63, 94, 199, 49, 19, 130, 198, 126, 136, 165, 35, 57, 12, 173, 117, 26, 121, 7, 173, 51, 83, 164, 160, 111, 63, 50, 21, 95, 90, 48, 86, 93, 37, 172, 76, 60, 143, 198),
    (102, 152, 112, 82, 133, 87, 74, 126, 18, 66, 169, 106, 95, 47, 125, 79, 36, 64, 144, 172, 170, 198, 89, 181, 151, 156, 20, 115, 185, 93, 138, 93, 162, 113, 76, 152, 148, 30, 14, 152),
    (103, 166, 64, 98, 153, 108, 112, 69, 69, 67, 74, 37, 96, 35, 98, 180, 83, 173, 7, 174, 122, 60, 81, 95, 85, 59, 48, 197, 108, 41, 35, 69, 146, 114, 179, 45, 122, 37, 146, 15),
    (104, 4, 198, 29, 28, 163, 6, 17, 160, 197, 41, 154, 119, 125, 146, 159, 43, 61, 149, 194, 74, 189, 185, 176, 158, 41, 145, 191, 32, 75, 68, 13, 147, 164, 157, 9, 39, 72, 136, 86),
    (105, 71, 165, 137, 136, 199, 170, 178, 74, 117, 143, 6, 5, 134, 47, 99, 2, 99, 116, 17, 143, 21, 78, 41, 177, 64, 153, 112, 174, 105, 139, 141, 189, 89, 17, 64, 23, 28, 184, 10),
    (106, 151, 69, 59, 9, 150, 26, 108, 70, 142, 63, 81, 138, 163, 124, 133, 102, 19, 181, 194, 132, 109, 72, 22, 134, 1, 148, 109, 2, 193, 129, 43, 4, 67, 27, 56, 118, 129, 153, 137),
    (107, 129, 54, 174, 92, 37, 163, 13, 162, 144, 153, 139, 87, 59, 79, 95, 92, 124, 20, 68, 133, 193, 82, 160, 105, 173, 146, 102, 32, 8, 178, 90, 61, 151, 49, 155, 163, 41, 142, 55),
    (108, 122, 162, 51, 23, 118, 16, 174, 178, 25, 34, 141, 128, 95, 57, 144, 170, 107, 75, 108, 78, 152, 41, 1, 44, 108, 66, 101, 192, 3, 20, 178, 199, 171, 64, 85, 69, 156, 49, 15),
    (109, 173, 172, 181, 6, 170, 45, 38, 97, 179, 84, 144, 145, 7, 15, 194, 7, 125, 134, 127, 33, 102, 163, 195, 198, 139, 105, 58, 21, 145, 41, 159, 183, 85, 82, 49, 35, 149, 129, 74),
    (110, 9, 76, 107, 62, 85, 135, 99, 20, 22, 79, 149, 133, 144, 45, 136, 135, 158, 129, 38, 48, 15, 62, 158, 69, 22, 93, 17, 183, 120, 44, 1, 77, 156, 180, 181, 173, 24, 164, 180),
    (111, 130, 96, 89, 89, 121, 5, 198, 70, 101, 61, 26, 52, 142, 195, 136, 56, 124, 187, 178, 177, 169, 45, 156, 186, 106, 106, 9, 100, 58, 142, 43, 43, 177, 94, 166, 163, 70, 144, 82),
    (112, 158, 30, 114, 39, 163, 28, 120, 6, 38, 60, 7, 12, 2, 53, 94, 139, 130, 119, 187, 51, 147, 122, 175, 69, 94, 77, 31, 5, 53, 66, 80, 4, 62, 72, 50, 28, 2, 114, 111),
    (113, 53, 43, 151, 49, 143, 42, 30, 4, 71, 121, 97, 146, 49, 104, 180, 125, 3, 96, 127, 178, 101, 165, 163, 10, 115, 74, 1, 196, 11, 139, 89, 186, 34, 58, 195, 85, 141, 73, 19),
    (114, 146, 31, 162, 87, 163, 66, 29, 12, 59, 94, 187, 16, 21, 81, 103, 113, 184, 62, 190, 33, 185, 193, 25, 77, 155, 27, 39, 197, 80, 149, 164, 113, 109, 126, 86, 8, 81, 7, 178),
    (115, 189, 177, 2, 166, 30, 104, 69, 16, 189, 101, 51, 95, 176, 80, 116, 176, 113, 155, 66, 144, 163, 159, 135, 175, 31, 108, 107, 4, 114, 195, 56, 72, 129, 166, 123, 128, 185, 104, 173),
    (116, 153, 193, 108, 18, 48, 185, 119, 198, 196, 175, 165, 117, 18, 121, 101, 69, 106, 176, 21, 22, 37, 6, 118, 188, 196, 168, 95, 44, 181, 40, 81, 60, 59, 129, 190, 28, 8, 175, 129),
    (117, 55, 34, 82, 129, 2, 38, 99, 119, 89, 14, 124, 145, 11, 30, 180, 157, 120, 1, 96, 153, 195, 170, 117, 173, 141, 86, 134, 48, 142, 100, 118, 165, 56, 2, 183, 156, 192, 24, 103),
    (118, 193, 180, 157, 86, 4, 176, 116, 98, 75, 27, 78, 165, 126, 53, 40, 105, 11, 47, 178, 35, 174, 48, 173, 48, 35, 170, 100, 164, 66, 194, 146, 139, 189, 37, 65, 180, 14, 194, 168),
    (119, 190, 189, 184, 132, 182, 153, 121, 189, 142, 153, 29, 179, 104, 196, 65, 61, 89, 109, 11, 60, 137, 106, 142, 123, 187, 127, 28, 34, 138, 91, 97, 109, 163, 166, 157, 91, 41, 193, 188),
    (120, 132, 104, 66, 65, 30, 3, 133, 65, 63, 40, 70, 157, 41, 86, 149, 194, 41, 55, 32, 192, 65, 108, 103, 70, 145, 43, 85, 3, 99, 71, 46, 9, 196, 165, 141, 79, 91, 89, 132),
    (121, 113, 116, 156, 123, 30, 110, 77, 98, 38, 37, 45, 128, 150, 115, 123, 168, 66, 108, 38, 141, 1, 57, 62, 152, 112, 33, 70, 115, 47, 192, 99, 39, 159, 115, 85, 182, 148, 168, 141),
    (122, 157, 181, 68, 189, 119, 28, 116, 78, 190, 130, 151, 50, 107, 11, 66, 21, 125, 35, 187, 144, 163, 162, 101, 100, 7, 162, 153, 30, 165, 118, 138, 119, 113, 151, 31, 44, 143, 97, 129),
    (123, 76, 23, 73, 174, 168, 158, 111, 114, 13, 25, 51, 56, 6, 166, 145, 184, 118, 88, 81, 117, 143, 66, 174, 22, 28, 126, 106, 143, 30, 64, 22, 35, 95, 32, 73, 197, 157, 56, 76),
    (124, 65, 104, 68, 63, 66, 61, 96, 10, 63, 91, 55, 148, 84, 27, 160, 27, 163, 67, 64, 105, 34, 96, 65, 199, 167, 150, 50, 104, 49, 18, 82, 109, 60, 125, 134, 164, 150, 96, 71),
    (125, 32, 172, 106, 31, 176, 11, 84, 142, 63, 33, 112, 87, 36, 28, 4, 166, 40, 107, 65, 90, 77, 104, 30, 40, 101, 102, 18, 138, 147, 175, 69, 97, 95, 64, 3, 77, 193, 122, 41),
    (126, 100, 148, 19, 55, 48, 198, 152, 107, 42, 74, 112, 96, 111, 37, 39, 10, 71, 187, 179, 133, 8, 142, 177, 172, 188, 148, 10, 175, 70, 30, 151, 34, 133, 142, 171, 198, 139, 102, 64),
    (127, 72, 97, 119, 188, 57, 140, 19, 40, 39, 22, 166, 57, 35, 62, 170, 157, 160, 111, 15, 121, 83, 39, 112, 142, 88, 35, 119, 111, 63, 48, 81, 6, 171, 104, 109, 16, 182, 34, 67),
    (128, 45, 159, 139, 155, 144, 168, 188, 144, 92, 31, 137, 154, 91, 122, 50, 115, 75, 59, 172, 47, 197, 36, 18, 185, 117, 194, 81, 149, 163, 176, 35, 78, 93, 2, 18, 148, 125, 135, 74),
    (129, 192, 23, 60, 8, 134, 96, 117, 52, 95, 160, 23, 69, 117, 55, 103, 123, 136, 57, 101, 116, 109, 182, 30, 77, 178, 14, 19, 177, 130, 158, 139, 26, 28, 99, 23, 145, 47, 73, 82),
    (130, 125, 56, 30, 174, 111, 175, 144, 78, 23, 71, 196, 160, 194, 113, 44, 128, 11, 166, 37, 198, 90, 70, 163, 118, 99, 14, 144, 151, 100, 72, 147, 155, 167, 75, 178, 53, 119, 172, 22),
    (131, 160, 42, 37, 159, 139, 156, 170, 9, 101, 35, 14, 100, 10, 57, 93, 63, 195, 27, 158, 83, 150, 199, 0, 163, 141, 112, 11, 115, 89, 107, 60, 161, 37, 124, 118, 31, 189, 42, 119),
    (132, 156, 189, 94, 27, 196, 190, 59, 123, 31, 175, 171, 45, 47, 54, 71, 13, 92, 160, 89, 63, 97, 85, 165, 162, 153, 107, 31, 61, 97, 120, 71, 90, 45, 23, 36, 58, 175, 190, 135),
    (133, 108, 185, 88, 137, 199, 61, 131, 65, 188, 56, 99, 75, 179, 150, 158, 3, 86, 56, 82, 20, 167, 171, 68, 7, 161, 66, 71, 143, 43, 143, 39, 69, 154, 8, 135, 72, 129, 163, 148),
    (134, 151, 133, 196, 172, 122, 96, 193, 136, 77, 187, 1, 26, 57, 61, 133, 68, 74, 104, 99, 173, 83, 12, 125, 8, 0, 69, 68, 91, 167, 59, 65, 39, 112, 133, 90, 41, 129, 4, 68),
    (135, 199, 26, 155, 33, 124, 42, 47, 178, 70, 132, 143, 69, 158, 174, 178, 52, 68, 29, 135, 100, 110, 23, 138, 79, 121, 123, 188, 81, 129, 155, 93, 166, 85, 53, 48, 78, 9, 70, 161),
    (136, 191, 152, 146, 152, 3, 12, 98, 128, 47, 36, 151, 197, 40, 93, 1, 104, 89, 64, 135, 96, 114, 116, 18, 19, 128, 167, 103, 190, 17, 136, 151, 3, 74, 109, 156, 43, 43, 1, 31),
    (137, 190, 113, 88, 84, 69, 118, 142, 190, 83, 53, 66, 75, 3, 109, 105, 27, 83, 79, 115, 78, 98, 73, 37, 154, 90, 35, 97, 45, 23, 153, 50, 128, 134, 183, 34, 189, 30, 158, 61),
    (138, 156, 50, 45, 167, 114, 38, 167, 95, 68, 159, 130, 11, 0, 37, 138, 111, 37, 41, 1, 83, 87, 62, 77, 123, 16, 174, 24, 94, 190, 156, 8, 62, 8, 99, 199, 137, 33, 112, 12),
    (139, 15, 185, 21, 156, 6, 71, 176, 109, 106, 38, 161, 89, 16, 134, 198, 154, 8, 67, 70, 6, 47, 142, 84, 188, 183, 66, 102, 180, 142, 115, 9, 6, 186, 136, 111, 114, 66, 187, 110),
    (140, 178, 162, 48, 164, 3, 154, 126, 46, 8, 44, 35, 29, 138, 11, 165, 56, 131, 46, 182, 199, 152, 58, 120, 109, 155, 105, 3, 145, 73, 73, 166, 34, 76, 33, 84, 5, 108, 154, 19),
    (141, 179, 89, 153, 199, 66, 108, 49, 193, 4, 186, 137, 143, 148, 131, 10, 62, 119, 172, 92, 49, 197, 162, 105, 49, 68, 69, 99, 43, 72, 146, 29, 88, 10, 99, 174, 49, 94, 2, 195),
    (142, 172, 8, 116, 90, 150, 167, 106, 196, 179, 54, 145, 135, 43, 105, 62, 85, 92, 179, 133, 101, 190, 69, 44, 176, 69, 66, 105, 165, 54, 144, 125, 74, 170, 17, 185, 79, 171, 183, 170),
    (143, 90, 168, 32, 73, 37, 162, 36, 65, 121, 131, 77, 70, 86, 6, 67, 118, 196, 94, 57, 148, 5, 139, 81, 17, 115, 45, 159, 12, 25, 94, 162, 41, 31, 148, 3, 25, 120, 62, 164),
    (144, 23, 185, 101, 167, 196, 53, 170, 2, 79, 49, 34, 122, 62, 88, 114, 1, 124, 127, 195, 55, 107, 20, 118, 14, 8, 61, 43, 151, 52, 184, 116, 66, 8, 68, 151, 67, 136, 1, 7),
    (145, 71, 159, 27, 55, 194, 128, 158, 9, 176, 81, 72, 178, 172, 0, 139, 59, 42, 164, 43, 64, 50, 41, 104, 174, 185, 119, 139, 191, 44, 4, 183, 52, 170, 35, 132, 135, 37, 151, 153),
    (146, 4, 169, 92, 66, 176, 60, 174, 80, 167, 148, 111, 15, 130, 70, 3, 73, 25, 143, 139, 189, 58, 32, 175, 4, 160, 190, 51, 139, 176, 194, 72, 97, 140, 87, 148, 163, 45, 154, 118),
    (147, 8, 101, 199, 117, 173, 25, 50, 13, 183, 100, 95, 106, 48, 0, 168, 145, 171, 198, 112, 92, 175, 51, 185, 104, 107, 171, 59, 16, 37, 48, 149, 159, 161, 137, 72, 157, 192, 32, 184),
    (148, 61, 175, 32, 143, 4, 4, 21, 183, 98, 75, 177, 5, 130, 71, 95, 62, 185, 35, 144, 49, 134, 127, 109, 78, 127, 121, 32, 144, 48, 198, 90, 158, 100, 124, 96, 146, 105, 58, 75),
    (149, 21, 116, 127, 180, 148, 34, 12, 184, 77, 154, 72, 125, 77, 174, 184, 181, 50, 155, 120, 154, 33, 122, 43, 50, 67, 165, 26, 50, 70, 187, 50, 80, 194, 32, 105, 130, 130, 174, 65),
    (150, 49, 113, 20, 117, 122, 158, 70, 164, 80, 106, 24, 12, 90, 156, 21, 97, 146, 135, 26, 71, 88, 35, 24, 146, 7, 199, 50, 74, 51, 27, 33, 61, 104, 107, 163, 56, 35, 190, 185),
    (151, 163, 22, 63, 79, 182, 147, 198, 42, 84, 74, 10, 68, 149, 129, 119, 45, 183, 179, 177, 137, 5, 141, 120, 31, 105, 188, 96, 62, 196, 132, 43, 126, 166, 127, 195, 149, 17, 166, 155),
    (152, 64, 97, 71, 72, 170, 121, 195, 87, 30, 128, 19, 12, 0, 160, 135, 150, 134, 0, 126, 88, 45, 152, 19, 104, 134, 185, 127, 89, 115, 61, 43, 171, 92, 133, 13, 154, 138, 190, 74),
    (153, 118, 81, 134, 158, 192, 75, 92, 117, 162, 151, 84, 62, 69, 115, 76, 127, 38, 84, 83, 195, 159, 26, 162, 85, 198, 11, 65, 59, 146, 67, 72, 17, 151, 16, 0, 142, 190, 153, 155),
    (154, 108, 131, 19, 12, 157, 17, 120, 53, 66, 123, 161, 71, 140, 70, 92, 170, 43, 138, 63, 145, 167, 182, 73, 126, 192, 29, 45, 109, 0, 4, 55, 74, 161, 51, 53, 140, 115, 154, 118),
    (155, 47, 20, 153, 4, 74, 5, 85, 44, 12, 149, 84, 77, 164, 92, 69, 184, 129, 148, 77, 29, 97, 110, 186, 70, 42, 189, 157, 121, 51, 19, 81, 97, 175, 48, 36, 104, 180, 65, 153),
    (156, 11, 168, 171, 167, 173, 148, 198, 142, 65, 125, 135, 191, 171, 42, 25, 121, 169, 0, 113, 127, 177, 3, 27, 5, 192, 7, 84, 109, 136, 125, 2, 165, 103, 6, 31, 112, 131, 16, 90),
    (157, 6, 83, 129, 105, 103, 50, 124, 112, 82, 142, 120, 70, 99, 142, 39, 131, 60, 16, 62, 13, 146, 142, 154, 184, 185, 143, 70, 160, 42, 4, 54, 145, 117, 196, 189, 194, 11, 115, 20),
    (158, 115, 62, 143, 145, 50, 23, 78, 106, 15, 70, 23, 22, 181, 86, 167, 48, 49, 190, 183, 189, 161, 4, 130, 144, 178, 115, 47, 25, 22, 77, 147, 105, 66, 182, 113, 99, 112, 16, 118),
    (159, 94, 50, 61, 179, 61, 61, 195, 29, 14, 9, 40, 125, 30, 166, 142, 111, 186, 124, 85, 116, 47, 64, 105, 101, 47, 136, 139, 12, 119, 112, 166, 179, 13, 167, 15, 67, 25, 17, 57),
    (160, 127, 16, 192, 106, 134, 117, 171, 198, 182, 60, 169, 162, 169, 18, 130, 127, 66, 41, 26, 158, 156, 74, 166, 190, 101, 47, 90, 52, 12, 8, 28, 52, 168, 130, 113, 76, 114, 9, 132),
    (161, 33, 112, 90, 63, 23, 70, 55, 76, 83, 30, 2, 40, 67, 196, 34, 165, 107, 155, 40, 199, 127, 162, 37, 43, 182, 91, 29, 12, 65, 198, 91, 142, 85, 33, 197, 186, 168, 60, 150),
    (162, 126, 155, 4, 165, 67, 143, 7, 168, 126, 6, 84, 157, 0, 145, 159, 33, 70, 42, 53, 183, 136, 54, 159, 72, 171, 157, 188, 173, 34, 18, 172, 35, 78, 191, 37, 67, 46, 92, 195),
    (163, 96, 170, 55, 13, 193, 0, 176, 45, 59, 48, 11, 127, 93, 23, 48, 94, 5, 143, 60, 40, 114, 198, 64, 33, 60, 49, 128, 4, 148, 3, 48, 149, 188, 126, 3, 57, 30, 154, 152),
    (164, 182, 49, 198, 42, 25, 110, 78, 48, 195, 123, 63, 29, 161, 90, 125, 90, 176, 152, 109, 84, 170, 136, 188, 129, 66, 40, 91, 97, 110, 63, 144, 119, 109, 23, 144, 113, 102, 2, 150),
    (165, 53, 19, 11, 192, 26, 93, 185, 137, 163, 61, 135, 168, 76, 57, 154, 68, 117, 58, 145, 102, 2, 185, 179, 166, 55, 143, 43, 132, 48, 176, 140, 130, 53, 195, 6, 122, 157, 27, 52),
    (166, 95, 106, 64, 41, 168, 12, 88, 71, 17, 3, 129, 14, 139, 93, 117, 2, 142, 129, 187, 100, 32, 127, 28, 130, 197, 142, 0, 74, 57, 46, 48, 50, 199, 92, 135, 85, 197, 157, 114),
    (167, 178, 134, 9, 170, 7, 92, 18, 130, 100, 88, 173, 110, 23, 52, 163, 34, 106, 5, 100, 173, 36, 44, 40, 121, 87, 160, 22, 57, 150, 78, 170, 106, 185, 192, 66, 116, 39, 99, 61),
    (168, 109, 126, 151, 50, 84, 64, 82, 71, 95, 71, 178, 70, 185, 7, 192, 171, 137, 76, 185, 16, 77, 101, 102, 32, 142, 36, 43, 166, 163, 138, 21, 148, 185, 194, 64, 158, 52, 141, 175),
    (169, 12, 67, 33, 95, 133, 148, 49, 107, 114, 185, 116, 190, 152, 187, 179, 52, 8, 66, 67, 126, 53, 111, 77, 151, 125, 32, 119, 146, 83, 173, 118, 8, 113, 178, 143, 20, 87, 77, 17),
    (170, 17, 155, 160, 112, 42, 140, 20, 156, 123, 67, 82, 192, 27, 3, 61, 58, 157, 163, 56, 37, 176, 34, 193, 134, 121, 187, 76, 41, 70, 194, 7, 10, 84, 162, 120, 124, 168, 189, 158),
    (171, 7, 64, 182, 177, 86, 50, 62, 115, 179, 103, 135, 53, 43, 124, 146, 129, 93, 69, 151, 57, 96, 164, 117, 3, 60, 8, 91, 154, 15, 79, 88, 164, 130, 185, 180, 171, 95, 91, 173),
    (172, 151, 15, 23, 153, 138, 81, 72, 111, 133, 46, 58, 113, 195, 167, 8, 104, 61, 25, 165, 136, 198, 51, 13, 106, 169, 168, 195, 105, 135, 81, 145, 65, 146, 62, 114, 194, 146, 100, 74),
    (173, 149, 80, 131, 7, 99, 154, 128, 48, 116, 38, 121, 181, 144, 145, 163, 54, 105, 76, 19, 121, 164, 183, 172, 65, 28, 78, 138, 147, 137, 70, 123, 185, 130, 71, 74, 170, 80, 179, 75),
    (174, 160, 168, 31, 187, 115, 176, 25, 3, 153, 184, 1, 45, 60, 140, 199, 197, 151, 174, 31, 126, 181, 118, 141, 33, 192, 116, 111, 133, 96, 193, 134, 171, 70, 89, 175, 176, 181, 149, 24),
    (175, 107, 190, 184, 149, 22, 148, 102, 115, 13, 28, 109, 10, 173, 132, 168, 173, 48, 60, 46, 40, 178, 62, 165, 2, 154, 102, 119, 31, 104, 115, 66, 78, 75, 120, 65, 112, 87, 33, 6),
    (176, 187, 32, 78, 44, 85, 62, 119, 62, 42, 168, 139, 108, 64, 111, 116, 146, 16, 66, 155, 197, 186, 106, 109, 61, 37, 27, 71, 40, 178, 168, 164, 58, 90, 69, 76, 42, 54, 82, 126),
    (177, 166, 40, 40, 177, 167, 190, 120, 168, 153, 17, 90, 92, 77, 96, 110, 121, 140, 97, 122, 35, 137, 44, 64, 144, 155, 157, 82, 149, 11, 8, 82, 184, 95, 179, 60, 189, 66, 57, 109),
    (178, 141, 123, 80, 2, 104, 194, 16, 176, 35, 171, 161, 150, 195, 191, 126, 15, 95, 186, 33, 24, 75, 20, 187, 122, 104, 56, 68, 37, 178, 63, 1, 68, 136, 74, 55, 30, 168, 170, 55),
    (179, 150, 56, 156, 89, 21, 2, 41, 52, 24, 56, 102, 84, 64, 190, 138, 30, 126, 185, 68, 86, 27, 64, 120, 184, 20, 175, 34, 131, 130, 121, 130, 170, 51, 17, 28, 110, 180, 136, 172),
    (180, 91, 102, 158, 84, 10, 66, 77, 37, 92, 130, 110, 44, 143, 40, 0, 135, 28, 61, 77, 197, 12, 17, 29, 76, 56, 73, 61, 22, 72, 199, 14, 104, 30, 196, 15, 10, 169, 79, 1),
    (181, 192, 98, 40, 167, 168, 171, 40, 3, 173, 85, 182, 148, 0, 118, 76, 185, 198, 122, 7, 159, 109, 41, 125, 184, 56, 109, 45, 115, 60, 196, 91, 30, 186, 140, 166, 193, 173, 47, 159),
    (182, 196, 87, 122, 115, 86, 0, 44, 8, 143, 179, 120, 67, 28, 37, 155, 152, 185, 185, 36, 70, 18, 138, 143, 199, 69, 8, 77, 95, 21, 171, 170, 154, 150, 141, 3, 49, 114, 24, 11),
    (183, 40, 47, 163, 119, 39, 113, 3, 157, 55, 169, 16, 50, 82, 101, 1, 35, 76, 103, 197, 5, 116, 195, 82, 67, 165, 71, 167, 23, 48, 8, 14, 54, 174, 140, 37, 183, 30, 31, 122),
    (184, 73, 4, 137, 126, 148, 80, 27, 128, 57, 18, 84, 9, 91, 197, 199, 54, 42, 127, 4, 182, 177, 184, 49, 112, 103, 89, 136, 82, 21, 57, 112, 146, 17, 172, 101, 58, 139, 18, 55),
    (185, 71, 112, 175, 5, 177, 173, 134, 63, 73, 10, 193, 52, 66, 163, 78, 36, 147, 178, 104, 101, 3, 124, 90, 150, 168, 50, 113, 51, 170, 109, 100, 149, 15, 150, 55, 169, 123, 40, 75),
    (186, 47, 110, 96, 188, 135, 173, 25, 146, 121, 169, 82, 119, 37, 150, 90, 188, 118, 104, 196, 139, 42, 151, 43, 35, 199, 39, 182, 145, 182, 8, 136, 97, 195, 117, 94, 74, 138, 108, 124),
    (187, 113, 113, 137, 178, 64, 83, 192, 34, 49, 11, 49, 84, 143, 192, 158, 125, 169, 189, 130, 68, 194, 90, 90, 166, 199, 155, 78, 59, 149, 93, 121, 93, 171, 139, 155, 50, 42, 154, 53),
    (188, 43, 60, 151, 194, 139, 169, 153, 78, 35, 68, 110, 64, 54, 17, 19, 107, 61, 113, 49, 15, 69, 145, 4, 2, 191, 35, 198, 71, 197, 72, 38, 93, 55, 152, 11, 96, 171, 57, 89),
    (189, 86, 47, 180, 147, 160, 166, 139, 181, 156, 167, 130, 42, 20, 170, 126, 164, 56, 162, 149, 160, 106, 191, 190, 182, 54, 108, 10, 150, 92, 101, 106, 114, 190, 128, 117, 159, 151, 139, 151),
    (190, 117, 32, 178, 83, 25, 163, 169, 42, 26, 187, 126, 11, 184, 12, 75, 181, 155, 55, 198, 190, 150, 51, 30, 64, 179, 152, 93, 87, 99, 157, 59, 189, 195, 16, 10, 9, 99, 185, 27),
    (191, 12, 160, 88, 161, 86, 63, 54, 170, 60, 101, 91, 178, 114, 144, 194, 98, 102, 172, 116, 42, 147, 157, 164, 138, 85, 83, 175, 121, 11, 74, 46, 44, 187, 23, 60, 135, 32, 144, 59),
    (192, 124, 139, 84, 146, 67, 0, 116, 39, 131, 79, 167, 35, 172, 34, 143, 46, 97, 164, 92, 23, 29, 97, 155, 8, 137, 48, 47, 96, 192, 156, 105, 34, 156, 177, 22, 121, 78, 199, 22),
    (193, 94, 50, 193, 161, 185, 83, 19, 172, 103, 96, 15, 184, 22, 79, 138, 160, 186, 175, 38, 45, 115, 1, 66, 103, 107, 174, 80, 75, 71, 139, 198, 32, 180, 158, 111, 17, 140, 48, 91),
    (194, 178, 153, 5, 140, 85, 184, 150, 47, 45, 8, 173, 34, 15, 107, 42, 1, 92, 69, 12, 24, 149, 190, 139, 47, 86, 19, 54, 113, 28, 102, 29, 74, 186, 121, 25, 138, 104, 105, 48),
    (195, 75, 197, 189, 22, 187, 86, 106, 138, 25, 89, 162, 77, 77, 6, 36, 112, 101, 40, 78, 73, 189, 8, 8, 31, 87, 27, 26, 22, 132, 13, 95, 184, 55, 193, 69, 98, 165, 109, 168),
    (196, 133, 191, 174, 145, 104, 173, 171, 102, 113, 174, 164, 152, 105, 176, 35, 82, 169, 142, 39, 5, 18, 14, 61, 164, 60, 167, 78, 111, 98, 172, 79, 66, 146, 109, 38, 174, 144, 58, 55),
    (197, 172, 10, 142, 141, 93, 20, 52, 123, 172, 47, 134, 62, 26, 151, 51, 158, 132, 40, 49, 141, 106, 177, 34, 89, 197, 164, 123, 155, 84, 151, 140, 82, 86, 135, 15, 47, 97, 30, 77),
    (198, 126, 73, 175, 14, 108, 139, 24, 119, 52, 18, 116, 69, 145, 152, 147, 169, 158, 115, 124, 190, 80, 118, 93, 105, 174, 68, 132, 139, 152, 119, 33, 163, 189, 19, 125, 87, 57, 3, 79),
    (199, 24, 119, 52, 163, 178, 35, 105, 184, 129, 28, 67, 176, 111, 44, 67, 181, 177, 84, 29, 130, 198, 69, 99, 156, 21, 28, 114, 17, 72, 42, 70, 75, 86, 161, 121, 5, 103, 22, 151);

INSERT INTO T36 (pk, t1, t2, t3, t4, t5, t6, t7, t8, t9, t10, t11, t12, t13, t14, t15, t16, t17, t18, t19, t20, t21, t22, t23, t24, t25, t26, t27, t28, t29, t30, t31, t32, t33, t34, t35, t37, t38, t39, t40)
VALUES
    (0, 163, 54, 163, 95, 154, 17, 187, 152, 81, 42, 102, 116, 22, 159, 95, 128, 155, 111, 170, 145, 169, 69, 128, 94, 118, 22, 15, 153, 147, 125, 70, 131, 18, 176, 192, 64, 199, 152, 181),
    (1, 174, 20, 54, 68, 104, 26, 45, 174, 149, 101, 6, 176, 180, 56, 32, 44, 98, 117, 142, 66, 12, 86, 32, 147, 73, 33, 174, 186, 194, 190, 62, 116, 29, 141, 48, 131, 73, 160, 100),
    (2, 11, 22, 97, 43, 151, 48, 45, 1, 36, 180, 128, 181, 163, 57, 14, 162, 182, 95, 9, 5, 91, 80, 112, 33, 58, 26, 112, 147, 199, 105, 6, 39, 17, 72, 126, 46, 43, 4, 42),
    (3, 92, 153, 88, 117, 162, 133, 94, 89, 20, 148, 29, 7, 83, 17, 42, 179, 152, 33, 17, 77, 61, 96, 182, 111, 60, 87, 5, 84, 161, 112, 153, 145, 79, 96, 137, 172, 123, 54, 160),
    (4, 166, 12, 186, 183, 29, 152, 98, 106, 3, 107, 4, 32, 197, 127, 152, 155, 145, 51, 138, 56, 69, 116, 158, 100, 125, 94, 123, 129, 99, 52, 65, 173, 74, 109, 48, 88, 4, 63, 20),
    (5, 11, 109, 98, 170, 12, 145, 78, 180, 99, 24, 59, 60, 63, 161, 5, 82, 188, 115, 166, 62, 58, 63, 21, 94, 153, 165, 105, 40, 68, 184, 33, 196, 157, 46, 159, 82, 41, 108, 110),
    (6, 53, 177, 31, 27, 9, 120, 194, 155, 86, 190, 48, 21, 42, 8, 67, 127, 193, 143, 77, 174, 169, 92, 83, 28, 20, 175, 63, 22, 18, 136, 189, 193, 115, 9, 23, 167, 180, 83, 171),
    (7, 167, 42, 197, 110, 20, 133, 66, 100, 27, 160, 16, 32, 142, 178, 124, 102, 137, 34, 144, 56, 3, 95, 68, 84, 194, 105, 141, 192, 4, 185, 175, 157, 174, 34, 18, 176, 121, 159, 180),
    (8, 168, 155, 12, 58, 23, 27, 9, 150, 45, 69, 48, 78, 114, 177, 128, 69, 14, 175, 98, 89, 153, 121, 138, 124, 18, 116, 71, 181, 170, 61, 89, 107, 48, 191, 196, 133, 88, 13, 185),
    (9, 27, 64, 50, 106, 51, 172, 123, 129, 157, 119, 112, 40, 6, 119, 152, 110, 140, 10, 42, 44, 80, 2, 130, 51, 174, 50, 111, 125, 107, 176, 113, 67, 7, 172, 174, 195, 151, 142, 69),
    (10, 134, 167, 52, 32, 138, 132, 37, 91, 86, 93, 183, 164, 30, 24, 97, 22, 185, 46, 199, 114, 35, 16, 101, 91, 14, 27, 197, 100, 174, 116, 168, 172, 86, 74, 12, 114, 28, 91, 66),
    (11, 43, 36, 26, 102, 182, 172, 100, 74, 74, 80, 115, 5, 176, 86, 174, 72, 144, 168, 135, 137, 26, 82, 13, 32, 19, 39, 177, 126, 179, 140, 83, 71, 57, 150, 107, 85, 108, 166, 134),
    (12, 7, 190, 180, 117, 97, 89, 16, 76, 52, 16, 167, 147, 101, 199, 178, 107, 14, 43, 127, 167, 142, 172, 174, 71, 141, 24, 110, 75, 174, 117, 67, 131, 107, 173, 39, 53, 181, 120, 178),
    (13, 70, 100, 38, 15, 77, 115, 134, 150, 3, 129, 198, 64, 197, 7, 175, 107, 50, 142, 100, 0, 147, 198, 168, 78, 82, 113, 152, 91, 36, 83, 47, 42, 85, 100, 53, 53, 75, 137, 117),
    (14, 17, 163, 125, 189, 188, 192, 137, 158, 39, 26, 104, 32, 136, 128, 50, 65, 17, 145, 194, 66, 190, 199, 99, 142, 183, 127, 112, 74, 57, 140, 80, 94, 177, 155, 140, 131, 131, 153, 78),
    (15, 49, 132, 14, 123, 85, 103, 132, 21, 50, 137, 192, 41, 2, 120, 112, 113, 186, 93, 197, 126, 114, 38, 33, 67, 10, 26, 102, 78, 40, 168, 4, 151, 38, 113, 62, 188, 56, 52, 151),
    (16, 135, 67, 191, 120, 49, 175, 35, 150, 142, 67, 176, 130, 31, 33, 48, 169, 121, 138, 100, 167, 146, 41, 76, 144, 190, 143, 158, 169, 149, 99, 36, 113, 110, 168, 13, 186, 160, 158, 79),
    (17, 178, 64, 39, 167, 114, 89, 184, 156, 134, 42, 98, 72, 127, 42, 176, 183, 29, 68, 88, 22, 188, 189, 115, 115, 23, 2, 21, 57, 104, 84, 112, 88, 116, 159, 34, 182, 94, 34, 89),
    (18, 5, 105, 45, 29, 63, 169, 196, 94, 6, 71, 138, 38, 29, 124, 66, 102, 41, 10, 37, 83, 107, 154, 100, 48, 97, 103, 119, 22, 166, 161, 183, 58, 147, 0, 60, 146, 28, 158, 114),
    (19, 87, 160, 71, 104, 95, 24, 144, 81, 100, 133, 32, 125, 173, 102, 72, 181, 174, 73, 175, 15, 146, 39, 176, 140, 22, 147, 44, 115, 152, 152, 55, 171, 129, 129, 173, 153, 20, 180, 130),
    (20, 86, 81, 8, 5, 61, 116, 105, 17, 95, 152, 136, 14, 29, 65, 19, 131, 127, 197, 196, 176, 182, 185, 60, 141, 144, 185, 49, 118, 142, 31, 28, 2, 50, 105, 128, 149, 186, 128, 82),
    (21, 78, 43, 31, 5, 55, 1, 168, 89, 76, 127, 45, 122, 193, 124, 100, 165, 96, 81, 139, 51, 10, 92, 122, 172, 42, 106, 112, 116, 79, 113, 11, 168, 198, 191, 14, 137, 25, 136, 145),
    (22, 58, 78, 30, 127, 151, 122, 34, 75, 15, 115, 92, 92, 96, 8, 68, 147, 43, 66, 112, 36, 131, 9, 100, 13, 49, 84, 70, 188, 83, 171, 67, 149, 123, 107, 140, 168, 191, 99, 123),
    (23, 80, 34, 135, 150, 180, 166, 114, 155, 47, 122, 19, 161, 31, 20, 117, 18, 115, 35, 126, 127, 5, 177, 39, 85, 71, 45, 106, 190, 93, 187, 177, 139, 198, 197, 158, 127, 188, 85, 125),
    (24, 48, 154, 127, 29, 131, 180, 35, 35, 192, 88, 78, 146, 3, 187, 173, 72, 59, 56, 60, 144, 162, 83, 142, 77, 78, 174, 121, 105, 170, 32, 4, 78, 166, 188, 161, 91, 180, 194, 160),
    (25, 160, 170, 80, 57, 68, 118, 174, 51, 79, 167, 7, 160, 198, 177, 53, 34, 152, 81, 172, 49, 157, 176, 35, 81, 51, 94, 138, 60, 53, 166, 30, 61, 154, 91, 138, 131, 78, 117, 171),
    (26, 176, 158, 106, 82, 32, 175, 93, 10, 148, 114, 61, 121, 27, 72, 195, 22, 3, 75, 154, 194, 0, 92, 20, 134, 23, 29, 24, 10, 57, 107, 30, 106, 150, 36, 120, 171, 74, 144, 78),
    (27, 107, 112, 194, 146, 172, 104, 187, 69, 40, 39, 19, 102, 45, 104, 161, 169, 143, 70, 65, 48, 167, 170, 176, 7, 165, 56, 60, 141, 165, 1, 72, 124, 125, 142, 56, 5, 85, 116, 139),
    (28, 39, 135, 128, 6, 162, 150, 145, 28, 68, 163, 13, 91, 114, 3, 192, 92, 184, 191, 147, 83, 138, 43, 79, 103, 179, 48, 126, 113, 191, 173, 53, 124, 141, 50, 93, 94, 43, 57, 1),
    (29, 126, 122, 180, 112, 31, 101, 9, 178, 65, 159, 193, 39, 90, 155, 137, 67, 16, 72, 17, 167, 69, 192, 170, 58, 180, 110, 132, 0, 79, 35, 66, 60, 92, 148, 38, 94, 126, 171, 112),
    (30, 4, 196, 134, 20, 9, 105, 136, 193, 190, 152, 64, 58, 51, 163, 168, 144, 104, 140, 168, 73, 23, 79, 69, 2, 101, 123, 5, 98, 187, 147, 69, 24, 2, 179, 193, 69, 67, 102, 22),
    (31, 42, 17, 172, 192, 22, 22, 16, 41, 56, 75, 127, 133, 21, 53, 190, 84, 82, 69, 193, 7, 30, 100, 140, 149, 147, 109, 60, 156, 150, 179, 82, 162, 4, 144, 63, 126, 2, 140, 198),
    (32, 12, 95, 199, 110, 138, 187, 162, 37, 177, 176, 51, 83, 134, 148, 26, 183, 162, 29, 16, 56, 155, 72, 70, 71, 80, 198, 151, 162, 12, 172, 44, 185, 191, 1, 136, 79, 167, 47, 101),
    (33, 154, 77, 74, 164, 146, 186, 170, 82, 181, 157, 46, 18, 98, 142, 101, 68, 71, 102, 25, 185, 63, 69, 89, 55, 68, 198, 53, 94, 97, 90, 126, 30, 93, 66, 183, 1, 9, 118, 48),
    (34, 19, 131, 58, 110, 119, 67, 37, 175, 2, 95, 60, 25, 53, 110, 91, 117, 103, 132, 139, 86, 169, 64, 99, 172, 143, 92, 151, 20, 186, 193, 132, 165, 61, 9, 159, 39, 32, 117, 43),
    (35, 192, 92, 182, 70, 111, 195, 77, 54, 59, 35, 161, 91, 146, 94, 129, 65, 137, 124, 43, 108, 91, 61, 57, 109, 136, 23, 77, 147, 147, 121, 14, 175, 189, 40, 130, 89, 85, 85, 1),
    (36, 45, 35, 124, 12, 109, 55, 54, 44, 174, 84, 170, 63, 120, 107, 60, 53, 167, 192, 68, 138, 30, 62, 130, 166, 164, 81, 108, 174, 84, 161, 5, 55, 84, 98, 169, 80, 101, 192, 150),
    (37, 169, 171, 44, 90, 63, 107, 34, 175, 48, 106, 187, 61, 25, 91, 65, 53, 114, 3, 100, 5, 150, 134, 124, 31, 1, 141, 199, 1, 147, 43, 103, 40, 153, 5, 113, 178, 101, 109, 21),
    (38, 19, 155, 40, 19, 13, 174, 62, 46, 147, 77, 158, 68, 125, 108, 106, 79, 81, 199, 120, 88, 124, 47, 144, 41, 156, 152, 15, 23, 9, 185, 4, 153, 37, 37, 193, 122, 31, 154, 112),
    (39, 140, 35, 153, 29, 158, 174, 35, 157, 148, 102, 53, 165, 76, 17, 44, 120, 171, 141, 97, 25, 30, 134, 140, 121, 65, 133, 34, 111, 55, 179, 89, 158, 53, 180, 162, 0, 23, 104, 108),
    (40, 72, 173, 55, 46, 103, 182, 14, 108, 148, 61, 177, 70, 13, 5, 72, 188, 140, 82, 175, 168, 198, 61, 108, 45, 163, 17, 133, 104, 95, 96, 131, 112, 83, 134, 188, 57, 125, 36, 46),
    (41, 122, 21, 167, 26, 35, 170, 64, 67, 187, 188, 59, 89, 197, 85, 4, 105, 86, 155, 140, 136, 191, 167, 151, 27, 148, 35, 139, 58, 0, 130, 65, 181, 188, 197, 149, 122, 70, 169, 147),
    (42, 52, 96, 176, 185, 84, 57, 128, 188, 102, 88, 152, 136, 147, 1, 16, 123, 116, 59, 68, 116, 45, 16, 98, 13, 72, 42, 107, 158, 167, 158, 198, 187, 36, 199, 123, 156, 180, 117, 33),
    (43, 137, 60, 80, 137, 118, 72, 42, 188, 102, 16, 27, 43, 2, 155, 95, 19, 3, 197, 183, 109, 43, 9, 31, 105, 117, 36, 118, 14, 25, 6, 78, 6, 115, 178, 54, 194, 146, 92, 175),
    (44, 115, 18, 65, 187, 22, 21, 163, 66, 27, 189, 82, 154, 111, 70, 153, 14, 85, 172, 182, 80, 42, 69, 88, 86, 190, 156, 131, 161, 140, 107, 103, 157, 159, 136, 105, 114, 122, 34, 148),
    (45, 79, 95, 147, 3, 143, 110, 53, 147, 22, 45, 95, 148, 159, 67, 130, 11, 179, 61, 128, 135, 21, 77, 122, 75, 102, 76, 69, 190, 102, 67, 67, 148, 182, 163, 154, 12, 95, 175, 116),
    (46, 159, 71, 53, 102, 28, 50, 61, 36, 3, 163, 192, 100, 73, 33, 154, 2, 75, 80, 158, 117, 179, 79, 40, 13, 133, 112, 158, 32, 145, 125, 29, 115, 5, 101, 191, 8, 177, 32, 9),
    (47, 28, 63, 185, 81, 144, 144, 165, 24, 107, 69, 118, 15, 23, 170, 20, 128, 22, 96, 123, 145, 192, 112, 102, 149, 14, 138, 93, 177, 83, 94, 153, 18, 185, 197, 158, 88, 94, 94, 191),
    (48, 110, 146, 148, 2, 80, 70, 54, 35, 67, 153, 61, 54, 105, 63, 59, 188, 49, 14, 32, 106, 48, 119, 192, 80, 109, 161, 165, 97, 155, 189, 147, 179, 71, 70, 39, 134, 95, 152, 160),
    (49, 157, 138, 57, 160, 121, 21, 16, 66, 60, 128, 137, 83, 150, 101, 82, 94, 132, 81, 140, 95, 152, 36, 54, 17, 51, 59, 89, 91, 170, 35, 107, 136, 11, 134, 131, 162, 82, 14, 141),
    (50, 72, 192, 198, 116, 88, 92, 198, 85, 51, 74, 137, 97, 35, 116, 115, 85, 14, 189, 102, 140, 17, 104, 59, 147, 156, 44, 187, 117, 78, 4, 156, 193, 69, 172, 51, 40, 117, 30, 24),
    (51, 197, 124, 126, 51, 87, 66, 153, 49, 57, 109, 91, 57, 4, 146, 160, 65, 177, 2, 143, 9, 76, 107, 131, 107, 12, 27, 123, 78, 31, 27, 137, 52, 108, 37, 119, 77, 139, 85, 108),
    (52, 157, 1, 186, 132, 188, 134, 136, 8, 31, 188, 168, 87, 176, 153, 91, 1, 141, 199, 47, 167, 175, 129, 87, 123, 182, 34, 48, 20, 24, 78, 68, 177, 171, 43, 99, 65, 83, 4, 163),
    (53, 64, 12, 192, 163, 155, 62, 123, 101, 39, 60, 199, 156, 156, 104, 29, 14, 133, 84, 199, 7, 75, 126, 12, 170, 16, 75, 125, 182, 185, 43, 175, 52, 89, 162, 149, 169, 139, 79, 36),
    (54, 7, 0, 39, 130, 56, 22, 165, 155, 74, 147, 123, 78, 135, 152, 30, 104, 91, 65, 42, 141, 182, 55, 141, 23, 6, 131, 40, 49, 6, 48, 66, 14, 74, 13, 79, 68, 48, 7, 188),
    (55, 137, 43, 196, 70, 91, 174, 181, 88, 177, 77, 157, 88, 102, 174, 55, 96, 197, 87, 10, 68, 45, 153, 116, 55, 149, 72, 48, 167, 87, 64, 150, 97, 49, 56, 12, 54, 178, 186, 143),
    (56, 76, 113, 158, 121, 194, 170, 52, 134, 149, 107, 68, 144, 187, 197, 166, 100, 147, 105, 48, 103, 24, 83, 132, 199, 104, 108, 169, 8, 158, 189, 26, 38, 3, 169, 88, 163, 165, 55, 71),
    (57, 66, 47, 67, 102, 160, 37, 151, 157, 65, 185, 44, 65, 19, 5, 85, 143, 77, 64, 2, 42, 23, 58, 92, 24, 153, 164, 161, 0, 38, 65, 78, 118, 30, 16, 28, 23, 0, 163, 137),
    (58, 13, 93, 20, 175, 153, 108, 99, 63, 134, 98, 136, 72, 99, 42, 154, 83, 1, 196, 85, 34, 27, 90, 72, 80, 140, 109, 180, 119, 187, 172, 42, 168, 22, 21, 181, 47, 11, 77, 182),
    (59, 116, 172, 10, 116, 39, 109, 137, 182, 165, 120, 99, 198, 73, 93, 68, 175, 172, 58, 170, 50, 167, 147, 185, 19, 31, 42, 108, 148, 190, 21, 99, 184, 113, 141, 104, 130, 2, 80, 14),
    (60, 158, 37, 71, 28, 6, 113, 185, 166, 109, 132, 190, 46, 79, 199, 103, 86, 180, 83, 12, 92, 150, 50, 177, 197, 178, 23, 78, 38, 20, 28, 92, 20, 107, 174, 149, 56, 87, 7, 13),
    (61, 45, 111, 52, 17, 24, 8, 4, 38, 154, 12, 9, 135, 125, 69, 29, 150, 195, 108, 66, 197, 114, 142, 198, 69, 198, 114, 191, 70, 33, 110, 61, 83, 36, 34, 149, 51, 160, 74, 0),
    (62, 42, 128, 84, 100, 111, 14, 145, 175, 1, 195, 191, 65, 189, 189, 50, 8, 51, 35, 167, 38, 165, 156, 123, 186, 153, 118, 81, 96, 191, 123, 50, 162, 36, 184, 171, 181, 90, 155, 77),
    (63, 128, 134, 146, 113, 4, 41, 189, 51, 82, 89, 195, 30, 90, 101, 156, 50, 94, 105, 95, 62, 186, 122, 23, 60, 195, 13, 68, 180, 31, 140, 139, 53, 131, 44, 102, 162, 79, 15, 192),
    (64, 96, 23, 48, 192, 191, 43, 127, 63, 35, 164, 110, 174, 166, 1, 90, 150, 40, 197, 21, 113, 175, 54, 158, 189, 127, 157, 156, 127, 153, 145, 11, 19, 20, 114, 122, 174, 177, 118, 86),
    (65, 169, 5, 119, 81, 13, 162, 123, 62, 76, 162, 193, 177, 61, 176, 88, 155, 94, 26, 117, 184, 40, 5, 183, 50, 43, 35, 3, 72, 103, 120, 173, 32, 196, 101, 150, 44, 161, 97, 175),
    (66, 101, 90, 95, 62, 148, 71, 198, 98, 33, 151, 176, 43, 148, 34, 55, 78, 86, 150, 59, 114, 82, 148, 195, 14, 44, 34, 146, 74, 195, 72, 167, 1, 74, 172, 152, 75, 44, 188, 121),
    (67, 34, 166, 121, 101, 13, 139, 119, 14, 151, 133, 154, 87, 135, 48, 6, 175, 36, 170, 191, 42, 16, 41, 84, 191, 16, 33, 164, 185, 163, 93, 115, 29, 130, 37, 132, 172, 161, 195, 126),
    (68, 5, 164, 144, 115, 107, 147, 126, 20, 47, 194, 140, 39, 24, 178, 15, 56, 109, 45, 31, 195, 21, 124, 70, 23, 21, 183, 193, 129, 142, 56, 1, 9, 3, 24, 14, 124, 5, 25, 198),
    (69, 167, 125, 42, 47, 52, 9, 125, 5, 42, 51, 199, 166, 118, 61, 159, 196, 145, 185, 191, 35, 119, 140, 91, 166, 157, 181, 154, 128, 53, 74, 39, 98, 197, 25, 159, 74, 78, 19, 169),
    (70, 41, 22, 82, 7, 70, 41, 121, 11, 114, 16, 116, 137, 117, 61, 157, 105, 147, 163, 99, 95, 188, 99, 3, 174, 119, 92, 93, 132, 22, 120, 60, 102, 53, 86, 42, 167, 44, 37, 105),
    (71, 33, 9, 98, 116, 165, 34, 68, 124, 83, 112, 88, 25, 54, 130, 21, 120, 140, 2, 122, 114, 186, 87, 48, 28, 198, 53, 88, 6, 67, 12, 125, 153, 121, 111, 91, 65, 126, 33, 190),
    (72, 33, 40, 5, 186, 170, 112, 24, 158, 178, 162, 18, 24, 164, 13, 47, 142, 52, 56, 110, 170, 45, 126, 76, 175, 27, 112, 151, 57, 28, 65, 55, 102, 155, 121, 68, 78, 171, 193, 112),
    (73, 98, 189, 134, 139, 73, 82, 182, 35, 52, 130, 78, 105, 69, 41, 153, 150, 161, 3, 27, 150, 101, 85, 59, 82, 168, 49, 108, 184, 115, 190, 110, 5, 175, 3, 194, 103, 151, 119, 96),
    (74, 6, 2, 105, 37, 62, 131, 96, 171, 18, 78, 32, 95, 25, 174, 134, 23, 96, 70, 167, 190, 13, 156, 179, 36, 64, 198, 198, 86, 51, 22, 59, 23, 137, 27, 181, 115, 124, 63, 72),
    (75, 169, 39, 168, 30, 170, 75, 169, 74, 88, 120, 107, 196, 29, 91, 35, 134, 10, 152, 167, 193, 14, 179, 3, 150, 29, 82, 12, 136, 9, 113, 52, 72, 22, 16, 123, 110, 46, 175, 126),
    (76, 75, 2, 114, 119, 125, 41, 52, 0, 51, 151, 54, 141, 197, 41, 69, 43, 102, 30, 79, 171, 139, 3, 127, 186, 153, 117, 136, 148, 181, 134, 18, 57, 81, 113, 172, 30, 4, 10, 87),
    (77, 136, 148, 105, 172, 80, 30, 192, 33, 93, 141, 116, 192, 30, 81, 105, 83, 36, 18, 60, 58, 175, 123, 21, 75, 50, 52, 124, 36, 163, 79, 44, 54, 148, 4, 18, 77, 134, 134, 74),
    (78, 98, 96, 14, 98, 126, 27, 36, 17, 104, 156, 144, 15, 116, 82, 71, 130, 9, 92, 92, 188, 39, 179, 7, 13, 23, 44, 106, 112, 54, 157, 172, 24, 118, 132, 197, 184, 86, 99, 188),
    (79, 134, 106, 153, 139, 24, 110, 15, 153, 102, 141, 98, 56, 153, 36, 139, 40, 152, 79, 26, 10, 134, 20, 61, 38, 43, 188, 53, 63, 46, 103, 4, 97, 141, 95, 24, 92, 112, 81, 190),
    (80, 1, 60, 120, 25, 140, 135, 78, 179, 70, 161, 12, 21, 141, 177, 114, 127, 100, 100, 56, 198, 157, 123, 98, 136, 5, 38, 81, 140, 14, 196, 80, 24, 181, 90, 57, 94, 138, 195, 157),
    (81, 155, 191, 28, 159, 82, 15, 115, 29, 68, 185, 64, 142, 68, 185, 15, 198, 94, 36, 181, 74, 168, 37, 29, 118, 154, 146, 137, 59, 11, 8, 43, 99, 181, 88, 61, 88, 135, 68, 7),
    (82, 39, 92, 154, 124, 53, 103, 154, 188, 194, 88, 70, 105, 1, 10, 35, 185, 146, 154, 120, 17, 73, 31, 143, 180, 83, 25, 39, 198, 5, 81, 108, 48, 116, 131, 125, 116, 52, 104, 4),
    (83, 63, 41, 157, 0, 87, 18, 164, 91, 9, 30, 173, 54, 14, 50, 65, 17, 57, 88, 176, 153, 60, 75, 57, 173, 100, 144, 128, 32, 68, 157, 84, 27, 5, 196, 166, 49, 115, 44, 92),
    (84, 70, 2, 93, 23, 30, 51, 82, 143, 67, 96, 62, 166, 87, 198, 76, 120, 68, 137, 187, 81, 118, 92, 166, 186, 177, 76, 181, 71, 176, 159, 192, 141, 179, 198, 6, 15, 31, 81, 7),
    (85, 195, 88, 142, 51, 45, 48, 56, 90, 154, 26, 36, 144, 100, 30, 137, 156, 55, 194, 60, 119, 170, 89, 151, 163, 134, 29, 196, 190, 56, 123, 184, 142, 7, 60, 189, 190, 67, 10, 7),
    (86, 116, 154, 131, 195, 92, 148, 72, 56, 0, 25, 174, 66, 189, 54, 47, 182, 167, 158, 171, 94, 68, 5, 99, 177, 36, 84, 189, 140, 83, 113, 136, 16, 143, 63, 35, 86, 175, 68, 178),
    (87, 187, 91, 171, 92, 141, 177, 24, 122, 167, 102, 122, 142, 180, 24, 144, 171, 160, 95, 116, 115, 35, 131, 187, 65, 152, 157, 52, 197, 180, 90, 76, 86, 48, 176, 71, 115, 8, 67, 176),
    (88, 39, 177, 103, 171, 73, 72, 36, 136, 196, 95, 59, 91, 96, 2, 9, 8, 27, 72, 97, 90, 35, 63, 81, 181, 78, 136, 65, 131, 42, 112, 177, 137, 48, 8, 72, 28, 40, 63, 73),
    (89, 121, 27, 99, 137, 94, 103, 190, 181, 92, 187, 94, 106, 190, 25, 189, 29, 165, 93, 104, 190, 53, 187, 106, 8, 135, 26, 89, 67, 117, 183, 142, 103, 89, 168, 139, 198, 123, 141, 64),
    (90, 182, 119, 145, 181, 187, 54, 11, 133, 86, 57, 154, 23, 118, 30, 175, 24, 129, 43, 0, 9, 174, 137, 93, 108, 79, 0, 165, 152, 25, 72, 64, 148, 80, 187, 8, 148, 188, 160, 46),
    (91, 142, 132, 47, 32, 111, 163, 146, 16, 32, 122, 33, 38, 177, 24, 146, 112, 89, 35, 40, 150, 35, 28, 111, 172, 21, 22, 65, 195, 33, 7, 107, 15, 108, 82, 165, 35, 162, 33, 118),
    (92, 185, 55, 140, 81, 146, 164, 143, 13, 137, 10, 155, 128, 107, 83, 15, 180, 155, 25, 197, 39, 119, 23, 95, 184, 172, 192, 139, 184, 154, 189, 146, 117, 104, 199, 126, 127, 186, 71, 47),
    (93, 46, 56, 120, 188, 68, 179, 47, 99, 181, 135, 163, 30, 185, 0, 66, 111, 175, 126, 70, 127, 183, 84, 82, 61, 199, 54, 6, 196, 137, 12, 119, 103, 57, 176, 17, 127, 6, 81, 116),
    (94, 66, 13, 180, 127, 128, 150, 75, 130, 160, 22, 39, 122, 53, 54, 162, 181, 155, 54, 96, 82, 137, 42, 5, 30, 134, 129, 108, 143, 41, 93, 118, 30, 55, 89, 71, 198, 3, 15, 55),
    (95, 23, 68, 167, 113, 170, 124, 123, 36, 6, 69, 5, 121, 61, 44, 127, 173, 131, 59, 156, 49, 7, 88, 108, 27, 74, 14, 179, 74, 54, 68, 199, 82, 63, 3, 52, 165, 50, 85, 89),
    (96, 168, 168, 183, 197, 47, 66, 134, 38, 181, 87, 137, 83, 19, 154, 133, 173, 157, 21, 110, 186, 51, 165, 132, 90, 154, 20, 101, 50, 179, 135, 160, 106, 4, 66, 46, 46, 161, 95, 51),
    (97, 104, 95, 52, 185, 81, 87, 12, 16, 93, 150, 156, 95, 175, 20, 8, 183, 11, 162, 54, 169, 26, 20, 53, 11, 124, 88, 20, 195, 141, 40, 179, 116, 60, 134, 156, 88, 149, 122, 134),
    (98, 109, 45, 188, 169, 71, 121, 47, 192, 110, 44, 198, 100, 49, 19, 42, 183, 84, 88, 83, 19, 176, 173, 24, 125, 199, 149, 36, 156, 160, 177, 90, 163, 71, 21, 23, 10, 18, 3, 33),
    (99, 33, 181, 186, 97, 131, 197, 162, 120, 27, 19, 76, 152, 26, 53, 75, 80, 4, 196, 94, 36, 66, 0, 64, 131, 194, 181, 8, 90, 179, 150, 126, 164, 163, 107, 54, 92, 74, 108, 151),
    (100, 117, 126, 16, 108, 182, 41, 196, 1, 46, 124, 145, 184, 156, 26, 3, 65, 140, 149, 22, 93, 168, 11, 143, 48, 178, 194, 189, 124, 84, 186, 149, 191, 189, 156, 3, 164, 63, 105, 131),
    (101, 35, 66, 1, 59, 141, 118, 68, 89, 13, 114, 10, 80, 92, 142, 127, 87, 8, 70, 147, 139, 58, 49, 11, 167, 134, 156, 178, 111, 137, 46, 152, 114, 120, 43, 110, 0, 186, 187, 164),
    (102, 21, 121, 24, 166, 148, 18, 137, 106, 34, 23, 11, 70, 21, 43, 150, 151, 111, 152, 187, 63, 58, 72, 16, 17, 19, 174, 142, 148, 106, 130, 28, 102, 7, 94, 174, 197, 79, 15, 72),
    (103, 107, 104, 57, 37, 96, 156, 197, 52, 94, 69, 115, 197, 27, 31, 27, 20, 197, 84, 98, 25, 193, 44, 43, 152, 84, 168, 11, 176, 167, 108, 152, 6, 193, 127, 25, 9, 58, 68, 81),
    (104, 123, 143, 97, 78, 27, 48, 29, 76, 165, 2, 195, 17, 101, 28, 118, 10, 61, 26, 199, 199, 25, 43, 96, 39, 178, 116, 128, 57, 119, 139, 49, 29, 103, 41, 149, 79, 34, 199, 150),
    (105, 49, 119, 112, 67, 129, 116, 159, 75, 150, 61, 42, 140, 176, 111, 126, 39, 93, 23, 93, 138, 127, 59, 26, 41, 78, 155, 107, 173, 25, 26, 172, 80, 113, 61, 156, 101, 193, 169, 178),
    (106, 65, 157, 83, 177, 171, 194, 146, 68, 108, 55, 50, 6, 67, 196, 47, 24, 16, 80, 12, 187, 111, 172, 29, 114, 90, 191, 147, 66, 150, 139, 185, 132, 22, 136, 48, 143, 13, 158, 169),
    (107, 194, 141, 52, 28, 84, 119, 188, 147, 75, 38, 195, 22, 110, 139, 93, 194, 185, 177, 69, 24, 151, 20, 139, 197, 172, 83, 74, 74, 44, 107, 62, 44, 119, 171, 23, 23, 41, 71, 1),
    (108, 28, 177, 118, 183, 162, 14, 93, 94, 90, 33, 32, 17, 35, 175, 42, 98, 43, 88, 154, 194, 92, 111, 141, 26, 141, 92, 59, 11, 38, 78, 142, 164, 71, 199, 36, 72, 97, 78, 66),
    (109, 120, 6, 140, 195, 105, 166, 134, 74, 140, 101, 38, 96, 9, 24, 139, 28, 128, 97, 127, 26, 24, 110, 91, 68, 99, 105, 137, 28, 20, 187, 6, 20, 198, 20, 116, 0, 138, 98, 73),
    (110, 154, 116, 99, 33, 127, 79, 167, 91, 185, 10, 25, 50, 102, 199, 36, 123, 30, 68, 160, 83, 70, 79, 47, 1, 177, 53, 198, 83, 89, 137, 172, 24, 43, 172, 44, 128, 47, 175, 118),
    (111, 14, 65, 191, 179, 67, 180, 104, 148, 175, 53, 30, 49, 14, 36, 78, 159, 14, 95, 43, 171, 171, 2, 127, 134, 172, 41, 125, 30, 176, 177, 43, 137, 124, 18, 51, 114, 116, 176, 97),
    (112, 100, 17, 41, 22, 5, 128, 105, 12, 21, 133, 187, 176, 92, 142, 77, 85, 152, 79, 32, 103, 106, 137, 158, 140, 0, 155, 55, 79, 42, 11, 130, 149, 130, 56, 157, 111, 94, 51, 154),
    (113, 71, 33, 194, 162, 89, 43, 124, 172, 176, 116, 84, 60, 92, 46, 92, 151, 98, 48, 173, 13, 42, 81, 121, 150, 143, 43, 152, 154, 13, 29, 197, 59, 66, 87, 141, 153, 76, 162, 30),
    (114, 39, 45, 111, 173, 62, 171, 31, 92, 111, 18, 34, 0, 48, 153, 169, 86, 23, 19, 132, 49, 166, 39, 12, 161, 158, 59, 92, 140, 68, 185, 105, 33, 22, 67, 177, 171, 147, 164, 191),
    (115, 176, 189, 136, 93, 175, 49, 41, 168, 69, 11, 137, 198, 160, 16, 67, 80, 70, 61, 134, 5, 109, 42, 67, 113, 68, 90, 150, 153, 195, 79, 123, 20, 157, 5, 36, 166, 139, 71, 111),
    (116, 141, 93, 96, 38, 199, 134, 175, 129, 180, 7, 34, 148, 67, 115, 195, 101, 181, 162, 175, 116, 44, 94, 188, 146, 38, 71, 91, 20, 51, 10, 28, 116, 13, 12, 106, 99, 188, 48, 56),
    (117, 101, 54, 94, 7, 103, 180, 72, 47, 184, 32, 191, 95, 151, 14, 199, 126, 63, 135, 187, 181, 84, 176, 188, 168, 191, 86, 14, 88, 162, 185, 124, 61, 60, 2, 149, 1, 125, 112, 173),
    (118, 86, 31, 52, 77, 176, 57, 22, 116, 13, 51, 97, 115, 121, 131, 164, 144, 10, 146, 92, 142, 171, 60, 9, 166, 86, 18, 109, 63, 46, 50, 11, 12, 30, 126, 57, 64, 95, 199, 63),
    (119, 1, 153, 156, 123, 52, 51, 80, 79, 93, 197, 167, 76, 10, 102, 103, 150, 82, 78, 9, 19, 142, 193, 70, 46, 67, 110, 84, 50, 190, 35, 71, 43, 105, 88, 113, 122, 145, 140, 119),
    (120, 44, 58, 16, 51, 95, 8, 145, 55, 46, 41, 103, 18, 45, 64, 135, 124, 102, 197, 168, 47, 154, 10, 21, 160, 7, 20, 167, 64, 189, 136, 28, 52, 10, 37, 121, 161, 23, 149, 42),
    (121, 25, 3, 32, 177, 13, 133, 186, 109, 127, 147, 89, 95, 95, 20, 97, 36, 112, 129, 172, 54, 168, 154, 59, 37, 3, 152, 66, 40, 162, 49, 23, 96, 42, 177, 53, 44, 122, 61, 6),
    (122, 149, 55, 120, 31, 14, 109, 187, 89, 13, 130, 146, 83, 62, 165, 8, 162, 171, 100, 22, 198, 74, 135, 146, 30, 129, 190, 155, 73, 153, 86, 50, 40, 79, 21, 104, 166, 108, 50, 196),
    (123, 181, 155, 174, 118, 8, 163, 92, 5, 58, 131, 135, 188, 159, 36, 15, 148, 138, 145, 49, 65, 16, 67, 161, 179, 143, 145, 146, 63, 6, 173, 159, 57, 134, 195, 198, 172, 90, 70, 7),
    (124, 107, 86, 147, 112, 15, 54, 103, 141, 153, 8, 30, 177, 70, 12, 57, 195, 51, 181, 72, 85, 100, 177, 84, 137, 42, 185, 171, 115, 12, 70, 105, 80, 175, 159, 89, 107, 82, 50, 176),
    (125, 67, 25, 104, 85, 161, 144, 67, 58, 68, 51, 68, 53, 40, 17, 141, 158, 140, 68, 170, 38, 46, 44, 173, 111, 168, 41, 153, 99, 34, 152, 128, 67, 48, 173, 75, 56, 173, 114, 4),
    (126, 192, 190, 185, 134, 80, 141, 163, 15, 177, 3, 11, 98, 57, 145, 83, 71, 141, 18, 94, 187, 198, 39, 112, 92, 34, 190, 168, 110, 16, 105, 69, 193, 62, 174, 124, 10, 102, 124, 171),
    (127, 160, 139, 100, 19, 54, 76, 75, 185, 155, 66, 76, 131, 70, 158, 124, 110, 128, 191, 76, 83, 136, 147, 182, 54, 111, 46, 13, 175, 78, 16, 23, 111, 135, 150, 177, 142, 74, 147, 74),
    (128, 102, 192, 4, 151, 192, 120, 36, 12, 95, 147, 117, 112, 86, 59, 94, 199, 125, 153, 196, 80, 172, 103, 19, 42, 65, 109, 87, 182, 158, 144, 183, 105, 17, 113, 62, 167, 109, 5, 183),
    (129, 189, 172, 33, 166, 43, 147, 105, 48, 126, 39, 131, 191, 141, 28, 64, 16, 67, 58, 51, 144, 126, 111, 160, 152, 18, 197, 0, 68, 156, 15, 139, 88, 163, 198, 134, 191, 93, 174, 31),
    (130, 72, 169, 121, 86, 112, 186, 89, 198, 70, 151, 21, 48, 42, 188, 145, 172, 132, 156, 159, 122, 165, 120, 87, 94, 51, 48, 174, 79, 105, 0, 78, 13, 175, 170, 187, 59, 111, 136, 87),
    (131, 188, 61, 63, 172, 142, 183, 24, 90, 26, 119, 171, 132, 187, 26, 155, 168, 161, 193, 117, 86, 105, 44, 182, 19, 181, 178, 127, 65, 35, 53, 197, 74, 80, 88, 123, 61, 25, 138, 77),
    (132, 61, 167, 175, 142, 125, 41, 140, 191, 33, 143, 66, 24, 149, 135, 115, 130, 118, 50, 72, 191, 1, 96, 99, 152, 52, 109, 80, 14, 50, 129, 78, 83, 50, 53, 143, 27, 68, 26, 112),
    (133, 160, 162, 22, 150, 119, 149, 54, 97, 144, 4, 38, 158, 123, 96, 188, 63, 75, 191, 66, 137, 52, 40, 139, 179, 46, 67, 174, 99, 157, 151, 75, 134, 194, 27, 88, 150, 174, 156, 168),
    (134, 16, 143, 2, 161, 54, 30, 90, 4, 90, 9, 40, 71, 11, 102, 20, 198, 28, 46, 166, 37, 131, 34, 76, 119, 19, 142, 166, 36, 65, 26, 41, 175, 23, 157, 189, 95, 198, 133, 71),
    (135, 181, 178, 151, 15, 187, 107, 76, 113, 145, 198, 6, 36, 118, 89, 162, 18, 82, 7, 41, 22, 148, 147, 170, 126, 23, 16, 90, 80, 155, 172, 128, 131, 171, 19, 14, 158, 131, 40, 121),
    (136, 53, 110, 76, 52, 161, 49, 156, 147, 192, 190, 157, 19, 146, 173, 135, 67, 161, 53, 137, 112, 65, 74, 27, 184, 42, 134, 161, 52, 132, 41, 75, 0, 117, 3, 147, 72, 40, 105, 8),
    (137, 175, 3, 188, 91, 19, 195, 12, 107, 125, 157, 177, 75, 74, 47, 82, 194, 2, 63, 192, 12, 135, 175, 61, 73, 35, 143, 146, 75, 162, 134, 158, 181, 124, 84, 178, 125, 17, 59, 191),
    (138, 26, 71, 52, 136, 84, 133, 52, 10, 147, 83, 68, 125, 57, 63, 87, 171, 150, 93, 111, 114, 160, 69, 0, 36, 63, 62, 29, 59, 176, 82, 125, 31, 57, 161, 149, 157, 36, 181, 68),
    (139, 149, 42, 152, 99, 165, 108, 118, 43, 38, 46, 184, 49, 35, 33, 133, 180, 29, 96, 21, 34, 63, 65, 118, 139, 171, 17, 110, 169, 34, 60, 195, 151, 100, 60, 166, 57, 54, 94, 27),
    (140, 42, 109, 80, 57, 41, 55, 105, 44, 193, 55, 20, 21, 154, 102, 76, 53, 146, 148, 35, 7, 41, 195, 25, 189, 57, 2, 170, 23, 10, 174, 162, 99, 54, 137, 152, 137, 73, 0, 61),
    (141, 156, 107, 109, 119, 181, 155, 28, 147, 113, 159, 96, 157, 24, 182, 115, 61, 197, 189, 91, 195, 119, 10, 175, 75, 124, 82, 158, 44, 27, 35, 63, 198, 38, 0, 163, 111, 75, 80, 101),
    (142, 68, 164, 142, 42, 70, 55, 158, 110, 91, 79, 40, 62, 105, 3, 141, 18, 86, 115, 69, 110, 23, 77, 108, 123, 66, 68, 25, 70, 63, 156, 98, 76, 136, 194, 47, 77, 66, 177, 176),
    (143, 16, 107, 163, 196, 116, 4, 191, 139, 74, 42, 123, 83, 146, 17, 131, 9, 64, 8, 157, 166, 28, 39, 174, 19, 60, 82, 112, 192, 2, 162, 102, 199, 7, 98, 83, 152, 54, 116, 157),
    (144, 199, 103, 94, 199, 115, 136, 117, 87, 166, 84, 106, 199, 122, 138, 187, 43, 145, 112, 47, 74, 49, 96, 101, 78, 107, 71, 113, 62, 5, 54, 157, 51, 114, 149, 141, 126, 64, 144, 178),
    (145, 172, 153, 165, 161, 30, 116, 0, 21, 147, 112, 9, 6, 17, 51, 112, 129, 51, 144, 29, 33, 198, 163, 56, 29, 163, 166, 75, 7, 155, 154, 38, 53, 101, 1, 141, 16, 43, 20, 170),
    (146, 4, 107, 135, 122, 54, 154, 134, 179, 43, 181, 66, 50, 100, 150, 119, 163, 12, 122, 119, 9, 66, 85, 196, 42, 158, 132, 194, 146, 28, 58, 141, 11, 87, 77, 86, 100, 168, 198, 14),
    (147, 196, 9, 97, 68, 112, 56, 41, 97, 51, 96, 14, 180, 167, 119, 82, 155, 181, 84, 130, 178, 54, 83, 55, 135, 63, 184, 59, 100, 188, 73, 160, 39, 26, 59, 114, 7, 125, 157, 52),
    (148, 115, 54, 104, 45, 118, 195, 186, 131, 95, 138, 184, 199, 70, 125, 69, 62, 197, 102, 50, 87, 106, 139, 32, 69, 160, 23, 99, 66, 114, 139, 138, 109, 86, 90, 102, 54, 116, 86, 33),
    (149, 148, 77, 198, 56, 69, 141, 179, 60, 5, 130, 176, 178, 1, 153, 117, 146, 122, 150, 64, 73, 90, 184, 128, 93, 28, 79, 9, 95, 3, 135, 68, 17, 98, 127, 100, 43, 181, 53, 188),
    (150, 134, 15, 127, 156, 130, 64, 28, 35, 158, 113, 50, 182, 169, 32, 26, 73, 0, 46, 130, 71, 93, 10, 48, 45, 103, 24, 170, 35, 84, 176, 152, 77, 179, 193, 98, 79, 6, 152, 71),
    (151, 178, 115, 84, 22, 113, 137, 14, 57, 157, 171, 53, 28, 95, 39, 59, 152, 143, 178, 97, 58, 117, 72, 155, 103, 191, 10, 21, 90, 159, 34, 0, 76, 114, 74, 188, 139, 102, 164, 195),
    (152, 4, 95, 158, 158, 193, 77, 151, 136, 17, 148, 174, 80, 186, 28, 34, 193, 15, 52, 170, 183, 114, 145, 127, 140, 71, 4, 196, 85, 15, 12, 129, 50, 55, 132, 108, 82, 175, 45, 119),
    (153, 89, 7, 8, 118, 82, 56, 32, 171, 86, 196, 172, 65, 32, 172, 20, 33, 141, 88, 185, 106, 14, 76, 75, 104, 173, 50, 56, 190, 85, 27, 89, 96, 78, 138, 147, 4, 77, 192, 48),
    (154, 24, 17, 79, 85, 189, 4, 136, 21, 155, 71, 172, 4, 162, 46, 152, 128, 1, 24, 127, 1, 118, 105, 196, 81, 71, 162, 166, 82, 95, 97, 88, 125, 106, 151, 122, 194, 163, 197, 127),
    (155, 142, 60, 78, 34, 148, 75, 188, 78, 104, 194, 147, 3, 21, 146, 55, 98, 31, 54, 130, 102, 138, 162, 65, 83, 45, 172, 12, 99, 112, 106, 156, 26, 67, 135, 26, 124, 79, 121, 193),
    (156, 88, 125, 151, 135, 145, 80, 199, 57, 174, 87, 158, 25, 148, 70, 184, 3, 75, 47, 178, 183, 56, 152, 74, 160, 107, 126, 139, 9, 152, 187, 3, 171, 105, 190, 40, 56, 165, 46, 61),
    (157, 128, 35, 101, 75, 186, 198, 22, 55, 136, 149, 56, 190, 30, 156, 50, 26, 92, 168, 161, 42, 190, 80, 158, 133, 13, 89, 102, 176, 31, 157, 122, 73, 3, 123, 53, 150, 19, 125, 124),
    (158, 80, 22, 196, 118, 56, 11, 96, 126, 111, 141, 61, 21, 113, 24, 164, 7, 196, 166, 5, 99, 190, 65, 147, 160, 171, 117, 64, 190, 129, 189, 191, 103, 90, 38, 131, 74, 161, 157, 127),
    (159, 17, 116, 196, 119, 15, 184, 97, 114, 126, 164, 55, 80, 10, 133, 14, 102, 82, 98, 197, 43, 53, 145, 171, 49, 162, 157, 12, 125, 153, 181, 13, 128, 156, 180, 156, 100, 113, 23, 73),
    (160, 57, 119, 110, 111, 123, 145, 127, 151, 112, 161, 10, 37, 197, 10, 80, 108, 6, 111, 198, 96, 0, 122, 184, 52, 88, 179, 139, 142, 40, 106, 76, 15, 179, 67, 116, 53, 36, 63, 85),
    (161, 109, 148, 165, 106, 100, 137, 108, 9, 16, 187, 180, 109, 57, 181, 72, 100, 34, 77, 94, 123, 69, 140, 0, 186, 199, 98, 179, 182, 160, 78, 90, 199, 64, 80, 67, 41, 195, 138, 21),
    (162, 119, 80, 57, 31, 83, 135, 156, 61, 12, 154, 93, 194, 42, 166, 113, 172, 72, 30, 92, 197, 5, 52, 0, 98, 48, 109, 88, 17, 54, 9, 79, 19, 116, 186, 33, 167, 130, 180, 26),
    (163, 50, 5, 50, 128, 56, 55, 16, 138, 103, 198, 151, 31, 12, 71, 2, 78, 159, 182, 56, 184, 73, 37, 155, 151, 27, 17, 185, 152, 98, 2, 111, 133, 6, 108, 4, 89, 158, 27, 171),
    (164, 104, 108, 163, 0, 28, 143, 186, 26, 197, 156, 159, 182, 39, 190, 109, 22, 178, 195, 185, 80, 6, 111, 28, 148, 20, 118, 68, 15, 124, 52, 145, 175, 152, 89, 46, 199, 170, 25, 43),
    (165, 176, 50, 126, 196, 119, 165, 110, 98, 108, 48, 123, 119, 88, 86, 198, 156, 28, 144, 53, 125, 53, 187, 35, 48, 189, 98, 7, 177, 45, 23, 100, 31, 2, 12, 81, 47, 57, 160, 29),
    (166, 120, 130, 70, 10, 192, 8, 171, 81, 176, 54, 23, 181, 170, 136, 118, 56, 21, 76, 156, 117, 39, 10, 11, 184, 64, 172, 57, 78, 63, 21, 82, 170, 10, 65, 71, 188, 3, 121, 175),
    (167, 140, 75, 122, 56, 161, 49, 77, 74, 183, 179, 198, 175, 34, 97, 102, 154, 153, 141, 166, 53, 11, 166, 149, 11, 143, 134, 99, 110, 45, 79, 51, 5, 93, 45, 59, 66, 186, 149, 182),
    (168, 125, 20, 121, 62, 83, 51, 96, 186, 184, 153, 65, 59, 11, 26, 92, 152, 110, 50, 177, 150, 167, 177, 36, 14, 142, 144, 196, 139, 131, 170, 45, 110, 81, 149, 75, 74, 79, 25, 105),
    (169, 71, 122, 128, 165, 163, 106, 187, 133, 76, 198, 147, 38, 21, 95, 34, 84, 179, 192, 145, 124, 121, 22, 82, 8, 113, 194, 31, 38, 138, 176, 183, 143, 190, 77, 167, 120, 102, 8, 99),
    (170, 73, 106, 169, 0, 31, 138, 162, 163, 67, 61, 18, 192, 141, 19, 117, 162, 168, 119, 6, 153, 126, 97, 80, 140, 143, 99, 29, 158, 165, 59, 59, 95, 9, 31, 154, 46, 90, 173, 36),
    (171, 179, 108, 62, 189, 190, 15, 178, 40, 101, 54, 161, 73, 174, 175, 100, 129, 89, 101, 146, 48, 156, 80, 165, 92, 58, 26, 66, 47, 14, 159, 163, 26, 18, 121, 19, 7, 47, 50, 5),
    (172, 164, 29, 117, 174, 31, 72, 194, 93, 171, 151, 193, 56, 181, 27, 142, 69, 178, 126, 3, 182, 32, 134, 123, 124, 180, 195, 77, 96, 68, 172, 82, 116, 108, 20, 90, 28, 92, 126, 84),
    (173, 10, 87, 70, 37, 159, 173, 63, 155, 20, 129, 45, 185, 188, 159, 128, 155, 62, 177, 97, 29, 18, 80, 126, 135, 161, 68, 130, 101, 9, 98, 15, 152, 38, 6, 55, 98, 139, 103, 72),
    (174, 41, 128, 154, 61, 124, 82, 116, 87, 53, 98, 170, 1, 74, 191, 166, 155, 50, 165, 14, 166, 113, 195, 114, 54, 158, 54, 87, 61, 58, 2, 41, 173, 62, 88, 69, 147, 79, 87, 52),
    (175, 41, 97, 38, 97, 197, 12, 90, 146, 184, 94, 97, 119, 139, 25, 33, 71, 135, 148, 92, 103, 190, 104, 52, 75, 172, 21, 91, 169, 152, 43, 161, 66, 4, 162, 195, 21, 13, 91, 94),
    (176, 110, 104, 48, 55, 193, 2, 44, 175, 108, 190, 185, 121, 151, 173, 4, 174, 34, 48, 16, 168, 53, 192, 29, 94, 6, 165, 145, 72, 199, 174, 182, 125, 135, 198, 156, 162, 47, 31, 143),
    (177, 168, 181, 147, 187, 132, 191, 120, 133, 62, 170, 143, 120, 141, 73, 121, 13, 40, 6, 168, 132, 10, 67, 112, 93, 145, 88, 175, 100, 142, 9, 98, 170, 62, 152, 164, 194, 142, 134, 8),
    (178, 97, 73, 165, 82, 67, 167, 107, 91, 73, 168, 81, 53, 18, 18, 71, 139, 124, 126, 5, 187, 170, 128, 23, 189, 162, 44, 65, 166, 15, 74, 75, 90, 142, 78, 139, 64, 167, 31, 87),
    (179, 107, 113, 29, 64, 34, 9, 193, 10, 46, 28, 94, 77, 185, 28, 146, 151, 136, 59, 146, 38, 151, 71, 7, 89, 45, 102, 137, 186, 106, 177, 7, 178, 187, 66, 30, 63, 77, 128, 68),
    (180, 132, 124, 93, 73, 35, 94, 61, 119, 179, 189, 16, 29, 11, 35, 67, 13, 144, 158, 131, 64, 124, 170, 66, 4, 121, 47, 182, 182, 87, 189, 179, 196, 47, 108, 32, 28, 57, 169, 105),
    (181, 45, 132, 72, 99, 154, 67, 22, 159, 12, 116, 132, 102, 140, 15, 75, 189, 147, 162, 78, 54, 43, 180, 9, 136, 191, 130, 63, 74, 126, 170, 114, 132, 134, 15, 18, 32, 199, 77, 18),
    (182, 86, 20, 143, 148, 121, 31, 167, 113, 138, 156, 27, 96, 77, 192, 178, 42, 6, 97, 92, 16, 173, 120, 135, 95, 66, 94, 100, 102, 116, 181, 105, 181, 112, 164, 71, 154, 85, 56, 50),
    (183, 5, 25, 174, 162, 32, 164, 136, 69, 177, 85, 115, 107, 155, 67, 37, 45, 184, 49, 157, 48, 167, 86, 83, 151, 170, 194, 13, 166, 187, 131, 111, 124, 81, 115, 42, 141, 95, 83, 52),
    (184, 74, 110, 0, 29, 90, 84, 88, 137, 162, 171, 118, 105, 21, 64, 167, 79, 1, 198, 90, 186, 8, 106, 113, 113, 25, 74, 73, 95, 108, 62, 128, 81, 2, 92, 15, 73, 108, 20, 191),
    (185, 184, 85, 33, 12, 93, 1, 181, 84, 33, 173, 174, 196, 31, 178, 150, 6, 7, 152, 191, 110, 138, 137, 156, 176, 103, 65, 182, 56, 157, 178, 14, 116, 83, 66, 42, 170, 124, 83, 149),
    (186, 6, 114, 185, 178, 99, 70, 22, 169, 12, 198, 37, 185, 128, 97, 139, 146, 48, 154, 199, 69, 59, 59, 161, 88, 86, 118, 44, 43, 156, 148, 171, 102, 144, 158, 123, 195, 117, 36, 73),
    (187, 114, 66, 167, 78, 19, 123, 57, 169, 22, 148, 91, 35, 183, 184, 182, 49, 153, 113, 135, 81, 43, 50, 100, 38, 96, 142, 156, 33, 82, 118, 65, 87, 61, 164, 156, 33, 48, 48, 178),
    (188, 106, 71, 112, 152, 11, 140, 88, 34, 0, 131, 17, 58, 88, 172, 167, 89, 152, 144, 81, 197, 92, 119, 132, 79, 155, 35, 66, 120, 128, 197, 6, 43, 151, 146, 25, 189, 20, 192, 29),
    (189, 148, 73, 22, 64, 32, 26, 82, 15, 0, 82, 148, 89, 198, 17, 172, 19, 144, 126, 60, 24, 129, 68, 121, 190, 59, 85, 77, 171, 16, 90, 165, 15, 23, 133, 44, 37, 132, 9, 183),
    (190, 178, 94, 175, 168, 93, 168, 2, 15, 63, 169, 71, 42, 73, 34, 65, 163, 138, 36, 134, 158, 13, 198, 149, 156, 184, 29, 157, 18, 151, 65, 95, 30, 142, 170, 53, 103, 164, 8, 66),
    (191, 118, 32, 62, 135, 29, 126, 95, 145, 140, 160, 162, 11, 31, 27, 191, 0, 146, 169, 4, 112, 40, 165, 50, 132, 89, 143, 6, 129, 35, 182, 115, 31, 179, 168, 55, 60, 154, 188, 9),
    (192, 45, 11, 144, 59, 9, 115, 65, 139, 55, 109, 100, 49, 53, 156, 179, 7, 75, 175, 22, 58, 92, 107, 120, 89, 86, 3, 12, 33, 89, 68, 44, 95, 176, 104, 95, 82, 145, 191, 135),
    (193, 49, 50, 169, 77, 68, 4, 11, 152, 107, 81, 117, 47, 103, 24, 177, 168, 61, 173, 180, 50, 11, 87, 92, 170, 172, 180, 121, 172, 116, 54, 163, 29, 136, 154, 20, 21, 57, 138, 78),
    (194, 186, 183, 137, 146, 59, 106, 119, 164, 109, 37, 89, 33, 128, 103, 20, 40, 113, 173, 130, 44, 20, 8, 125, 10, 119, 93, 149, 70, 69, 42, 71, 149, 55, 154, 114, 48, 146, 4, 47),
    (195, 139, 151, 18, 150, 98, 76, 62, 60, 108, 155, 105, 75, 140, 156, 170, 76, 48, 191, 103, 59, 156, 84, 34, 145, 162, 79, 37, 18, 5, 71, 99, 90, 132, 25, 20, 16, 167, 190, 140),
    (196, 59, 168, 39, 104, 17, 6, 198, 177, 95, 104, 26, 62, 118, 123, 120, 174, 117, 113, 33, 149, 146, 58, 116, 58, 183, 34, 181, 0, 46, 18, 116, 49, 90, 29, 10, 103, 70, 176, 101),
    (197, 26, 12, 20, 4, 129, 69, 6, 176, 40, 168, 33, 53, 135, 100, 20, 155, 125, 34, 125, 51, 42, 91, 136, 149, 76, 109, 166, 67, 104, 59, 12, 116, 38, 141, 104, 29, 125, 139, 187),
    (198, 55, 87, 53, 31, 22, 59, 180, 58, 9, 184, 61, 65, 93, 171, 142, 51, 115, 48, 8, 140, 18, 116, 190, 109, 47, 149, 146, 89, 108, 29, 143, 11, 190, 153, 2, 2, 148, 195, 7),
    (199, 160, 176, 74, 140, 109, 29, 38, 48, 187, 118, 165, 58, 17, 110, 82, 187, 45, 64, 69, 43, 189, 107, 36, 193, 90, 1, 48, 81, 21, 37, 94, 112, 0, 67, 53, 105, 134, 184, 91);

INSERT INTO T37 (pk, t1, t2, t3, t4, t5, t6, t7, t8, t9, t10, t11, t12, t13, t14, t15, t16, t17, t18, t19, t20, t21, t22, t23, t24, t25, t26, t27, t28, t29, t30, t31, t32, t33, t34, t35, t36, t38, t39, t40)
VALUES
    (0, 60, 31, 197, 71, 178, 74, 169, 198, 8, 101, 11, 36, 56, 166, 63, 131, 52, 106, 153, 179, 56, 92, 24, 19, 53, 170, 165, 104, 186, 128, 11, 35, 21, 39, 40, 89, 65, 154, 69),
    (1, 129, 104, 145, 172, 97, 142, 15, 174, 17, 31, 50, 23, 81, 27, 146, 124, 121, 126, 10, 168, 157, 102, 148, 61, 115, 168, 81, 187, 193, 77, 156, 97, 126, 103, 107, 106, 153, 145, 173),
    (2, 41, 37, 35, 4, 74, 144, 54, 69, 183, 5, 10, 115, 56, 94, 187, 92, 151, 171, 100, 196, 31, 58, 109, 109, 179, 51, 14, 41, 100, 194, 22, 49, 18, 154, 123, 113, 49, 126, 51),
    (3, 162, 73, 131, 193, 112, 189, 99, 15, 67, 77, 134, 2, 114, 12, 127, 125, 97, 150, 29, 100, 152, 87, 22, 64, 94, 147, 136, 81, 139, 148, 130, 167, 8, 25, 63, 152, 55, 69, 135),
    (4, 11, 114, 73, 58, 25, 150, 19, 124, 145, 63, 143, 157, 139, 89, 110, 19, 135, 40, 71, 148, 164, 132, 95, 39, 17, 68, 11, 100, 55, 173, 123, 93, 195, 107, 139, 24, 34, 39, 160),
    (5, 177, 93, 163, 78, 163, 60, 28, 199, 105, 105, 161, 111, 162, 161, 2, 41, 90, 51, 179, 163, 89, 38, 120, 191, 153, 156, 75, 190, 191, 5, 31, 65, 93, 40, 92, 147, 123, 194, 96),
    (6, 173, 160, 109, 195, 139, 196, 122, 148, 93, 137, 119, 155, 37, 77, 199, 138, 103, 93, 189, 173, 96, 177, 15, 178, 9, 151, 41, 93, 105, 185, 108, 132, 163, 198, 17, 34, 157, 122, 71),
    (7, 84, 71, 177, 180, 96, 191, 161, 46, 3, 118, 49, 82, 3, 67, 148, 41, 112, 44, 22, 172, 190, 89, 166, 66, 16, 57, 172, 28, 42, 99, 98, 107, 169, 183, 160, 172, 77, 158, 98),
    (8, 9, 4, 171, 116, 167, 119, 171, 180, 69, 110, 18, 22, 183, 124, 174, 6, 103, 95, 140, 173, 195, 191, 93, 141, 21, 122, 25, 90, 133, 21, 114, 31, 182, 175, 141, 181, 120, 154, 133),
    (9, 109, 24, 37, 152, 86, 121, 32, 104, 165, 19, 162, 32, 140, 75, 159, 86, 74, 123, 186, 178, 78, 108, 38, 57, 59, 70, 8, 132, 90, 37, 12, 164, 67, 4, 68, 109, 18, 162, 151),
    (10, 11, 83, 131, 18, 169, 168, 122, 149, 101, 44, 27, 122, 93, 154, 15, 179, 81, 76, 3, 142, 77, 129, 69, 34, 134, 149, 144, 8, 65, 108, 79, 154, 81, 105, 195, 64, 8, 47, 62),
    (11, 91, 2, 133, 89, 69, 138, 106, 88, 80, 12, 199, 125, 45, 180, 149, 56, 35, 40, 115, 101, 55, 33, 166, 183, 158, 92, 195, 132, 125, 186, 52, 148, 116, 165, 150, 161, 187, 88, 148),
    (12, 117, 27, 103, 176, 169, 11, 20, 159, 2, 91, 109, 161, 31, 11, 142, 144, 171, 130, 8, 148, 156, 154, 110, 197, 59, 74, 140, 44, 40, 167, 13, 173, 85, 22, 2, 83, 181, 62, 76),
    (13, 174, 129, 176, 116, 82, 86, 14, 92, 133, 77, 45, 43, 32, 189, 133, 187, 3, 101, 147, 27, 32, 114, 171, 35, 101, 185, 2, 164, 4, 24, 27, 172, 2, 100, 199, 181, 120, 64, 42),
    (14, 32, 149, 8, 118, 123, 95, 151, 157, 115, 20, 152, 88, 64, 177, 196, 183, 58, 7, 182, 127, 42, 90, 50, 64, 113, 180, 73, 46, 150, 155, 10, 197, 66, 32, 152, 144, 62, 126, 9),
    (15, 99, 99, 130, 135, 194, 24, 148, 9, 131, 103, 117, 150, 143, 20, 138, 193, 190, 72, 101, 44, 55, 13, 134, 79, 165, 162, 63, 67, 117, 111, 81, 73, 48, 69, 123, 100, 22, 152, 47),
    (16, 10, 191, 91, 112, 113, 191, 40, 54, 114, 77, 130, 148, 78, 160, 25, 45, 181, 181, 141, 116, 64, 132, 22, 55, 99, 185, 81, 33, 58, 8, 0, 8, 184, 190, 97, 47, 70, 96, 97),
    (17, 170, 182, 151, 5, 163, 45, 198, 88, 65, 199, 158, 50, 17, 192, 43, 26, 109, 70, 178, 186, 105, 188, 108, 163, 175, 101, 84, 68, 139, 141, 174, 81, 142, 62, 151, 196, 146, 187, 66),
    (18, 60, 169, 176, 33, 83, 60, 3, 127, 170, 193, 141, 165, 153, 31, 167, 76, 133, 129, 128, 65, 61, 62, 195, 121, 67, 119, 31, 6, 155, 61, 179, 84, 194, 118, 74, 126, 16, 79, 165),
    (19, 173, 82, 76, 174, 87, 110, 44, 142, 162, 97, 18, 67, 150, 73, 119, 78, 88, 55, 163, 19, 77, 76, 174, 133, 130, 183, 2, 116, 72, 175, 144, 121, 82, 10, 103, 6, 176, 147, 148),
    (20, 57, 80, 149, 25, 145, 139, 147, 65, 134, 116, 43, 70, 84, 111, 166, 151, 161, 179, 55, 170, 55, 42, 126, 166, 131, 53, 128, 38, 59, 182, 183, 162, 165, 93, 100, 16, 96, 148, 124),
    (21, 55, 124, 12, 58, 23, 86, 28, 178, 95, 167, 156, 133, 163, 74, 17, 109, 146, 121, 188, 172, 187, 157, 69, 111, 58, 12, 74, 48, 8, 141, 120, 128, 137, 34, 43, 117, 160, 138, 33),
    (22, 40, 174, 134, 172, 193, 116, 127, 160, 91, 75, 164, 195, 166, 177, 52, 36, 110, 5, 90, 147, 6, 3, 143, 199, 70, 137, 188, 121, 36, 197, 122, 85, 159, 156, 23, 129, 160, 119, 132),
    (23, 139, 88, 97, 81, 160, 83, 111, 131, 144, 147, 192, 144, 175, 92, 38, 105, 197, 182, 195, 119, 169, 85, 87, 33, 32, 3, 37, 148, 168, 65, 156, 115, 86, 95, 134, 32, 105, 102, 111),
    (24, 67, 56, 143, 84, 198, 150, 26, 158, 179, 131, 80, 24, 26, 100, 42, 176, 125, 33, 37, 8, 191, 182, 5, 62, 0, 33, 72, 196, 6, 40, 123, 3, 41, 143, 16, 152, 197, 72, 3),
    (25, 25, 92, 64, 143, 118, 42, 50, 11, 88, 69, 186, 58, 45, 189, 35, 1, 48, 67, 20, 116, 82, 44, 176, 165, 187, 190, 101, 87, 133, 67, 134, 19, 31, 51, 156, 67, 123, 143, 12),
    (26, 114, 105, 175, 180, 151, 170, 30, 13, 100, 160, 55, 64, 56, 45, 35, 102, 79, 101, 73, 181, 151, 151, 152, 149, 117, 20, 180, 65, 121, 37, 20, 17, 180, 186, 92, 168, 88, 173, 10),
    (27, 3, 99, 70, 166, 160, 13, 82, 194, 17, 95, 178, 103, 169, 99, 171, 84, 174, 69, 164, 12, 175, 51, 38, 101, 104, 69, 179, 190, 162, 169, 48, 117, 176, 142, 188, 165, 25, 171, 7),
    (28, 143, 79, 187, 59, 86, 101, 42, 144, 2, 31, 58, 99, 56, 100, 67, 189, 133, 195, 46, 71, 56, 183, 144, 187, 123, 186, 142, 54, 11, 153, 47, 196, 1, 190, 149, 64, 52, 191, 7),
    (29, 44, 14, 191, 141, 163, 17, 34, 1, 114, 95, 72, 42, 96, 89, 32, 154, 138, 162, 58, 56, 163, 120, 198, 14, 21, 106, 64, 1, 186, 137, 130, 100, 195, 156, 179, 189, 7, 31, 157),
    (30, 171, 63, 28, 37, 193, 4, 170, 44, 4, 107, 142, 43, 152, 14, 156, 118, 35, 174, 136, 55, 59, 184, 11, 3, 10, 163, 36, 127, 95, 138, 64, 190, 161, 139, 176, 6, 14, 112, 27),
    (31, 121, 106, 97, 113, 9, 131, 138, 110, 193, 74, 94, 196, 129, 195, 161, 33, 74, 105, 135, 157, 136, 162, 129, 25, 145, 80, 62, 89, 171, 60, 76, 197, 29, 7, 162, 68, 55, 74, 75),
    (32, 154, 96, 135, 25, 181, 89, 121, 3, 13, 123, 166, 105, 91, 188, 70, 164, 95, 69, 151, 112, 146, 188, 33, 185, 94, 153, 37, 52, 116, 71, 72, 157, 28, 88, 56, 129, 35, 136, 99),
    (33, 129, 149, 93, 126, 91, 191, 32, 98, 131, 129, 127, 37, 138, 126, 49, 76, 25, 0, 48, 9, 32, 94, 160, 186, 183, 22, 145, 118, 41, 9, 2, 52, 128, 82, 76, 3, 170, 110, 83),
    (34, 61, 143, 110, 62, 73, 199, 165, 43, 89, 93, 13, 129, 171, 168, 197, 162, 58, 176, 102, 134, 42, 177, 173, 129, 183, 51, 18, 73, 34, 10, 117, 104, 147, 99, 129, 38, 191, 2, 49),
    (35, 56, 194, 138, 179, 14, 163, 153, 101, 8, 42, 0, 31, 62, 60, 96, 172, 162, 163, 72, 158, 95, 182, 68, 56, 82, 11, 85, 103, 192, 89, 131, 113, 125, 144, 180, 58, 118, 133, 113),
    (36, 121, 184, 83, 156, 150, 180, 130, 161, 129, 22, 88, 43, 190, 106, 16, 127, 166, 142, 85, 94, 11, 154, 80, 115, 54, 155, 110, 104, 90, 114, 51, 94, 195, 154, 61, 103, 19, 22, 45),
    (37, 48, 145, 132, 111, 28, 161, 23, 136, 83, 27, 168, 101, 139, 187, 159, 132, 73, 129, 40, 141, 178, 126, 34, 196, 152, 5, 89, 32, 29, 39, 151, 28, 123, 115, 47, 105, 68, 183, 57),
    (38, 140, 190, 130, 48, 110, 191, 1, 25, 73, 117, 173, 72, 155, 131, 23, 9, 19, 100, 150, 69, 121, 1, 89, 45, 151, 185, 5, 54, 51, 175, 19, 129, 164, 163, 187, 77, 20, 49, 27),
    (39, 59, 149, 166, 97, 154, 114, 124, 80, 21, 58, 112, 34, 36, 118, 195, 161, 18, 100, 103, 146, 141, 169, 149, 12, 109, 118, 63, 92, 35, 38, 189, 181, 149, 110, 124, 64, 141, 64, 102),
    (40, 156, 14, 150, 114, 106, 17, 109, 79, 105, 11, 106, 2, 87, 166, 0, 133, 25, 75, 92, 157, 94, 69, 107, 27, 52, 65, 5, 106, 194, 106, 68, 105, 118, 82, 196, 83, 6, 197, 166),
    (41, 121, 75, 91, 93, 41, 23, 14, 121, 169, 95, 8, 40, 165, 110, 169, 5, 120, 23, 71, 111, 9, 54, 41, 59, 64, 27, 28, 170, 7, 35, 151, 47, 152, 133, 146, 13, 152, 160, 180),
    (42, 97, 92, 29, 138, 13, 58, 50, 29, 4, 155, 128, 65, 114, 174, 136, 158, 133, 74, 63, 132, 93, 81, 194, 150, 183, 133, 49, 158, 86, 4, 40, 45, 98, 152, 194, 186, 1, 105, 124),
    (43, 193, 86, 107, 193, 57, 7, 169, 182, 64, 139, 181, 91, 130, 183, 56, 67, 63, 11, 50, 35, 171, 174, 100, 18, 113, 163, 147, 110, 121, 146, 70, 104, 151, 150, 113, 158, 187, 101, 84),
    (44, 63, 157, 44, 132, 89, 95, 55, 111, 97, 149, 194, 111, 107, 73, 25, 143, 19, 165, 167, 157, 129, 158, 101, 39, 31, 26, 40, 169, 126, 23, 68, 113, 74, 178, 49, 188, 180, 164, 158),
    (45, 196, 106, 179, 34, 117, 14, 47, 29, 81, 132, 164, 80, 182, 16, 99, 113, 64, 88, 96, 46, 124, 95, 81, 181, 177, 165, 131, 21, 128, 193, 49, 64, 9, 49, 8, 88, 12, 87, 162),
    (46, 20, 4, 33, 106, 19, 118, 60, 65, 168, 77, 199, 132, 48, 137, 70, 126, 44, 194, 191, 141, 79, 21, 42, 1, 27, 2, 73, 191, 130, 196, 161, 42, 153, 39, 164, 151, 149, 82, 188),
    (47, 67, 117, 156, 24, 6, 86, 161, 149, 160, 132, 180, 109, 195, 39, 173, 68, 32, 116, 103, 163, 64, 61, 91, 108, 14, 9, 157, 157, 90, 174, 79, 36, 144, 186, 41, 84, 66, 57, 131),
    (48, 123, 188, 72, 50, 36, 160, 21, 109, 145, 48, 131, 144, 61, 59, 43, 148, 126, 125, 62, 41, 182, 51, 13, 88, 154, 47, 56, 47, 103, 176, 135, 35, 112, 66, 31, 154, 44, 92, 160),
    (49, 106, 55, 74, 113, 187, 172, 104, 91, 107, 154, 74, 144, 83, 138, 31, 91, 164, 169, 79, 36, 46, 25, 70, 179, 158, 100, 132, 147, 125, 84, 27, 196, 48, 123, 95, 77, 12, 99, 30),
    (50, 87, 127, 92, 16, 69, 137, 116, 14, 161, 72, 124, 46, 182, 43, 168, 183, 89, 198, 116, 148, 50, 176, 133, 38, 74, 197, 107, 37, 70, 143, 85, 189, 3, 199, 48, 131, 101, 75, 139),
    (51, 72, 77, 173, 86, 7, 120, 109, 96, 171, 111, 104, 142, 34, 176, 76, 199, 97, 5, 45, 63, 169, 67, 194, 53, 193, 177, 197, 162, 129, 146, 30, 26, 149, 192, 75, 10, 73, 56, 80),
    (52, 64, 132, 75, 164, 73, 11, 9, 151, 166, 127, 123, 5, 194, 158, 182, 21, 33, 98, 170, 35, 66, 162, 178, 195, 51, 162, 3, 23, 93, 54, 187, 123, 135, 157, 4, 35, 156, 135, 107),
    (53, 57, 8, 116, 130, 99, 86, 47, 121, 78, 172, 197, 139, 146, 129, 188, 145, 88, 102, 183, 182, 154, 124, 105, 179, 169, 193, 118, 92, 98, 76, 118, 187, 144, 92, 189, 134, 167, 123, 163),
    (54, 122, 118, 80, 15, 144, 90, 188, 145, 23, 178, 127, 190, 73, 144, 44, 145, 182, 11, 132, 194, 93, 78, 23, 123, 155, 35, 76, 40, 129, 129, 85, 127, 79, 90, 108, 167, 6, 12, 21),
    (55, 64, 107, 83, 161, 67, 145, 192, 72, 94, 10, 45, 156, 136, 1, 8, 119, 89, 84, 173, 106, 135, 73, 76, 153, 156, 59, 76, 155, 168, 68, 163, 34, 47, 92, 77, 114, 68, 69, 3),
    (56, 135, 90, 59, 0, 163, 22, 107, 39, 149, 159, 68, 24, 179, 63, 24, 94, 142, 110, 94, 65, 5, 190, 124, 75, 152, 17, 19, 8, 50, 104, 26, 108, 73, 119, 52, 62, 179, 26, 11),
    (57, 144, 168, 81, 124, 131, 167, 139, 9, 0, 52, 125, 122, 32, 144, 194, 86, 32, 71, 123, 110, 129, 72, 6, 60, 52, 133, 73, 42, 59, 34, 36, 135, 157, 143, 114, 18, 21, 66, 57),
    (58, 70, 11, 15, 18, 75, 98, 156, 60, 112, 115, 194, 87, 161, 67, 62, 151, 97, 57, 136, 37, 126, 70, 116, 138, 23, 193, 49, 195, 132, 65, 75, 177, 109, 46, 58, 150, 0, 111, 188),
    (59, 158, 147, 174, 131, 181, 126, 116, 137, 166, 148, 90, 199, 183, 190, 41, 11, 146, 184, 140, 87, 51, 81, 179, 194, 182, 175, 36, 33, 166, 131, 141, 76, 128, 100, 127, 32, 25, 162, 54),
    (60, 110, 146, 43, 132, 86, 134, 123, 0, 104, 111, 107, 49, 158, 169, 14, 172, 136, 102, 23, 174, 173, 166, 56, 164, 197, 77, 47, 0, 174, 7, 178, 192, 91, 103, 109, 129, 6, 86, 62),
    (61, 77, 173, 134, 110, 170, 51, 48, 98, 28, 8, 5, 130, 99, 178, 26, 148, 59, 99, 71, 75, 58, 186, 85, 146, 188, 29, 171, 64, 86, 80, 134, 15, 157, 40, 129, 187, 28, 76, 148),
    (62, 71, 43, 178, 45, 189, 68, 170, 96, 192, 85, 157, 59, 10, 53, 43, 93, 129, 190, 80, 186, 142, 151, 49, 62, 53, 144, 138, 104, 80, 197, 55, 37, 113, 84, 17, 150, 99, 3, 95),
    (63, 134, 95, 150, 52, 196, 70, 195, 22, 146, 83, 65, 196, 60, 76, 167, 20, 87, 14, 92, 134, 134, 175, 92, 113, 95, 26, 67, 139, 183, 192, 36, 131, 182, 11, 145, 121, 136, 8, 106),
    (64, 193, 18, 188, 155, 113, 52, 14, 53, 175, 180, 191, 193, 89, 77, 176, 60, 125, 48, 17, 80, 188, 125, 88, 155, 162, 10, 160, 4, 148, 6, 176, 107, 168, 179, 65, 8, 164, 159, 189),
    (65, 49, 196, 197, 111, 86, 170, 143, 124, 156, 77, 1, 45, 19, 60, 139, 60, 169, 49, 88, 64, 138, 19, 137, 143, 81, 106, 20, 113, 198, 150, 44, 112, 62, 9, 127, 44, 100, 189, 35),
    (66, 187, 127, 52, 197, 32, 35, 141, 73, 161, 176, 173, 168, 32, 121, 50, 157, 154, 126, 187, 172, 112, 24, 184, 108, 69, 8, 154, 92, 88, 134, 124, 66, 30, 62, 47, 106, 151, 77, 129),
    (67, 183, 182, 153, 177, 2, 90, 176, 43, 52, 139, 188, 136, 29, 51, 73, 135, 164, 5, 137, 40, 140, 148, 140, 30, 197, 50, 53, 13, 66, 41, 143, 147, 50, 169, 52, 151, 18, 34, 6),
    (68, 141, 68, 18, 1, 158, 170, 12, 99, 15, 56, 68, 32, 186, 145, 127, 45, 142, 39, 124, 191, 8, 134, 46, 172, 96, 183, 0, 34, 120, 195, 139, 10, 157, 15, 119, 6, 119, 59, 79),
    (69, 33, 42, 184, 161, 30, 102, 131, 16, 37, 100, 60, 65, 61, 127, 112, 45, 158, 145, 87, 76, 191, 59, 123, 133, 82, 5, 82, 18, 117, 154, 189, 126, 125, 141, 124, 7, 160, 187, 113),
    (70, 154, 136, 132, 33, 62, 181, 14, 64, 2, 43, 102, 13, 145, 31, 82, 199, 99, 56, 31, 44, 172, 59, 194, 172, 86, 120, 103, 14, 104, 72, 32, 109, 189, 199, 174, 89, 60, 158, 42),
    (71, 13, 100, 152, 73, 4, 37, 178, 127, 132, 54, 96, 103, 60, 8, 169, 16, 171, 165, 37, 76, 101, 80, 23, 176, 41, 142, 61, 59, 198, 57, 165, 103, 171, 66, 117, 26, 77, 78, 79),
    (72, 71, 47, 22, 28, 95, 182, 144, 169, 21, 175, 67, 47, 67, 94, 86, 165, 24, 11, 62, 98, 47, 22, 111, 94, 144, 148, 62, 6, 39, 40, 162, 191, 154, 14, 78, 109, 23, 10, 26),
    (73, 8, 14, 132, 51, 45, 50, 5, 126, 63, 159, 39, 107, 2, 4, 25, 24, 172, 23, 56, 67, 92, 147, 2, 30, 5, 131, 175, 57, 96, 146, 72, 173, 46, 144, 114, 42, 163, 3, 68),
    (74, 71, 133, 86, 87, 174, 67, 0, 141, 26, 128, 144, 62, 159, 132, 94, 161, 57, 194, 5, 64, 10, 20, 64, 9, 172, 78, 175, 199, 131, 42, 72, 155, 154, 85, 162, 130, 53, 140, 29),
    (75, 115, 44, 95, 122, 60, 30, 98, 23, 167, 66, 77, 89, 125, 194, 83, 140, 95, 71, 179, 195, 95, 27, 180, 107, 171, 47, 166, 160, 150, 70, 143, 60, 178, 142, 197, 100, 54, 138, 1),
    (76, 82, 97, 44, 67, 135, 33, 139, 117, 23, 94, 124, 31, 124, 41, 100, 95, 197, 171, 120, 78, 168, 187, 37, 104, 113, 73, 194, 64, 191, 70, 87, 66, 156, 197, 96, 124, 183, 177, 123),
    (77, 198, 180, 40, 33, 80, 158, 79, 109, 54, 7, 34, 183, 73, 140, 199, 161, 5, 150, 107, 82, 198, 165, 101, 174, 24, 161, 156, 18, 91, 155, 29, 63, 94, 164, 46, 96, 96, 112, 8),
    (78, 30, 136, 180, 0, 50, 157, 2, 69, 139, 77, 162, 166, 175, 50, 52, 76, 23, 70, 41, 147, 18, 125, 6, 168, 184, 50, 106, 100, 38, 156, 13, 71, 107, 111, 44, 134, 39, 7, 124),
    (79, 182, 97, 153, 38, 112, 193, 83, 185, 109, 30, 131, 83, 142, 130, 48, 133, 65, 185, 171, 1, 176, 92, 6, 90, 3, 17, 171, 72, 85, 22, 176, 68, 139, 12, 8, 162, 49, 129, 62),
    (80, 152, 119, 156, 17, 196, 95, 0, 199, 199, 13, 35, 198, 130, 47, 108, 33, 106, 33, 178, 112, 172, 96, 87, 146, 111, 95, 74, 12, 5, 176, 62, 136, 6, 125, 154, 166, 1, 189, 140),
    (81, 35, 51, 54, 189, 170, 194, 5, 86, 100, 198, 64, 156, 195, 0, 21, 29, 107, 0, 123, 135, 65, 57, 15, 5, 83, 27, 88, 144, 122, 26, 172, 120, 182, 162, 85, 43, 194, 197, 21),
    (82, 184, 115, 131, 116, 47, 0, 134, 173, 198, 28, 108, 59, 131, 184, 166, 74, 177, 57, 163, 161, 15, 112, 158, 178, 151, 5, 140, 2, 89, 145, 190, 155, 98, 77, 112, 67, 26, 69, 130),
    (83, 42, 4, 197, 156, 83, 134, 59, 193, 116, 93, 24, 45, 96, 199, 84, 52, 161, 110, 1, 165, 90, 3, 139, 58, 5, 138, 13, 93, 102, 167, 172, 183, 57, 34, 9, 56, 3, 21, 142),
    (84, 96, 52, 186, 165, 68, 138, 28, 2, 50, 193, 169, 131, 15, 116, 119, 29, 24, 78, 94, 163, 163, 187, 24, 10, 116, 71, 104, 155, 165, 101, 2, 44, 138, 95, 99, 87, 77, 128, 48),
    (85, 99, 7, 82, 41, 174, 151, 86, 13, 132, 17, 100, 162, 65, 111, 18, 29, 111, 165, 86, 66, 53, 124, 189, 198, 48, 88, 91, 105, 137, 181, 177, 152, 51, 107, 100, 177, 163, 104, 68),
    (86, 14, 67, 112, 87, 147, 60, 22, 135, 70, 175, 109, 197, 44, 95, 137, 136, 176, 35, 70, 184, 128, 120, 151, 170, 192, 61, 161, 136, 26, 190, 167, 196, 1, 51, 123, 120, 26, 122, 83),
    (87, 48, 52, 129, 189, 167, 169, 2, 175, 161, 21, 139, 65, 32, 102, 89, 20, 96, 131, 99, 48, 70, 43, 92, 147, 5, 77, 195, 14, 127, 141, 67, 3, 134, 90, 162, 143, 109, 105, 53),
    (88, 191, 98, 195, 36, 110, 118, 10, 193, 122, 3, 21, 65, 135, 192, 30, 41, 48, 57, 85, 145, 64, 161, 94, 15, 52, 170, 142, 0, 73, 53, 196, 6, 137, 26, 40, 62, 137, 111, 71),
    (89, 52, 130, 139, 124, 104, 19, 131, 81, 106, 57, 64, 10, 66, 13, 15, 6, 186, 118, 181, 78, 39, 76, 29, 165, 89, 183, 10, 172, 32, 121, 22, 18, 94, 149, 55, 19, 155, 166, 84),
    (90, 123, 110, 75, 55, 176, 197, 94, 194, 127, 194, 108, 11, 192, 160, 44, 140, 149, 6, 10, 41, 62, 40, 20, 51, 137, 64, 154, 140, 70, 122, 4, 130, 74, 64, 119, 133, 125, 40, 16),
    (91, 191, 157, 95, 135, 6, 77, 171, 23, 42, 182, 74, 60, 89, 13, 65, 102, 115, 138, 98, 199, 33, 146, 189, 114, 193, 121, 84, 106, 160, 118, 9, 71, 1, 101, 173, 163, 158, 39, 170),
    (92, 119, 162, 70, 72, 107, 90, 41, 158, 174, 184, 135, 85, 104, 43, 163, 51, 50, 11, 178, 109, 185, 118, 28, 109, 155, 70, 174, 80, 70, 70, 28, 7, 126, 123, 197, 107, 105, 95, 138),
    (93, 58, 44, 141, 104, 69, 81, 106, 29, 134, 191, 168, 178, 126, 17, 192, 164, 131, 71, 142, 58, 178, 9, 2, 113, 2, 119, 105, 181, 17, 190, 26, 199, 103, 160, 112, 120, 136, 6, 171),
    (94, 15, 66, 185, 132, 181, 102, 75, 9, 138, 23, 121, 168, 196, 34, 23, 122, 84, 39, 47, 108, 10, 193, 182, 141, 198, 120, 142, 89, 188, 83, 11, 177, 82, 80, 74, 132, 7, 171, 70),
    (95, 6, 79, 174, 164, 29, 140, 162, 165, 122, 153, 59, 189, 87, 145, 51, 60, 146, 142, 93, 106, 45, 81, 108, 49, 135, 35, 131, 48, 179, 184, 29, 174, 94, 24, 98, 53, 174, 137, 52),
    (96, 147, 88, 156, 79, 88, 28, 139, 188, 122, 166, 192, 137, 100, 60, 163, 164, 78, 134, 20, 166, 136, 154, 86, 84, 125, 66, 102, 94, 55, 118, 99, 78, 60, 69, 174, 122, 10, 144, 136),
    (97, 76, 188, 151, 153, 95, 67, 49, 189, 49, 139, 187, 87, 7, 102, 59, 2, 149, 8, 112, 135, 36, 95, 7, 178, 59, 38, 199, 79, 199, 22, 184, 116, 186, 61, 69, 191, 167, 11, 92),
    (98, 172, 194, 26, 188, 131, 145, 62, 97, 138, 32, 108, 75, 180, 185, 45, 15, 77, 174, 102, 59, 103, 36, 154, 15, 135, 173, 53, 182, 164, 67, 119, 119, 150, 183, 128, 95, 101, 79, 24),
    (99, 45, 109, 146, 160, 58, 37, 68, 199, 179, 127, 178, 70, 126, 122, 44, 94, 131, 180, 76, 95, 145, 172, 174, 141, 132, 103, 184, 110, 146, 96, 108, 163, 0, 102, 190, 196, 152, 187, 146),
    (100, 44, 165, 168, 17, 142, 70, 12, 87, 33, 39, 67, 102, 98, 79, 160, 152, 8, 96, 54, 65, 46, 179, 152, 144, 116, 68, 89, 183, 7, 132, 78, 106, 190, 172, 137, 118, 173, 147, 169),
    (101, 50, 149, 146, 160, 0, 46, 126, 10, 0, 36, 16, 4, 122, 181, 70, 159, 151, 94, 85, 69, 2, 189, 49, 127, 151, 42, 111, 69, 95, 11, 78, 92, 198, 102, 100, 83, 132, 0, 61),
    (102, 43, 155, 152, 101, 70, 174, 118, 146, 33, 76, 84, 27, 187, 130, 74, 136, 65, 98, 41, 50, 194, 107, 4, 45, 153, 180, 92, 34, 54, 29, 111, 89, 96, 37, 149, 22, 150, 19, 143),
    (103, 152, 63, 31, 167, 40, 188, 74, 96, 102, 35, 160, 186, 44, 119, 162, 66, 127, 18, 161, 48, 119, 58, 65, 125, 117, 164, 143, 105, 79, 143, 70, 4, 0, 97, 190, 132, 177, 107, 42),
    (104, 178, 39, 64, 186, 66, 72, 181, 158, 67, 194, 3, 186, 79, 51, 63, 158, 142, 151, 24, 54, 198, 168, 188, 68, 149, 3, 164, 5, 180, 143, 195, 171, 80, 197, 83, 168, 30, 93, 20),
    (105, 193, 33, 33, 43, 177, 105, 119, 53, 116, 87, 198, 146, 44, 112, 194, 195, 103, 103, 5, 22, 4, 127, 29, 156, 54, 141, 39, 95, 169, 111, 143, 113, 196, 44, 93, 5, 186, 107, 34),
    (106, 78, 73, 28, 53, 198, 143, 40, 13, 41, 180, 0, 34, 163, 49, 124, 132, 193, 119, 88, 105, 199, 68, 116, 92, 24, 138, 27, 63, 44, 188, 123, 63, 61, 113, 46, 193, 155, 125, 182),
    (107, 70, 1, 153, 10, 54, 181, 124, 131, 139, 150, 10, 65, 120, 120, 36, 87, 17, 97, 85, 107, 119, 74, 81, 16, 29, 130, 86, 116, 144, 162, 36, 99, 171, 191, 116, 161, 67, 127, 49),
    (108, 194, 63, 196, 121, 64, 130, 185, 81, 125, 142, 66, 168, 162, 83, 79, 191, 59, 153, 51, 193, 8, 196, 45, 39, 144, 4, 175, 88, 65, 32, 87, 103, 61, 195, 118, 194, 189, 168, 109),
    (109, 137, 77, 189, 106, 156, 160, 79, 135, 135, 173, 11, 29, 153, 106, 31, 119, 30, 3, 52, 199, 36, 76, 35, 4, 41, 187, 115, 187, 193, 45, 65, 79, 197, 158, 75, 85, 86, 20, 99),
    (110, 167, 169, 33, 15, 84, 173, 62, 133, 129, 127, 65, 43, 13, 130, 60, 170, 144, 53, 72, 57, 145, 155, 123, 4, 143, 80, 186, 179, 67, 11, 141, 70, 49, 62, 175, 28, 93, 157, 11),
    (111, 136, 157, 145, 173, 194, 25, 76, 62, 184, 133, 187, 14, 77, 91, 11, 7, 150, 176, 11, 54, 135, 138, 23, 59, 92, 35, 111, 25, 128, 133, 77, 52, 187, 111, 146, 126, 124, 173, 27),
    (112, 31, 46, 25, 19, 14, 115, 153, 58, 10, 135, 98, 179, 84, 50, 116, 155, 160, 190, 124, 68, 98, 118, 171, 99, 35, 66, 81, 126, 172, 112, 8, 75, 28, 126, 108, 102, 124, 37, 63),
    (113, 108, 16, 19, 120, 72, 50, 175, 96, 93, 185, 0, 11, 99, 154, 2, 107, 14, 79, 167, 180, 142, 127, 154, 38, 181, 131, 23, 21, 155, 77, 163, 96, 45, 124, 54, 45, 189, 11, 194),
    (114, 161, 58, 71, 86, 3, 120, 43, 111, 65, 156, 161, 1, 151, 171, 142, 67, 109, 109, 130, 41, 15, 58, 134, 124, 160, 68, 136, 10, 87, 16, 188, 163, 131, 38, 199, 24, 8, 22, 26),
    (115, 79, 26, 135, 157, 122, 152, 53, 150, 124, 90, 179, 71, 192, 159, 186, 26, 168, 190, 188, 184, 82, 178, 21, 155, 76, 105, 107, 195, 116, 170, 34, 78, 149, 10, 63, 2, 100, 132, 188),
    (116, 92, 107, 97, 30, 97, 192, 10, 95, 164, 165, 36, 134, 75, 152, 74, 174, 15, 38, 101, 185, 197, 121, 27, 178, 5, 70, 105, 164, 57, 88, 45, 1, 19, 193, 21, 32, 101, 125, 109),
    (117, 124, 113, 31, 4, 93, 140, 126, 120, 51, 10, 137, 3, 62, 191, 154, 134, 33, 35, 60, 89, 83, 175, 20, 57, 107, 126, 156, 38, 186, 67, 104, 114, 26, 171, 116, 114, 76, 5, 101),
    (118, 101, 32, 51, 190, 187, 137, 12, 98, 38, 152, 65, 50, 164, 154, 163, 111, 179, 27, 152, 101, 196, 38, 41, 77, 192, 123, 147, 28, 100, 69, 4, 153, 70, 33, 169, 177, 77, 85, 63),
    (119, 94, 3, 139, 102, 150, 157, 128, 182, 145, 87, 191, 195, 131, 165, 101, 9, 75, 24, 196, 67, 49, 145, 94, 32, 150, 13, 35, 178, 8, 196, 9, 123, 23, 16, 174, 157, 91, 134, 113),
    (120, 121, 127, 5, 11, 58, 190, 97, 165, 32, 177, 143, 34, 116, 89, 164, 169, 35, 125, 186, 176, 116, 61, 37, 112, 4, 69, 166, 13, 174, 197, 32, 5, 80, 168, 107, 25, 144, 148, 171),
    (121, 58, 125, 91, 132, 191, 164, 101, 196, 157, 164, 152, 126, 198, 86, 155, 123, 156, 51, 115, 192, 19, 183, 12, 88, 79, 19, 11, 14, 73, 59, 115, 28, 33, 66, 173, 143, 21, 170, 171),
    (122, 90, 89, 135, 10, 110, 40, 81, 70, 56, 40, 112, 77, 139, 93, 71, 60, 139, 70, 130, 142, 49, 70, 134, 188, 38, 189, 147, 104, 136, 56, 82, 23, 184, 15, 107, 69, 6, 134, 16),
    (123, 108, 98, 162, 36, 74, 76, 140, 191, 167, 129, 133, 112, 143, 78, 186, 27, 57, 55, 139, 173, 167, 154, 49, 145, 4, 96, 59, 128, 182, 51, 118, 45, 146, 23, 27, 138, 46, 12, 86),
    (124, 149, 97, 124, 11, 52, 113, 9, 7, 122, 102, 115, 43, 82, 50, 139, 146, 121, 103, 91, 89, 30, 178, 0, 11, 132, 15, 56, 186, 22, 81, 106, 165, 176, 198, 22, 6, 34, 49, 43),
    (125, 87, 167, 190, 5, 148, 12, 157, 131, 163, 180, 145, 3, 124, 178, 179, 3, 138, 154, 115, 178, 163, 1, 47, 39, 89, 10, 111, 198, 83, 190, 61, 87, 11, 97, 198, 128, 66, 104, 73),
    (126, 189, 129, 2, 89, 47, 61, 58, 6, 4, 144, 109, 189, 184, 120, 194, 19, 40, 46, 87, 43, 134, 73, 10, 76, 193, 135, 95, 7, 166, 194, 168, 36, 4, 40, 115, 152, 158, 115, 78),
    (127, 137, 19, 103, 95, 28, 142, 89, 110, 61, 79, 142, 17, 19, 32, 145, 56, 152, 35, 186, 98, 43, 84, 89, 48, 174, 39, 174, 163, 121, 187, 36, 184, 118, 173, 187, 23, 71, 190, 176),
    (128, 112, 69, 102, 96, 99, 28, 24, 53, 2, 64, 111, 175, 198, 75, 2, 42, 165, 84, 20, 113, 141, 167, 38, 175, 23, 198, 37, 104, 124, 198, 118, 195, 124, 5, 27, 17, 178, 90, 191),
    (129, 154, 135, 16, 24, 46, 139, 114, 72, 50, 137, 78, 116, 154, 88, 167, 152, 145, 141, 173, 86, 33, 72, 141, 113, 134, 167, 61, 52, 71, 21, 137, 24, 24, 145, 7, 179, 124, 57, 176),
    (130, 40, 154, 67, 124, 86, 67, 27, 158, 162, 193, 143, 40, 197, 7, 57, 158, 66, 185, 32, 54, 64, 179, 73, 46, 11, 130, 44, 83, 82, 120, 139, 32, 102, 147, 7, 195, 44, 111, 195),
    (131, 141, 139, 91, 37, 98, 142, 41, 160, 36, 3, 185, 113, 140, 107, 84, 80, 109, 162, 115, 179, 98, 155, 162, 177, 80, 124, 33, 6, 91, 114, 166, 177, 63, 159, 95, 143, 66, 199, 162),
    (132, 181, 180, 129, 61, 129, 153, 134, 58, 122, 171, 139, 14, 16, 44, 42, 97, 198, 175, 73, 131, 3, 165, 10, 143, 84, 163, 124, 90, 92, 69, 13, 15, 146, 7, 139, 12, 23, 184, 170),
    (133, 117, 4, 88, 112, 178, 123, 120, 47, 19, 5, 41, 102, 31, 73, 170, 150, 134, 68, 130, 52, 52, 5, 139, 195, 188, 167, 137, 67, 193, 21, 85, 159, 192, 87, 62, 53, 53, 50, 61),
    (134, 133, 42, 152, 34, 92, 146, 132, 10, 123, 128, 65, 103, 79, 187, 37, 106, 69, 53, 72, 160, 60, 150, 47, 5, 79, 188, 182, 60, 155, 28, 126, 17, 199, 174, 110, 42, 109, 79, 54),
    (135, 34, 192, 135, 143, 129, 132, 30, 74, 7, 94, 61, 132, 28, 194, 128, 43, 104, 23, 50, 65, 193, 111, 196, 127, 113, 31, 97, 124, 172, 79, 130, 71, 24, 11, 80, 101, 94, 66, 97),
    (136, 165, 49, 46, 11, 118, 30, 55, 93, 132, 31, 86, 166, 6, 91, 19, 107, 193, 52, 39, 160, 51, 63, 130, 160, 28, 120, 53, 21, 134, 169, 43, 149, 48, 46, 191, 169, 44, 168, 100),
    (137, 160, 59, 68, 29, 10, 71, 45, 116, 17, 79, 179, 150, 133, 38, 195, 144, 99, 95, 50, 66, 5, 32, 1, 25, 116, 55, 168, 89, 20, 154, 175, 157, 6, 180, 72, 29, 169, 154, 105),
    (138, 60, 125, 188, 118, 132, 138, 3, 32, 105, 15, 50, 171, 61, 65, 64, 128, 18, 101, 143, 61, 9, 94, 183, 57, 110, 17, 80, 87, 174, 138, 96, 109, 193, 165, 180, 150, 193, 86, 49),
    (139, 170, 22, 194, 91, 93, 18, 56, 150, 148, 150, 192, 171, 25, 94, 117, 101, 119, 68, 182, 128, 12, 182, 130, 111, 21, 193, 25, 6, 188, 180, 3, 63, 141, 126, 92, 35, 24, 155, 141),
    (140, 13, 158, 185, 1, 11, 97, 47, 79, 163, 66, 179, 24, 168, 63, 0, 196, 131, 167, 43, 71, 152, 5, 84, 89, 186, 135, 151, 71, 83, 73, 118, 75, 115, 69, 166, 36, 143, 29, 160),
    (141, 48, 34, 130, 36, 91, 26, 126, 70, 151, 145, 180, 188, 193, 122, 194, 4, 143, 178, 182, 32, 135, 31, 54, 98, 136, 81, 5, 46, 61, 143, 194, 38, 127, 6, 134, 27, 35, 81, 116),
    (142, 98, 49, 31, 27, 75, 184, 58, 82, 33, 71, 81, 28, 7, 96, 157, 52, 128, 46, 47, 111, 183, 121, 120, 129, 151, 79, 40, 36, 194, 41, 144, 41, 163, 43, 119, 7, 149, 160, 12),
    (143, 151, 154, 60, 199, 188, 179, 94, 104, 129, 70, 84, 79, 41, 10, 109, 104, 63, 106, 88, 121, 34, 19, 53, 125, 180, 5, 124, 183, 130, 60, 193, 194, 138, 69, 96, 81, 126, 84, 163),
    (144, 84, 109, 82, 72, 41, 28, 76, 41, 51, 90, 137, 61, 151, 6, 78, 22, 89, 161, 193, 95, 6, 129, 188, 111, 178, 31, 191, 88, 177, 12, 67, 158, 4, 32, 29, 113, 98, 180, 184),
    (145, 168, 154, 192, 41, 18, 84, 22, 15, 100, 71, 46, 32, 54, 161, 191, 125, 76, 25, 160, 68, 143, 41, 162, 170, 85, 75, 56, 75, 134, 78, 23, 34, 71, 71, 31, 76, 139, 155, 124),
    (146, 76, 88, 39, 98, 182, 5, 195, 146, 42, 179, 1, 90, 185, 117, 157, 27, 9, 85, 166, 171, 167, 52, 150, 8, 29, 6, 97, 48, 66, 195, 50, 2, 190, 24, 62, 107, 141, 56, 1),
    (147, 8, 91, 113, 36, 196, 109, 179, 49, 12, 153, 83, 19, 176, 151, 23, 138, 130, 164, 188, 73, 117, 51, 69, 104, 37, 174, 159, 170, 108, 83, 138, 85, 74, 129, 51, 49, 5, 27, 71),
    (148, 28, 190, 67, 26, 105, 127, 45, 167, 74, 187, 173, 35, 153, 124, 58, 97, 142, 86, 141, 79, 131, 19, 109, 195, 151, 19, 14, 195, 7, 104, 143, 119, 16, 139, 117, 161, 88, 128, 113),
    (149, 50, 31, 72, 158, 33, 142, 1, 23, 56, 174, 116, 188, 41, 8, 121, 120, 171, 28, 126, 86, 124, 43, 17, 26, 131, 77, 53, 35, 140, 35, 164, 123, 77, 49, 183, 36, 159, 130, 150),
    (150, 144, 59, 116, 174, 108, 126, 24, 72, 117, 150, 65, 76, 1, 123, 167, 122, 71, 51, 75, 196, 40, 134, 58, 168, 14, 168, 20, 189, 112, 48, 189, 112, 124, 77, 179, 148, 20, 108, 34),
    (151, 77, 131, 80, 22, 55, 48, 85, 7, 64, 20, 173, 196, 103, 122, 73, 129, 148, 133, 59, 15, 191, 173, 70, 30, 138, 73, 189, 137, 42, 109, 48, 38, 79, 174, 129, 151, 8, 154, 76),
    (152, 39, 169, 93, 93, 90, 169, 44, 50, 66, 141, 141, 18, 20, 3, 182, 118, 168, 114, 132, 85, 72, 145, 148, 166, 80, 123, 1, 35, 155, 36, 90, 191, 113, 33, 70, 130, 153, 26, 131),
    (153, 12, 67, 127, 12, 47, 78, 191, 177, 156, 177, 106, 131, 109, 77, 19, 164, 11, 141, 119, 9, 164, 42, 86, 87, 172, 13, 35, 163, 164, 14, 0, 29, 42, 102, 77, 186, 125, 120, 66),
    (154, 130, 167, 11, 80, 172, 94, 144, 76, 45, 139, 148, 71, 147, 125, 177, 193, 162, 196, 124, 112, 117, 130, 44, 163, 140, 90, 157, 186, 192, 89, 183, 134, 42, 49, 146, 129, 127, 151, 182),
    (155, 153, 52, 42, 97, 112, 37, 90, 15, 141, 161, 150, 89, 165, 119, 118, 179, 181, 173, 15, 144, 109, 107, 131, 19, 162, 100, 143, 133, 147, 75, 75, 153, 85, 174, 139, 54, 130, 98, 118),
    (156, 56, 155, 131, 46, 87, 114, 182, 7, 50, 186, 104, 180, 5, 119, 155, 55, 184, 133, 99, 108, 143, 184, 39, 61, 1, 144, 16, 106, 130, 133, 48, 115, 92, 135, 125, 172, 45, 135, 79),
    (157, 35, 69, 2, 119, 154, 125, 52, 194, 13, 89, 29, 80, 98, 148, 122, 50, 17, 21, 45, 169, 135, 178, 92, 148, 182, 126, 126, 101, 14, 58, 42, 94, 45, 162, 146, 12, 172, 44, 160),
    (158, 195, 156, 113, 45, 55, 47, 120, 160, 175, 92, 13, 77, 178, 177, 141, 150, 12, 108, 126, 176, 23, 111, 56, 195, 109, 96, 76, 14, 80, 176, 39, 139, 134, 27, 99, 25, 171, 172, 121),
    (159, 176, 11, 183, 196, 38, 76, 190, 127, 140, 24, 196, 36, 164, 89, 68, 148, 135, 158, 87, 77, 129, 148, 133, 71, 97, 9, 69, 8, 97, 111, 112, 10, 146, 87, 146, 171, 85, 164, 70),
    (160, 109, 143, 43, 156, 98, 95, 1, 132, 144, 4, 5, 186, 94, 198, 149, 112, 131, 48, 37, 117, 127, 108, 86, 38, 14, 77, 69, 49, 191, 140, 39, 43, 155, 29, 95, 189, 177, 137, 54),
    (161, 65, 36, 65, 162, 164, 80, 191, 15, 4, 15, 39, 191, 162, 55, 36, 134, 138, 169, 126, 175, 152, 181, 99, 76, 35, 185, 187, 197, 168, 191, 23, 7, 104, 44, 4, 125, 66, 99, 197),
    (162, 166, 112, 153, 165, 185, 66, 153, 51, 10, 2, 158, 48, 110, 36, 188, 12, 103, 62, 110, 42, 187, 70, 143, 113, 186, 194, 178, 141, 16, 136, 137, 196, 56, 29, 169, 40, 156, 133, 10),
    (163, 54, 37, 184, 118, 119, 63, 102, 181, 79, 0, 44, 12, 149, 168, 33, 89, 159, 13, 30, 35, 178, 20, 130, 156, 3, 28, 159, 32, 175, 46, 77, 4, 158, 85, 33, 98, 171, 133, 9),
    (164, 113, 33, 71, 3, 77, 9, 86, 5, 5, 35, 98, 111, 102, 134, 43, 64, 12, 77, 14, 170, 195, 149, 20, 88, 24, 174, 80, 198, 52, 119, 188, 188, 176, 91, 165, 180, 179, 55, 82),
    (165, 81, 184, 195, 17, 176, 65, 166, 27, 121, 131, 185, 69, 167, 103, 67, 5, 99, 187, 142, 153, 93, 30, 51, 199, 80, 15, 13, 12, 110, 33, 120, 160, 68, 82, 4, 53, 83, 124, 61),
    (166, 18, 23, 36, 6, 31, 151, 86, 25, 26, 93, 156, 115, 130, 127, 63, 3, 14, 133, 105, 197, 141, 71, 134, 141, 134, 88, 184, 178, 184, 36, 127, 128, 33, 129, 172, 10, 52, 34, 94),
    (167, 43, 74, 134, 29, 89, 43, 54, 134, 41, 22, 70, 115, 6, 90, 141, 140, 24, 41, 72, 92, 66, 51, 161, 23, 67, 74, 36, 36, 79, 175, 153, 76, 115, 27, 165, 173, 175, 72, 74),
    (168, 39, 113, 82, 145, 13, 161, 94, 98, 113, 18, 14, 125, 61, 115, 125, 190, 164, 62, 199, 182, 43, 18, 167, 141, 199, 171, 5, 118, 57, 46, 91, 156, 5, 84, 114, 87, 146, 5, 62),
    (169, 13, 89, 194, 171, 88, 135, 13, 65, 91, 17, 128, 89, 21, 191, 90, 146, 114, 187, 74, 195, 37, 68, 195, 0, 53, 7, 101, 161, 104, 170, 101, 150, 16, 21, 197, 188, 131, 71, 54),
    (170, 57, 94, 148, 75, 168, 177, 32, 198, 88, 173, 68, 133, 78, 114, 84, 103, 74, 80, 56, 24, 14, 62, 21, 97, 46, 198, 198, 136, 199, 161, 135, 54, 59, 4, 177, 123, 25, 55, 85),
    (171, 81, 74, 160, 28, 95, 114, 35, 71, 184, 87, 125, 195, 102, 23, 137, 135, 3, 173, 37, 92, 1, 93, 68, 192, 50, 95, 95, 105, 145, 45, 29, 139, 145, 45, 104, 113, 191, 173, 76),
    (172, 26, 165, 173, 54, 119, 197, 85, 41, 176, 123, 176, 160, 68, 45, 59, 14, 10, 105, 112, 108, 142, 160, 111, 31, 53, 106, 42, 103, 155, 171, 158, 31, 39, 33, 63, 20, 95, 41, 157),
    (173, 180, 25, 105, 53, 124, 26, 163, 6, 193, 157, 72, 22, 91, 81, 91, 125, 15, 48, 196, 144, 136, 53, 106, 88, 162, 149, 139, 81, 142, 172, 39, 129, 165, 144, 57, 64, 168, 0, 196),
    (174, 131, 30, 22, 55, 35, 159, 156, 103, 77, 74, 181, 1, 10, 88, 18, 63, 70, 77, 108, 168, 1, 15, 107, 37, 2, 45, 7, 0, 171, 193, 16, 119, 116, 143, 69, 70, 145, 121, 98),
    (175, 38, 191, 122, 47, 40, 196, 104, 93, 147, 54, 141, 98, 116, 22, 49, 31, 130, 103, 42, 75, 153, 16, 130, 120, 24, 41, 199, 169, 161, 146, 19, 137, 165, 100, 43, 89, 174, 171, 164),
    (176, 110, 196, 144, 179, 196, 11, 64, 137, 93, 166, 147, 173, 128, 125, 112, 31, 23, 149, 132, 46, 115, 73, 127, 97, 123, 111, 186, 177, 114, 7, 111, 120, 89, 99, 8, 165, 85, 101, 168),
    (177, 159, 20, 53, 25, 134, 52, 103, 46, 37, 41, 147, 94, 149, 10, 103, 10, 199, 182, 5, 161, 116, 136, 120, 170, 28, 136, 180, 39, 15, 133, 79, 97, 188, 98, 55, 100, 73, 2, 79),
    (178, 132, 50, 111, 144, 43, 21, 86, 130, 181, 151, 89, 90, 123, 62, 57, 61, 7, 195, 144, 58, 176, 161, 113, 37, 14, 59, 71, 2, 135, 124, 19, 122, 12, 189, 107, 179, 47, 186, 32),
    (179, 0, 149, 142, 172, 180, 5, 46, 32, 70, 47, 98, 179, 13, 166, 186, 126, 81, 38, 18, 175, 4, 22, 163, 29, 155, 50, 77, 175, 32, 48, 47, 83, 127, 122, 105, 196, 124, 19, 51),
    (180, 189, 143, 135, 134, 88, 31, 199, 81, 33, 6, 25, 162, 116, 0, 1, 24, 188, 187, 185, 84, 58, 11, 108, 106, 3, 49, 117, 136, 16, 35, 5, 194, 172, 52, 37, 46, 193, 51, 139),
    (181, 195, 69, 101, 140, 28, 113, 76, 170, 56, 108, 2, 197, 49, 190, 125, 169, 73, 44, 66, 58, 20, 100, 1, 39, 173, 93, 177, 177, 139, 38, 163, 45, 170, 134, 42, 19, 191, 178, 13),
    (182, 171, 137, 52, 111, 100, 147, 188, 54, 46, 42, 125, 9, 42, 73, 168, 156, 175, 8, 195, 126, 122, 179, 97, 46, 53, 105, 172, 87, 197, 158, 60, 189, 151, 149, 92, 198, 15, 109, 3),
    (183, 70, 73, 100, 146, 2, 26, 86, 151, 108, 131, 128, 63, 58, 49, 140, 113, 26, 33, 118, 79, 80, 161, 46, 78, 33, 117, 174, 139, 3, 81, 113, 6, 158, 22, 5, 33, 138, 171, 174),
    (184, 11, 1, 145, 94, 7, 118, 136, 9, 45, 144, 140, 49, 126, 67, 142, 38, 151, 103, 196, 158, 124, 99, 121, 137, 26, 78, 46, 111, 62, 53, 67, 133, 175, 6, 181, 38, 34, 154, 20),
    (185, 12, 22, 191, 25, 28, 97, 66, 59, 76, 22, 24, 37, 60, 153, 78, 83, 17, 24, 71, 49, 55, 155, 159, 122, 186, 57, 0, 46, 46, 111, 84, 105, 31, 94, 142, 71, 49, 55, 8),
    (186, 98, 162, 136, 46, 131, 38, 46, 39, 138, 90, 176, 29, 155, 193, 2, 127, 110, 96, 161, 29, 30, 24, 71, 135, 12, 163, 22, 190, 131, 129, 74, 124, 171, 60, 9, 116, 144, 163, 17),
    (187, 189, 64, 47, 197, 105, 184, 49, 100, 102, 111, 136, 132, 38, 105, 92, 78, 39, 63, 12, 39, 40, 95, 81, 134, 52, 15, 123, 91, 13, 145, 185, 164, 169, 64, 83, 79, 120, 192, 83),
    (188, 183, 13, 139, 87, 171, 16, 138, 37, 20, 192, 87, 27, 86, 175, 196, 167, 27, 102, 62, 193, 0, 53, 4, 159, 80, 64, 84, 31, 50, 72, 57, 119, 79, 80, 40, 132, 17, 189, 135),
    (189, 74, 75, 104, 43, 111, 185, 103, 152, 39, 94, 158, 34, 98, 6, 151, 16, 123, 47, 79, 61, 160, 75, 113, 51, 62, 80, 89, 126, 112, 33, 180, 34, 57, 35, 48, 102, 68, 6, 5),
    (190, 38, 154, 0, 150, 74, 195, 45, 34, 39, 54, 70, 48, 101, 101, 24, 97, 65, 83, 32, 126, 59, 8, 150, 115, 161, 88, 171, 46, 132, 52, 54, 54, 90, 65, 85, 36, 72, 122, 13),
    (191, 159, 69, 42, 156, 59, 170, 29, 158, 188, 15, 3, 141, 157, 73, 62, 39, 53, 163, 147, 116, 73, 163, 7, 113, 80, 8, 137, 176, 18, 50, 185, 20, 32, 114, 95, 110, 175, 65, 65),
    (192, 12, 4, 109, 5, 111, 189, 82, 176, 125, 32, 142, 176, 164, 162, 167, 91, 10, 140, 191, 157, 86, 141, 104, 84, 161, 172, 152, 125, 104, 145, 34, 138, 62, 60, 50, 99, 189, 168, 187),
    (193, 121, 13, 187, 21, 140, 3, 13, 128, 81, 53, 13, 21, 119, 191, 69, 50, 111, 141, 153, 109, 121, 29, 97, 30, 121, 97, 151, 142, 197, 185, 91, 164, 109, 132, 150, 121, 90, 12, 6),
    (194, 189, 83, 116, 195, 138, 76, 72, 148, 124, 138, 52, 129, 136, 18, 61, 6, 187, 68, 59, 193, 118, 144, 121, 28, 28, 162, 154, 55, 193, 40, 55, 127, 182, 91, 98, 53, 197, 180, 159),
    (195, 127, 112, 161, 119, 30, 183, 7, 147, 197, 128, 146, 95, 69, 41, 195, 28, 192, 191, 70, 99, 108, 104, 20, 34, 46, 122, 85, 137, 191, 30, 35, 144, 187, 98, 187, 168, 148, 97, 50),
    (196, 176, 192, 44, 28, 38, 82, 125, 98, 130, 104, 167, 33, 197, 127, 91, 106, 140, 90, 150, 46, 5, 106, 143, 156, 34, 61, 118, 55, 36, 87, 168, 54, 101, 184, 179, 177, 37, 186, 77),
    (197, 106, 162, 89, 10, 122, 181, 108, 94, 140, 188, 6, 3, 110, 57, 187, 79, 3, 51, 164, 153, 46, 21, 94, 190, 66, 179, 53, 108, 50, 55, 130, 98, 116, 122, 114, 43, 73, 113, 165),
    (198, 179, 153, 45, 10, 127, 37, 150, 98, 170, 93, 76, 79, 10, 129, 194, 13, 146, 178, 125, 138, 194, 152, 159, 159, 100, 163, 28, 28, 100, 60, 40, 114, 8, 37, 54, 109, 92, 142, 122),
    (199, 112, 191, 77, 104, 53, 193, 158, 131, 184, 183, 73, 95, 92, 10, 43, 58, 92, 166, 4, 73, 76, 125, 82, 113, 76, 173, 187, 113, 133, 142, 75, 32, 8, 90, 133, 122, 51, 163, 180);

INSERT INTO T38 (pk, t1, t2, t3, t4, t5, t6, t7, t8, t9, t10, t11, t12, t13, t14, t15, t16, t17, t18, t19, t20, t21, t22, t23, t24, t25, t26, t27, t28, t29, t30, t31, t32, t33, t34, t35, t36, t37, t39, t40)
VALUES
    (0, 143, 91, 52, 90, 140, 167, 82, 168, 180, 72, 54, 118, 76, 17, 179, 153, 109, 63, 43, 171, 135, 43, 148, 28, 111, 110, 77, 40, 32, 76, 181, 148, 92, 183, 138, 99, 179, 18, 121),
    (1, 120, 22, 30, 55, 109, 192, 190, 149, 3, 80, 108, 135, 60, 35, 22, 78, 27, 3, 91, 91, 166, 84, 112, 54, 185, 7, 157, 40, 131, 177, 80, 158, 173, 118, 194, 66, 23, 104, 116),
    (2, 151, 160, 11, 89, 37, 84, 23, 79, 136, 36, 96, 21, 44, 98, 73, 131, 146, 96, 91, 11, 29, 150, 73, 101, 31, 123, 14, 7, 32, 158, 174, 4, 65, 166, 128, 164, 6, 166, 103),
    (3, 86, 194, 175, 188, 105, 67, 87, 22, 23, 122, 77, 114, 26, 131, 193, 194, 165, 15, 35, 9, 33, 64, 156, 26, 169, 113, 178, 170, 32, 13, 14, 91, 179, 76, 168, 194, 14, 26, 152),
    (4, 164, 136, 76, 116, 30, 62, 48, 80, 118, 116, 87, 17, 81, 37, 68, 109, 111, 142, 184, 85, 169, 52, 1, 62, 66, 33, 168, 193, 151, 156, 130, 136, 53, 3, 73, 178, 199, 7, 13),
    (5, 134, 170, 153, 46, 188, 64, 82, 48, 64, 109, 18, 198, 8, 91, 5, 179, 88, 198, 18, 79, 144, 169, 176, 104, 0, 186, 140, 20, 150, 98, 28, 182, 58, 151, 62, 8, 105, 4, 34),
    (6, 85, 147, 195, 9, 109, 188, 34, 14, 5, 199, 197, 81, 54, 179, 61, 74, 35, 35, 186, 105, 75, 76, 12, 58, 13, 141, 162, 173, 112, 93, 181, 108, 34, 157, 22, 43, 137, 125, 78),
    (7, 149, 149, 90, 6, 142, 187, 51, 194, 176, 39, 46, 114, 137, 199, 129, 153, 172, 30, 52, 88, 143, 54, 60, 155, 136, 180, 158, 40, 79, 117, 58, 199, 133, 23, 42, 77, 152, 19, 40),
    (8, 86, 160, 125, 1, 95, 106, 107, 125, 120, 93, 131, 7, 74, 142, 146, 36, 2, 10, 196, 121, 118, 73, 117, 69, 165, 83, 133, 104, 60, 154, 85, 50, 150, 191, 141, 194, 85, 1, 174),
    (9, 199, 127, 135, 97, 89, 150, 135, 37, 54, 79, 7, 198, 155, 59, 159, 91, 101, 93, 156, 64, 50, 138, 76, 102, 158, 192, 89, 124, 123, 147, 183, 96, 170, 191, 174, 113, 110, 140, 3),
    (10, 132, 198, 178, 71, 99, 116, 186, 102, 152, 181, 176, 72, 56, 152, 32, 2, 56, 76, 65, 30, 58, 14, 136, 13, 104, 51, 142, 58, 0, 40, 105, 125, 114, 65, 145, 158, 41, 171, 64),
    (11, 119, 195, 126, 152, 133, 122, 150, 181, 31, 181, 171, 176, 7, 167, 116, 199, 195, 186, 37, 70, 149, 80, 106, 189, 18, 65, 79, 64, 187, 30, 66, 4, 12, 37, 86, 94, 136, 186, 85),
    (12, 141, 161, 73, 166, 80, 99, 96, 168, 100, 20, 182, 131, 34, 76, 2, 126, 113, 153, 21, 58, 25, 122, 45, 189, 66, 162, 41, 127, 57, 91, 89, 123, 132, 36, 137, 101, 32, 160, 119),
    (13, 54, 66, 146, 155, 170, 139, 39, 63, 181, 193, 31, 192, 85, 163, 65, 118, 103, 15, 117, 168, 105, 151, 126, 70, 191, 198, 70, 191, 181, 162, 80, 43, 156, 64, 85, 107, 157, 165, 193),
    (14, 79, 13, 142, 25, 31, 181, 177, 143, 114, 37, 9, 2, 113, 25, 109, 76, 115, 177, 100, 133, 142, 81, 30, 33, 104, 159, 6, 63, 186, 135, 3, 103, 55, 81, 25, 30, 181, 77, 174),
    (15, 189, 107, 35, 68, 24, 112, 198, 157, 65, 191, 121, 180, 120, 138, 126, 29, 158, 63, 148, 165, 91, 29, 14, 125, 127, 98, 25, 26, 69, 16, 68, 162, 67, 15, 7, 97, 129, 20, 129),
    (16, 181, 44, 97, 73, 124, 178, 34, 177, 22, 39, 103, 124, 64, 62, 109, 73, 78, 33, 34, 153, 88, 117, 119, 181, 74, 2, 124, 11, 121, 148, 89, 35, 196, 118, 98, 36, 42, 189, 6),
    (17, 135, 78, 132, 154, 157, 119, 121, 161, 92, 27, 166, 147, 92, 104, 157, 71, 187, 40, 12, 161, 107, 192, 147, 29, 101, 45, 100, 167, 126, 71, 186, 109, 84, 131, 127, 0, 120, 152, 196),
    (18, 27, 73, 130, 141, 110, 138, 191, 61, 92, 163, 64, 67, 93, 121, 4, 91, 22, 15, 75, 35, 191, 175, 29, 124, 136, 70, 168, 88, 48, 106, 123, 33, 71, 71, 70, 102, 99, 173, 133),
    (19, 176, 8, 191, 137, 99, 61, 70, 113, 149, 190, 71, 153, 103, 1, 80, 197, 34, 147, 111, 151, 31, 10, 141, 54, 71, 63, 189, 57, 166, 20, 48, 146, 49, 182, 77, 192, 60, 165, 15),
    (20, 156, 25, 34, 171, 7, 46, 88, 183, 99, 142, 149, 58, 89, 46, 184, 5, 77, 55, 31, 199, 172, 127, 121, 64, 133, 23, 88, 102, 101, 99, 99, 84, 31, 96, 162, 143, 114, 22, 23),
    (21, 140, 105, 97, 123, 125, 15, 17, 100, 61, 51, 165, 79, 189, 77, 63, 89, 77, 179, 2, 167, 13, 9, 176, 29, 77, 129, 129, 163, 73, 56, 9, 165, 160, 179, 190, 115, 4, 102, 115),
    (22, 62, 184, 194, 56, 161, 118, 151, 80, 199, 75, 121, 156, 43, 143, 35, 175, 160, 113, 38, 44, 35, 192, 195, 137, 63, 129, 131, 68, 133, 128, 117, 139, 179, 54, 115, 21, 58, 131, 59),
    (23, 95, 26, 16, 40, 4, 133, 147, 90, 90, 10, 56, 118, 126, 66, 17, 72, 96, 3, 60, 120, 50, 180, 140, 75, 76, 58, 138, 15, 179, 148, 31, 11, 8, 15, 94, 121, 82, 182, 16),
    (24, 147, 20, 110, 13, 77, 129, 85, 190, 132, 54, 130, 150, 27, 184, 157, 168, 48, 79, 45, 61, 159, 62, 8, 46, 37, 39, 82, 140, 125, 35, 69, 89, 112, 137, 52, 188, 131, 91, 184),
    (25, 25, 45, 24, 5, 65, 107, 29, 72, 88, 64, 18, 57, 49, 71, 178, 133, 39, 113, 62, 64, 36, 4, 47, 18, 134, 142, 66, 52, 170, 95, 48, 87, 153, 29, 55, 43, 147, 24, 187),
    (26, 25, 60, 189, 80, 7, 83, 192, 3, 51, 32, 197, 93, 155, 20, 116, 186, 63, 181, 71, 47, 145, 60, 40, 76, 41, 165, 183, 130, 3, 152, 13, 40, 85, 36, 28, 191, 148, 40, 102),
    (27, 99, 176, 152, 43, 46, 147, 157, 165, 42, 108, 58, 166, 191, 2, 184, 193, 175, 72, 78, 161, 51, 165, 103, 28, 40, 56, 14, 113, 3, 170, 111, 136, 66, 106, 169, 13, 11, 191, 153),
    (28, 73, 40, 82, 133, 186, 94, 128, 146, 15, 57, 177, 8, 190, 124, 30, 8, 158, 9, 47, 4, 190, 37, 92, 101, 106, 189, 65, 94, 194, 100, 165, 47, 144, 14, 52, 175, 140, 169, 128),
    (29, 91, 183, 79, 105, 189, 13, 55, 164, 37, 32, 78, 195, 197, 169, 152, 121, 5, 179, 161, 198, 98, 86, 159, 17, 152, 25, 184, 41, 183, 164, 168, 196, 11, 170, 8, 155, 47, 75, 78),
    (30, 145, 27, 190, 72, 90, 38, 45, 52, 133, 91, 16, 154, 127, 172, 37, 156, 199, 81, 50, 145, 44, 1, 35, 90, 173, 183, 182, 153, 179, 2, 91, 43, 52, 90, 69, 33, 4, 84, 57),
    (31, 166, 11, 51, 85, 66, 167, 163, 121, 108, 198, 33, 137, 2, 94, 97, 52, 63, 108, 15, 184, 149, 180, 196, 136, 82, 73, 117, 12, 172, 88, 14, 116, 186, 54, 161, 56, 75, 132, 92),
    (32, 152, 144, 183, 133, 126, 175, 34, 197, 10, 121, 189, 192, 157, 117, 164, 66, 142, 155, 40, 91, 24, 90, 114, 77, 144, 64, 56, 139, 78, 113, 114, 26, 171, 89, 151, 57, 62, 74, 58),
    (33, 11, 165, 100, 39, 126, 52, 75, 118, 72, 81, 36, 116, 101, 106, 197, 27, 117, 115, 118, 69, 12, 87, 17, 162, 20, 11, 99, 66, 124, 143, 166, 165, 17, 112, 18, 81, 141, 152, 151),
    (34, 191, 188, 74, 181, 46, 71, 138, 65, 106, 78, 1, 71, 65, 0, 187, 36, 60, 23, 3, 152, 72, 172, 134, 131, 186, 49, 168, 35, 41, 90, 93, 75, 22, 81, 129, 163, 32, 78, 71),
    (35, 142, 173, 161, 127, 90, 185, 39, 46, 155, 101, 58, 117, 126, 52, 126, 169, 112, 132, 175, 38, 86, 111, 76, 140, 196, 179, 63, 5, 70, 168, 97, 158, 155, 9, 129, 172, 4, 147, 94),
    (36, 163, 89, 152, 192, 81, 16, 132, 156, 86, 60, 156, 49, 30, 167, 59, 76, 122, 85, 164, 95, 140, 67, 18, 3, 81, 80, 120, 168, 64, 170, 182, 0, 197, 170, 16, 182, 106, 118, 82),
    (37, 155, 49, 188, 27, 165, 199, 25, 188, 11, 186, 140, 105, 128, 117, 110, 106, 8, 63, 112, 64, 159, 5, 157, 31, 130, 65, 144, 192, 42, 177, 92, 48, 110, 49, 145, 104, 15, 107, 184),
    (38, 74, 90, 184, 103, 123, 119, 133, 130, 7, 180, 147, 127, 54, 7, 117, 165, 51, 43, 20, 180, 71, 97, 195, 7, 133, 19, 143, 185, 58, 50, 150, 189, 92, 195, 23, 111, 142, 167, 193),
    (39, 81, 93, 19, 146, 76, 187, 41, 77, 89, 154, 195, 3, 112, 156, 62, 188, 96, 199, 160, 82, 58, 189, 140, 97, 57, 92, 28, 174, 118, 54, 174, 128, 149, 68, 33, 119, 1, 177, 182),
    (40, 185, 113, 18, 105, 173, 21, 159, 41, 94, 112, 81, 114, 34, 125, 90, 64, 79, 92, 1, 61, 154, 84, 85, 13, 93, 98, 87, 167, 6, 22, 165, 67, 142, 182, 180, 152, 73, 84, 10),
    (41, 53, 90, 115, 28, 49, 137, 2, 38, 146, 47, 113, 95, 116, 136, 91, 186, 118, 91, 1, 80, 110, 55, 98, 30, 142, 47, 17, 42, 114, 138, 165, 52, 158, 198, 142, 115, 92, 172, 144),
    (42, 37, 185, 48, 118, 170, 98, 159, 131, 60, 18, 115, 181, 38, 128, 185, 160, 9, 94, 129, 97, 87, 58, 83, 190, 102, 1, 192, 24, 66, 49, 145, 156, 94, 118, 23, 24, 159, 1, 90),
    (43, 89, 92, 152, 105, 119, 162, 91, 20, 185, 134, 15, 97, 159, 139, 193, 161, 104, 120, 57, 183, 16, 42, 151, 178, 23, 88, 26, 175, 82, 130, 107, 159, 94, 174, 154, 0, 153, 61, 81),
    (44, 119, 77, 78, 197, 159, 18, 54, 67, 4, 83, 168, 102, 39, 21, 141, 135, 60, 165, 83, 32, 190, 115, 67, 35, 64, 150, 3, 117, 101, 198, 18, 27, 154, 51, 98, 4, 111, 60, 66),
    (45, 69, 103, 174, 159, 83, 192, 101, 84, 34, 88, 159, 199, 177, 7, 192, 22, 113, 0, 186, 47, 188, 29, 148, 190, 189, 60, 87, 145, 150, 155, 77, 140, 176, 91, 64, 61, 144, 197, 72),
    (46, 84, 189, 156, 52, 153, 178, 43, 178, 135, 194, 95, 27, 98, 42, 139, 150, 5, 192, 80, 11, 190, 11, 45, 3, 148, 20, 172, 15, 66, 156, 31, 127, 130, 20, 179, 162, 4, 159, 191),
    (47, 112, 129, 6, 16, 53, 89, 40, 94, 103, 30, 69, 193, 185, 130, 110, 45, 82, 197, 145, 8, 103, 80, 59, 185, 184, 70, 186, 173, 134, 195, 132, 108, 66, 178, 78, 3, 8, 179, 140),
    (48, 116, 92, 171, 166, 22, 99, 182, 190, 91, 137, 44, 52, 20, 121, 75, 45, 158, 102, 158, 38, 120, 196, 150, 56, 75, 2, 176, 128, 34, 96, 186, 50, 195, 48, 59, 109, 4, 66, 153),
    (49, 186, 140, 106, 181, 15, 175, 13, 80, 77, 115, 23, 72, 64, 36, 138, 1, 174, 101, 119, 60, 29, 111, 38, 84, 12, 27, 56, 127, 196, 76, 155, 107, 120, 24, 168, 35, 38, 162, 4),
    (50, 183, 61, 104, 60, 87, 15, 76, 195, 187, 129, 129, 135, 36, 20, 194, 116, 129, 21, 153, 80, 87, 65, 86, 167, 152, 58, 76, 3, 84, 28, 182, 20, 114, 123, 175, 137, 44, 48, 40),
    (51, 44, 43, 124, 68, 167, 69, 60, 33, 35, 49, 105, 177, 4, 27, 198, 96, 4, 128, 119, 35, 130, 43, 107, 135, 78, 159, 168, 84, 170, 103, 180, 83, 88, 169, 193, 181, 29, 162, 173),
    (52, 63, 103, 34, 193, 94, 176, 62, 112, 13, 172, 186, 47, 158, 83, 58, 44, 191, 25, 10, 23, 126, 178, 112, 186, 20, 57, 11, 28, 173, 5, 112, 147, 178, 111, 150, 83, 83, 47, 51),
    (53, 45, 80, 176, 159, 180, 163, 53, 188, 138, 175, 142, 1, 163, 47, 21, 152, 193, 92, 138, 158, 70, 2, 117, 199, 2, 14, 194, 112, 74, 180, 44, 12, 48, 154, 28, 185, 168, 61, 166),
    (54, 133, 0, 127, 109, 3, 89, 177, 155, 144, 162, 169, 183, 173, 92, 46, 53, 60, 96, 7, 185, 125, 19, 124, 121, 190, 19, 155, 5, 102, 189, 36, 54, 171, 161, 129, 21, 89, 7, 180),
    (55, 90, 185, 188, 154, 53, 82, 193, 69, 125, 10, 142, 55, 15, 160, 162, 130, 91, 141, 84, 189, 32, 6, 175, 94, 107, 114, 162, 34, 184, 173, 11, 90, 174, 17, 42, 19, 178, 187, 88),
    (56, 86, 70, 92, 144, 63, 36, 26, 167, 155, 53, 54, 67, 35, 191, 36, 11, 108, 81, 139, 28, 177, 98, 88, 182, 121, 8, 57, 195, 172, 182, 116, 99, 76, 25, 5, 74, 129, 164, 126),
    (57, 3, 140, 19, 54, 181, 43, 173, 103, 195, 9, 181, 128, 22, 197, 150, 163, 173, 41, 15, 32, 199, 74, 97, 136, 18, 77, 196, 52, 193, 62, 165, 196, 196, 137, 158, 149, 77, 84, 121),
    (58, 5, 110, 137, 51, 144, 5, 117, 78, 169, 65, 144, 136, 155, 44, 140, 68, 33, 118, 71, 81, 12, 81, 75, 105, 185, 0, 90, 153, 34, 196, 114, 187, 95, 92, 97, 61, 185, 148, 73),
    (59, 9, 146, 106, 172, 68, 161, 79, 128, 70, 44, 122, 86, 69, 33, 173, 85, 40, 100, 59, 2, 6, 33, 129, 38, 170, 157, 176, 149, 181, 7, 107, 137, 111, 116, 150, 10, 181, 181, 120),
    (60, 168, 132, 108, 52, 56, 69, 78, 55, 112, 23, 37, 82, 131, 36, 9, 118, 162, 12, 52, 192, 170, 165, 85, 196, 180, 145, 185, 46, 133, 84, 148, 112, 146, 183, 57, 46, 39, 64, 85),
    (61, 105, 7, 72, 119, 31, 126, 43, 118, 158, 160, 72, 166, 88, 102, 129, 102, 18, 28, 8, 56, 123, 163, 76, 66, 197, 120, 43, 69, 76, 6, 82, 194, 74, 190, 142, 23, 182, 88, 139),
    (62, 64, 147, 160, 184, 138, 172, 63, 92, 165, 62, 153, 158, 166, 193, 31, 176, 19, 20, 194, 44, 97, 62, 91, 153, 18, 182, 143, 77, 96, 135, 21, 119, 119, 121, 103, 196, 39, 52, 68),
    (63, 76, 25, 81, 39, 186, 188, 151, 32, 60, 18, 160, 104, 121, 153, 156, 83, 38, 164, 142, 149, 152, 144, 103, 185, 195, 163, 168, 26, 120, 2, 19, 118, 171, 175, 118, 126, 5, 47, 73),
    (64, 79, 121, 89, 46, 157, 8, 42, 46, 54, 37, 137, 132, 164, 80, 183, 119, 91, 6, 101, 117, 145, 144, 106, 37, 177, 194, 87, 160, 172, 138, 187, 80, 148, 70, 4, 106, 145, 74, 127),
    (65, 125, 69, 39, 45, 17, 93, 49, 19, 31, 197, 54, 55, 144, 130, 25, 136, 132, 61, 20, 198, 147, 40, 147, 125, 154, 95, 166, 129, 88, 162, 144, 18, 53, 105, 23, 77, 26, 4, 6),
    (66, 60, 67, 57, 67, 138, 105, 145, 154, 84, 192, 157, 42, 173, 186, 117, 87, 54, 132, 94, 17, 185, 16, 115, 135, 146, 27, 191, 72, 175, 164, 131, 72, 169, 8, 33, 135, 173, 185, 107),
    (67, 177, 39, 42, 179, 163, 13, 126, 73, 19, 121, 194, 159, 47, 191, 123, 83, 128, 77, 176, 77, 100, 133, 122, 40, 94, 108, 29, 27, 52, 29, 42, 52, 143, 194, 10, 59, 191, 126, 4),
    (68, 47, 97, 34, 175, 140, 128, 53, 66, 163, 116, 185, 126, 64, 96, 141, 120, 154, 31, 197, 119, 57, 190, 136, 126, 13, 62, 24, 122, 95, 31, 119, 136, 38, 4, 154, 67, 83, 41, 127),
    (69, 98, 42, 28, 42, 47, 127, 18, 118, 7, 166, 49, 132, 104, 116, 8, 44, 28, 160, 15, 29, 116, 193, 187, 98, 44, 141, 20, 85, 26, 70, 102, 132, 134, 175, 143, 5, 45, 119, 113),
    (70, 193, 184, 99, 78, 12, 24, 80, 78, 157, 79, 122, 7, 75, 183, 119, 77, 190, 75, 59, 25, 127, 103, 21, 147, 110, 9, 53, 113, 161, 183, 80, 70, 8, 22, 160, 9, 169, 46, 129),
    (71, 30, 46, 172, 58, 3, 172, 133, 183, 107, 32, 142, 11, 121, 182, 11, 7, 153, 71, 171, 167, 180, 36, 47, 184, 116, 97, 41, 190, 152, 25, 81, 92, 72, 175, 152, 74, 50, 88, 54),
    (72, 76, 120, 37, 49, 157, 37, 147, 130, 2, 93, 51, 197, 127, 15, 69, 16, 117, 103, 141, 90, 63, 114, 52, 18, 189, 141, 64, 21, 4, 179, 21, 145, 12, 136, 72, 96, 185, 25, 84),
    (73, 96, 107, 33, 30, 117, 123, 107, 65, 29, 196, 150, 57, 100, 48, 10, 97, 10, 33, 29, 161, 91, 59, 164, 32, 173, 176, 99, 60, 59, 187, 92, 50, 171, 149, 71, 162, 106, 137, 65),
    (74, 36, 137, 35, 67, 45, 98, 152, 165, 42, 53, 185, 1, 38, 45, 25, 108, 30, 74, 11, 13, 73, 169, 44, 17, 84, 193, 137, 165, 96, 92, 51, 138, 65, 196, 45, 113, 84, 145, 67),
    (75, 17, 77, 118, 185, 168, 4, 152, 105, 169, 6, 114, 154, 146, 124, 134, 72, 110, 70, 131, 176, 73, 2, 163, 8, 4, 31, 134, 52, 17, 113, 156, 162, 40, 78, 85, 140, 36, 7, 47),
    (76, 46, 74, 59, 140, 96, 91, 107, 121, 189, 111, 142, 72, 41, 19, 177, 12, 94, 8, 160, 194, 187, 59, 99, 34, 47, 71, 46, 188, 95, 123, 198, 42, 147, 23, 2, 191, 29, 130, 88),
    (77, 190, 92, 162, 145, 89, 71, 118, 189, 70, 131, 174, 89, 81, 69, 129, 51, 199, 172, 84, 118, 26, 51, 25, 41, 40, 77, 79, 168, 183, 174, 135, 98, 114, 145, 150, 92, 84, 192, 59),
    (78, 182, 155, 173, 33, 35, 109, 177, 169, 160, 118, 33, 3, 108, 161, 49, 134, 189, 197, 147, 170, 68, 68, 73, 62, 91, 94, 176, 199, 147, 30, 29, 77, 86, 105, 137, 120, 61, 96, 102),
    (79, 93, 9, 11, 32, 85, 144, 121, 158, 142, 52, 76, 49, 88, 120, 144, 180, 150, 129, 142, 123, 7, 57, 144, 76, 19, 17, 76, 164, 93, 186, 94, 152, 112, 98, 59, 175, 75, 130, 158),
    (80, 80, 42, 54, 69, 121, 5, 89, 11, 166, 57, 63, 24, 3, 31, 17, 121, 34, 68, 158, 9, 123, 77, 31, 20, 194, 78, 147, 23, 104, 128, 23, 53, 194, 177, 168, 93, 78, 165, 185),
    (81, 68, 104, 51, 118, 6, 172, 89, 53, 187, 2, 181, 139, 21, 125, 162, 165, 22, 187, 12, 69, 84, 7, 57, 146, 22, 175, 155, 59, 131, 134, 127, 92, 69, 89, 17, 113, 156, 156, 108),
    (82, 3, 155, 141, 155, 171, 22, 35, 27, 85, 1, 183, 47, 49, 14, 77, 65, 147, 73, 24, 83, 140, 93, 46, 155, 184, 163, 63, 149, 74, 54, 49, 119, 57, 90, 140, 0, 162, 125, 135),
    (83, 189, 55, 197, 121, 181, 70, 176, 55, 1, 73, 58, 162, 179, 114, 52, 169, 176, 1, 190, 85, 172, 10, 51, 43, 198, 128, 185, 82, 123, 88, 102, 38, 132, 121, 49, 40, 181, 167, 2),
    (84, 124, 144, 38, 60, 31, 171, 104, 105, 30, 104, 110, 41, 157, 79, 85, 170, 42, 26, 80, 127, 191, 137, 161, 117, 144, 16, 8, 116, 130, 104, 127, 39, 180, 169, 125, 166, 72, 78, 79),
    (85, 39, 133, 75, 179, 199, 87, 94, 35, 59, 18, 16, 111, 40, 192, 158, 56, 48, 63, 177, 124, 104, 193, 127, 4, 48, 131, 185, 44, 137, 168, 195, 52, 122, 108, 67, 72, 195, 192, 174),
    (86, 88, 192, 96, 119, 178, 151, 102, 189, 72, 55, 95, 107, 78, 171, 18, 117, 177, 161, 122, 32, 195, 104, 9, 183, 167, 165, 133, 196, 187, 36, 112, 81, 131, 36, 132, 60, 144, 68, 168),
    (87, 59, 20, 93, 154, 123, 169, 48, 115, 184, 32, 25, 88, 10, 115, 31, 86, 104, 51, 126, 191, 102, 43, 26, 9, 22, 125, 141, 197, 142, 166, 132, 42, 198, 188, 111, 173, 108, 144, 158),
    (88, 64, 4, 186, 145, 127, 33, 22, 83, 22, 178, 167, 175, 89, 47, 3, 100, 49, 37, 49, 179, 162, 87, 197, 97, 81, 37, 131, 155, 107, 100, 32, 155, 44, 40, 21, 3, 39, 139, 30),
    (89, 137, 34, 176, 0, 95, 132, 85, 61, 145, 2, 90, 178, 118, 149, 73, 41, 126, 120, 102, 180, 104, 185, 90, 74, 168, 133, 188, 121, 85, 78, 119, 53, 89, 91, 54, 119, 154, 181, 0),
    (90, 104, 86, 172, 76, 139, 104, 167, 153, 83, 151, 154, 162, 150, 114, 135, 45, 99, 91, 130, 175, 52, 98, 65, 10, 53, 161, 63, 154, 20, 64, 27, 65, 170, 27, 141, 92, 146, 169, 195),
    (91, 142, 130, 15, 85, 171, 30, 4, 160, 43, 142, 181, 151, 99, 17, 95, 151, 46, 38, 0, 173, 57, 22, 175, 26, 128, 168, 191, 47, 38, 52, 56, 140, 82, 102, 57, 91, 180, 99, 112),
    (92, 53, 50, 152, 2, 3, 90, 23, 168, 140, 199, 163, 38, 104, 24, 144, 168, 99, 26, 54, 179, 104, 20, 118, 43, 60, 191, 78, 15, 111, 16, 101, 42, 62, 101, 69, 130, 137, 129, 20),
    (93, 171, 29, 183, 147, 30, 19, 175, 48, 56, 50, 64, 126, 17, 17, 154, 116, 23, 135, 178, 169, 52, 149, 127, 44, 99, 142, 143, 156, 173, 156, 125, 183, 105, 75, 144, 188, 86, 127, 154),
    (94, 66, 114, 3, 31, 67, 2, 164, 82, 55, 73, 93, 134, 159, 120, 98, 60, 167, 161, 28, 21, 194, 176, 41, 32, 199, 120, 58, 105, 191, 41, 4, 106, 134, 143, 172, 165, 119, 10, 160),
    (95, 187, 42, 153, 194, 184, 86, 113, 110, 180, 33, 198, 17, 153, 29, 11, 87, 70, 172, 162, 47, 6, 162, 72, 90, 187, 183, 58, 9, 101, 10, 77, 179, 142, 94, 141, 14, 140, 182, 22),
    (96, 172, 87, 16, 196, 68, 105, 2, 125, 58, 94, 174, 121, 50, 197, 10, 25, 111, 30, 161, 197, 175, 22, 197, 41, 93, 104, 106, 119, 188, 22, 24, 131, 97, 17, 18, 113, 188, 179, 44),
    (97, 167, 4, 104, 70, 24, 69, 14, 111, 112, 88, 167, 83, 63, 115, 19, 68, 172, 146, 174, 2, 9, 108, 67, 26, 97, 108, 169, 54, 68, 84, 156, 46, 126, 182, 33, 125, 160, 122, 87),
    (98, 5, 151, 165, 26, 193, 67, 37, 178, 73, 68, 64, 116, 147, 35, 155, 185, 58, 110, 32, 80, 75, 20, 161, 95, 38, 91, 180, 26, 113, 128, 95, 101, 184, 9, 92, 119, 5, 2, 141),
    (99, 164, 85, 84, 79, 191, 53, 82, 180, 26, 195, 70, 7, 132, 107, 191, 121, 58, 66, 147, 131, 65, 172, 77, 84, 156, 129, 51, 6, 167, 9, 160, 30, 2, 185, 143, 196, 139, 72, 197),
    (100, 84, 21, 158, 149, 61, 186, 67, 43, 12, 22, 100, 157, 179, 92, 106, 3, 132, 45, 20, 127, 146, 163, 163, 91, 120, 11, 55, 72, 79, 142, 62, 41, 79, 105, 104, 14, 114, 23, 138),
    (101, 32, 42, 3, 3, 86, 177, 30, 140, 159, 199, 93, 125, 71, 126, 178, 5, 130, 150, 82, 184, 154, 70, 150, 16, 26, 117, 102, 53, 174, 92, 7, 1, 175, 45, 5, 90, 37, 178, 69),
    (102, 113, 128, 98, 133, 16, 192, 170, 116, 115, 190, 106, 30, 64, 100, 147, 178, 9, 97, 84, 91, 93, 168, 177, 146, 57, 142, 120, 166, 48, 123, 172, 80, 157, 137, 39, 9, 189, 24, 117),
    (103, 0, 168, 193, 160, 36, 79, 137, 157, 68, 5, 104, 26, 128, 129, 103, 96, 147, 108, 131, 25, 183, 89, 31, 127, 176, 120, 195, 120, 34, 191, 134, 141, 141, 144, 139, 119, 65, 6, 39),
    (104, 161, 184, 109, 80, 31, 77, 84, 75, 178, 44, 118, 136, 0, 148, 32, 105, 87, 66, 122, 197, 98, 61, 140, 136, 153, 116, 65, 90, 146, 115, 195, 75, 106, 180, 63, 105, 162, 85, 107),
    (105, 177, 186, 105, 120, 169, 143, 176, 194, 193, 18, 62, 56, 151, 134, 9, 108, 150, 147, 136, 177, 99, 79, 133, 6, 89, 181, 189, 96, 21, 27, 120, 154, 60, 159, 28, 105, 52, 26, 122),
    (106, 106, 190, 34, 26, 183, 38, 188, 57, 134, 107, 90, 19, 2, 111, 5, 50, 64, 157, 103, 57, 23, 131, 194, 114, 103, 41, 96, 93, 127, 188, 150, 79, 195, 191, 132, 44, 109, 177, 110),
    (107, 143, 112, 3, 131, 199, 77, 181, 160, 165, 109, 57, 169, 88, 48, 100, 128, 10, 46, 30, 33, 62, 38, 147, 18, 120, 77, 118, 101, 86, 98, 33, 25, 154, 37, 38, 17, 180, 165, 128),
    (108, 58, 169, 52, 32, 11, 135, 193, 126, 34, 125, 171, 176, 101, 5, 101, 85, 119, 164, 50, 99, 129, 41, 119, 191, 95, 177, 131, 115, 127, 74, 199, 157, 9, 145, 147, 103, 38, 121, 26),
    (109, 131, 87, 6, 167, 145, 151, 163, 121, 155, 25, 63, 198, 178, 12, 43, 41, 89, 181, 52, 102, 143, 65, 4, 80, 34, 167, 161, 29, 177, 178, 38, 196, 39, 44, 129, 175, 163, 53, 54),
    (110, 77, 98, 77, 102, 193, 72, 148, 159, 93, 60, 128, 31, 34, 2, 196, 64, 46, 50, 8, 25, 1, 144, 173, 76, 65, 187, 172, 11, 152, 72, 74, 113, 144, 86, 179, 12, 36, 168, 143),
    (111, 82, 43, 60, 45, 123, 32, 43, 83, 35, 179, 195, 184, 173, 107, 160, 151, 53, 158, 187, 185, 63, 42, 105, 190, 100, 40, 18, 119, 187, 62, 9, 90, 67, 67, 147, 85, 26, 90, 190),
    (112, 109, 10, 92, 70, 105, 179, 79, 45, 190, 84, 97, 199, 90, 7, 124, 38, 164, 170, 42, 177, 21, 130, 156, 158, 109, 191, 115, 95, 128, 49, 114, 16, 103, 22, 117, 146, 95, 116, 196),
    (113, 100, 10, 59, 85, 85, 132, 81, 62, 155, 34, 168, 17, 116, 89, 10, 147, 70, 47, 27, 81, 113, 193, 74, 73, 156, 147, 30, 85, 0, 65, 137, 132, 22, 174, 103, 15, 131, 137, 192),
    (114, 96, 186, 197, 162, 68, 173, 27, 99, 103, 189, 120, 142, 17, 22, 115, 0, 80, 17, 189, 124, 165, 129, 42, 132, 55, 5, 13, 141, 105, 187, 44, 3, 15, 28, 82, 81, 7, 185, 100),
    (115, 194, 81, 13, 75, 133, 46, 135, 176, 46, 195, 98, 126, 143, 0, 178, 41, 162, 134, 145, 75, 140, 73, 91, 194, 79, 49, 43, 91, 116, 51, 64, 22, 114, 169, 50, 125, 145, 170, 118),
    (116, 133, 134, 109, 134, 70, 65, 197, 84, 90, 124, 59, 45, 98, 37, 110, 180, 32, 143, 91, 193, 152, 44, 27, 60, 18, 34, 11, 149, 169, 19, 96, 171, 10, 39, 140, 147, 123, 172, 0),
    (117, 182, 162, 33, 104, 81, 65, 198, 60, 92, 149, 173, 43, 130, 195, 155, 17, 185, 164, 165, 48, 43, 104, 177, 144, 32, 10, 174, 81, 52, 165, 28, 44, 61, 36, 36, 37, 91, 154, 181),
    (118, 151, 184, 83, 136, 142, 19, 118, 19, 45, 71, 163, 131, 130, 162, 131, 47, 35, 26, 9, 65, 107, 157, 131, 125, 128, 140, 132, 148, 133, 31, 134, 73, 100, 115, 28, 195, 129, 159, 169),
    (119, 172, 176, 57, 31, 124, 189, 149, 107, 13, 49, 64, 22, 193, 188, 134, 31, 137, 157, 37, 181, 182, 190, 95, 6, 71, 95, 21, 102, 176, 98, 166, 171, 119, 176, 67, 71, 118, 36, 101),
    (120, 39, 161, 83, 89, 88, 25, 7, 151, 125, 137, 6, 96, 157, 109, 8, 6, 190, 29, 198, 93, 163, 62, 55, 57, 15, 148, 1, 14, 96, 99, 195, 112, 149, 133, 18, 54, 189, 176, 32),
    (121, 32, 95, 196, 27, 176, 67, 109, 54, 42, 45, 20, 132, 75, 82, 128, 19, 173, 98, 43, 193, 115, 20, 69, 88, 99, 142, 174, 56, 31, 41, 157, 164, 193, 77, 32, 157, 137, 71, 160),
    (122, 63, 70, 127, 173, 87, 96, 75, 55, 132, 58, 140, 21, 18, 59, 192, 22, 142, 63, 96, 11, 82, 72, 100, 13, 46, 51, 68, 182, 139, 153, 71, 147, 125, 82, 130, 19, 136, 155, 30),
    (123, 57, 177, 113, 87, 44, 50, 17, 175, 61, 137, 70, 31, 130, 125, 1, 113, 113, 102, 110, 33, 185, 136, 103, 107, 186, 61, 32, 114, 183, 42, 66, 199, 77, 145, 46, 132, 152, 111, 39),
    (124, 55, 112, 199, 97, 19, 66, 83, 11, 117, 156, 47, 99, 29, 14, 6, 77, 31, 176, 12, 186, 1, 115, 52, 18, 185, 79, 72, 188, 3, 142, 141, 117, 75, 45, 13, 199, 119, 29, 81),
    (125, 179, 49, 85, 86, 170, 24, 14, 11, 173, 170, 14, 133, 171, 15, 42, 78, 129, 52, 43, 65, 55, 64, 59, 94, 138, 126, 155, 28, 24, 41, 163, 98, 194, 17, 178, 189, 167, 89, 149),
    (126, 144, 118, 15, 27, 183, 70, 194, 167, 53, 69, 20, 186, 0, 127, 138, 153, 88, 12, 0, 73, 77, 62, 126, 59, 80, 58, 159, 15, 34, 152, 164, 101, 191, 153, 199, 113, 152, 102, 179),
    (127, 98, 193, 19, 177, 141, 124, 61, 121, 184, 38, 88, 39, 190, 158, 151, 13, 141, 32, 156, 32, 59, 127, 74, 0, 118, 179, 68, 78, 13, 150, 83, 160, 122, 105, 129, 1, 16, 36, 155),
    (128, 198, 64, 52, 154, 59, 154, 8, 198, 26, 155, 104, 49, 3, 52, 36, 153, 109, 107, 42, 4, 12, 95, 181, 32, 72, 169, 114, 10, 109, 143, 46, 17, 128, 58, 173, 196, 19, 78, 54),
    (129, 58, 161, 105, 53, 35, 74, 108, 95, 75, 37, 77, 188, 122, 15, 96, 35, 174, 81, 175, 195, 157, 84, 133, 160, 109, 16, 79, 118, 139, 149, 184, 49, 120, 104, 24, 121, 96, 159, 9),
    (130, 191, 160, 83, 136, 70, 5, 139, 171, 15, 173, 65, 140, 113, 1, 39, 164, 15, 144, 2, 6, 120, 186, 49, 51, 28, 24, 148, 190, 62, 14, 100, 167, 176, 155, 159, 73, 27, 55, 3),
    (131, 95, 1, 40, 44, 26, 12, 144, 159, 102, 1, 96, 51, 12, 87, 91, 91, 139, 148, 4, 198, 73, 22, 84, 65, 68, 160, 132, 47, 148, 72, 198, 84, 68, 178, 28, 150, 127, 98, 104),
    (132, 88, 45, 34, 3, 192, 27, 50, 29, 185, 192, 70, 42, 8, 104, 92, 12, 8, 31, 164, 133, 176, 88, 190, 98, 109, 193, 58, 38, 128, 172, 135, 46, 20, 156, 199, 158, 121, 127, 183),
    (133, 121, 78, 180, 150, 75, 163, 17, 185, 21, 151, 84, 147, 195, 170, 38, 62, 152, 147, 71, 129, 137, 139, 68, 36, 199, 16, 185, 61, 92, 120, 92, 73, 177, 27, 64, 155, 69, 172, 2),
    (134, 142, 166, 149, 159, 61, 35, 109, 73, 65, 126, 46, 133, 75, 199, 90, 112, 123, 197, 114, 46, 151, 42, 183, 103, 10, 140, 101, 157, 194, 17, 118, 49, 194, 169, 18, 71, 155, 91, 125),
    (135, 71, 138, 148, 51, 162, 89, 47, 190, 181, 112, 193, 8, 77, 179, 161, 151, 2, 188, 69, 70, 83, 101, 116, 22, 83, 34, 47, 7, 74, 101, 164, 152, 81, 181, 107, 106, 98, 22, 155),
    (136, 2, 31, 156, 28, 89, 96, 138, 29, 55, 53, 127, 63, 9, 8, 168, 158, 53, 70, 37, 145, 144, 102, 186, 161, 25, 42, 41, 175, 42, 30, 45, 66, 158, 12, 81, 4, 29, 198, 25),
    (137, 44, 57, 99, 84, 50, 26, 115, 164, 139, 99, 140, 192, 122, 142, 126, 188, 109, 96, 115, 165, 160, 39, 28, 23, 29, 51, 112, 72, 127, 67, 135, 156, 131, 9, 3, 149, 186, 11, 166),
    (138, 102, 141, 26, 39, 27, 74, 165, 181, 59, 66, 195, 64, 175, 8, 131, 11, 176, 192, 113, 134, 133, 157, 163, 47, 82, 39, 76, 37, 51, 21, 20, 189, 49, 43, 120, 20, 160, 190, 68),
    (139, 108, 149, 26, 144, 155, 92, 79, 11, 39, 83, 123, 111, 103, 165, 183, 44, 14, 159, 185, 37, 77, 87, 105, 105, 119, 163, 102, 173, 190, 153, 37, 53, 140, 2, 31, 110, 154, 35, 15),
    (140, 122, 143, 70, 124, 46, 185, 26, 4, 171, 137, 0, 171, 96, 88, 20, 191, 174, 69, 172, 4, 59, 24, 196, 4, 129, 114, 53, 58, 138, 19, 88, 21, 58, 162, 81, 78, 156, 41, 88),
    (141, 98, 112, 52, 199, 177, 107, 77, 91, 69, 171, 8, 81, 114, 134, 192, 33, 81, 139, 146, 18, 134, 187, 19, 134, 92, 42, 94, 161, 126, 19, 122, 73, 57, 174, 117, 178, 195, 175, 101),
    (142, 186, 169, 121, 42, 181, 196, 72, 102, 47, 26, 12, 179, 91, 177, 195, 71, 5, 175, 62, 128, 82, 166, 46, 32, 150, 39, 154, 42, 197, 198, 112, 113, 28, 62, 66, 169, 104, 133, 142),
    (143, 8, 114, 166, 105, 119, 141, 11, 169, 39, 115, 132, 61, 12, 190, 17, 189, 181, 80, 62, 196, 33, 154, 2, 67, 158, 182, 51, 7, 19, 33, 141, 77, 35, 131, 77, 122, 161, 27, 47),
    (144, 81, 65, 29, 153, 25, 80, 87, 0, 111, 42, 7, 193, 155, 115, 72, 109, 89, 1, 19, 113, 7, 150, 36, 151, 80, 119, 89, 26, 136, 30, 143, 38, 33, 25, 121, 73, 145, 191, 7),
    (145, 190, 141, 130, 12, 61, 77, 7, 82, 63, 17, 116, 164, 124, 144, 79, 118, 83, 22, 183, 21, 68, 141, 26, 77, 153, 120, 184, 102, 98, 154, 125, 99, 1, 33, 107, 58, 176, 93, 24),
    (146, 124, 133, 158, 21, 167, 148, 65, 75, 37, 170, 139, 127, 169, 168, 51, 155, 65, 157, 189, 20, 118, 114, 107, 73, 85, 116, 47, 149, 10, 61, 30, 11, 97, 58, 68, 76, 4, 128, 61),
    (147, 31, 156, 53, 69, 106, 184, 96, 65, 166, 184, 121, 88, 72, 48, 50, 115, 5, 180, 140, 80, 71, 142, 63, 197, 106, 7, 116, 188, 68, 26, 168, 115, 39, 152, 62, 137, 127, 73, 140),
    (148, 194, 55, 114, 62, 147, 120, 9, 137, 50, 84, 142, 15, 90, 192, 96, 3, 174, 87, 130, 155, 28, 26, 106, 186, 48, 62, 52, 75, 63, 78, 100, 82, 102, 69, 69, 92, 192, 144, 106),
    (149, 187, 113, 189, 107, 20, 171, 7, 96, 184, 199, 89, 172, 35, 76, 116, 50, 124, 36, 34, 184, 172, 128, 143, 133, 184, 20, 146, 129, 158, 34, 162, 192, 14, 24, 141, 158, 142, 124, 154),
    (150, 63, 92, 17, 10, 13, 95, 57, 46, 163, 108, 194, 121, 140, 57, 29, 67, 142, 55, 177, 172, 187, 141, 15, 151, 10, 64, 19, 30, 172, 136, 97, 197, 128, 63, 16, 18, 145, 151, 11),
    (151, 96, 91, 138, 191, 37, 21, 112, 109, 13, 62, 100, 58, 16, 61, 24, 14, 193, 177, 14, 151, 75, 23, 15, 28, 164, 80, 102, 108, 18, 78, 198, 151, 21, 73, 0, 194, 176, 148, 47),
    (152, 107, 97, 26, 166, 168, 123, 156, 114, 31, 97, 114, 54, 197, 17, 79, 9, 64, 93, 143, 171, 63, 98, 56, 177, 68, 150, 85, 114, 91, 155, 36, 108, 171, 78, 50, 95, 118, 128, 138),
    (153, 83, 53, 190, 44, 23, 54, 195, 136, 145, 27, 136, 66, 137, 0, 133, 132, 92, 170, 148, 189, 35, 82, 56, 172, 53, 59, 47, 124, 0, 99, 110, 71, 199, 151, 84, 16, 165, 58, 22),
    (154, 127, 159, 10, 67, 77, 92, 176, 1, 2, 116, 83, 142, 48, 5, 132, 29, 178, 189, 27, 129, 72, 161, 156, 89, 118, 162, 21, 86, 63, 85, 138, 96, 75, 15, 138, 81, 15, 59, 177),
    (155, 90, 119, 87, 116, 147, 171, 162, 59, 61, 143, 116, 143, 43, 40, 159, 124, 111, 134, 12, 145, 148, 19, 186, 104, 4, 95, 161, 79, 173, 182, 7, 132, 82, 132, 179, 2, 104, 1, 44),
    (156, 7, 128, 65, 48, 85, 176, 61, 110, 149, 1, 129, 43, 105, 173, 195, 184, 48, 74, 149, 39, 194, 52, 178, 181, 97, 142, 109, 193, 2, 183, 198, 107, 48, 122, 67, 24, 118, 82, 122),
    (157, 169, 52, 172, 126, 163, 118, 40, 29, 141, 163, 127, 36, 152, 180, 139, 181, 162, 109, 171, 65, 37, 175, 187, 8, 22, 135, 51, 3, 141, 140, 151, 79, 133, 161, 162, 173, 75, 106, 2),
    (158, 176, 134, 51, 97, 95, 96, 113, 13, 167, 187, 115, 168, 188, 193, 198, 149, 80, 153, 45, 140, 93, 128, 148, 24, 36, 32, 141, 82, 78, 136, 164, 115, 27, 189, 116, 2, 141, 145, 93),
    (159, 72, 141, 66, 43, 137, 121, 5, 57, 119, 136, 192, 190, 113, 56, 163, 62, 184, 92, 191, 6, 199, 148, 115, 130, 160, 63, 64, 81, 65, 58, 76, 52, 160, 91, 127, 43, 111, 49, 195),
    (160, 160, 161, 83, 119, 106, 69, 180, 25, 20, 194, 196, 50, 14, 140, 102, 180, 34, 158, 63, 196, 155, 175, 138, 54, 198, 66, 71, 61, 78, 2, 152, 109, 75, 74, 105, 2, 104, 93, 184),
    (161, 187, 119, 99, 33, 163, 152, 154, 50, 108, 67, 66, 16, 32, 4, 151, 150, 136, 156, 83, 159, 105, 9, 174, 126, 171, 89, 163, 17, 63, 198, 35, 138, 178, 20, 166, 59, 152, 157, 192),
    (162, 105, 10, 78, 41, 5, 5, 29, 186, 86, 46, 199, 109, 98, 40, 93, 174, 128, 27, 171, 57, 114, 94, 144, 104, 131, 187, 82, 79, 61, 156, 146, 101, 163, 13, 79, 81, 61, 185, 56),
    (163, 73, 65, 45, 113, 63, 82, 21, 163, 18, 142, 23, 11, 187, 160, 23, 57, 19, 74, 111, 47, 101, 41, 150, 130, 50, 102, 81, 192, 93, 106, 187, 98, 196, 187, 29, 76, 82, 188, 88),
    (164, 114, 184, 127, 195, 11, 23, 100, 76, 79, 149, 79, 66, 151, 193, 73, 157, 30, 110, 139, 78, 109, 80, 159, 42, 156, 11, 99, 44, 174, 64, 97, 111, 74, 128, 88, 10, 163, 73, 26),
    (165, 140, 94, 193, 36, 42, 143, 24, 53, 127, 95, 33, 162, 124, 21, 180, 48, 168, 112, 30, 33, 190, 144, 154, 55, 38, 191, 94, 148, 179, 197, 113, 20, 103, 56, 136, 172, 183, 62, 170),
    (166, 8, 193, 4, 199, 156, 2, 140, 45, 145, 118, 112, 114, 5, 156, 149, 190, 168, 37, 24, 130, 166, 84, 122, 55, 50, 24, 54, 114, 131, 56, 100, 175, 104, 72, 175, 177, 70, 86, 1),
    (167, 181, 28, 43, 195, 17, 155, 24, 158, 44, 151, 167, 108, 149, 137, 71, 99, 59, 191, 70, 82, 73, 154, 168, 74, 196, 173, 34, 77, 100, 129, 78, 68, 127, 127, 159, 194, 192, 186, 13),
    (168, 173, 54, 46, 131, 96, 50, 134, 194, 80, 62, 185, 49, 8, 25, 103, 148, 128, 164, 172, 119, 62, 1, 103, 17, 141, 82, 117, 84, 166, 89, 64, 126, 192, 20, 153, 190, 140, 169, 68),
    (169, 92, 94, 87, 141, 124, 177, 199, 44, 38, 199, 153, 81, 148, 122, 49, 169, 10, 45, 151, 103, 187, 89, 14, 70, 174, 112, 15, 126, 60, 188, 5, 88, 178, 174, 3, 85, 58, 152, 17),
    (170, 197, 77, 93, 172, 131, 65, 175, 94, 109, 166, 23, 154, 95, 98, 137, 112, 185, 131, 180, 188, 170, 67, 139, 142, 65, 28, 119, 150, 148, 188, 169, 125, 32, 160, 77, 25, 105, 197, 159),
    (171, 162, 147, 49, 198, 166, 31, 48, 40, 139, 149, 15, 17, 50, 182, 178, 70, 115, 192, 92, 193, 180, 39, 183, 61, 117, 79, 8, 111, 87, 96, 74, 171, 116, 73, 195, 27, 129, 199, 95),
    (172, 136, 54, 40, 133, 192, 4, 119, 143, 123, 144, 40, 67, 16, 172, 44, 73, 169, 133, 101, 10, 83, 18, 86, 100, 109, 16, 46, 171, 45, 123, 94, 14, 172, 54, 20, 104, 87, 11, 169),
    (173, 84, 185, 177, 129, 194, 151, 117, 46, 68, 139, 66, 146, 179, 168, 6, 121, 155, 168, 48, 79, 26, 162, 59, 16, 171, 174, 17, 18, 164, 85, 155, 77, 171, 173, 151, 33, 2, 147, 127),
    (174, 109, 126, 38, 106, 31, 123, 40, 50, 125, 73, 59, 54, 169, 109, 46, 135, 138, 139, 115, 80, 29, 47, 49, 10, 181, 42, 111, 191, 62, 177, 17, 11, 50, 197, 122, 194, 120, 57, 198),
    (175, 4, 73, 99, 134, 124, 86, 60, 16, 27, 83, 46, 1, 167, 75, 160, 159, 129, 33, 31, 192, 13, 145, 120, 96, 196, 133, 38, 114, 1, 11, 189, 14, 135, 42, 112, 199, 100, 7, 4),
    (176, 190, 110, 23, 195, 77, 127, 166, 144, 139, 103, 198, 121, 61, 96, 173, 26, 36, 29, 70, 54, 85, 4, 107, 175, 114, 83, 69, 114, 106, 93, 197, 144, 109, 44, 45, 7, 134, 24, 15),
    (177, 89, 103, 13, 26, 49, 145, 143, 157, 58, 12, 110, 87, 40, 115, 45, 142, 55, 187, 68, 108, 51, 87, 150, 103, 143, 19, 107, 88, 93, 70, 84, 162, 151, 132, 184, 151, 155, 107, 46),
    (178, 50, 13, 29, 80, 98, 121, 127, 183, 156, 12, 6, 88, 197, 99, 61, 153, 56, 11, 196, 100, 56, 117, 132, 52, 176, 55, 38, 16, 115, 122, 63, 40, 61, 186, 85, 101, 193, 14, 118),
    (179, 178, 18, 131, 45, 3, 62, 128, 97, 122, 60, 174, 112, 107, 0, 151, 148, 104, 184, 53, 71, 29, 11, 153, 199, 173, 55, 81, 83, 195, 137, 50, 176, 55, 133, 182, 107, 130, 117, 166),
    (180, 184, 8, 87, 198, 33, 62, 172, 162, 159, 149, 46, 164, 131, 57, 56, 0, 48, 68, 8, 192, 185, 195, 123, 47, 187, 91, 171, 67, 95, 44, 148, 45, 180, 38, 62, 174, 80, 87, 165),
    (181, 143, 189, 44, 105, 1, 132, 44, 112, 98, 37, 136, 40, 144, 57, 86, 75, 53, 196, 103, 142, 84, 134, 149, 45, 81, 1, 19, 191, 149, 55, 65, 40, 168, 5, 141, 56, 74, 35, 148),
    (182, 174, 69, 188, 29, 112, 161, 41, 169, 152, 153, 173, 15, 118, 71, 133, 12, 11, 182, 196, 45, 94, 103, 193, 75, 125, 99, 79, 127, 185, 32, 39, 156, 30, 154, 100, 63, 63, 24, 116),
    (183, 82, 132, 70, 50, 125, 34, 198, 177, 53, 101, 177, 72, 142, 137, 4, 134, 130, 46, 194, 27, 99, 144, 118, 26, 108, 198, 123, 66, 114, 80, 26, 62, 26, 58, 181, 134, 149, 175, 162),
    (184, 179, 125, 32, 134, 157, 13, 184, 176, 111, 61, 102, 163, 111, 65, 195, 64, 118, 123, 197, 116, 11, 187, 31, 21, 70, 185, 169, 179, 126, 28, 157, 59, 158, 85, 51, 99, 75, 30, 57),
    (185, 139, 121, 28, 149, 136, 104, 199, 188, 76, 37, 161, 174, 151, 180, 184, 86, 27, 56, 128, 23, 140, 121, 119, 15, 25, 95, 144, 179, 72, 78, 16, 165, 66, 165, 84, 6, 47, 139, 96),
    (186, 154, 92, 139, 105, 24, 138, 87, 46, 49, 32, 63, 73, 23, 2, 48, 114, 71, 14, 134, 199, 0, 113, 191, 83, 137, 152, 76, 180, 123, 43, 45, 4, 65, 130, 32, 75, 35, 34, 55),
    (187, 82, 137, 116, 138, 137, 196, 41, 54, 121, 48, 34, 23, 84, 52, 126, 192, 24, 183, 82, 19, 118, 129, 25, 108, 173, 63, 158, 141, 75, 24, 166, 43, 156, 8, 167, 137, 28, 152, 25),
    (188, 161, 105, 166, 55, 14, 108, 196, 176, 155, 185, 155, 100, 63, 46, 0, 25, 120, 47, 141, 81, 142, 22, 62, 162, 91, 97, 121, 79, 130, 192, 33, 65, 143, 3, 95, 198, 198, 19, 131),
    (189, 14, 45, 148, 145, 10, 189, 156, 103, 65, 127, 35, 64, 22, 13, 28, 137, 75, 129, 111, 191, 129, 85, 184, 0, 190, 0, 164, 192, 27, 34, 28, 92, 177, 60, 79, 7, 197, 73, 144),
    (190, 167, 136, 46, 24, 66, 2, 189, 104, 33, 74, 24, 77, 99, 5, 173, 69, 99, 187, 108, 11, 17, 119, 189, 124, 183, 129, 100, 68, 36, 25, 62, 166, 133, 182, 110, 63, 102, 38, 67),
    (191, 33, 42, 86, 57, 16, 133, 42, 182, 2, 12, 192, 130, 189, 131, 130, 35, 182, 25, 147, 140, 100, 23, 12, 94, 1, 7, 50, 96, 148, 78, 157, 16, 173, 131, 148, 111, 167, 55, 147),
    (192, 199, 39, 91, 116, 169, 12, 20, 38, 3, 79, 70, 13, 154, 36, 99, 115, 29, 174, 66, 16, 65, 139, 85, 167, 37, 86, 25, 70, 154, 66, 136, 43, 41, 89, 64, 7, 29, 142, 49),
    (193, 149, 196, 148, 188, 100, 42, 181, 158, 116, 126, 89, 43, 112, 37, 69, 178, 198, 168, 160, 99, 177, 127, 184, 2, 11, 29, 14, 137, 65, 193, 162, 136, 15, 137, 170, 130, 61, 52, 151),
    (194, 184, 4, 164, 25, 97, 14, 17, 112, 150, 64, 131, 25, 193, 104, 18, 86, 43, 129, 138, 64, 186, 131, 171, 185, 73, 171, 99, 72, 118, 87, 48, 195, 187, 120, 123, 11, 77, 66, 100),
    (195, 102, 41, 59, 44, 85, 116, 44, 7, 39, 149, 22, 48, 148, 196, 60, 194, 62, 140, 178, 26, 135, 89, 94, 24, 123, 144, 94, 71, 122, 142, 176, 175, 60, 106, 100, 160, 25, 58, 80),
    (196, 134, 93, 32, 183, 43, 128, 80, 127, 190, 65, 62, 1, 191, 105, 149, 125, 142, 176, 87, 133, 86, 70, 98, 36, 125, 112, 114, 160, 115, 115, 196, 167, 140, 56, 157, 137, 195, 34, 86),
    (197, 48, 155, 78, 191, 92, 103, 4, 52, 189, 141, 60, 83, 30, 147, 138, 71, 80, 39, 165, 153, 146, 131, 30, 100, 94, 82, 17, 50, 147, 190, 161, 26, 199, 98, 1, 74, 121, 6, 30),
    (198, 178, 19, 27, 145, 162, 135, 129, 175, 107, 31, 142, 125, 186, 154, 143, 104, 140, 166, 21, 125, 172, 129, 24, 142, 88, 77, 109, 138, 45, 74, 148, 75, 123, 34, 130, 156, 106, 38, 34),
    (199, 177, 70, 170, 157, 192, 28, 63, 154, 96, 188, 6, 21, 173, 115, 73, 137, 156, 109, 156, 60, 161, 70, 135, 120, 78, 109, 30, 133, 138, 112, 133, 104, 71, 55, 73, 195, 46, 120, 65);

INSERT INTO T39 (pk, t1, t2, t3, t4, t5, t6, t7, t8, t9, t10, t11, t12, t13, t14, t15, t16, t17, t18, t19, t20, t21, t22, t23, t24, t25, t26, t27, t28, t29, t30, t31, t32, t33, t34, t35, t36, t37, t38, t40)
VALUES
    (0, 131, 140, 2, 107, 127, 196, 103, 111, 91, 32, 171, 182, 20, 161, 110, 186, 153, 173, 70, 34, 45, 57, 51, 149, 43, 41, 82, 101, 2, 76, 166, 179, 46, 86, 190, 117, 6, 81, 158),
    (1, 18, 6, 177, 189, 197, 194, 25, 119, 187, 179, 83, 114, 48, 178, 132, 111, 36, 90, 182, 38, 182, 175, 111, 137, 68, 3, 114, 195, 80, 168, 175, 84, 145, 49, 183, 149, 153, 106, 15),
    (2, 145, 26, 1, 134, 189, 100, 42, 100, 103, 177, 120, 196, 71, 112, 49, 163, 106, 114, 125, 12, 83, 199, 131, 67, 159, 52, 94, 40, 158, 68, 184, 141, 118, 157, 6, 33, 82, 121, 148),
    (3, 141, 10, 84, 199, 37, 163, 79, 80, 128, 26, 151, 19, 35, 193, 11, 74, 138, 49, 133, 135, 168, 45, 61, 175, 63, 108, 172, 87, 114, 152, 91, 111, 169, 91, 36, 163, 129, 71, 162),
    (4, 73, 110, 1, 198, 156, 153, 46, 188, 53, 88, 76, 89, 91, 71, 138, 176, 137, 38, 90, 182, 116, 131, 70, 96, 185, 171, 166, 89, 89, 187, 54, 76, 47, 104, 166, 31, 155, 30, 86),
    (5, 79, 170, 155, 175, 138, 71, 116, 21, 114, 71, 179, 89, 158, 123, 196, 150, 35, 96, 41, 5, 26, 79, 178, 150, 146, 114, 172, 51, 143, 52, 67, 144, 41, 192, 195, 132, 119, 191, 76),
    (6, 80, 120, 1, 134, 62, 185, 117, 113, 168, 74, 188, 167, 73, 172, 77, 156, 58, 19, 129, 197, 135, 15, 132, 105, 107, 130, 11, 105, 176, 153, 178, 108, 191, 113, 70, 162, 81, 189, 5),
    (7, 133, 183, 47, 81, 197, 0, 159, 193, 189, 65, 66, 195, 30, 147, 39, 118, 183, 50, 4, 143, 183, 188, 23, 190, 76, 61, 24, 104, 139, 189, 174, 146, 90, 182, 16, 162, 146, 36, 103),
    (8, 23, 46, 40, 129, 22, 84, 111, 145, 46, 136, 170, 40, 32, 59, 129, 191, 190, 97, 108, 101, 17, 21, 106, 19, 69, 185, 126, 77, 171, 33, 23, 76, 8, 137, 66, 97, 65, 117, 89),
    (9, 108, 149, 55, 51, 29, 104, 138, 134, 29, 31, 48, 47, 154, 131, 21, 151, 67, 21, 79, 163, 116, 188, 107, 95, 186, 123, 184, 185, 73, 35, 172, 46, 175, 130, 107, 95, 47, 15, 159),
    (10, 83, 98, 109, 17, 101, 85, 171, 73, 162, 5, 16, 171, 154, 15, 111, 142, 6, 77, 124, 179, 145, 122, 31, 140, 72, 157, 32, 153, 34, 13, 186, 13, 183, 38, 23, 110, 156, 0, 138),
    (11, 42, 66, 126, 173, 40, 13, 165, 43, 17, 46, 16, 192, 57, 171, 123, 77, 150, 147, 31, 180, 121, 71, 181, 197, 178, 148, 113, 125, 57, 150, 49, 2, 164, 166, 46, 174, 14, 99, 177),
    (12, 97, 195, 38, 79, 184, 115, 0, 134, 31, 73, 144, 165, 125, 61, 40, 68, 90, 164, 19, 33, 33, 183, 61, 11, 62, 62, 110, 125, 194, 166, 101, 100, 127, 184, 105, 11, 109, 190, 170),
    (13, 120, 147, 191, 74, 158, 94, 122, 73, 98, 163, 136, 18, 80, 56, 197, 180, 185, 130, 57, 39, 6, 163, 53, 119, 64, 69, 54, 147, 123, 72, 180, 146, 122, 43, 161, 81, 187, 133, 152),
    (14, 135, 148, 41, 109, 80, 116, 182, 114, 134, 166, 107, 2, 194, 172, 79, 155, 24, 28, 197, 101, 175, 145, 37, 97, 122, 14, 157, 163, 115, 117, 20, 25, 194, 5, 138, 93, 69, 13, 155),
    (15, 199, 197, 90, 192, 7, 187, 174, 98, 93, 114, 70, 7, 146, 165, 164, 130, 97, 6, 198, 55, 44, 70, 131, 175, 17, 72, 175, 147, 180, 19, 145, 114, 146, 25, 132, 0, 139, 33, 59),
    (16, 61, 47, 20, 118, 40, 190, 141, 157, 168, 194, 84, 70, 136, 0, 20, 196, 0, 81, 93, 72, 127, 102, 137, 19, 4, 76, 37, 102, 134, 147, 142, 29, 100, 83, 6, 69, 40, 9, 183),
    (17, 52, 199, 96, 151, 179, 65, 65, 128, 129, 48, 54, 39, 124, 174, 53, 159, 5, 72, 131, 55, 22, 163, 117, 91, 63, 20, 23, 176, 32, 158, 38, 102, 196, 76, 52, 148, 192, 107, 81),
    (18, 64, 22, 120, 184, 134, 20, 31, 69, 71, 135, 147, 62, 141, 103, 191, 164, 57, 138, 80, 102, 63, 192, 110, 177, 98, 189, 193, 55, 100, 19, 177, 113, 15, 111, 8, 144, 139, 72, 3),
    (19, 57, 152, 151, 10, 96, 161, 10, 46, 159, 107, 73, 159, 126, 53, 33, 125, 83, 27, 98, 42, 165, 40, 57, 20, 64, 156, 180, 10, 147, 101, 128, 49, 180, 180, 46, 38, 196, 141, 180),
    (20, 198, 163, 63, 60, 97, 113, 68, 75, 111, 40, 98, 31, 137, 118, 2, 128, 171, 147, 85, 165, 28, 42, 162, 147, 7, 59, 16, 81, 102, 72, 44, 4, 63, 80, 56, 138, 10, 78, 141),
    (21, 198, 79, 157, 33, 140, 57, 10, 99, 178, 90, 98, 47, 176, 83, 130, 62, 99, 20, 44, 192, 69, 186, 182, 116, 24, 164, 132, 111, 159, 123, 102, 198, 5, 102, 60, 129, 95, 69, 83),
    (22, 65, 74, 181, 181, 82, 186, 67, 99, 90, 172, 68, 133, 74, 41, 4, 109, 132, 197, 180, 195, 48, 157, 110, 127, 157, 118, 116, 23, 53, 114, 153, 143, 51, 49, 75, 7, 128, 166, 36),
    (23, 1, 15, 132, 83, 123, 172, 106, 68, 78, 98, 142, 141, 23, 3, 134, 164, 106, 95, 4, 179, 121, 71, 56, 118, 117, 56, 46, 16, 136, 125, 2, 116, 164, 174, 3, 158, 132, 13, 174),
    (24, 25, 1, 13, 90, 102, 73, 111, 120, 93, 166, 79, 124, 111, 135, 53, 176, 36, 21, 24, 151, 170, 159, 151, 98, 136, 188, 19, 81, 180, 121, 74, 32, 187, 63, 40, 28, 171, 115, 112),
    (25, 121, 180, 106, 144, 161, 133, 96, 97, 173, 39, 110, 109, 190, 91, 127, 7, 139, 135, 159, 96, 60, 48, 0, 53, 185, 94, 94, 120, 45, 33, 146, 1, 154, 118, 102, 118, 124, 96, 194),
    (26, 131, 46, 82, 11, 108, 132, 127, 53, 12, 143, 94, 67, 6, 79, 141, 22, 145, 108, 26, 175, 137, 70, 106, 61, 53, 174, 198, 23, 194, 29, 63, 50, 197, 64, 105, 10, 55, 194, 26),
    (27, 14, 182, 48, 86, 79, 79, 116, 168, 16, 159, 55, 70, 195, 67, 109, 128, 50, 166, 40, 5, 55, 18, 161, 112, 189, 198, 42, 15, 80, 194, 180, 149, 136, 146, 163, 80, 86, 28, 112),
    (28, 67, 176, 181, 160, 5, 135, 101, 120, 170, 81, 53, 182, 38, 15, 106, 1, 196, 75, 96, 142, 42, 12, 100, 79, 155, 187, 54, 119, 168, 168, 166, 30, 174, 87, 102, 36, 78, 107, 157),
    (29, 41, 160, 90, 169, 19, 177, 160, 149, 170, 10, 80, 9, 104, 63, 12, 172, 192, 133, 64, 43, 117, 110, 66, 11, 150, 7, 158, 164, 195, 112, 38, 58, 26, 105, 85, 191, 151, 166, 199),
    (30, 35, 123, 26, 29, 21, 59, 169, 113, 108, 87, 165, 134, 191, 192, 40, 181, 87, 79, 166, 51, 175, 97, 64, 44, 174, 171, 25, 29, 189, 24, 62, 38, 179, 35, 184, 47, 15, 75, 36),
    (31, 172, 157, 67, 49, 15, 165, 137, 81, 199, 181, 195, 182, 3, 4, 163, 31, 15, 83, 160, 101, 100, 57, 133, 192, 15, 149, 96, 39, 33, 170, 139, 58, 48, 139, 184, 46, 50, 41, 26),
    (32, 121, 96, 107, 41, 11, 186, 188, 73, 185, 187, 171, 178, 88, 176, 162, 112, 105, 149, 59, 135, 186, 90, 81, 59, 2, 39, 159, 40, 70, 92, 165, 52, 176, 129, 117, 67, 57, 164, 6),
    (33, 80, 198, 153, 186, 142, 16, 38, 105, 45, 98, 135, 146, 119, 47, 43, 193, 67, 186, 197, 30, 64, 38, 151, 183, 129, 90, 44, 190, 88, 78, 41, 198, 105, 141, 38, 93, 6, 23, 92),
    (34, 69, 150, 165, 182, 92, 175, 107, 14, 29, 6, 66, 161, 173, 184, 3, 88, 176, 189, 178, 138, 13, 18, 97, 113, 61, 27, 118, 175, 24, 53, 168, 130, 7, 143, 195, 16, 122, 32, 8),
    (35, 136, 153, 106, 170, 144, 37, 172, 194, 179, 67, 114, 176, 61, 72, 22, 24, 94, 124, 29, 144, 51, 37, 25, 138, 113, 55, 6, 77, 95, 175, 82, 10, 140, 83, 197, 44, 125, 197, 84),
    (36, 16, 19, 194, 176, 195, 10, 12, 2, 35, 166, 67, 178, 187, 151, 130, 171, 47, 62, 104, 109, 116, 108, 7, 107, 14, 14, 194, 57, 71, 111, 54, 5, 26, 144, 93, 143, 163, 0, 162),
    (37, 115, 162, 39, 55, 48, 19, 102, 144, 16, 30, 167, 152, 3, 65, 48, 37, 134, 52, 149, 18, 39, 117, 166, 178, 8, 11, 64, 152, 152, 55, 47, 135, 188, 71, 89, 31, 76, 38, 157),
    (38, 167, 194, 90, 168, 87, 133, 67, 106, 64, 93, 15, 68, 98, 25, 99, 38, 126, 113, 177, 40, 3, 128, 23, 105, 87, 185, 199, 176, 136, 172, 153, 175, 74, 108, 116, 28, 62, 163, 100),
    (39, 185, 179, 126, 180, 51, 157, 69, 62, 39, 136, 114, 117, 144, 89, 19, 62, 39, 71, 195, 89, 71, 149, 193, 93, 48, 124, 177, 51, 140, 97, 134, 48, 49, 75, 70, 180, 16, 122, 129),
    (40, 80, 116, 125, 77, 88, 137, 27, 146, 90, 91, 33, 30, 196, 195, 122, 86, 198, 30, 133, 56, 17, 134, 137, 47, 153, 158, 63, 196, 186, 77, 175, 112, 55, 154, 40, 51, 114, 41, 154),
    (41, 115, 150, 39, 47, 54, 150, 168, 95, 157, 125, 105, 137, 125, 96, 75, 115, 173, 27, 126, 130, 98, 74, 156, 80, 165, 122, 185, 168, 109, 48, 76, 94, 146, 173, 51, 111, 87, 135, 76),
    (42, 60, 53, 150, 97, 97, 19, 181, 69, 183, 70, 160, 114, 4, 30, 63, 59, 44, 132, 187, 13, 29, 107, 135, 188, 67, 117, 31, 57, 131, 35, 177, 63, 118, 39, 44, 168, 56, 105, 46),
    (43, 182, 91, 122, 84, 139, 15, 115, 61, 94, 44, 197, 88, 40, 186, 141, 21, 147, 99, 88, 105, 175, 135, 58, 135, 34, 157, 111, 95, 145, 114, 82, 199, 145, 164, 38, 191, 132, 13, 52),
    (44, 86, 197, 97, 155, 154, 48, 141, 195, 128, 76, 177, 85, 9, 148, 182, 65, 35, 112, 75, 140, 83, 17, 176, 171, 57, 92, 97, 34, 165, 97, 194, 100, 156, 3, 165, 84, 10, 191, 97),
    (45, 61, 61, 62, 185, 38, 127, 6, 119, 119, 28, 191, 172, 78, 69, 78, 36, 59, 178, 0, 109, 53, 45, 19, 108, 68, 64, 165, 55, 117, 138, 69, 35, 1, 55, 64, 82, 7, 45, 80),
    (46, 186, 61, 16, 177, 134, 193, 62, 129, 127, 188, 192, 21, 154, 97, 6, 154, 83, 34, 75, 151, 78, 186, 95, 124, 194, 136, 93, 115, 48, 173, 0, 98, 63, 182, 130, 6, 111, 133, 18),
    (47, 196, 55, 178, 97, 133, 177, 73, 156, 40, 123, 121, 106, 124, 38, 132, 140, 116, 11, 38, 187, 184, 8, 97, 18, 101, 82, 23, 110, 14, 11, 156, 36, 15, 20, 53, 38, 17, 165, 13),
    (48, 49, 190, 132, 75, 0, 10, 186, 58, 19, 63, 87, 59, 32, 190, 126, 155, 142, 144, 65, 111, 15, 22, 84, 33, 73, 142, 44, 192, 186, 159, 142, 44, 18, 24, 146, 114, 115, 19, 55),
    (49, 52, 10, 28, 0, 100, 195, 60, 58, 178, 123, 155, 134, 30, 162, 180, 63, 56, 105, 161, 43, 129, 94, 187, 21, 103, 69, 183, 181, 144, 9, 170, 66, 141, 98, 87, 153, 140, 91, 94),
    (50, 113, 130, 62, 143, 102, 92, 10, 149, 56, 102, 166, 170, 41, 163, 117, 2, 106, 97, 50, 55, 174, 54, 71, 87, 85, 115, 155, 141, 57, 10, 55, 44, 10, 188, 50, 12, 172, 81, 13),
    (51, 93, 189, 182, 186, 174, 160, 44, 3, 66, 87, 169, 0, 11, 153, 171, 153, 195, 22, 4, 140, 139, 55, 72, 74, 100, 147, 8, 42, 103, 59, 127, 177, 19, 22, 144, 119, 115, 153, 99),
    (52, 83, 188, 89, 52, 72, 95, 81, 31, 17, 116, 70, 108, 168, 87, 133, 17, 90, 147, 158, 116, 50, 140, 198, 116, 131, 115, 184, 141, 148, 77, 125, 178, 137, 0, 150, 143, 187, 64, 116),
    (53, 137, 96, 169, 66, 37, 13, 192, 76, 15, 19, 165, 168, 83, 147, 125, 172, 186, 92, 117, 64, 21, 30, 174, 138, 197, 56, 187, 166, 68, 74, 101, 11, 172, 12, 178, 21, 106, 121, 72),
    (54, 45, 104, 21, 198, 189, 0, 55, 139, 21, 52, 60, 58, 35, 21, 180, 113, 143, 32, 50, 14, 168, 50, 149, 8, 47, 124, 62, 51, 181, 107, 113, 182, 172, 119, 125, 162, 60, 182, 106),
    (55, 150, 4, 22, 61, 78, 13, 58, 112, 107, 33, 101, 163, 79, 145, 41, 126, 44, 112, 125, 91, 97, 127, 128, 153, 138, 128, 178, 167, 3, 180, 195, 119, 144, 100, 168, 1, 81, 55, 129),
    (56, 198, 184, 89, 194, 175, 155, 82, 181, 61, 149, 158, 88, 142, 196, 79, 198, 168, 57, 136, 170, 41, 184, 117, 116, 187, 179, 38, 91, 38, 147, 20, 99, 74, 172, 71, 116, 145, 104, 24),
    (57, 38, 1, 155, 14, 141, 108, 151, 25, 79, 67, 33, 174, 16, 62, 118, 132, 37, 52, 30, 92, 50, 182, 103, 145, 6, 69, 132, 15, 143, 169, 78, 104, 27, 181, 76, 65, 177, 44, 198),
    (58, 93, 179, 92, 58, 5, 151, 34, 162, 69, 122, 172, 132, 82, 82, 109, 172, 42, 122, 162, 1, 196, 35, 161, 29, 110, 38, 157, 151, 144, 116, 36, 128, 159, 179, 120, 73, 56, 4, 21),
    (59, 91, 90, 145, 186, 20, 123, 111, 107, 146, 108, 37, 31, 64, 3, 186, 95, 190, 93, 11, 95, 1, 153, 2, 171, 42, 87, 159, 194, 72, 148, 55, 175, 182, 52, 24, 81, 5, 81, 18),
    (60, 124, 155, 106, 2, 56, 194, 168, 36, 97, 166, 131, 117, 70, 5, 168, 121, 112, 166, 173, 20, 24, 187, 81, 3, 93, 176, 196, 85, 177, 9, 47, 6, 121, 103, 140, 108, 177, 22, 14),
    (61, 15, 86, 3, 103, 63, 115, 152, 3, 174, 166, 183, 80, 68, 49, 55, 173, 87, 119, 96, 157, 155, 167, 139, 151, 53, 37, 166, 197, 86, 106, 181, 189, 118, 143, 92, 168, 156, 8, 106),
    (62, 156, 36, 51, 192, 62, 2, 189, 112, 150, 53, 102, 64, 193, 107, 70, 85, 97, 44, 50, 73, 96, 91, 57, 137, 91, 98, 105, 53, 133, 105, 3, 51, 56, 172, 86, 131, 145, 154, 48),
    (63, 191, 1, 41, 164, 23, 76, 82, 152, 142, 130, 140, 131, 41, 112, 78, 97, 67, 42, 98, 113, 109, 154, 156, 28, 15, 22, 172, 192, 196, 81, 78, 22, 194, 113, 194, 22, 47, 53, 92),
    (64, 189, 199, 188, 12, 40, 196, 107, 173, 24, 1, 153, 55, 177, 157, 197, 141, 183, 103, 11, 45, 6, 21, 9, 167, 79, 161, 40, 53, 131, 173, 97, 17, 98, 15, 186, 11, 161, 117, 161),
    (65, 163, 132, 106, 95, 195, 61, 198, 66, 78, 68, 67, 169, 164, 55, 52, 108, 93, 115, 106, 165, 42, 126, 108, 51, 91, 180, 29, 26, 84, 195, 148, 129, 103, 55, 181, 54, 193, 4, 103),
    (66, 116, 169, 28, 11, 184, 99, 32, 136, 194, 127, 173, 187, 139, 199, 177, 10, 71, 184, 174, 195, 146, 62, 199, 20, 114, 7, 114, 159, 96, 199, 40, 20, 61, 9, 14, 53, 9, 107, 150),
    (67, 38, 157, 148, 98, 71, 28, 27, 152, 108, 1, 165, 26, 116, 176, 146, 136, 167, 52, 16, 64, 182, 163, 45, 69, 51, 144, 189, 133, 136, 40, 42, 100, 128, 103, 45, 85, 90, 6, 132),
    (68, 102, 124, 57, 69, 33, 197, 146, 70, 71, 75, 39, 153, 76, 53, 145, 60, 46, 135, 170, 51, 154, 197, 188, 160, 144, 118, 169, 76, 115, 9, 34, 175, 163, 106, 181, 28, 17, 152, 27),
    (69, 30, 10, 108, 162, 197, 65, 72, 108, 87, 70, 40, 110, 15, 143, 27, 95, 87, 186, 110, 180, 66, 60, 93, 121, 18, 128, 165, 8, 72, 146, 148, 111, 177, 25, 76, 65, 181, 123, 20),
    (70, 196, 142, 190, 198, 92, 32, 174, 162, 50, 87, 104, 48, 170, 115, 142, 164, 35, 150, 18, 187, 24, 120, 131, 145, 47, 72, 64, 16, 80, 117, 186, 115, 165, 6, 136, 58, 110, 65, 177),
    (71, 13, 170, 124, 198, 157, 133, 127, 196, 39, 18, 28, 184, 60, 95, 190, 92, 95, 137, 20, 181, 80, 49, 156, 149, 135, 168, 121, 51, 73, 50, 8, 136, 33, 26, 19, 94, 98, 74, 198),
    (72, 112, 190, 75, 131, 109, 52, 82, 123, 152, 175, 149, 120, 81, 175, 67, 53, 159, 5, 163, 14, 38, 103, 14, 121, 66, 1, 28, 22, 5, 143, 191, 195, 60, 192, 167, 148, 198, 177, 60),
    (73, 68, 110, 72, 139, 153, 165, 86, 199, 114, 192, 1, 159, 63, 180, 69, 7, 169, 52, 51, 103, 61, 131, 82, 37, 10, 140, 136, 98, 43, 192, 58, 183, 193, 126, 45, 8, 16, 101, 80),
    (74, 111, 137, 161, 92, 65, 2, 177, 50, 159, 143, 39, 189, 67, 117, 73, 16, 93, 92, 175, 5, 1, 68, 185, 70, 196, 99, 111, 67, 95, 115, 85, 73, 100, 71, 154, 82, 198, 31, 153),
    (75, 56, 132, 176, 161, 157, 148, 173, 120, 161, 115, 124, 78, 143, 7, 4, 168, 93, 31, 2, 151, 69, 165, 18, 2, 86, 73, 72, 178, 23, 94, 18, 55, 112, 23, 84, 105, 15, 41, 191),
    (76, 41, 173, 197, 29, 62, 170, 178, 38, 36, 125, 188, 145, 34, 99, 142, 68, 98, 67, 62, 160, 125, 10, 162, 29, 172, 87, 190, 180, 57, 193, 136, 176, 23, 128, 112, 108, 125, 15, 99),
    (77, 78, 67, 48, 176, 194, 85, 70, 154, 37, 70, 55, 108, 50, 154, 1, 22, 174, 113, 192, 37, 3, 136, 184, 193, 36, 95, 41, 104, 168, 7, 21, 185, 90, 21, 185, 133, 102, 143, 163),
    (78, 163, 37, 137, 195, 98, 133, 89, 28, 192, 66, 125, 136, 19, 93, 6, 8, 143, 188, 99, 40, 73, 1, 130, 6, 64, 26, 166, 59, 8, 189, 102, 107, 118, 167, 17, 151, 18, 9, 151),
    (79, 75, 119, 131, 50, 135, 187, 194, 9, 10, 78, 60, 196, 187, 153, 17, 45, 79, 122, 159, 155, 115, 107, 114, 30, 57, 1, 4, 20, 168, 175, 20, 92, 117, 159, 123, 131, 128, 185, 18),
    (80, 169, 129, 118, 83, 180, 115, 95, 124, 170, 41, 85, 199, 35, 195, 52, 100, 182, 108, 162, 30, 72, 133, 39, 152, 128, 146, 46, 169, 15, 4, 135, 130, 128, 8, 135, 152, 113, 3, 171),
    (81, 34, 2, 36, 144, 55, 98, 89, 122, 43, 90, 47, 159, 63, 198, 126, 194, 98, 187, 66, 169, 137, 183, 33, 0, 6, 84, 18, 100, 52, 3, 52, 127, 15, 95, 152, 13, 63, 117, 15),
    (82, 181, 38, 176, 133, 52, 129, 160, 26, 44, 153, 30, 33, 21, 193, 150, 187, 93, 198, 180, 192, 162, 146, 7, 1, 124, 163, 124, 51, 114, 179, 87, 121, 34, 25, 0, 68, 180, 58, 62),
    (83, 66, 163, 132, 96, 108, 164, 172, 29, 95, 122, 159, 39, 132, 43, 44, 11, 93, 183, 16, 192, 45, 175, 146, 40, 26, 150, 29, 191, 131, 117, 84, 144, 77, 103, 84, 128, 132, 5, 128),
    (84, 182, 46, 125, 22, 45, 186, 31, 51, 55, 122, 92, 112, 168, 15, 3, 185, 170, 44, 43, 172, 47, 53, 52, 49, 17, 89, 137, 29, 16, 86, 19, 64, 118, 197, 93, 12, 65, 121, 162),
    (85, 12, 50, 126, 195, 192, 64, 102, 73, 124, 110, 194, 121, 179, 74, 190, 15, 171, 36, 29, 118, 106, 43, 154, 86, 192, 92, 122, 159, 13, 68, 166, 194, 3, 94, 158, 109, 72, 88, 8),
    (86, 137, 138, 194, 68, 57, 14, 163, 109, 3, 5, 170, 179, 196, 102, 103, 131, 114, 46, 55, 196, 145, 15, 90, 96, 22, 87, 94, 108, 139, 21, 40, 127, 82, 190, 4, 54, 51, 12, 105),
    (87, 104, 73, 49, 121, 128, 128, 81, 180, 199, 147, 150, 45, 59, 63, 138, 195, 153, 20, 132, 89, 109, 113, 35, 43, 170, 9, 38, 175, 90, 116, 24, 97, 108, 83, 118, 168, 174, 12, 18),
    (88, 184, 85, 0, 142, 134, 185, 70, 19, 118, 3, 121, 53, 157, 80, 128, 172, 42, 1, 95, 182, 164, 2, 57, 118, 34, 10, 184, 197, 114, 4, 129, 7, 186, 136, 5, 135, 133, 163, 104),
    (89, 47, 6, 37, 53, 116, 76, 173, 134, 36, 68, 1, 196, 32, 102, 66, 116, 130, 22, 51, 103, 179, 112, 63, 78, 64, 164, 67, 7, 59, 108, 81, 100, 68, 88, 18, 166, 144, 8, 148),
    (90, 71, 29, 121, 57, 14, 32, 161, 96, 6, 107, 193, 115, 172, 162, 70, 3, 109, 177, 131, 135, 16, 192, 49, 148, 15, 161, 139, 120, 191, 157, 171, 29, 101, 77, 165, 22, 120, 132, 53),
    (91, 156, 190, 182, 94, 190, 0, 131, 25, 71, 181, 92, 67, 185, 58, 132, 138, 174, 148, 70, 36, 151, 66, 95, 38, 119, 97, 71, 92, 83, 30, 24, 130, 141, 152, 57, 141, 149, 12, 38),
    (92, 29, 102, 174, 115, 15, 50, 22, 177, 106, 102, 173, 152, 184, 23, 58, 155, 11, 164, 104, 90, 81, 173, 75, 56, 109, 97, 154, 104, 158, 143, 127, 48, 102, 55, 111, 168, 58, 122, 116),
    (93, 173, 6, 180, 185, 100, 118, 12, 166, 176, 129, 103, 80, 106, 94, 117, 25, 79, 158, 96, 100, 58, 175, 134, 119, 110, 80, 169, 134, 84, 68, 161, 107, 147, 60, 154, 54, 169, 137, 137),
    (94, 172, 103, 184, 156, 91, 12, 112, 38, 98, 197, 46, 73, 70, 21, 9, 26, 180, 70, 145, 10, 63, 88, 63, 130, 161, 76, 170, 150, 38, 184, 118, 195, 79, 3, 42, 50, 182, 126, 122),
    (95, 51, 92, 1, 106, 170, 136, 125, 80, 0, 71, 52, 153, 129, 21, 125, 154, 65, 89, 19, 53, 47, 29, 8, 30, 173, 187, 153, 51, 92, 123, 132, 146, 29, 108, 118, 181, 139, 27, 186),
    (96, 169, 67, 143, 9, 182, 35, 18, 194, 33, 12, 23, 81, 89, 100, 126, 99, 16, 163, 176, 77, 191, 127, 130, 12, 183, 183, 33, 10, 89, 20, 3, 60, 82, 26, 58, 122, 94, 67, 75),
    (97, 58, 185, 162, 40, 74, 197, 191, 170, 121, 109, 67, 122, 70, 160, 38, 81, 197, 83, 68, 73, 146, 176, 54, 55, 180, 68, 69, 147, 36, 31, 95, 74, 191, 76, 139, 191, 194, 105, 105),
    (98, 91, 131, 121, 156, 102, 173, 198, 82, 1, 177, 71, 2, 55, 151, 179, 171, 32, 65, 11, 111, 198, 78, 191, 111, 183, 175, 170, 90, 46, 173, 111, 199, 25, 49, 3, 144, 53, 88, 78),
    (99, 58, 51, 30, 53, 124, 70, 118, 73, 75, 136, 175, 54, 18, 72, 18, 28, 18, 169, 173, 178, 181, 35, 64, 17, 65, 117, 171, 164, 169, 187, 20, 189, 173, 52, 83, 190, 53, 17, 185),
    (100, 63, 39, 185, 183, 141, 107, 10, 16, 25, 5, 103, 137, 95, 50, 38, 131, 57, 14, 135, 85, 110, 175, 99, 48, 59, 8, 36, 112, 119, 33, 177, 122, 16, 182, 33, 103, 30, 17, 130),
    (101, 98, 97, 71, 138, 61, 128, 180, 104, 6, 197, 183, 145, 140, 3, 58, 108, 184, 126, 29, 10, 53, 99, 75, 85, 117, 65, 32, 140, 93, 17, 58, 181, 162, 181, 4, 180, 100, 122, 31),
    (102, 48, 24, 74, 80, 92, 48, 81, 167, 110, 92, 34, 5, 121, 23, 118, 45, 136, 26, 27, 107, 61, 88, 153, 61, 174, 197, 129, 123, 198, 13, 92, 33, 137, 8, 179, 133, 174, 36, 167),
    (103, 42, 2, 164, 179, 56, 86, 26, 185, 171, 15, 20, 146, 45, 122, 86, 17, 77, 178, 27, 160, 130, 186, 38, 88, 17, 117, 34, 180, 65, 174, 3, 121, 135, 3, 160, 43, 151, 116, 69),
    (104, 162, 45, 95, 54, 22, 89, 78, 159, 95, 83, 92, 36, 111, 19, 63, 3, 167, 147, 146, 4, 6, 105, 175, 102, 149, 173, 37, 167, 77, 26, 148, 75, 89, 73, 130, 114, 113, 124, 68),
    (105, 69, 156, 130, 90, 144, 159, 191, 97, 148, 68, 168, 50, 166, 168, 199, 88, 162, 80, 73, 174, 64, 86, 24, 35, 168, 21, 72, 2, 192, 126, 144, 66, 87, 135, 130, 86, 25, 191, 99),
    (106, 163, 93, 147, 53, 16, 14, 17, 31, 141, 101, 33, 58, 58, 70, 57, 69, 9, 138, 150, 145, 167, 122, 98, 107, 46, 74, 189, 165, 106, 105, 81, 101, 94, 154, 19, 92, 114, 48, 102),
    (107, 195, 20, 133, 18, 4, 109, 168, 188, 23, 24, 149, 20, 190, 173, 43, 90, 129, 132, 68, 15, 36, 40, 112, 153, 118, 138, 97, 48, 17, 184, 109, 97, 135, 170, 55, 116, 187, 5, 116),
    (108, 145, 122, 194, 107, 66, 77, 146, 96, 175, 32, 93, 16, 149, 92, 47, 23, 117, 81, 176, 131, 12, 60, 23, 105, 28, 139, 110, 98, 73, 98, 24, 164, 131, 41, 66, 82, 193, 164, 78),
    (109, 194, 31, 145, 158, 14, 146, 112, 124, 116, 199, 138, 11, 157, 161, 179, 26, 71, 76, 186, 63, 40, 106, 83, 46, 50, 96, 65, 153, 81, 169, 148, 44, 2, 184, 174, 131, 63, 58, 79),
    (110, 151, 190, 38, 56, 153, 160, 188, 175, 55, 52, 105, 17, 8, 144, 169, 151, 49, 119, 145, 168, 169, 189, 113, 136, 190, 87, 148, 77, 20, 169, 134, 137, 170, 190, 140, 198, 175, 197, 100),
    (111, 145, 183, 169, 72, 108, 189, 196, 102, 180, 165, 45, 20, 103, 52, 56, 118, 138, 99, 171, 30, 117, 24, 53, 20, 152, 31, 18, 21, 10, 24, 137, 3, 163, 120, 52, 172, 48, 77, 85),
    (112, 138, 78, 84, 121, 193, 60, 133, 123, 128, 56, 142, 137, 58, 142, 91, 31, 74, 80, 183, 111, 157, 70, 121, 126, 31, 199, 119, 131, 193, 27, 85, 24, 75, 171, 20, 65, 71, 27, 186),
    (113, 119, 98, 122, 143, 162, 21, 119, 173, 145, 103, 105, 83, 36, 109, 96, 82, 120, 75, 78, 9, 138, 45, 192, 139, 166, 168, 84, 153, 23, 146, 44, 160, 92, 191, 40, 130, 29, 9, 81),
    (114, 155, 96, 38, 62, 100, 151, 110, 131, 136, 190, 171, 169, 160, 42, 83, 175, 193, 161, 122, 103, 80, 128, 82, 164, 15, 6, 136, 42, 61, 110, 198, 18, 92, 128, 155, 192, 172, 126, 48),
    (115, 152, 123, 38, 25, 108, 170, 94, 87, 155, 106, 48, 121, 154, 32, 99, 25, 70, 171, 82, 137, 148, 143, 138, 172, 90, 190, 167, 186, 89, 191, 187, 143, 43, 126, 10, 103, 46, 19, 184),
    (116, 162, 169, 22, 138, 80, 182, 121, 98, 155, 191, 197, 67, 75, 193, 65, 61, 26, 5, 123, 33, 33, 28, 33, 135, 151, 99, 63, 12, 18, 185, 95, 48, 12, 133, 29, 108, 60, 117, 27),
    (117, 22, 117, 29, 161, 144, 85, 192, 74, 184, 197, 109, 199, 64, 187, 87, 84, 141, 107, 179, 149, 120, 13, 65, 169, 131, 185, 164, 53, 131, 6, 60, 192, 27, 82, 170, 142, 135, 67, 45),
    (118, 44, 34, 105, 122, 163, 173, 98, 147, 191, 142, 198, 191, 3, 20, 95, 46, 164, 97, 10, 124, 7, 121, 81, 83, 116, 136, 33, 77, 129, 28, 132, 156, 81, 175, 132, 92, 11, 163, 161),
    (119, 4, 149, 23, 144, 12, 189, 97, 160, 122, 46, 132, 65, 45, 91, 176, 101, 33, 71, 91, 48, 43, 26, 131, 61, 127, 9, 164, 76, 31, 93, 102, 39, 189, 74, 194, 95, 152, 36, 169),
    (120, 74, 199, 83, 23, 63, 135, 120, 59, 59, 126, 142, 89, 105, 25, 15, 43, 88, 179, 48, 131, 24, 94, 103, 36, 193, 195, 194, 106, 149, 132, 32, 146, 29, 195, 66, 142, 33, 165, 106),
    (121, 18, 199, 67, 36, 102, 20, 192, 65, 31, 170, 183, 96, 167, 32, 51, 51, 123, 142, 51, 112, 90, 169, 158, 106, 13, 22, 41, 58, 35, 108, 100, 86, 17, 3, 149, 147, 5, 5, 95),
    (122, 158, 145, 161, 138, 173, 5, 128, 162, 88, 4, 173, 172, 22, 103, 91, 148, 49, 44, 177, 79, 33, 45, 120, 186, 113, 8, 163, 164, 15, 188, 65, 26, 60, 195, 54, 96, 81, 66, 32),
    (123, 0, 55, 23, 48, 33, 99, 58, 113, 174, 83, 80, 80, 157, 49, 36, 138, 136, 3, 198, 188, 196, 181, 19, 194, 93, 111, 22, 152, 85, 68, 9, 23, 36, 47, 39, 128, 80, 173, 74),
    (124, 96, 138, 126, 36, 128, 98, 107, 95, 178, 24, 16, 116, 89, 23, 174, 150, 185, 172, 35, 198, 141, 97, 111, 166, 17, 106, 193, 169, 12, 147, 173, 98, 192, 26, 13, 67, 8, 132, 182),
    (125, 45, 21, 33, 157, 111, 74, 74, 117, 3, 176, 80, 191, 193, 110, 81, 133, 43, 26, 106, 177, 53, 60, 7, 169, 138, 105, 152, 81, 3, 165, 17, 84, 101, 65, 34, 7, 36, 56, 6),
    (126, 96, 169, 190, 96, 39, 103, 0, 119, 188, 140, 49, 84, 169, 80, 124, 186, 155, 135, 28, 197, 181, 119, 70, 118, 167, 11, 39, 92, 13, 120, 169, 120, 5, 191, 98, 171, 8, 39, 57),
    (127, 134, 142, 186, 181, 104, 165, 135, 128, 142, 56, 1, 32, 61, 34, 139, 157, 158, 45, 16, 130, 132, 50, 158, 123, 175, 71, 72, 38, 140, 113, 34, 55, 35, 166, 132, 155, 34, 116, 76),
    (128, 116, 19, 167, 40, 185, 75, 66, 17, 140, 52, 67, 133, 177, 158, 66, 78, 113, 144, 114, 197, 121, 13, 89, 158, 31, 25, 155, 43, 19, 63, 154, 0, 95, 78, 73, 0, 172, 145, 49),
    (129, 165, 10, 68, 22, 62, 68, 20, 116, 84, 161, 150, 34, 170, 126, 199, 159, 30, 39, 130, 83, 37, 161, 58, 69, 93, 81, 60, 18, 30, 60, 71, 45, 62, 1, 91, 47, 17, 22, 68),
    (130, 174, 0, 171, 109, 101, 155, 196, 116, 89, 199, 194, 157, 65, 70, 92, 128, 162, 4, 138, 129, 184, 180, 133, 153, 132, 109, 53, 131, 178, 95, 193, 157, 191, 59, 181, 8, 182, 175, 97),
    (131, 145, 71, 172, 56, 35, 152, 73, 173, 35, 41, 112, 7, 67, 95, 78, 199, 163, 97, 13, 190, 87, 113, 173, 121, 159, 116, 36, 147, 20, 13, 197, 124, 10, 139, 113, 28, 68, 75, 21),
    (132, 95, 156, 70, 197, 119, 71, 68, 94, 37, 18, 28, 103, 37, 125, 197, 185, 15, 99, 67, 80, 198, 67, 53, 168, 34, 151, 23, 8, 187, 86, 104, 194, 187, 69, 71, 158, 85, 113, 123),
    (133, 13, 23, 134, 112, 107, 8, 197, 137, 67, 158, 115, 44, 115, 85, 66, 132, 96, 27, 99, 196, 47, 73, 143, 184, 123, 99, 177, 171, 187, 183, 11, 58, 177, 14, 51, 132, 198, 56, 29),
    (134, 49, 20, 34, 112, 49, 73, 143, 74, 113, 60, 51, 76, 150, 3, 87, 70, 91, 159, 147, 3, 173, 42, 86, 86, 58, 182, 164, 66, 98, 101, 129, 72, 145, 47, 54, 105, 171, 34, 187),
    (135, 197, 54, 168, 174, 71, 25, 23, 157, 170, 88, 61, 95, 88, 30, 100, 139, 152, 94, 174, 16, 19, 96, 174, 63, 34, 110, 151, 151, 138, 129, 168, 64, 79, 104, 112, 152, 55, 164, 26),
    (136, 117, 152, 150, 113, 7, 72, 64, 103, 42, 34, 162, 50, 146, 40, 10, 147, 47, 185, 6, 168, 30, 75, 141, 197, 30, 106, 41, 189, 88, 136, 61, 137, 143, 159, 162, 113, 96, 94, 182),
    (137, 31, 134, 77, 145, 68, 25, 129, 91, 1, 14, 20, 148, 4, 83, 60, 140, 31, 176, 191, 156, 13, 92, 28, 60, 198, 156, 53, 10, 144, 123, 197, 127, 161, 159, 89, 9, 135, 161, 91),
    (138, 22, 1, 9, 25, 88, 160, 139, 44, 112, 147, 21, 133, 64, 126, 57, 14, 29, 29, 74, 177, 195, 176, 131, 155, 19, 79, 156, 34, 77, 170, 81, 169, 113, 85, 191, 72, 172, 176, 13),
    (139, 165, 134, 57, 54, 16, 169, 88, 37, 48, 78, 111, 72, 171, 163, 96, 10, 157, 92, 194, 53, 62, 31, 88, 133, 1, 138, 66, 47, 4, 125, 181, 185, 199, 27, 1, 59, 114, 36, 49),
    (140, 46, 133, 120, 86, 130, 39, 140, 130, 105, 62, 118, 138, 118, 153, 134, 130, 183, 124, 47, 89, 84, 9, 85, 18, 158, 89, 136, 18, 144, 110, 183, 166, 173, 31, 22, 132, 127, 5, 65),
    (141, 114, 131, 184, 43, 86, 15, 3, 131, 36, 14, 193, 186, 195, 54, 28, 69, 78, 40, 17, 123, 161, 179, 92, 178, 28, 77, 91, 145, 79, 175, 166, 141, 198, 163, 91, 196, 148, 59, 65),
    (142, 73, 17, 17, 23, 115, 89, 11, 101, 129, 21, 82, 164, 43, 2, 174, 148, 59, 137, 1, 11, 33, 29, 116, 38, 147, 175, 126, 167, 147, 11, 8, 32, 106, 114, 60, 65, 74, 129, 40),
    (143, 178, 124, 56, 59, 91, 96, 36, 20, 46, 57, 129, 167, 149, 29, 84, 177, 96, 0, 2, 43, 49, 193, 96, 20, 28, 9, 97, 37, 149, 114, 81, 99, 20, 111, 9, 66, 136, 195, 60),
    (144, 66, 50, 169, 34, 161, 96, 62, 2, 155, 94, 0, 79, 30, 82, 85, 65, 157, 52, 40, 165, 140, 9, 78, 157, 116, 78, 149, 140, 96, 166, 142, 183, 140, 7, 174, 52, 192, 120, 133),
    (145, 2, 28, 64, 64, 15, 161, 29, 182, 143, 172, 8, 103, 166, 198, 44, 193, 160, 150, 152, 83, 143, 63, 107, 188, 89, 173, 37, 179, 124, 75, 168, 192, 119, 39, 118, 70, 119, 125, 41),
    (146, 47, 154, 59, 132, 70, 90, 107, 55, 137, 77, 189, 38, 83, 9, 88, 195, 81, 178, 91, 139, 111, 130, 22, 21, 145, 139, 56, 5, 52, 118, 70, 114, 10, 75, 117, 141, 6, 81, 118),
    (147, 148, 36, 75, 129, 95, 81, 108, 76, 70, 183, 137, 139, 120, 47, 185, 56, 59, 146, 125, 63, 145, 144, 99, 105, 185, 142, 36, 85, 186, 2, 164, 50, 42, 193, 129, 102, 7, 168, 77),
    (148, 195, 173, 112, 57, 176, 130, 44, 145, 99, 25, 1, 101, 132, 26, 9, 197, 126, 57, 3, 39, 163, 88, 143, 187, 172, 61, 189, 85, 153, 198, 63, 140, 182, 196, 13, 151, 0, 118, 118),
    (149, 137, 28, 173, 26, 123, 94, 54, 42, 179, 9, 41, 115, 158, 62, 99, 50, 109, 116, 195, 197, 77, 158, 84, 110, 142, 34, 0, 99, 120, 34, 57, 129, 81, 175, 2, 38, 98, 28, 91),
    (150, 196, 3, 7, 98, 14, 113, 52, 84, 85, 45, 163, 180, 31, 130, 13, 66, 73, 44, 154, 114, 71, 74, 46, 109, 84, 45, 83, 52, 34, 72, 13, 182, 89, 137, 119, 133, 178, 183, 179),
    (151, 86, 103, 70, 43, 120, 122, 171, 103, 81, 3, 181, 180, 131, 165, 111, 77, 25, 21, 79, 114, 67, 38, 86, 132, 118, 116, 21, 169, 95, 42, 29, 159, 76, 159, 47, 53, 53, 157, 57),
    (152, 78, 152, 61, 41, 138, 44, 27, 55, 170, 130, 13, 153, 102, 72, 109, 69, 82, 86, 75, 110, 146, 147, 132, 45, 27, 1, 22, 62, 72, 188, 191, 62, 19, 77, 141, 65, 6, 162, 116),
    (153, 5, 88, 65, 46, 29, 195, 60, 192, 121, 66, 65, 77, 140, 72, 44, 107, 1, 125, 143, 2, 140, 95, 193, 165, 150, 130, 192, 74, 7, 162, 152, 88, 41, 133, 45, 180, 39, 144, 134),
    (154, 158, 113, 2, 133, 30, 117, 197, 186, 3, 75, 74, 82, 86, 173, 36, 162, 117, 192, 157, 119, 9, 118, 110, 68, 197, 172, 61, 96, 63, 101, 60, 41, 185, 106, 44, 96, 180, 187, 161),
    (155, 174, 104, 150, 74, 12, 8, 45, 152, 147, 63, 190, 194, 5, 27, 48, 167, 84, 75, 22, 140, 136, 185, 127, 158, 39, 157, 14, 142, 14, 157, 64, 145, 48, 172, 46, 191, 18, 61, 96),
    (156, 0, 166, 16, 5, 141, 36, 27, 158, 137, 56, 83, 122, 91, 160, 179, 161, 36, 27, 115, 185, 169, 122, 147, 132, 69, 178, 115, 197, 96, 129, 107, 43, 74, 157, 48, 163, 85, 184, 123),
    (157, 113, 132, 46, 92, 61, 48, 78, 167, 195, 184, 3, 113, 31, 66, 142, 114, 48, 60, 36, 46, 122, 159, 36, 185, 27, 97, 40, 194, 43, 40, 4, 35, 89, 8, 93, 32, 165, 102, 93),
    (158, 170, 106, 37, 192, 55, 46, 118, 50, 180, 134, 118, 193, 137, 75, 37, 86, 185, 163, 87, 164, 118, 95, 187, 146, 97, 76, 54, 108, 12, 140, 174, 1, 64, 158, 186, 165, 197, 109, 3),
    (159, 71, 175, 2, 13, 72, 82, 167, 120, 196, 69, 174, 41, 147, 182, 23, 115, 25, 117, 80, 48, 166, 10, 199, 2, 102, 166, 128, 58, 161, 43, 89, 138, 29, 90, 46, 9, 164, 104, 70),
    (160, 113, 151, 135, 44, 130, 88, 72, 80, 181, 58, 192, 146, 9, 111, 114, 117, 62, 139, 10, 35, 58, 8, 25, 98, 11, 111, 131, 150, 35, 106, 78, 174, 170, 170, 164, 47, 5, 146, 144),
    (161, 53, 28, 165, 174, 50, 62, 165, 85, 192, 17, 95, 130, 98, 18, 69, 145, 181, 127, 1, 25, 161, 71, 124, 74, 136, 125, 14, 65, 15, 12, 130, 109, 180, 85, 197, 166, 182, 135, 197),
    (162, 68, 39, 193, 133, 89, 114, 147, 48, 99, 199, 81, 131, 41, 89, 185, 121, 18, 22, 16, 39, 82, 157, 190, 113, 45, 198, 87, 166, 107, 43, 131, 165, 174, 127, 139, 18, 65, 81, 102),
    (163, 122, 169, 48, 196, 14, 120, 109, 113, 68, 34, 71, 168, 111, 115, 90, 69, 179, 141, 171, 123, 134, 153, 25, 88, 142, 77, 14, 107, 18, 132, 68, 88, 103, 76, 81, 47, 94, 67, 60),
    (164, 63, 49, 57, 59, 42, 73, 135, 183, 183, 137, 180, 7, 140, 113, 36, 198, 172, 68, 198, 59, 87, 104, 187, 161, 110, 83, 62, 22, 141, 64, 117, 39, 104, 167, 19, 71, 33, 69, 57),
    (165, 87, 34, 164, 46, 21, 4, 54, 95, 58, 36, 37, 19, 104, 44, 154, 182, 88, 194, 184, 132, 56, 63, 131, 2, 174, 62, 32, 63, 159, 52, 143, 105, 23, 8, 182, 137, 183, 49, 182),
    (166, 168, 186, 180, 139, 114, 133, 2, 64, 190, 187, 30, 105, 165, 63, 188, 111, 20, 6, 145, 81, 63, 67, 127, 126, 195, 192, 105, 151, 164, 167, 54, 96, 0, 199, 119, 67, 188, 1, 70),
    (167, 80, 190, 107, 138, 41, 117, 66, 138, 31, 90, 25, 14, 194, 79, 16, 152, 106, 129, 81, 40, 5, 43, 74, 38, 105, 90, 31, 60, 10, 105, 45, 93, 151, 90, 61, 160, 93, 82, 18),
    (168, 155, 68, 190, 58, 90, 53, 140, 79, 47, 123, 88, 56, 6, 32, 152, 44, 65, 65, 114, 109, 166, 199, 37, 95, 2, 81, 80, 160, 77, 194, 147, 38, 115, 61, 13, 174, 168, 40, 162),
    (169, 0, 33, 195, 84, 133, 48, 12, 153, 181, 80, 173, 89, 190, 138, 167, 173, 79, 110, 193, 163, 85, 67, 196, 68, 189, 51, 193, 91, 183, 129, 34, 32, 20, 9, 133, 164, 184, 34, 185),
    (170, 165, 172, 135, 86, 145, 155, 197, 195, 140, 5, 92, 97, 73, 145, 169, 159, 149, 168, 191, 38, 139, 136, 82, 22, 26, 168, 29, 113, 88, 131, 167, 60, 178, 111, 9, 3, 173, 5, 180),
    (171, 194, 50, 192, 140, 11, 134, 94, 10, 17, 102, 173, 172, 92, 32, 121, 199, 145, 87, 4, 173, 1, 149, 181, 18, 59, 104, 108, 41, 147, 43, 109, 60, 101, 191, 137, 31, 51, 179, 2),
    (172, 144, 36, 135, 108, 189, 38, 151, 167, 112, 130, 174, 76, 146, 113, 48, 54, 193, 127, 79, 23, 97, 96, 136, 53, 143, 151, 42, 64, 35, 140, 93, 74, 102, 65, 16, 183, 52, 195, 158),
    (173, 23, 75, 59, 92, 122, 72, 151, 125, 141, 130, 57, 100, 10, 47, 32, 187, 173, 26, 131, 144, 117, 40, 166, 171, 65, 19, 80, 12, 125, 127, 144, 147, 0, 144, 187, 61, 103, 63, 18),
    (174, 5, 165, 78, 113, 42, 125, 159, 183, 21, 58, 129, 82, 49, 74, 100, 3, 120, 111, 78, 138, 79, 29, 195, 149, 98, 34, 184, 24, 2, 192, 109, 2, 199, 100, 120, 112, 32, 180, 135),
    (175, 57, 186, 100, 152, 103, 0, 97, 60, 75, 73, 101, 11, 56, 88, 195, 167, 99, 175, 17, 125, 7, 25, 75, 172, 183, 63, 48, 120, 11, 23, 178, 143, 122, 83, 40, 68, 20, 118, 132),
    (176, 125, 116, 21, 11, 114, 137, 85, 126, 42, 53, 9, 122, 105, 93, 135, 99, 138, 10, 17, 143, 40, 155, 80, 175, 131, 135, 198, 45, 149, 88, 52, 196, 144, 52, 182, 99, 88, 138, 22),
    (177, 192, 117, 197, 133, 161, 61, 168, 83, 95, 177, 65, 73, 63, 160, 132, 109, 47, 88, 3, 168, 191, 53, 149, 192, 159, 130, 58, 186, 115, 167, 166, 45, 72, 14, 183, 58, 172, 107, 108),
    (178, 37, 119, 166, 45, 38, 38, 178, 198, 29, 193, 76, 101, 16, 34, 61, 186, 186, 77, 193, 65, 153, 121, 29, 55, 89, 161, 71, 108, 135, 30, 103, 138, 19, 126, 122, 54, 97, 194, 138),
    (179, 126, 58, 170, 37, 176, 167, 56, 132, 48, 69, 121, 71, 108, 105, 63, 149, 190, 160, 199, 122, 50, 68, 198, 66, 182, 55, 32, 166, 180, 171, 111, 17, 186, 77, 188, 83, 24, 194, 198),
    (180, 168, 187, 46, 132, 65, 184, 76, 62, 96, 4, 78, 120, 47, 71, 187, 150, 196, 86, 93, 146, 69, 56, 178, 60, 137, 29, 91, 136, 75, 70, 27, 146, 14, 150, 133, 53, 156, 62, 117),
    (181, 139, 85, 170, 141, 116, 54, 44, 71, 57, 32, 78, 194, 184, 130, 133, 73, 118, 117, 186, 117, 99, 130, 92, 121, 105, 40, 101, 7, 133, 190, 60, 167, 45, 20, 25, 142, 181, 23, 1),
    (182, 66, 1, 125, 12, 149, 23, 67, 183, 102, 153, 41, 131, 194, 4, 93, 147, 124, 111, 35, 53, 19, 86, 19, 123, 7, 100, 90, 29, 76, 121, 173, 186, 82, 1, 21, 115, 17, 155, 16),
    (183, 94, 92, 196, 43, 169, 68, 3, 115, 87, 171, 121, 94, 28, 15, 125, 91, 94, 193, 118, 38, 142, 122, 152, 123, 129, 166, 52, 4, 69, 40, 124, 126, 137, 120, 178, 53, 169, 156, 136),
    (184, 4, 82, 109, 51, 70, 31, 155, 146, 78, 53, 12, 117, 20, 199, 187, 188, 31, 58, 187, 73, 55, 105, 74, 95, 57, 58, 56, 116, 134, 86, 109, 84, 10, 131, 36, 82, 58, 54, 53),
    (185, 198, 82, 84, 182, 65, 1, 58, 60, 115, 118, 151, 95, 67, 117, 139, 114, 85, 154, 105, 116, 124, 190, 160, 147, 16, 77, 65, 32, 114, 155, 153, 153, 87, 52, 44, 91, 158, 1, 33),
    (186, 69, 109, 91, 121, 146, 179, 142, 102, 190, 79, 82, 186, 40, 147, 178, 129, 53, 117, 86, 48, 138, 125, 156, 163, 173, 165, 123, 138, 150, 167, 0, 24, 8, 166, 118, 167, 45, 35, 10),
    (187, 39, 185, 28, 56, 96, 100, 3, 187, 76, 106, 12, 73, 95, 94, 66, 9, 14, 18, 101, 49, 176, 4, 84, 160, 13, 153, 25, 161, 20, 130, 61, 12, 77, 6, 160, 137, 77, 58, 137),
    (188, 108, 105, 24, 76, 94, 12, 122, 150, 140, 179, 38, 139, 55, 38, 120, 166, 118, 173, 197, 148, 137, 144, 43, 156, 115, 34, 29, 99, 134, 132, 23, 166, 82, 82, 115, 71, 44, 147, 66),
    (189, 80, 99, 160, 120, 123, 160, 191, 199, 34, 102, 187, 49, 12, 71, 183, 179, 123, 14, 121, 169, 122, 118, 40, 81, 147, 139, 139, 184, 12, 45, 34, 172, 41, 51, 153, 47, 51, 51, 111),
    (190, 99, 85, 73, 145, 73, 163, 161, 36, 80, 138, 152, 103, 102, 79, 153, 183, 9, 111, 199, 120, 113, 153, 150, 65, 91, 89, 132, 122, 161, 99, 2, 193, 178, 39, 123, 76, 171, 41, 180),
    (191, 173, 51, 187, 9, 108, 199, 26, 44, 95, 106, 82, 45, 87, 98, 112, 67, 144, 0, 18, 130, 132, 137, 189, 177, 2, 173, 171, 54, 134, 12, 129, 178, 103, 108, 121, 17, 180, 130, 108),
    (192, 178, 116, 76, 72, 81, 39, 141, 167, 55, 162, 172, 135, 111, 130, 157, 25, 2, 171, 18, 121, 39, 184, 177, 190, 56, 155, 78, 39, 52, 28, 46, 193, 139, 197, 66, 80, 71, 85, 164),
    (193, 172, 190, 126, 63, 154, 6, 81, 95, 133, 183, 104, 84, 58, 162, 34, 181, 44, 42, 56, 180, 158, 186, 46, 79, 17, 36, 33, 34, 65, 173, 197, 66, 116, 33, 147, 198, 24, 68, 148),
    (194, 97, 97, 153, 164, 74, 123, 137, 180, 182, 126, 165, 29, 47, 33, 6, 169, 176, 128, 53, 126, 110, 53, 44, 176, 138, 187, 124, 32, 85, 36, 48, 79, 62, 136, 9, 121, 115, 24, 137),
    (195, 58, 110, 7, 4, 77, 191, 48, 157, 5, 1, 41, 198, 57, 169, 116, 119, 77, 55, 123, 188, 171, 128, 160, 69, 64, 174, 64, 121, 80, 12, 182, 68, 173, 102, 50, 198, 69, 198, 68),
    (196, 8, 178, 36, 91, 52, 168, 27, 12, 151, 186, 10, 45, 50, 185, 39, 181, 197, 138, 98, 186, 34, 131, 124, 61, 139, 30, 96, 116, 52, 7, 198, 23, 7, 104, 190, 103, 82, 82, 113),
    (197, 130, 50, 78, 155, 148, 147, 7, 34, 71, 55, 51, 39, 144, 199, 74, 146, 90, 65, 33, 48, 82, 45, 132, 64, 163, 83, 109, 96, 166, 129, 40, 89, 162, 18, 82, 85, 154, 154, 20),
    (198, 62, 45, 44, 12, 100, 46, 165, 121, 55, 168, 138, 7, 121, 84, 142, 153, 125, 100, 110, 165, 107, 150, 19, 75, 37, 95, 79, 147, 93, 29, 133, 155, 130, 94, 182, 75, 105, 139, 5),
    (199, 11, 171, 176, 178, 142, 158, 42, 39, 49, 94, 141, 77, 167, 115, 179, 176, 81, 134, 195, 0, 75, 144, 94, 64, 62, 12, 137, 108, 135, 102, 112, 29, 86, 36, 90, 110, 97, 12, 47);

INSERT INTO T40 (pk, t1, t2, t3, t4, t5, t6, t7, t8, t9, t10, t11, t12, t13, t14, t15, t16, t17, t18, t19, t20, t21, t22, t23, t24, t25, t26, t27, t28, t29, t30, t31, t32, t33, t34, t35, t36, t37, t38, t39)
VALUES
    (0, 157, 20, 189, 60, 103, 174, 136, 43, 144, 15, 120, 179, 52, 28, 143, 136, 40, 61, 104, 150, 193, 89, 38, 45, 189, 188, 10, 131, 175, 194, 171, 194, 167, 0, 172, 96, 176, 29, 183),
    (1, 126, 181, 44, 70, 23, 80, 153, 100, 75, 39, 4, 148, 156, 80, 149, 13, 36, 132, 24, 170, 167, 28, 41, 177, 41, 126, 10, 92, 130, 74, 107, 56, 118, 41, 15, 138, 9, 100, 48),
    (2, 9, 49, 125, 75, 103, 32, 9, 106, 95, 105, 49, 199, 134, 68, 195, 85, 113, 10, 130, 174, 124, 64, 99, 154, 95, 81, 168, 114, 129, 15, 19, 79, 184, 154, 156, 62, 46, 152, 45),
    (3, 116, 163, 101, 131, 37, 99, 93, 169, 4, 162, 26, 50, 24, 38, 165, 12, 173, 75, 3, 195, 17, 167, 165, 186, 122, 6, 131, 142, 129, 70, 77, 81, 148, 196, 32, 74, 68, 8, 154),
    (4, 146, 129, 35, 148, 24, 125, 190, 60, 120, 127, 187, 51, 21, 181, 120, 163, 24, 107, 37, 98, 29, 175, 168, 146, 34, 138, 196, 5, 150, 165, 175, 89, 61, 58, 126, 124, 72, 127, 197),
    (5, 23, 150, 187, 71, 108, 140, 104, 167, 189, 59, 67, 74, 110, 52, 120, 74, 9, 65, 149, 183, 61, 139, 113, 141, 118, 164, 121, 17, 62, 85, 185, 172, 65, 61, 13, 123, 153, 97, 181),
    (6, 186, 58, 140, 3, 46, 98, 178, 194, 75, 41, 55, 90, 123, 151, 65, 145, 91, 159, 151, 113, 140, 112, 9, 177, 81, 89, 165, 64, 7, 119, 187, 25, 13, 32, 108, 188, 1, 112, 102),
    (7, 70, 59, 12, 167, 139, 22, 30, 46, 101, 113, 11, 157, 183, 124, 42, 173, 1, 93, 28, 79, 197, 61, 119, 147, 198, 182, 134, 100, 34, 130, 183, 154, 79, 169, 160, 168, 194, 28, 186),
    (8, 183, 117, 25, 165, 159, 101, 93, 0, 21, 64, 19, 155, 5, 144, 123, 59, 58, 64, 94, 49, 68, 32, 147, 150, 53, 78, 75, 52, 12, 184, 88, 22, 118, 192, 161, 102, 84, 57, 132),
    (9, 171, 121, 8, 17, 74, 160, 18, 179, 117, 174, 86, 76, 82, 178, 73, 182, 29, 45, 187, 189, 45, 22, 11, 175, 51, 190, 91, 25, 157, 142, 166, 1, 95, 16, 28, 180, 182, 33, 79),
    (10, 111, 114, 123, 50, 0, 56, 32, 77, 31, 71, 41, 184, 194, 180, 54, 174, 165, 134, 143, 23, 100, 139, 156, 34, 140, 63, 109, 93, 36, 166, 38, 133, 114, 66, 193, 4, 156, 135, 59),
    (11, 197, 162, 19, 178, 59, 194, 79, 24, 106, 25, 137, 27, 170, 9, 192, 88, 15, 165, 111, 76, 59, 106, 94, 67, 34, 181, 183, 54, 50, 181, 114, 158, 197, 35, 94, 0, 183, 124, 188),
    (12, 52, 29, 15, 97, 7, 104, 7, 5, 118, 140, 27, 5, 194, 147, 115, 22, 61, 147, 72, 64, 136, 51, 110, 72, 18, 105, 48, 14, 33, 107, 190, 85, 190, 47, 21, 136, 195, 133, 8),
    (13, 188, 70, 3, 22, 139, 105, 146, 180, 46, 166, 165, 61, 117, 154, 193, 18, 194, 25, 108, 65, 178, 168, 134, 172, 189, 54, 112, 141, 48, 165, 112, 133, 175, 177, 136, 83, 24, 95, 97),
    (14, 9, 141, 20, 127, 192, 1, 51, 117, 16, 149, 199, 70, 67, 42, 160, 118, 28, 91, 44, 199, 160, 185, 163, 8, 91, 66, 114, 32, 82, 133, 122, 56, 103, 112, 42, 118, 50, 41, 10),
    (15, 26, 23, 21, 196, 57, 195, 168, 21, 52, 21, 4, 134, 103, 106, 166, 25, 77, 134, 26, 20, 149, 48, 177, 9, 118, 150, 50, 184, 191, 50, 120, 158, 199, 141, 149, 176, 97, 127, 63),
    (16, 83, 124, 53, 113, 79, 146, 77, 87, 199, 149, 99, 184, 168, 165, 43, 197, 138, 57, 180, 45, 137, 113, 120, 56, 65, 185, 179, 77, 112, 186, 18, 56, 88, 40, 90, 98, 22, 180, 174),
    (17, 143, 96, 65, 182, 133, 34, 156, 23, 77, 141, 176, 158, 33, 172, 117, 96, 117, 107, 102, 119, 51, 166, 152, 170, 121, 178, 58, 58, 109, 31, 46, 47, 163, 35, 150, 41, 133, 39, 107),
    (18, 116, 57, 134, 79, 21, 17, 110, 63, 112, 117, 77, 92, 82, 83, 161, 104, 93, 125, 76, 194, 192, 132, 175, 121, 28, 19, 133, 105, 129, 135, 27, 138, 157, 110, 12, 64, 100, 44, 168),
    (19, 180, 100, 68, 128, 157, 160, 188, 92, 152, 170, 6, 109, 25, 136, 166, 9, 173, 194, 35, 173, 5, 133, 44, 134, 36, 103, 20, 129, 21, 170, 94, 43, 194, 13, 176, 5, 5, 175, 51),
    (20, 101, 137, 169, 69, 46, 113, 131, 156, 199, 143, 124, 45, 39, 117, 42, 43, 51, 35, 100, 94, 78, 160, 128, 59, 16, 168, 24, 155, 180, 182, 185, 18, 18, 8, 129, 112, 157, 170, 20),
    (21, 147, 90, 115, 7, 124, 2, 87, 96, 73, 130, 145, 154, 178, 114, 127, 65, 64, 124, 13, 14, 196, 142, 136, 84, 197, 114, 169, 84, 84, 187, 156, 169, 97, 42, 147, 49, 99, 116, 91),
    (22, 72, 139, 173, 177, 182, 104, 134, 75, 21, 120, 63, 104, 192, 146, 146, 188, 143, 62, 9, 90, 52, 151, 77, 110, 55, 162, 100, 98, 77, 132, 164, 94, 188, 158, 39, 196, 161, 194, 185),
    (23, 180, 183, 128, 5, 124, 32, 175, 95, 142, 62, 52, 195, 165, 23, 151, 186, 187, 89, 175, 190, 110, 169, 91, 61, 64, 93, 150, 131, 156, 12, 29, 18, 92, 79, 18, 177, 189, 96, 151),
    (24, 84, 167, 192, 89, 55, 67, 25, 98, 60, 41, 102, 157, 52, 197, 9, 12, 103, 106, 117, 157, 107, 85, 95, 16, 12, 170, 191, 156, 165, 104, 8, 67, 82, 22, 44, 176, 104, 8, 117),
    (25, 83, 116, 170, 171, 171, 142, 56, 104, 168, 95, 4, 104, 138, 10, 157, 159, 149, 131, 66, 106, 15, 169, 145, 126, 187, 152, 133, 98, 80, 134, 90, 154, 53, 112, 10, 60, 157, 166, 133),
    (26, 86, 191, 195, 173, 48, 1, 194, 188, 184, 167, 72, 69, 138, 3, 155, 88, 109, 58, 49, 93, 158, 26, 56, 180, 23, 101, 7, 79, 69, 156, 107, 31, 8, 96, 45, 182, 65, 72, 86),
    (27, 77, 160, 94, 49, 44, 137, 44, 30, 172, 163, 45, 40, 78, 45, 71, 128, 13, 22, 49, 192, 7, 35, 181, 185, 117, 4, 116, 191, 116, 183, 146, 66, 22, 133, 151, 3, 156, 122, 142),
    (28, 140, 126, 26, 89, 22, 170, 131, 169, 29, 17, 43, 151, 134, 23, 141, 40, 56, 40, 155, 105, 185, 6, 40, 30, 75, 21, 104, 60, 4, 86, 135, 26, 135, 46, 168, 37, 29, 32, 159),
    (29, 86, 135, 2, 159, 126, 126, 193, 16, 84, 184, 161, 2, 11, 42, 27, 127, 107, 24, 53, 96, 42, 87, 197, 16, 199, 6, 133, 95, 169, 28, 60, 10, 185, 96, 41, 44, 60, 145, 176),
    (30, 121, 124, 30, 50, 188, 3, 106, 148, 174, 106, 124, 174, 163, 171, 182, 27, 139, 92, 100, 17, 63, 181, 140, 64, 146, 189, 72, 79, 191, 35, 43, 131, 110, 86, 51, 10, 38, 72, 104),
    (31, 123, 164, 186, 32, 55, 111, 142, 23, 117, 59, 192, 115, 142, 34, 160, 40, 150, 59, 127, 127, 128, 60, 1, 113, 144, 113, 1, 34, 97, 165, 164, 19, 126, 170, 188, 24, 128, 7, 83),
    (32, 83, 135, 84, 126, 91, 164, 85, 91, 196, 73, 98, 70, 77, 164, 105, 106, 53, 71, 104, 78, 87, 89, 181, 61, 198, 131, 54, 100, 116, 95, 186, 28, 101, 190, 84, 14, 37, 151, 118),
    (33, 87, 160, 8, 156, 134, 199, 52, 60, 41, 16, 111, 92, 87, 183, 173, 15, 95, 88, 22, 167, 19, 172, 70, 30, 144, 15, 20, 1, 82, 143, 156, 137, 191, 60, 32, 17, 3, 136, 109),
    (34, 159, 85, 76, 184, 182, 148, 56, 75, 51, 79, 22, 46, 50, 99, 137, 16, 25, 141, 28, 105, 94, 138, 178, 191, 135, 59, 27, 12, 66, 2, 40, 64, 44, 81, 148, 139, 91, 180, 105),
    (35, 107, 89, 178, 0, 124, 63, 75, 39, 83, 4, 146, 104, 57, 194, 77, 23, 52, 135, 91, 49, 94, 36, 129, 98, 195, 82, 135, 166, 139, 133, 161, 189, 28, 67, 183, 60, 88, 127, 25),
    (36, 184, 150, 166, 180, 186, 75, 186, 6, 116, 184, 147, 120, 90, 72, 150, 158, 153, 47, 130, 38, 29, 3, 155, 164, 110, 194, 56, 10, 10, 141, 25, 168, 74, 198, 199, 110, 46, 187, 58),
    (37, 198, 122, 164, 188, 16, 131, 161, 157, 172, 56, 86, 158, 12, 109, 61, 12, 85, 62, 144, 88, 149, 134, 43, 25, 153, 84, 148, 13, 155, 119, 57, 190, 66, 80, 56, 133, 170, 163, 162),
    (38, 66, 99, 116, 57, 157, 58, 58, 88, 151, 161, 165, 129, 96, 171, 189, 111, 41, 51, 11, 85, 185, 78, 48, 131, 17, 128, 169, 32, 146, 25, 106, 170, 110, 192, 2, 34, 35, 107, 92),
    (39, 47, 138, 34, 48, 123, 85, 4, 183, 134, 45, 96, 74, 193, 45, 76, 135, 76, 54, 58, 102, 54, 196, 156, 27, 179, 111, 46, 128, 146, 80, 88, 67, 190, 161, 100, 107, 52, 148, 160),
    (40, 38, 78, 133, 76, 91, 123, 118, 74, 185, 24, 38, 38, 45, 141, 161, 68, 136, 170, 137, 68, 183, 136, 83, 103, 173, 70, 39, 24, 40, 70, 35, 130, 181, 11, 106, 163, 177, 51, 61),
    (41, 103, 47, 169, 42, 43, 79, 19, 106, 18, 123, 75, 194, 22, 152, 2, 158, 80, 191, 53, 30, 102, 95, 118, 20, 186, 148, 26, 83, 170, 114, 94, 11, 66, 87, 37, 115, 96, 63, 16),
    (42, 35, 183, 122, 117, 102, 83, 78, 140, 73, 155, 139, 65, 44, 117, 162, 56, 64, 62, 122, 65, 38, 112, 135, 191, 185, 86, 32, 163, 146, 63, 182, 168, 116, 115, 63, 87, 78, 50, 24),
    (43, 68, 51, 186, 70, 83, 105, 39, 108, 87, 20, 68, 149, 182, 42, 38, 192, 123, 1, 178, 39, 20, 47, 148, 21, 111, 134, 192, 128, 120, 39, 133, 115, 61, 60, 125, 190, 163, 21, 93),
    (44, 38, 30, 157, 89, 167, 120, 98, 19, 140, 175, 55, 37, 170, 178, 113, 160, 176, 122, 47, 29, 128, 26, 67, 67, 89, 44, 108, 120, 7, 60, 178, 169, 35, 198, 173, 23, 177, 87, 16),
    (45, 63, 51, 75, 2, 43, 39, 174, 148, 69, 67, 87, 76, 127, 130, 39, 19, 55, 54, 95, 184, 82, 85, 118, 72, 98, 134, 18, 129, 176, 87, 98, 99, 20, 182, 184, 86, 37, 157, 151),
    (46, 60, 53, 52, 66, 120, 83, 113, 95, 195, 78, 66, 43, 3, 39, 167, 45, 130, 130, 65, 163, 104, 136, 81, 176, 116, 36, 148, 7, 117, 61, 162, 144, 178, 104, 74, 94, 131, 91, 174),
    (47, 12, 170, 31, 66, 58, 153, 15, 184, 107, 111, 117, 197, 84, 117, 93, 11, 9, 198, 190, 139, 59, 128, 130, 173, 192, 135, 48, 162, 195, 56, 98, 53, 72, 131, 93, 160, 184, 188, 40),
    (48, 128, 78, 55, 67, 88, 17, 125, 96, 12, 168, 139, 82, 26, 188, 22, 195, 186, 84, 70, 174, 108, 105, 195, 189, 190, 85, 70, 83, 33, 198, 83, 163, 9, 188, 72, 181, 35, 46, 163),
    (49, 136, 136, 10, 15, 152, 154, 39, 33, 82, 107, 109, 39, 160, 64, 145, 149, 33, 161, 183, 189, 164, 22, 59, 57, 137, 39, 33, 137, 2, 102, 151, 150, 52, 139, 183, 82, 76, 133, 127),
    (50, 23, 109, 194, 26, 85, 59, 81, 54, 175, 92, 50, 84, 164, 138, 100, 28, 7, 59, 127, 191, 99, 156, 117, 98, 129, 9, 76, 26, 115, 72, 71, 5, 32, 14, 82, 165, 161, 168, 104),
    (51, 190, 177, 30, 47, 144, 122, 188, 166, 13, 144, 172, 96, 78, 149, 71, 25, 56, 29, 199, 112, 37, 178, 98, 87, 165, 173, 36, 85, 5, 97, 70, 86, 64, 10, 36, 167, 127, 22, 18),
    (52, 97, 130, 35, 84, 36, 117, 178, 140, 142, 58, 124, 54, 42, 16, 130, 41, 111, 32, 148, 134, 123, 126, 5, 141, 151, 68, 169, 69, 98, 145, 63, 188, 195, 121, 159, 110, 101, 92, 138),
    (53, 195, 122, 96, 7, 83, 187, 18, 2, 28, 80, 27, 147, 189, 188, 92, 139, 180, 33, 167, 63, 55, 62, 168, 112, 140, 76, 197, 66, 32, 169, 6, 170, 15, 46, 175, 56, 81, 161, 183),
    (54, 191, 171, 195, 118, 32, 96, 93, 78, 194, 165, 145, 116, 131, 112, 197, 187, 35, 77, 65, 72, 90, 142, 53, 18, 193, 79, 131, 108, 63, 74, 159, 156, 71, 22, 32, 70, 65, 80, 184),
    (55, 25, 136, 131, 103, 159, 172, 11, 48, 143, 92, 90, 160, 67, 176, 63, 147, 2, 169, 46, 118, 106, 165, 18, 159, 119, 67, 0, 101, 142, 141, 173, 41, 11, 179, 156, 134, 24, 103, 134),
    (56, 178, 70, 115, 139, 23, 67, 86, 42, 137, 36, 146, 35, 70, 178, 61, 18, 34, 184, 197, 35, 36, 147, 112, 190, 173, 150, 93, 193, 28, 52, 57, 140, 138, 190, 179, 54, 91, 34, 25),
    (57, 183, 159, 154, 15, 136, 121, 29, 169, 70, 117, 54, 182, 83, 144, 197, 169, 61, 174, 22, 182, 104, 185, 122, 52, 113, 160, 32, 12, 68, 175, 38, 131, 153, 23, 14, 9, 65, 71, 11),
    (58, 189, 75, 48, 21, 90, 69, 88, 40, 97, 86, 175, 17, 146, 39, 133, 91, 135, 75, 117, 98, 110, 194, 191, 121, 149, 54, 148, 140, 122, 167, 189, 14, 11, 74, 13, 160, 193, 186, 60),
    (59, 58, 174, 71, 92, 177, 25, 68, 56, 45, 158, 184, 99, 114, 161, 44, 92, 27, 131, 145, 79, 180, 91, 132, 169, 2, 62, 146, 167, 23, 134, 150, 102, 166, 137, 0, 43, 64, 153, 14),
    (60, 49, 138, 48, 6, 139, 132, 23, 148, 51, 113, 127, 141, 15, 81, 48, 138, 144, 10, 14, 198, 45, 174, 92, 66, 131, 120, 67, 62, 89, 132, 99, 193, 135, 187, 131, 99, 156, 195, 31),
    (61, 105, 156, 155, 164, 128, 24, 175, 87, 196, 108, 67, 16, 118, 7, 72, 175, 114, 131, 119, 164, 110, 169, 89, 123, 56, 40, 188, 121, 188, 185, 5, 143, 122, 8, 96, 63, 138, 29, 140),
    (62, 177, 169, 146, 154, 86, 67, 131, 10, 126, 164, 180, 91, 100, 62, 80, 92, 137, 90, 191, 187, 7, 33, 142, 51, 148, 6, 30, 186, 28, 93, 148, 158, 196, 82, 161, 84, 47, 110, 145),
    (63, 79, 121, 35, 170, 10, 104, 133, 155, 155, 75, 179, 178, 165, 15, 183, 9, 123, 191, 67, 171, 118, 90, 105, 110, 156, 101, 190, 88, 27, 148, 20, 38, 165, 90, 20, 195, 152, 31, 39),
    (64, 193, 173, 61, 137, 142, 127, 32, 145, 54, 129, 154, 186, 181, 17, 148, 84, 107, 73, 107, 146, 88, 139, 64, 131, 186, 31, 101, 85, 153, 109, 29, 44, 11, 22, 24, 148, 68, 7, 54),
    (65, 114, 124, 42, 3, 160, 196, 45, 93, 56, 130, 170, 22, 47, 88, 165, 73, 68, 98, 33, 90, 41, 116, 115, 167, 73, 46, 17, 102, 70, 7, 161, 114, 54, 78, 168, 89, 193, 109, 166),
    (66, 142, 112, 27, 154, 113, 38, 100, 171, 104, 199, 0, 181, 82, 161, 30, 16, 145, 94, 186, 182, 82, 18, 181, 0, 155, 134, 35, 41, 39, 154, 182, 172, 128, 152, 125, 39, 163, 34, 35),
    (67, 71, 30, 79, 9, 195, 73, 186, 191, 3, 35, 167, 41, 171, 70, 101, 135, 4, 69, 100, 78, 37, 63, 156, 128, 192, 189, 126, 27, 49, 57, 151, 171, 169, 11, 14, 183, 161, 155, 77),
    (68, 63, 134, 153, 6, 6, 105, 16, 118, 86, 146, 126, 115, 71, 12, 52, 146, 97, 6, 36, 182, 98, 122, 0, 161, 12, 143, 89, 46, 165, 106, 28, 113, 105, 183, 55, 17, 64, 0, 183),
    (69, 26, 121, 66, 131, 101, 82, 95, 54, 193, 146, 88, 77, 124, 165, 97, 0, 116, 83, 2, 78, 165, 14, 195, 131, 45, 75, 96, 155, 79, 164, 117, 164, 25, 175, 14, 94, 54, 120, 26),
    (70, 179, 185, 67, 50, 53, 28, 139, 139, 110, 170, 169, 103, 45, 106, 107, 189, 164, 42, 51, 87, 121, 111, 89, 192, 16, 36, 14, 85, 53, 117, 83, 2, 91, 97, 56, 84, 19, 81, 53),
    (71, 59, 177, 29, 123, 174, 82, 128, 4, 20, 83, 171, 99, 81, 47, 60, 9, 12, 33, 88, 55, 111, 91, 62, 127, 192, 91, 134, 119, 172, 180, 63, 168, 183, 176, 4, 191, 143, 146, 80),
    (72, 105, 165, 182, 142, 111, 73, 155, 20, 6, 82, 195, 107, 59, 135, 17, 72, 145, 33, 197, 11, 13, 198, 36, 122, 22, 61, 188, 147, 27, 159, 178, 5, 128, 143, 47, 188, 63, 94, 139),
    (73, 38, 139, 34, 75, 145, 187, 41, 65, 19, 136, 23, 62, 90, 80, 196, 24, 199, 2, 34, 63, 37, 49, 71, 83, 5, 110, 158, 46, 187, 176, 172, 137, 56, 102, 78, 26, 71, 9, 179),
    (74, 15, 25, 148, 65, 4, 72, 167, 5, 35, 190, 175, 64, 83, 173, 85, 72, 73, 50, 198, 9, 7, 9, 40, 117, 143, 108, 191, 170, 140, 113, 157, 194, 155, 183, 108, 179, 58, 4, 3),
    (75, 113, 141, 114, 116, 64, 115, 108, 131, 188, 168, 75, 103, 99, 84, 60, 160, 54, 173, 51, 62, 111, 80, 139, 44, 58, 190, 186, 168, 125, 161, 174, 22, 161, 98, 45, 171, 125, 155, 11),
    (76, 61, 22, 113, 72, 157, 6, 48, 168, 28, 5, 27, 99, 161, 145, 191, 77, 44, 166, 190, 20, 62, 175, 154, 67, 120, 13, 95, 50, 69, 29, 191, 176, 33, 64, 196, 186, 69, 162, 85),
    (77, 63, 120, 151, 157, 133, 61, 123, 63, 124, 196, 77, 30, 24, 170, 182, 117, 88, 47, 152, 124, 118, 83, 185, 33, 43, 64, 10, 31, 128, 187, 107, 47, 125, 165, 53, 129, 12, 104, 162),
    (78, 55, 51, 121, 125, 6, 86, 31, 181, 64, 189, 18, 159, 30, 148, 18, 153, 137, 0, 83, 11, 185, 168, 64, 141, 28, 85, 35, 26, 198, 128, 146, 26, 55, 108, 41, 187, 34, 199, 166),
    (79, 179, 35, 152, 24, 98, 194, 153, 30, 175, 187, 103, 162, 53, 174, 107, 88, 67, 197, 0, 129, 165, 139, 91, 58, 145, 80, 117, 163, 175, 120, 139, 113, 193, 108, 143, 76, 108, 25, 146),
    (80, 74, 41, 56, 65, 164, 37, 64, 173, 1, 125, 102, 102, 92, 194, 155, 199, 41, 146, 179, 85, 151, 39, 168, 189, 27, 45, 130, 144, 53, 159, 163, 129, 1, 90, 95, 177, 38, 15, 108),
    (81, 73, 171, 37, 43, 90, 11, 55, 99, 178, 117, 114, 50, 49, 163, 82, 10, 79, 11, 79, 156, 80, 153, 65, 58, 199, 45, 43, 38, 177, 181, 17, 172, 96, 119, 14, 146, 51, 183, 166),
    (82, 119, 177, 37, 141, 151, 84, 176, 55, 98, 50, 88, 12, 75, 69, 190, 99, 161, 142, 178, 136, 15, 48, 106, 69, 52, 63, 58, 125, 168, 94, 65, 97, 75, 174, 86, 144, 170, 40, 107),
    (83, 69, 77, 185, 163, 99, 170, 74, 123, 130, 114, 42, 191, 49, 93, 144, 54, 9, 50, 27, 1, 13, 7, 0, 33, 39, 166, 119, 17, 20, 102, 130, 126, 111, 45, 120, 1, 76, 59, 143),
    (84, 92, 80, 80, 122, 74, 73, 103, 47, 15, 112, 108, 151, 132, 39, 99, 49, 100, 1, 41, 24, 42, 130, 70, 98, 102, 88, 14, 65, 71, 164, 109, 137, 22, 52, 176, 64, 131, 129, 14),
    (85, 106, 70, 60, 12, 132, 59, 183, 134, 125, 90, 129, 37, 61, 195, 4, 149, 177, 16, 107, 102, 8, 184, 123, 117, 17, 70, 18, 131, 118, 40, 114, 109, 79, 114, 175, 26, 158, 102, 175),
    (86, 196, 83, 188, 50, 41, 159, 175, 56, 71, 86, 181, 11, 147, 25, 159, 138, 129, 153, 116, 183, 82, 47, 13, 182, 145, 134, 39, 148, 163, 133, 165, 188, 160, 116, 53, 92, 67, 182, 11),
    (87, 23, 14, 81, 51, 84, 150, 60, 61, 49, 166, 84, 64, 199, 130, 198, 45, 9, 64, 105, 145, 29, 101, 2, 117, 137, 92, 10, 51, 105, 185, 130, 99, 5, 138, 89, 67, 42, 21, 174),
    (88, 84, 146, 176, 56, 186, 5, 13, 1, 72, 188, 194, 27, 61, 5, 119, 195, 159, 61, 44, 12, 188, 28, 120, 66, 147, 101, 84, 178, 4, 65, 142, 29, 39, 80, 169, 109, 195, 61, 18),
    (89, 21, 114, 47, 173, 11, 161, 110, 194, 142, 46, 142, 177, 114, 198, 111, 94, 175, 10, 51, 117, 165, 108, 174, 139, 145, 38, 25, 46, 113, 61, 122, 156, 38, 135, 193, 39, 185, 29, 31),
    (90, 160, 174, 184, 68, 84, 89, 186, 98, 104, 163, 47, 101, 38, 133, 30, 198, 152, 164, 184, 77, 171, 185, 136, 71, 19, 107, 112, 120, 103, 52, 30, 149, 37, 136, 44, 189, 57, 113, 160),
    (91, 38, 44, 48, 5, 42, 89, 59, 40, 22, 49, 119, 8, 61, 41, 105, 194, 23, 124, 72, 18, 158, 196, 198, 99, 171, 197, 171, 178, 76, 158, 87, 76, 115, 59, 195, 99, 150, 182, 170),
    (92, 12, 53, 171, 111, 10, 71, 148, 182, 186, 149, 179, 58, 98, 117, 71, 44, 50, 127, 180, 172, 27, 108, 13, 55, 184, 191, 155, 18, 130, 11, 178, 51, 144, 168, 54, 45, 142, 180, 3),
    (93, 176, 164, 56, 182, 1, 181, 109, 47, 15, 97, 102, 136, 34, 120, 167, 17, 84, 60, 99, 197, 187, 186, 58, 60, 74, 97, 152, 31, 43, 63, 185, 42, 157, 50, 104, 116, 53, 89, 97),
    (94, 143, 116, 132, 144, 22, 8, 169, 190, 55, 99, 12, 113, 26, 193, 24, 164, 167, 59, 47, 87, 177, 96, 188, 12, 113, 112, 36, 112, 171, 76, 107, 16, 103, 138, 109, 34, 29, 104, 190),
    (95, 7, 120, 92, 9, 143, 105, 9, 182, 185, 74, 193, 18, 98, 131, 156, 23, 198, 66, 41, 126, 47, 180, 144, 150, 12, 150, 10, 101, 81, 120, 17, 3, 185, 87, 77, 27, 20, 123, 166),
    (96, 167, 72, 178, 140, 52, 116, 191, 7, 26, 10, 108, 74, 137, 56, 117, 100, 5, 118, 6, 51, 111, 113, 125, 98, 195, 50, 27, 162, 108, 61, 77, 21, 26, 28, 118, 59, 54, 181, 55),
    (97, 97, 160, 6, 152, 57, 165, 131, 128, 94, 56, 5, 90, 16, 125, 35, 7, 93, 145, 3, 10, 65, 36, 59, 42, 164, 147, 51, 7, 4, 191, 99, 173, 180, 85, 82, 123, 17, 11, 195),
    (98, 146, 196, 146, 58, 46, 121, 69, 175, 151, 13, 113, 62, 129, 91, 186, 117, 86, 129, 8, 158, 0, 75, 112, 56, 5, 83, 28, 53, 13, 60, 49, 180, 16, 125, 189, 154, 84, 146, 68),
    (99, 190, 14, 40, 187, 51, 117, 170, 196, 148, 35, 196, 89, 129, 74, 155, 10, 83, 50, 167, 68, 51, 84, 41, 119, 61, 58, 40, 174, 105, 190, 59, 108, 17, 55, 187, 111, 26, 60, 0),
    (100, 170, 98, 154, 160, 158, 124, 29, 147, 72, 75, 186, 14, 155, 90, 106, 119, 195, 0, 27, 151, 132, 40, 152, 143, 162, 157, 19, 176, 57, 131, 154, 61, 18, 111, 78, 64, 31, 27, 160),
    (101, 99, 53, 122, 130, 91, 153, 85, 186, 146, 68, 148, 68, 43, 160, 1, 81, 133, 162, 122, 5, 160, 115, 68, 157, 110, 150, 121, 35, 61, 45, 68, 57, 146, 130, 138, 110, 105, 168, 115),
    (102, 32, 9, 167, 49, 64, 106, 103, 108, 75, 72, 83, 105, 134, 162, 45, 125, 146, 49, 125, 24, 60, 184, 42, 95, 155, 77, 154, 32, 51, 190, 31, 106, 121, 92, 39, 174, 128, 121, 113),
    (103, 78, 25, 138, 130, 58, 17, 79, 145, 183, 53, 90, 108, 76, 91, 71, 89, 116, 19, 66, 97, 169, 182, 93, 112, 140, 147, 44, 84, 103, 116, 174, 145, 187, 75, 85, 192, 1, 51, 9),
    (104, 190, 26, 165, 87, 192, 123, 149, 126, 185, 170, 79, 183, 3, 125, 191, 128, 100, 91, 194, 147, 23, 113, 163, 87, 20, 175, 124, 162, 184, 103, 19, 26, 174, 95, 3, 38, 53, 153, 70),
    (105, 189, 162, 28, 24, 185, 198, 17, 31, 35, 47, 98, 194, 113, 33, 123, 82, 66, 12, 133, 2, 114, 90, 59, 149, 58, 130, 97, 5, 165, 39, 123, 181, 164, 2, 9, 122, 91, 46, 80),
    (106, 135, 68, 132, 40, 190, 190, 45, 199, 94, 81, 63, 166, 20, 58, 34, 107, 143, 4, 21, 101, 199, 138, 157, 55, 87, 74, 10, 48, 181, 113, 40, 70, 152, 185, 96, 34, 5, 149, 110),
    (107, 99, 156, 134, 35, 194, 93, 157, 154, 178, 137, 49, 143, 125, 191, 140, 50, 166, 41, 122, 21, 194, 53, 199, 79, 167, 25, 76, 81, 78, 108, 33, 153, 197, 19, 24, 111, 102, 157, 112),
    (108, 63, 143, 103, 61, 146, 37, 8, 194, 7, 123, 139, 154, 80, 65, 61, 16, 35, 159, 70, 153, 51, 147, 96, 120, 175, 171, 27, 162, 1, 112, 78, 10, 164, 197, 94, 48, 48, 64, 71),
    (109, 63, 52, 55, 192, 118, 33, 36, 47, 190, 53, 16, 0, 141, 199, 156, 84, 82, 78, 193, 62, 24, 107, 18, 68, 69, 49, 155, 53, 182, 177, 170, 9, 5, 43, 113, 4, 86, 27, 21),
    (110, 80, 95, 25, 169, 106, 149, 30, 49, 174, 128, 186, 50, 15, 126, 167, 32, 134, 190, 139, 76, 158, 51, 110, 169, 142, 180, 49, 187, 18, 159, 120, 100, 17, 154, 73, 18, 156, 194, 174),
    (111, 137, 45, 71, 94, 176, 43, 33, 172, 192, 172, 103, 93, 159, 183, 142, 110, 136, 147, 18, 23, 37, 66, 85, 151, 104, 49, 79, 98, 40, 105, 48, 164, 174, 40, 75, 167, 146, 50, 86),
    (112, 80, 143, 17, 120, 59, 65, 28, 57, 146, 92, 115, 103, 63, 91, 31, 152, 38, 164, 0, 74, 3, 35, 176, 128, 130, 63, 190, 22, 29, 2, 56, 97, 73, 94, 159, 72, 141, 122, 44),
    (113, 140, 125, 124, 104, 196, 168, 160, 81, 94, 177, 3, 134, 120, 11, 1, 89, 162, 12, 122, 31, 89, 37, 192, 95, 138, 79, 43, 166, 58, 140, 15, 14, 176, 25, 87, 123, 91, 119, 85),
    (114, 67, 195, 70, 83, 176, 55, 54, 55, 177, 18, 179, 79, 25, 89, 77, 3, 19, 170, 98, 173, 87, 191, 165, 118, 62, 170, 114, 9, 80, 183, 17, 87, 87, 98, 93, 159, 45, 39, 115),
    (115, 3, 126, 157, 35, 26, 162, 119, 32, 53, 67, 192, 171, 196, 31, 56, 105, 189, 162, 93, 156, 32, 139, 153, 193, 193, 24, 66, 118, 163, 186, 167, 12, 74, 133, 87, 167, 184, 104, 41),
    (116, 180, 23, 48, 157, 7, 83, 88, 112, 93, 34, 119, 1, 73, 44, 54, 65, 153, 76, 198, 116, 180, 104, 3, 150, 0, 137, 126, 180, 81, 72, 152, 74, 52, 78, 91, 131, 125, 114, 34),
    (117, 122, 128, 113, 122, 139, 55, 38, 194, 60, 79, 177, 110, 48, 60, 127, 5, 72, 36, 142, 135, 195, 142, 28, 70, 129, 153, 22, 179, 111, 56, 114, 183, 1, 74, 137, 14, 116, 115, 103),
    (118, 94, 159, 52, 21, 112, 77, 16, 39, 10, 89, 70, 10, 178, 191, 79, 40, 3, 157, 44, 133, 53, 34, 195, 113, 176, 196, 103, 91, 160, 80, 87, 190, 58, 196, 164, 103, 87, 163, 11),
    (119, 17, 199, 65, 187, 94, 16, 175, 95, 27, 145, 143, 147, 46, 70, 53, 154, 159, 195, 155, 33, 39, 9, 11, 87, 188, 167, 100, 172, 73, 148, 121, 17, 132, 159, 77, 5, 124, 110, 88),
    (120, 74, 158, 98, 114, 68, 128, 29, 177, 12, 47, 130, 9, 117, 75, 15, 42, 130, 67, 172, 68, 76, 87, 84, 16, 94, 144, 68, 168, 83, 1, 187, 119, 140, 109, 56, 5, 142, 143, 180),
    (121, 104, 84, 76, 88, 70, 54, 24, 58, 167, 6, 185, 172, 98, 42, 106, 2, 198, 141, 83, 164, 182, 140, 68, 116, 120, 115, 183, 34, 55, 137, 68, 60, 100, 15, 96, 166, 151, 28, 145),
    (122, 9, 134, 85, 46, 7, 199, 8, 125, 26, 62, 64, 192, 55, 136, 170, 97, 79, 55, 135, 151, 53, 9, 79, 77, 110, 65, 147, 45, 175, 36, 65, 83, 74, 103, 90, 18, 157, 179, 24),
    (123, 37, 12, 12, 62, 160, 196, 109, 44, 55, 193, 97, 0, 129, 27, 174, 141, 154, 10, 4, 15, 75, 21, 71, 166, 30, 86, 88, 188, 98, 110, 86, 114, 124, 82, 84, 124, 149, 157, 8),
    (124, 34, 15, 120, 179, 87, 190, 66, 94, 153, 106, 165, 15, 5, 195, 107, 195, 185, 189, 170, 35, 104, 5, 49, 88, 40, 6, 148, 178, 153, 150, 190, 183, 34, 14, 17, 33, 131, 129, 4),
    (125, 72, 24, 187, 102, 58, 144, 124, 159, 138, 2, 22, 39, 129, 16, 112, 139, 73, 143, 176, 21, 168, 97, 39, 149, 80, 135, 146, 90, 1, 18, 160, 181, 103, 112, 57, 136, 74, 36, 135),
    (126, 12, 146, 7, 155, 45, 194, 21, 119, 114, 50, 134, 198, 10, 181, 82, 9, 106, 102, 152, 178, 30, 39, 198, 166, 128, 160, 192, 166, 167, 101, 113, 28, 178, 155, 74, 67, 11, 56, 179),
    (127, 143, 37, 148, 36, 172, 131, 197, 91, 64, 15, 10, 166, 21, 19, 23, 146, 113, 170, 73, 34, 125, 20, 148, 144, 151, 155, 33, 164, 101, 52, 84, 83, 133, 174, 80, 14, 168, 88, 12),
    (128, 53, 78, 72, 91, 124, 50, 53, 106, 198, 152, 168, 161, 71, 20, 3, 198, 132, 137, 39, 139, 78, 116, 107, 15, 107, 153, 66, 166, 133, 83, 58, 90, 35, 54, 152, 68, 75, 170, 161),
    (129, 72, 7, 156, 178, 9, 154, 189, 62, 179, 143, 5, 143, 177, 2, 22, 101, 63, 101, 33, 173, 82, 172, 94, 120, 84, 193, 51, 178, 148, 31, 65, 150, 69, 54, 66, 103, 72, 186, 153),
    (130, 102, 195, 109, 194, 64, 30, 192, 182, 100, 99, 58, 101, 149, 93, 121, 1, 123, 43, 148, 34, 78, 99, 81, 139, 152, 27, 68, 38, 83, 141, 51, 189, 7, 97, 62, 117, 119, 62, 23),
    (131, 28, 191, 69, 158, 168, 88, 180, 30, 193, 98, 141, 175, 21, 36, 92, 84, 95, 127, 190, 129, 0, 151, 177, 38, 37, 12, 165, 12, 173, 194, 99, 13, 5, 101, 176, 159, 17, 92, 195),
    (132, 141, 137, 189, 112, 156, 127, 106, 43, 49, 112, 15, 180, 131, 166, 114, 10, 33, 133, 163, 88, 140, 99, 95, 6, 89, 53, 185, 191, 53, 34, 132, 114, 45, 111, 158, 175, 57, 85, 76),
    (133, 67, 134, 178, 152, 3, 28, 183, 138, 154, 40, 188, 112, 90, 23, 152, 86, 80, 144, 63, 154, 132, 131, 68, 25, 191, 173, 19, 44, 132, 112, 86, 121, 173, 52, 66, 177, 88, 179, 17),
    (134, 56, 39, 160, 158, 147, 35, 69, 90, 5, 30, 160, 145, 196, 86, 180, 20, 75, 38, 180, 150, 31, 141, 83, 173, 22, 154, 186, 95, 133, 191, 101, 170, 30, 123, 2, 96, 155, 9, 85),
    (135, 80, 1, 88, 69, 123, 94, 83, 40, 10, 122, 173, 53, 88, 81, 178, 58, 141, 189, 109, 95, 96, 172, 6, 91, 110, 134, 155, 193, 139, 42, 110, 103, 50, 46, 197, 40, 44, 197, 50),
    (136, 77, 32, 172, 13, 75, 2, 26, 50, 8, 39, 118, 35, 22, 161, 176, 70, 61, 162, 193, 63, 165, 15, 140, 178, 116, 70, 29, 142, 149, 124, 90, 188, 171, 24, 153, 155, 39, 156, 171),
    (137, 74, 8, 187, 108, 61, 129, 147, 67, 111, 199, 141, 167, 128, 28, 177, 179, 34, 107, 150, 114, 25, 74, 189, 7, 181, 183, 38, 107, 160, 152, 89, 13, 60, 90, 193, 55, 158, 31, 184),
    (138, 115, 68, 130, 46, 83, 57, 51, 55, 64, 114, 135, 194, 97, 98, 98, 122, 8, 131, 124, 185, 134, 199, 60, 162, 104, 85, 135, 150, 180, 189, 74, 137, 191, 89, 28, 77, 160, 176, 101),
    (139, 48, 195, 21, 127, 92, 180, 106, 149, 178, 165, 155, 101, 149, 124, 106, 11, 152, 95, 115, 65, 63, 195, 105, 175, 188, 173, 72, 105, 63, 88, 21, 162, 7, 18, 54, 59, 29, 133, 50),
    (140, 43, 178, 53, 53, 99, 116, 106, 44, 60, 170, 142, 19, 156, 71, 39, 186, 138, 75, 9, 96, 7, 105, 165, 124, 81, 90, 132, 69, 25, 70, 5, 14, 94, 79, 143, 0, 196, 96, 187),
    (141, 190, 137, 45, 106, 102, 18, 165, 94, 140, 155, 59, 80, 63, 164, 149, 107, 0, 161, 105, 155, 94, 74, 68, 175, 145, 184, 75, 151, 171, 14, 157, 101, 66, 146, 67, 127, 163, 137, 4),
    (142, 116, 54, 124, 77, 95, 166, 37, 46, 122, 25, 140, 59, 171, 75, 109, 134, 141, 132, 126, 93, 161, 164, 65, 180, 11, 46, 17, 51, 1, 160, 35, 177, 119, 119, 52, 161, 139, 39, 123),
    (143, 114, 81, 7, 118, 27, 135, 75, 58, 135, 114, 117, 31, 191, 39, 109, 148, 83, 56, 119, 14, 94, 176, 137, 144, 45, 174, 17, 91, 113, 19, 26, 140, 66, 109, 135, 128, 11, 21, 102),
    (144, 176, 189, 13, 122, 160, 61, 149, 151, 150, 129, 157, 13, 38, 92, 5, 121, 169, 30, 199, 111, 24, 81, 1, 26, 77, 136, 42, 149, 53, 67, 196, 43, 84, 168, 134, 160, 35, 167, 80),
    (145, 7, 181, 95, 135, 142, 117, 198, 2, 4, 124, 72, 155, 94, 77, 154, 35, 55, 90, 79, 159, 160, 191, 77, 27, 61, 86, 99, 134, 145, 87, 70, 77, 85, 53, 64, 29, 32, 173, 163),
    (146, 47, 117, 32, 198, 188, 48, 119, 169, 126, 175, 117, 157, 142, 105, 29, 180, 54, 30, 99, 145, 135, 9, 118, 150, 19, 120, 164, 6, 49, 7, 104, 18, 186, 121, 95, 196, 121, 101, 96),
    (147, 150, 167, 132, 137, 50, 65, 132, 177, 107, 46, 119, 149, 144, 171, 12, 76, 36, 169, 34, 170, 146, 20, 181, 61, 51, 58, 120, 100, 90, 101, 149, 53, 93, 39, 154, 109, 160, 96, 31),
    (148, 150, 23, 82, 9, 183, 168, 148, 167, 180, 70, 76, 41, 21, 42, 187, 105, 179, 176, 62, 75, 192, 120, 89, 109, 63, 126, 49, 131, 186, 91, 157, 31, 179, 37, 124, 98, 90, 115, 58),
    (149, 144, 131, 63, 89, 16, 97, 103, 44, 71, 198, 92, 77, 146, 19, 102, 166, 37, 195, 67, 77, 137, 79, 138, 171, 51, 190, 153, 9, 159, 175, 75, 161, 197, 146, 59, 76, 191, 105, 113),
    (150, 151, 179, 20, 19, 80, 12, 111, 46, 101, 3, 64, 57, 16, 80, 138, 122, 166, 152, 129, 97, 23, 155, 173, 164, 64, 174, 74, 101, 151, 199, 95, 110, 180, 92, 138, 147, 17, 197, 25),
    (151, 54, 70, 90, 197, 188, 16, 147, 35, 75, 65, 5, 170, 152, 123, 138, 112, 70, 98, 38, 126, 139, 20, 21, 198, 160, 128, 14, 77, 31, 92, 153, 27, 189, 120, 29, 26, 122, 93, 139),
    (152, 181, 155, 170, 87, 122, 183, 143, 174, 197, 21, 140, 166, 164, 102, 41, 34, 83, 164, 159, 65, 185, 71, 191, 72, 96, 27, 6, 34, 162, 84, 42, 150, 182, 32, 125, 143, 49, 40, 86),
    (153, 72, 4, 72, 120, 29, 84, 192, 35, 159, 75, 45, 22, 189, 4, 166, 57, 9, 179, 172, 108, 176, 5, 195, 33, 46, 126, 112, 39, 133, 16, 18, 38, 14, 140, 44, 123, 167, 115, 87),
    (154, 168, 70, 54, 91, 61, 29, 32, 133, 137, 145, 155, 70, 130, 65, 173, 83, 16, 149, 71, 29, 130, 95, 154, 184, 2, 10, 22, 140, 110, 60, 42, 71, 144, 43, 17, 176, 196, 115, 69),
    (155, 70, 189, 32, 7, 184, 10, 181, 86, 174, 186, 183, 59, 11, 156, 189, 189, 188, 43, 184, 38, 113, 44, 51, 80, 182, 111, 36, 136, 28, 35, 0, 108, 117, 193, 78, 135, 158, 85, 74),
    (156, 149, 186, 167, 62, 61, 148, 47, 139, 30, 127, 132, 138, 3, 147, 97, 174, 107, 165, 193, 167, 101, 55, 107, 141, 151, 155, 100, 155, 103, 14, 182, 73, 149, 39, 74, 100, 197, 85, 55),
    (157, 53, 20, 28, 136, 116, 59, 122, 160, 192, 152, 124, 135, 99, 197, 99, 15, 24, 80, 39, 137, 103, 56, 196, 20, 40, 92, 13, 136, 78, 25, 186, 52, 175, 43, 85, 25, 1, 145, 143),
    (158, 57, 52, 2, 183, 137, 180, 62, 94, 129, 41, 98, 55, 93, 70, 189, 89, 47, 72, 189, 66, 62, 12, 97, 112, 42, 15, 191, 150, 40, 179, 48, 17, 57, 197, 95, 120, 73, 58, 65),
    (159, 75, 142, 70, 1, 95, 11, 152, 20, 126, 181, 155, 9, 197, 20, 33, 146, 164, 165, 108, 65, 133, 129, 180, 103, 33, 132, 4, 74, 155, 177, 55, 144, 124, 9, 72, 50, 3, 75, 22),
    (160, 45, 109, 175, 65, 111, 165, 35, 69, 24, 1, 8, 124, 123, 97, 125, 31, 96, 127, 152, 136, 77, 31, 67, 181, 31, 36, 121, 106, 33, 112, 56, 95, 35, 165, 162, 123, 79, 88, 172),
    (161, 144, 20, 41, 51, 111, 66, 171, 150, 170, 190, 105, 21, 137, 126, 144, 43, 107, 178, 107, 106, 158, 143, 150, 195, 150, 65, 64, 51, 33, 29, 11, 167, 29, 47, 123, 176, 110, 186, 79),
    (162, 16, 63, 132, 37, 80, 14, 186, 143, 125, 114, 105, 72, 9, 57, 123, 182, 4, 57, 90, 80, 114, 142, 36, 143, 169, 32, 197, 46, 61, 152, 92, 60, 93, 140, 17, 146, 35, 109, 76),
    (163, 166, 181, 41, 112, 162, 87, 9, 195, 18, 185, 131, 151, 101, 42, 2, 113, 61, 40, 22, 158, 137, 170, 52, 95, 80, 68, 72, 105, 46, 91, 52, 115, 66, 112, 125, 168, 57, 51, 17),
    (164, 10, 87, 128, 70, 96, 192, 139, 77, 33, 39, 97, 117, 121, 188, 169, 187, 198, 3, 103, 136, 3, 65, 53, 10, 59, 135, 38, 112, 8, 141, 152, 186, 146, 153, 172, 48, 7, 62, 142),
    (165, 9, 12, 107, 27, 176, 9, 104, 16, 64, 100, 163, 18, 167, 69, 27, 65, 199, 100, 101, 113, 23, 29, 185, 141, 110, 130, 183, 18, 130, 83, 157, 120, 178, 163, 158, 99, 68, 20, 68),
    (166, 26, 147, 88, 110, 121, 80, 140, 193, 95, 116, 128, 22, 150, 175, 167, 112, 129, 175, 115, 86, 51, 3, 96, 120, 14, 177, 53, 40, 17, 99, 91, 188, 80, 18, 23, 4, 146, 128, 72),
    (167, 164, 195, 104, 60, 125, 103, 2, 147, 66, 131, 51, 63, 87, 75, 163, 135, 78, 109, 187, 117, 28, 37, 44, 180, 176, 14, 138, 152, 75, 140, 99, 71, 120, 194, 100, 135, 137, 167, 127),
    (168, 65, 91, 92, 112, 24, 184, 170, 42, 32, 150, 6, 50, 128, 65, 10, 183, 197, 14, 198, 135, 184, 138, 7, 104, 186, 64, 138, 188, 186, 40, 114, 191, 124, 140, 121, 126, 96, 138, 3),
    (169, 108, 0, 170, 183, 192, 108, 59, 25, 152, 128, 198, 157, 138, 92, 34, 146, 187, 35, 42, 11, 100, 60, 97, 18, 33, 122, 29, 96, 198, 85, 40, 123, 103, 196, 27, 97, 156, 33, 93),
    (170, 27, 101, 121, 177, 173, 168, 2, 147, 142, 21, 163, 36, 88, 116, 130, 102, 149, 13, 72, 194, 67, 14, 158, 81, 59, 101, 198, 199, 164, 96, 120, 46, 11, 145, 77, 135, 161, 72, 144),
    (171, 80, 189, 104, 165, 44, 164, 99, 127, 107, 36, 45, 144, 29, 188, 62, 2, 38, 133, 133, 148, 90, 45, 26, 166, 19, 6, 165, 65, 184, 171, 48, 50, 14, 90, 168, 58, 143, 153, 154),
    (172, 127, 4, 176, 10, 34, 156, 31, 71, 168, 133, 99, 194, 64, 148, 38, 89, 103, 173, 35, 176, 139, 77, 146, 119, 131, 151, 170, 110, 22, 105, 62, 171, 73, 123, 18, 82, 168, 108, 20),
    (173, 59, 111, 21, 68, 185, 168, 50, 117, 147, 199, 82, 22, 180, 31, 67, 137, 134, 58, 155, 125, 145, 152, 7, 108, 70, 178, 74, 4, 197, 149, 10, 181, 139, 72, 134, 67, 160, 20, 31),
    (174, 69, 131, 182, 140, 29, 38, 153, 0, 30, 49, 187, 79, 104, 119, 41, 52, 100, 12, 3, 4, 166, 187, 97, 68, 118, 109, 44, 61, 57, 140, 2, 12, 40, 182, 51, 38, 34, 104, 43),
    (175, 5, 72, 17, 162, 17, 129, 87, 88, 4, 122, 169, 146, 81, 19, 0, 167, 23, 179, 118, 133, 19, 156, 116, 68, 120, 96, 34, 108, 102, 142, 54, 56, 18, 71, 142, 167, 172, 10, 177),
    (176, 0, 188, 41, 79, 23, 41, 88, 8, 1, 84, 23, 36, 182, 102, 136, 111, 101, 22, 33, 175, 117, 198, 30, 170, 136, 78, 77, 77, 115, 88, 183, 122, 101, 162, 98, 69, 62, 191, 14),
    (177, 95, 117, 45, 182, 182, 111, 28, 31, 157, 131, 84, 9, 146, 42, 192, 174, 138, 152, 34, 70, 111, 71, 103, 140, 65, 181, 33, 151, 163, 167, 76, 39, 119, 174, 144, 38, 181, 100, 62),
    (178, 76, 195, 176, 58, 112, 116, 186, 177, 53, 164, 152, 36, 52, 53, 128, 122, 103, 10, 103, 63, 79, 189, 120, 12, 41, 191, 71, 116, 118, 192, 60, 19, 8, 170, 170, 23, 171, 93, 24),
    (179, 72, 65, 166, 102, 176, 49, 132, 91, 126, 99, 122, 24, 32, 51, 139, 167, 1, 42, 189, 35, 144, 130, 17, 71, 152, 32, 113, 184, 148, 15, 172, 121, 131, 69, 43, 46, 167, 110, 0),
    (180, 126, 77, 141, 25, 97, 96, 54, 42, 27, 56, 5, 43, 104, 182, 20, 163, 167, 86, 79, 76, 136, 152, 23, 137, 98, 133, 92, 98, 182, 78, 175, 196, 64, 21, 15, 156, 193, 60, 59),
    (181, 164, 22, 90, 51, 59, 126, 78, 21, 102, 63, 149, 104, 140, 18, 30, 60, 126, 198, 191, 56, 89, 134, 148, 182, 4, 144, 121, 128, 27, 152, 53, 179, 146, 53, 14, 101, 127, 58, 69),
    (182, 21, 93, 95, 178, 28, 61, 48, 86, 171, 162, 34, 135, 43, 113, 99, 9, 167, 155, 97, 90, 167, 119, 41, 25, 89, 19, 62, 119, 196, 182, 147, 156, 86, 172, 157, 20, 103, 106, 12),
    (183, 40, 2, 73, 65, 15, 96, 98, 6, 142, 24, 137, 134, 186, 22, 139, 37, 86, 149, 44, 15, 118, 122, 173, 96, 99, 191, 113, 65, 62, 12, 78, 23, 104, 10, 138, 95, 186, 6, 163),
    (184, 170, 91, 40, 27, 109, 23, 84, 60, 199, 166, 163, 197, 27, 160, 98, 78, 150, 96, 33, 132, 145, 1, 43, 27, 171, 89, 155, 9, 89, 61, 59, 26, 151, 152, 190, 34, 120, 97, 128),
    (185, 126, 115, 172, 0, 0, 124, 193, 83, 105, 88, 90, 173, 167, 145, 93, 69, 98, 34, 195, 117, 33, 102, 142, 74, 108, 188, 29, 133, 151, 109, 186, 178, 120, 137, 49, 0, 124, 12, 109),
    (186, 31, 198, 7, 80, 105, 54, 47, 182, 94, 26, 190, 140, 156, 19, 75, 90, 165, 190, 110, 87, 48, 145, 141, 83, 166, 101, 63, 154, 151, 148, 151, 151, 127, 81, 56, 99, 162, 143, 37),
    (187, 141, 70, 26, 13, 15, 99, 131, 88, 151, 3, 82, 40, 18, 180, 86, 4, 75, 109, 48, 191, 102, 196, 168, 28, 148, 114, 91, 187, 46, 53, 22, 103, 157, 4, 91, 195, 26, 95, 76),
    (188, 127, 183, 181, 173, 70, 182, 43, 118, 110, 21, 39, 61, 9, 138, 120, 78, 37, 9, 128, 151, 143, 73, 173, 56, 38, 189, 17, 52, 85, 18, 1, 95, 179, 23, 12, 87, 182, 179, 22),
    (189, 26, 102, 87, 46, 58, 149, 5, 190, 71, 118, 45, 7, 72, 170, 81, 183, 83, 164, 99, 167, 27, 46, 175, 30, 82, 3, 170, 187, 161, 43, 70, 87, 164, 93, 80, 51, 70, 148, 112),
    (190, 82, 147, 71, 181, 30, 139, 166, 41, 65, 169, 28, 40, 125, 46, 178, 162, 32, 70, 102, 172, 23, 105, 182, 45, 39, 25, 25, 148, 33, 89, 5, 171, 178, 12, 48, 145, 116, 58, 139),
    (191, 145, 124, 75, 148, 28, 105, 18, 15, 54, 6, 67, 149, 138, 142, 28, 154, 192, 0, 93, 0, 53, 76, 135, 19, 69, 51, 169, 193, 77, 23, 38, 110, 188, 153, 40, 12, 92, 64, 21),
    (192, 184, 13, 77, 141, 177, 140, 12, 71, 156, 107, 154, 80, 51, 151, 55, 0, 174, 46, 166, 166, 154, 188, 167, 53, 17, 123, 180, 165, 148, 103, 158, 91, 8, 130, 181, 23, 89, 168, 2),
    (193, 90, 75, 169, 188, 48, 128, 138, 96, 64, 75, 40, 103, 111, 168, 179, 107, 161, 67, 111, 158, 156, 135, 147, 18, 183, 118, 41, 185, 8, 19, 69, 36, 13, 93, 122, 8, 24, 26, 167),
    (194, 149, 134, 150, 75, 17, 46, 146, 178, 61, 189, 83, 162, 101, 194, 76, 135, 106, 186, 24, 144, 194, 110, 185, 140, 150, 45, 64, 148, 199, 30, 65, 191, 44, 166, 16, 116, 41, 179, 68),
    (195, 79, 26, 16, 126, 43, 172, 83, 121, 172, 107, 111, 80, 96, 112, 122, 123, 61, 138, 114, 110, 145, 176, 123, 169, 181, 195, 98, 171, 39, 95, 82, 108, 153, 115, 32, 14, 196, 147, 177),
    (196, 178, 105, 181, 5, 170, 104, 89, 63, 42, 134, 65, 124, 32, 65, 79, 19, 96, 118, 18, 142, 137, 53, 126, 124, 85, 131, 39, 73, 145, 76, 181, 96, 167, 70, 198, 157, 184, 13, 58),
    (197, 178, 124, 123, 198, 185, 10, 109, 122, 52, 136, 156, 56, 170, 20, 188, 154, 101, 127, 191, 81, 88, 25, 23, 41, 134, 57, 109, 144, 144, 153, 36, 118, 174, 134, 129, 7, 154, 74, 51),
    (198, 193, 174, 174, 95, 199, 60, 32, 168, 81, 129, 131, 180, 88, 90, 118, 27, 135, 5, 123, 54, 142, 83, 164, 51, 1, 105, 163, 54, 153, 18, 71, 92, 64, 137, 60, 3, 115, 134, 122),
    (199, 40, 93, 143, 99, 149, 42, 161, 188, 48, 69, 172, 119, 38, 62, 83, 66, 53, 183, 128, 46, 126, 13, 174, 175, 179, 186, 157, 192, 183, 68, 176, 121, 47, 85, 21, 34, 109, 197, 148);


