INSERT INTO T1 (pk)
VALUES
    (0),
    (1),
    (2),
    (3),
    (4),
    (5),
    (6),
    (7),
    (8),
    (9),
    (10),
    (11),
    (12),
    (13),
    (14),
    (15),
    (16),
    (17),
    (18),
    (19),
    (20),
    (21),
    (22),
    (23),
    (24),
    (25),
    (26),
    (27),
    (28),
    (29),
    (30),
    (31),
    (32),
    (33),
    (34),
    (35),
    (36),
    (37),
    (38),
    (39),
    (40),
    (41),
    (42),
    (43),
    (44),
    (45),
    (46),
    (47),
    (48),
    (49),
    (50),
    (51),
    (52),
    (53),
    (54),
    (55),
    (56),
    (57),
    (58),
    (59),
    (60),
    (61),
    (62),
    (63),
    (64),
    (65),
    (66),
    (67),
    (68),
    (69),
    (70),
    (71),
    (72),
    (73),
    (74),
    (75),
    (76),
    (77),
    (78),
    (79),
    (80),
    (81),
    (82),
    (83),
    (84),
    (85),
    (86),
    (87),
    (88),
    (89),
    (90),
    (91),
    (92),
    (93),
    (94),
    (95),
    (96),
    (97),
    (98),
    (99),
    (100),
    (101),
    (102),
    (103),
    (104),
    (105),
    (106),
    (107),
    (108),
    (109),
    (110),
    (111),
    (112),
    (113),
    (114),
    (115),
    (116),
    (117),
    (118),
    (119),
    (120),
    (121),
    (122),
    (123),
    (124),
    (125),
    (126),
    (127),
    (128),
    (129),
    (130),
    (131),
    (132),
    (133),
    (134),
    (135),
    (136),
    (137),
    (138),
    (139),
    (140),
    (141),
    (142),
    (143),
    (144),
    (145),
    (146),
    (147),
    (148),
    (149),
    (150),
    (151),
    (152),
    (153),
    (154),
    (155),
    (156),
    (157),
    (158),
    (159),
    (160),
    (161),
    (162),
    (163),
    (164),
    (165),
    (166),
    (167),
    (168),
    (169),
    (170),
    (171),
    (172),
    (173),
    (174),
    (175),
    (176),
    (177),
    (178),
    (179),
    (180),
    (181),
    (182),
    (183),
    (184),
    (185),
    (186),
    (187),
    (188),
    (189),
    (190),
    (191),
    (192),
    (193),
    (194),
    (195),
    (196),
    (197),
    (198),
    (199);

INSERT INTO T2 (pk)
VALUES
    (0),
    (1),
    (2),
    (3),
    (4),
    (5),
    (6),
    (7),
    (8),
    (9),
    (10),
    (11),
    (12),
    (13),
    (14),
    (15),
    (16),
    (17),
    (18),
    (19),
    (20),
    (21),
    (22),
    (23),
    (24),
    (25),
    (26),
    (27),
    (28),
    (29),
    (30),
    (31),
    (32),
    (33),
    (34),
    (35),
    (36),
    (37),
    (38),
    (39),
    (40),
    (41),
    (42),
    (43),
    (44),
    (45),
    (46),
    (47),
    (48),
    (49),
    (50),
    (51),
    (52),
    (53),
    (54),
    (55),
    (56),
    (57),
    (58),
    (59),
    (60),
    (61),
    (62),
    (63),
    (64),
    (65),
    (66),
    (67),
    (68),
    (69),
    (70),
    (71),
    (72),
    (73),
    (74),
    (75),
    (76),
    (77),
    (78),
    (79),
    (80),
    (81),
    (82),
    (83),
    (84),
    (85),
    (86),
    (87),
    (88),
    (89),
    (90),
    (91),
    (92),
    (93),
    (94),
    (95),
    (96),
    (97),
    (98),
    (99),
    (100),
    (101),
    (102),
    (103),
    (104),
    (105),
    (106),
    (107),
    (108),
    (109),
    (110),
    (111),
    (112),
    (113),
    (114),
    (115),
    (116),
    (117),
    (118),
    (119),
    (120),
    (121),
    (122),
    (123),
    (124),
    (125),
    (126),
    (127),
    (128),
    (129),
    (130),
    (131),
    (132),
    (133),
    (134),
    (135),
    (136),
    (137),
    (138),
    (139),
    (140),
    (141),
    (142),
    (143),
    (144),
    (145),
    (146),
    (147),
    (148),
    (149),
    (150),
    (151),
    (152),
    (153),
    (154),
    (155),
    (156),
    (157),
    (158),
    (159),
    (160),
    (161),
    (162),
    (163),
    (164),
    (165),
    (166),
    (167),
    (168),
    (169),
    (170),
    (171),
    (172),
    (173),
    (174),
    (175),
    (176),
    (177),
    (178),
    (179),
    (180),
    (181),
    (182),
    (183),
    (184),
    (185),
    (186),
    (187),
    (188),
    (189),
    (190),
    (191),
    (192),
    (193),
    (194),
    (195),
    (196),
    (197),
    (198),
    (199);

INSERT INTO T3 (pk)
VALUES
    (0),
    (1),
    (2),
    (3),
    (4),
    (5),
    (6),
    (7),
    (8),
    (9),
    (10),
    (11),
    (12),
    (13),
    (14),
    (15),
    (16),
    (17),
    (18),
    (19),
    (20),
    (21),
    (22),
    (23),
    (24),
    (25),
    (26),
    (27),
    (28),
    (29),
    (30),
    (31),
    (32),
    (33),
    (34),
    (35),
    (36),
    (37),
    (38),
    (39),
    (40),
    (41),
    (42),
    (43),
    (44),
    (45),
    (46),
    (47),
    (48),
    (49),
    (50),
    (51),
    (52),
    (53),
    (54),
    (55),
    (56),
    (57),
    (58),
    (59),
    (60),
    (61),
    (62),
    (63),
    (64),
    (65),
    (66),
    (67),
    (68),
    (69),
    (70),
    (71),
    (72),
    (73),
    (74),
    (75),
    (76),
    (77),
    (78),
    (79),
    (80),
    (81),
    (82),
    (83),
    (84),
    (85),
    (86),
    (87),
    (88),
    (89),
    (90),
    (91),
    (92),
    (93),
    (94),
    (95),
    (96),
    (97),
    (98),
    (99),
    (100),
    (101),
    (102),
    (103),
    (104),
    (105),
    (106),
    (107),
    (108),
    (109),
    (110),
    (111),
    (112),
    (113),
    (114),
    (115),
    (116),
    (117),
    (118),
    (119),
    (120),
    (121),
    (122),
    (123),
    (124),
    (125),
    (126),
    (127),
    (128),
    (129),
    (130),
    (131),
    (132),
    (133),
    (134),
    (135),
    (136),
    (137),
    (138),
    (139),
    (140),
    (141),
    (142),
    (143),
    (144),
    (145),
    (146),
    (147),
    (148),
    (149),
    (150),
    (151),
    (152),
    (153),
    (154),
    (155),
    (156),
    (157),
    (158),
    (159),
    (160),
    (161),
    (162),
    (163),
    (164),
    (165),
    (166),
    (167),
    (168),
    (169),
    (170),
    (171),
    (172),
    (173),
    (174),
    (175),
    (176),
    (177),
    (178),
    (179),
    (180),
    (181),
    (182),
    (183),
    (184),
    (185),
    (186),
    (187),
    (188),
    (189),
    (190),
    (191),
    (192),
    (193),
    (194),
    (195),
    (196),
    (197),
    (198),
    (199);

INSERT INTO T4 (pk)
VALUES
    (0),
    (1),
    (2),
    (3),
    (4),
    (5),
    (6),
    (7),
    (8),
    (9),
    (10),
    (11),
    (12),
    (13),
    (14),
    (15),
    (16),
    (17),
    (18),
    (19),
    (20),
    (21),
    (22),
    (23),
    (24),
    (25),
    (26),
    (27),
    (28),
    (29),
    (30),
    (31),
    (32),
    (33),
    (34),
    (35),
    (36),
    (37),
    (38),
    (39),
    (40),
    (41),
    (42),
    (43),
    (44),
    (45),
    (46),
    (47),
    (48),
    (49),
    (50),
    (51),
    (52),
    (53),
    (54),
    (55),
    (56),
    (57),
    (58),
    (59),
    (60),
    (61),
    (62),
    (63),
    (64),
    (65),
    (66),
    (67),
    (68),
    (69),
    (70),
    (71),
    (72),
    (73),
    (74),
    (75),
    (76),
    (77),
    (78),
    (79),
    (80),
    (81),
    (82),
    (83),
    (84),
    (85),
    (86),
    (87),
    (88),
    (89),
    (90),
    (91),
    (92),
    (93),
    (94),
    (95),
    (96),
    (97),
    (98),
    (99),
    (100),
    (101),
    (102),
    (103),
    (104),
    (105),
    (106),
    (107),
    (108),
    (109),
    (110),
    (111),
    (112),
    (113),
    (114),
    (115),
    (116),
    (117),
    (118),
    (119),
    (120),
    (121),
    (122),
    (123),
    (124),
    (125),
    (126),
    (127),
    (128),
    (129),
    (130),
    (131),
    (132),
    (133),
    (134),
    (135),
    (136),
    (137),
    (138),
    (139),
    (140),
    (141),
    (142),
    (143),
    (144),
    (145),
    (146),
    (147),
    (148),
    (149),
    (150),
    (151),
    (152),
    (153),
    (154),
    (155),
    (156),
    (157),
    (158),
    (159),
    (160),
    (161),
    (162),
    (163),
    (164),
    (165),
    (166),
    (167),
    (168),
    (169),
    (170),
    (171),
    (172),
    (173),
    (174),
    (175),
    (176),
    (177),
    (178),
    (179),
    (180),
    (181),
    (182),
    (183),
    (184),
    (185),
    (186),
    (187),
    (188),
    (189),
    (190),
    (191),
    (192),
    (193),
    (194),
    (195),
    (196),
    (197),
    (198),
    (199);

INSERT INTO T5 (pk)
VALUES
    (0),
    (1),
    (2),
    (3),
    (4),
    (5),
    (6),
    (7),
    (8),
    (9),
    (10),
    (11),
    (12),
    (13),
    (14),
    (15),
    (16),
    (17),
    (18),
    (19),
    (20),
    (21),
    (22),
    (23),
    (24),
    (25),
    (26),
    (27),
    (28),
    (29),
    (30),
    (31),
    (32),
    (33),
    (34),
    (35),
    (36),
    (37),
    (38),
    (39),
    (40),
    (41),
    (42),
    (43),
    (44),
    (45),
    (46),
    (47),
    (48),
    (49),
    (50),
    (51),
    (52),
    (53),
    (54),
    (55),
    (56),
    (57),
    (58),
    (59),
    (60),
    (61),
    (62),
    (63),
    (64),
    (65),
    (66),
    (67),
    (68),
    (69),
    (70),
    (71),
    (72),
    (73),
    (74),
    (75),
    (76),
    (77),
    (78),
    (79),
    (80),
    (81),
    (82),
    (83),
    (84),
    (85),
    (86),
    (87),
    (88),
    (89),
    (90),
    (91),
    (92),
    (93),
    (94),
    (95),
    (96),
    (97),
    (98),
    (99),
    (100),
    (101),
    (102),
    (103),
    (104),
    (105),
    (106),
    (107),
    (108),
    (109),
    (110),
    (111),
    (112),
    (113),
    (114),
    (115),
    (116),
    (117),
    (118),
    (119),
    (120),
    (121),
    (122),
    (123),
    (124),
    (125),
    (126),
    (127),
    (128),
    (129),
    (130),
    (131),
    (132),
    (133),
    (134),
    (135),
    (136),
    (137),
    (138),
    (139),
    (140),
    (141),
    (142),
    (143),
    (144),
    (145),
    (146),
    (147),
    (148),
    (149),
    (150),
    (151),
    (152),
    (153),
    (154),
    (155),
    (156),
    (157),
    (158),
    (159),
    (160),
    (161),
    (162),
    (163),
    (164),
    (165),
    (166),
    (167),
    (168),
    (169),
    (170),
    (171),
    (172),
    (173),
    (174),
    (175),
    (176),
    (177),
    (178),
    (179),
    (180),
    (181),
    (182),
    (183),
    (184),
    (185),
    (186),
    (187),
    (188),
    (189),
    (190),
    (191),
    (192),
    (193),
    (194),
    (195),
    (196),
    (197),
    (198),
    (199);

INSERT INTO T6 (pk)
VALUES
    (0),
    (1),
    (2),
    (3),
    (4),
    (5),
    (6),
    (7),
    (8),
    (9),
    (10),
    (11),
    (12),
    (13),
    (14),
    (15),
    (16),
    (17),
    (18),
    (19),
    (20),
    (21),
    (22),
    (23),
    (24),
    (25),
    (26),
    (27),
    (28),
    (29),
    (30),
    (31),
    (32),
    (33),
    (34),
    (35),
    (36),
    (37),
    (38),
    (39),
    (40),
    (41),
    (42),
    (43),
    (44),
    (45),
    (46),
    (47),
    (48),
    (49),
    (50),
    (51),
    (52),
    (53),
    (54),
    (55),
    (56),
    (57),
    (58),
    (59),
    (60),
    (61),
    (62),
    (63),
    (64),
    (65),
    (66),
    (67),
    (68),
    (69),
    (70),
    (71),
    (72),
    (73),
    (74),
    (75),
    (76),
    (77),
    (78),
    (79),
    (80),
    (81),
    (82),
    (83),
    (84),
    (85),
    (86),
    (87),
    (88),
    (89),
    (90),
    (91),
    (92),
    (93),
    (94),
    (95),
    (96),
    (97),
    (98),
    (99),
    (100),
    (101),
    (102),
    (103),
    (104),
    (105),
    (106),
    (107),
    (108),
    (109),
    (110),
    (111),
    (112),
    (113),
    (114),
    (115),
    (116),
    (117),
    (118),
    (119),
    (120),
    (121),
    (122),
    (123),
    (124),
    (125),
    (126),
    (127),
    (128),
    (129),
    (130),
    (131),
    (132),
    (133),
    (134),
    (135),
    (136),
    (137),
    (138),
    (139),
    (140),
    (141),
    (142),
    (143),
    (144),
    (145),
    (146),
    (147),
    (148),
    (149),
    (150),
    (151),
    (152),
    (153),
    (154),
    (155),
    (156),
    (157),
    (158),
    (159),
    (160),
    (161),
    (162),
    (163),
    (164),
    (165),
    (166),
    (167),
    (168),
    (169),
    (170),
    (171),
    (172),
    (173),
    (174),
    (175),
    (176),
    (177),
    (178),
    (179),
    (180),
    (181),
    (182),
    (183),
    (184),
    (185),
    (186),
    (187),
    (188),
    (189),
    (190),
    (191),
    (192),
    (193),
    (194),
    (195),
    (196),
    (197),
    (198),
    (199);

INSERT INTO T7 (pk)
VALUES
    (0),
    (1),
    (2),
    (3),
    (4),
    (5),
    (6),
    (7),
    (8),
    (9),
    (10),
    (11),
    (12),
    (13),
    (14),
    (15),
    (16),
    (17),
    (18),
    (19),
    (20),
    (21),
    (22),
    (23),
    (24),
    (25),
    (26),
    (27),
    (28),
    (29),
    (30),
    (31),
    (32),
    (33),
    (34),
    (35),
    (36),
    (37),
    (38),
    (39),
    (40),
    (41),
    (42),
    (43),
    (44),
    (45),
    (46),
    (47),
    (48),
    (49),
    (50),
    (51),
    (52),
    (53),
    (54),
    (55),
    (56),
    (57),
    (58),
    (59),
    (60),
    (61),
    (62),
    (63),
    (64),
    (65),
    (66),
    (67),
    (68),
    (69),
    (70),
    (71),
    (72),
    (73),
    (74),
    (75),
    (76),
    (77),
    (78),
    (79),
    (80),
    (81),
    (82),
    (83),
    (84),
    (85),
    (86),
    (87),
    (88),
    (89),
    (90),
    (91),
    (92),
    (93),
    (94),
    (95),
    (96),
    (97),
    (98),
    (99),
    (100),
    (101),
    (102),
    (103),
    (104),
    (105),
    (106),
    (107),
    (108),
    (109),
    (110),
    (111),
    (112),
    (113),
    (114),
    (115),
    (116),
    (117),
    (118),
    (119),
    (120),
    (121),
    (122),
    (123),
    (124),
    (125),
    (126),
    (127),
    (128),
    (129),
    (130),
    (131),
    (132),
    (133),
    (134),
    (135),
    (136),
    (137),
    (138),
    (139),
    (140),
    (141),
    (142),
    (143),
    (144),
    (145),
    (146),
    (147),
    (148),
    (149),
    (150),
    (151),
    (152),
    (153),
    (154),
    (155),
    (156),
    (157),
    (158),
    (159),
    (160),
    (161),
    (162),
    (163),
    (164),
    (165),
    (166),
    (167),
    (168),
    (169),
    (170),
    (171),
    (172),
    (173),
    (174),
    (175),
    (176),
    (177),
    (178),
    (179),
    (180),
    (181),
    (182),
    (183),
    (184),
    (185),
    (186),
    (187),
    (188),
    (189),
    (190),
    (191),
    (192),
    (193),
    (194),
    (195),
    (196),
    (197),
    (198),
    (199);

INSERT INTO T8 (pk)
VALUES
    (0),
    (1),
    (2),
    (3),
    (4),
    (5),
    (6),
    (7),
    (8),
    (9),
    (10),
    (11),
    (12),
    (13),
    (14),
    (15),
    (16),
    (17),
    (18),
    (19),
    (20),
    (21),
    (22),
    (23),
    (24),
    (25),
    (26),
    (27),
    (28),
    (29),
    (30),
    (31),
    (32),
    (33),
    (34),
    (35),
    (36),
    (37),
    (38),
    (39),
    (40),
    (41),
    (42),
    (43),
    (44),
    (45),
    (46),
    (47),
    (48),
    (49),
    (50),
    (51),
    (52),
    (53),
    (54),
    (55),
    (56),
    (57),
    (58),
    (59),
    (60),
    (61),
    (62),
    (63),
    (64),
    (65),
    (66),
    (67),
    (68),
    (69),
    (70),
    (71),
    (72),
    (73),
    (74),
    (75),
    (76),
    (77),
    (78),
    (79),
    (80),
    (81),
    (82),
    (83),
    (84),
    (85),
    (86),
    (87),
    (88),
    (89),
    (90),
    (91),
    (92),
    (93),
    (94),
    (95),
    (96),
    (97),
    (98),
    (99),
    (100),
    (101),
    (102),
    (103),
    (104),
    (105),
    (106),
    (107),
    (108),
    (109),
    (110),
    (111),
    (112),
    (113),
    (114),
    (115),
    (116),
    (117),
    (118),
    (119),
    (120),
    (121),
    (122),
    (123),
    (124),
    (125),
    (126),
    (127),
    (128),
    (129),
    (130),
    (131),
    (132),
    (133),
    (134),
    (135),
    (136),
    (137),
    (138),
    (139),
    (140),
    (141),
    (142),
    (143),
    (144),
    (145),
    (146),
    (147),
    (148),
    (149),
    (150),
    (151),
    (152),
    (153),
    (154),
    (155),
    (156),
    (157),
    (158),
    (159),
    (160),
    (161),
    (162),
    (163),
    (164),
    (165),
    (166),
    (167),
    (168),
    (169),
    (170),
    (171),
    (172),
    (173),
    (174),
    (175),
    (176),
    (177),
    (178),
    (179),
    (180),
    (181),
    (182),
    (183),
    (184),
    (185),
    (186),
    (187),
    (188),
    (189),
    (190),
    (191),
    (192),
    (193),
    (194),
    (195),
    (196),
    (197),
    (198),
    (199);

INSERT INTO T9 (pk)
VALUES
    (0),
    (1),
    (2),
    (3),
    (4),
    (5),
    (6),
    (7),
    (8),
    (9),
    (10),
    (11),
    (12),
    (13),
    (14),
    (15),
    (16),
    (17),
    (18),
    (19),
    (20),
    (21),
    (22),
    (23),
    (24),
    (25),
    (26),
    (27),
    (28),
    (29),
    (30),
    (31),
    (32),
    (33),
    (34),
    (35),
    (36),
    (37),
    (38),
    (39),
    (40),
    (41),
    (42),
    (43),
    (44),
    (45),
    (46),
    (47),
    (48),
    (49),
    (50),
    (51),
    (52),
    (53),
    (54),
    (55),
    (56),
    (57),
    (58),
    (59),
    (60),
    (61),
    (62),
    (63),
    (64),
    (65),
    (66),
    (67),
    (68),
    (69),
    (70),
    (71),
    (72),
    (73),
    (74),
    (75),
    (76),
    (77),
    (78),
    (79),
    (80),
    (81),
    (82),
    (83),
    (84),
    (85),
    (86),
    (87),
    (88),
    (89),
    (90),
    (91),
    (92),
    (93),
    (94),
    (95),
    (96),
    (97),
    (98),
    (99),
    (100),
    (101),
    (102),
    (103),
    (104),
    (105),
    (106),
    (107),
    (108),
    (109),
    (110),
    (111),
    (112),
    (113),
    (114),
    (115),
    (116),
    (117),
    (118),
    (119),
    (120),
    (121),
    (122),
    (123),
    (124),
    (125),
    (126),
    (127),
    (128),
    (129),
    (130),
    (131),
    (132),
    (133),
    (134),
    (135),
    (136),
    (137),
    (138),
    (139),
    (140),
    (141),
    (142),
    (143),
    (144),
    (145),
    (146),
    (147),
    (148),
    (149),
    (150),
    (151),
    (152),
    (153),
    (154),
    (155),
    (156),
    (157),
    (158),
    (159),
    (160),
    (161),
    (162),
    (163),
    (164),
    (165),
    (166),
    (167),
    (168),
    (169),
    (170),
    (171),
    (172),
    (173),
    (174),
    (175),
    (176),
    (177),
    (178),
    (179),
    (180),
    (181),
    (182),
    (183),
    (184),
    (185),
    (186),
    (187),
    (188),
    (189),
    (190),
    (191),
    (192),
    (193),
    (194),
    (195),
    (196),
    (197),
    (198),
    (199);

INSERT INTO T10 (pk)
VALUES
    (0),
    (1),
    (2),
    (3),
    (4),
    (5),
    (6),
    (7),
    (8),
    (9),
    (10),
    (11),
    (12),
    (13),
    (14),
    (15),
    (16),
    (17),
    (18),
    (19),
    (20),
    (21),
    (22),
    (23),
    (24),
    (25),
    (26),
    (27),
    (28),
    (29),
    (30),
    (31),
    (32),
    (33),
    (34),
    (35),
    (36),
    (37),
    (38),
    (39),
    (40),
    (41),
    (42),
    (43),
    (44),
    (45),
    (46),
    (47),
    (48),
    (49),
    (50),
    (51),
    (52),
    (53),
    (54),
    (55),
    (56),
    (57),
    (58),
    (59),
    (60),
    (61),
    (62),
    (63),
    (64),
    (65),
    (66),
    (67),
    (68),
    (69),
    (70),
    (71),
    (72),
    (73),
    (74),
    (75),
    (76),
    (77),
    (78),
    (79),
    (80),
    (81),
    (82),
    (83),
    (84),
    (85),
    (86),
    (87),
    (88),
    (89),
    (90),
    (91),
    (92),
    (93),
    (94),
    (95),
    (96),
    (97),
    (98),
    (99),
    (100),
    (101),
    (102),
    (103),
    (104),
    (105),
    (106),
    (107),
    (108),
    (109),
    (110),
    (111),
    (112),
    (113),
    (114),
    (115),
    (116),
    (117),
    (118),
    (119),
    (120),
    (121),
    (122),
    (123),
    (124),
    (125),
    (126),
    (127),
    (128),
    (129),
    (130),
    (131),
    (132),
    (133),
    (134),
    (135),
    (136),
    (137),
    (138),
    (139),
    (140),
    (141),
    (142),
    (143),
    (144),
    (145),
    (146),
    (147),
    (148),
    (149),
    (150),
    (151),
    (152),
    (153),
    (154),
    (155),
    (156),
    (157),
    (158),
    (159),
    (160),
    (161),
    (162),
    (163),
    (164),
    (165),
    (166),
    (167),
    (168),
    (169),
    (170),
    (171),
    (172),
    (173),
    (174),
    (175),
    (176),
    (177),
    (178),
    (179),
    (180),
    (181),
    (182),
    (183),
    (184),
    (185),
    (186),
    (187),
    (188),
    (189),
    (190),
    (191),
    (192),
    (193),
    (194),
    (195),
    (196),
    (197),
    (198),
    (199);

INSERT INTO T11 (pk)
VALUES
    (0),
    (1),
    (2),
    (3),
    (4),
    (5),
    (6),
    (7),
    (8),
    (9),
    (10),
    (11),
    (12),
    (13),
    (14),
    (15),
    (16),
    (17),
    (18),
    (19),
    (20),
    (21),
    (22),
    (23),
    (24),
    (25),
    (26),
    (27),
    (28),
    (29),
    (30),
    (31),
    (32),
    (33),
    (34),
    (35),
    (36),
    (37),
    (38),
    (39),
    (40),
    (41),
    (42),
    (43),
    (44),
    (45),
    (46),
    (47),
    (48),
    (49),
    (50),
    (51),
    (52),
    (53),
    (54),
    (55),
    (56),
    (57),
    (58),
    (59),
    (60),
    (61),
    (62),
    (63),
    (64),
    (65),
    (66),
    (67),
    (68),
    (69),
    (70),
    (71),
    (72),
    (73),
    (74),
    (75),
    (76),
    (77),
    (78),
    (79),
    (80),
    (81),
    (82),
    (83),
    (84),
    (85),
    (86),
    (87),
    (88),
    (89),
    (90),
    (91),
    (92),
    (93),
    (94),
    (95),
    (96),
    (97),
    (98),
    (99),
    (100),
    (101),
    (102),
    (103),
    (104),
    (105),
    (106),
    (107),
    (108),
    (109),
    (110),
    (111),
    (112),
    (113),
    (114),
    (115),
    (116),
    (117),
    (118),
    (119),
    (120),
    (121),
    (122),
    (123),
    (124),
    (125),
    (126),
    (127),
    (128),
    (129),
    (130),
    (131),
    (132),
    (133),
    (134),
    (135),
    (136),
    (137),
    (138),
    (139),
    (140),
    (141),
    (142),
    (143),
    (144),
    (145),
    (146),
    (147),
    (148),
    (149),
    (150),
    (151),
    (152),
    (153),
    (154),
    (155),
    (156),
    (157),
    (158),
    (159),
    (160),
    (161),
    (162),
    (163),
    (164),
    (165),
    (166),
    (167),
    (168),
    (169),
    (170),
    (171),
    (172),
    (173),
    (174),
    (175),
    (176),
    (177),
    (178),
    (179),
    (180),
    (181),
    (182),
    (183),
    (184),
    (185),
    (186),
    (187),
    (188),
    (189),
    (190),
    (191),
    (192),
    (193),
    (194),
    (195),
    (196),
    (197),
    (198),
    (199);

INSERT INTO T12 (pk)
VALUES
    (0),
    (1),
    (2),
    (3),
    (4),
    (5),
    (6),
    (7),
    (8),
    (9),
    (10),
    (11),
    (12),
    (13),
    (14),
    (15),
    (16),
    (17),
    (18),
    (19),
    (20),
    (21),
    (22),
    (23),
    (24),
    (25),
    (26),
    (27),
    (28),
    (29),
    (30),
    (31),
    (32),
    (33),
    (34),
    (35),
    (36),
    (37),
    (38),
    (39),
    (40),
    (41),
    (42),
    (43),
    (44),
    (45),
    (46),
    (47),
    (48),
    (49),
    (50),
    (51),
    (52),
    (53),
    (54),
    (55),
    (56),
    (57),
    (58),
    (59),
    (60),
    (61),
    (62),
    (63),
    (64),
    (65),
    (66),
    (67),
    (68),
    (69),
    (70),
    (71),
    (72),
    (73),
    (74),
    (75),
    (76),
    (77),
    (78),
    (79),
    (80),
    (81),
    (82),
    (83),
    (84),
    (85),
    (86),
    (87),
    (88),
    (89),
    (90),
    (91),
    (92),
    (93),
    (94),
    (95),
    (96),
    (97),
    (98),
    (99),
    (100),
    (101),
    (102),
    (103),
    (104),
    (105),
    (106),
    (107),
    (108),
    (109),
    (110),
    (111),
    (112),
    (113),
    (114),
    (115),
    (116),
    (117),
    (118),
    (119),
    (120),
    (121),
    (122),
    (123),
    (124),
    (125),
    (126),
    (127),
    (128),
    (129),
    (130),
    (131),
    (132),
    (133),
    (134),
    (135),
    (136),
    (137),
    (138),
    (139),
    (140),
    (141),
    (142),
    (143),
    (144),
    (145),
    (146),
    (147),
    (148),
    (149),
    (150),
    (151),
    (152),
    (153),
    (154),
    (155),
    (156),
    (157),
    (158),
    (159),
    (160),
    (161),
    (162),
    (163),
    (164),
    (165),
    (166),
    (167),
    (168),
    (169),
    (170),
    (171),
    (172),
    (173),
    (174),
    (175),
    (176),
    (177),
    (178),
    (179),
    (180),
    (181),
    (182),
    (183),
    (184),
    (185),
    (186),
    (187),
    (188),
    (189),
    (190),
    (191),
    (192),
    (193),
    (194),
    (195),
    (196),
    (197),
    (198),
    (199);

INSERT INTO T13 (pk)
VALUES
    (0),
    (1),
    (2),
    (3),
    (4),
    (5),
    (6),
    (7),
    (8),
    (9),
    (10),
    (11),
    (12),
    (13),
    (14),
    (15),
    (16),
    (17),
    (18),
    (19),
    (20),
    (21),
    (22),
    (23),
    (24),
    (25),
    (26),
    (27),
    (28),
    (29),
    (30),
    (31),
    (32),
    (33),
    (34),
    (35),
    (36),
    (37),
    (38),
    (39),
    (40),
    (41),
    (42),
    (43),
    (44),
    (45),
    (46),
    (47),
    (48),
    (49),
    (50),
    (51),
    (52),
    (53),
    (54),
    (55),
    (56),
    (57),
    (58),
    (59),
    (60),
    (61),
    (62),
    (63),
    (64),
    (65),
    (66),
    (67),
    (68),
    (69),
    (70),
    (71),
    (72),
    (73),
    (74),
    (75),
    (76),
    (77),
    (78),
    (79),
    (80),
    (81),
    (82),
    (83),
    (84),
    (85),
    (86),
    (87),
    (88),
    (89),
    (90),
    (91),
    (92),
    (93),
    (94),
    (95),
    (96),
    (97),
    (98),
    (99),
    (100),
    (101),
    (102),
    (103),
    (104),
    (105),
    (106),
    (107),
    (108),
    (109),
    (110),
    (111),
    (112),
    (113),
    (114),
    (115),
    (116),
    (117),
    (118),
    (119),
    (120),
    (121),
    (122),
    (123),
    (124),
    (125),
    (126),
    (127),
    (128),
    (129),
    (130),
    (131),
    (132),
    (133),
    (134),
    (135),
    (136),
    (137),
    (138),
    (139),
    (140),
    (141),
    (142),
    (143),
    (144),
    (145),
    (146),
    (147),
    (148),
    (149),
    (150),
    (151),
    (152),
    (153),
    (154),
    (155),
    (156),
    (157),
    (158),
    (159),
    (160),
    (161),
    (162),
    (163),
    (164),
    (165),
    (166),
    (167),
    (168),
    (169),
    (170),
    (171),
    (172),
    (173),
    (174),
    (175),
    (176),
    (177),
    (178),
    (179),
    (180),
    (181),
    (182),
    (183),
    (184),
    (185),
    (186),
    (187),
    (188),
    (189),
    (190),
    (191),
    (192),
    (193),
    (194),
    (195),
    (196),
    (197),
    (198),
    (199);

INSERT INTO T14 (pk)
VALUES
    (0),
    (1),
    (2),
    (3),
    (4),
    (5),
    (6),
    (7),
    (8),
    (9),
    (10),
    (11),
    (12),
    (13),
    (14),
    (15),
    (16),
    (17),
    (18),
    (19),
    (20),
    (21),
    (22),
    (23),
    (24),
    (25),
    (26),
    (27),
    (28),
    (29),
    (30),
    (31),
    (32),
    (33),
    (34),
    (35),
    (36),
    (37),
    (38),
    (39),
    (40),
    (41),
    (42),
    (43),
    (44),
    (45),
    (46),
    (47),
    (48),
    (49),
    (50),
    (51),
    (52),
    (53),
    (54),
    (55),
    (56),
    (57),
    (58),
    (59),
    (60),
    (61),
    (62),
    (63),
    (64),
    (65),
    (66),
    (67),
    (68),
    (69),
    (70),
    (71),
    (72),
    (73),
    (74),
    (75),
    (76),
    (77),
    (78),
    (79),
    (80),
    (81),
    (82),
    (83),
    (84),
    (85),
    (86),
    (87),
    (88),
    (89),
    (90),
    (91),
    (92),
    (93),
    (94),
    (95),
    (96),
    (97),
    (98),
    (99),
    (100),
    (101),
    (102),
    (103),
    (104),
    (105),
    (106),
    (107),
    (108),
    (109),
    (110),
    (111),
    (112),
    (113),
    (114),
    (115),
    (116),
    (117),
    (118),
    (119),
    (120),
    (121),
    (122),
    (123),
    (124),
    (125),
    (126),
    (127),
    (128),
    (129),
    (130),
    (131),
    (132),
    (133),
    (134),
    (135),
    (136),
    (137),
    (138),
    (139),
    (140),
    (141),
    (142),
    (143),
    (144),
    (145),
    (146),
    (147),
    (148),
    (149),
    (150),
    (151),
    (152),
    (153),
    (154),
    (155),
    (156),
    (157),
    (158),
    (159),
    (160),
    (161),
    (162),
    (163),
    (164),
    (165),
    (166),
    (167),
    (168),
    (169),
    (170),
    (171),
    (172),
    (173),
    (174),
    (175),
    (176),
    (177),
    (178),
    (179),
    (180),
    (181),
    (182),
    (183),
    (184),
    (185),
    (186),
    (187),
    (188),
    (189),
    (190),
    (191),
    (192),
    (193),
    (194),
    (195),
    (196),
    (197),
    (198),
    (199);

INSERT INTO T15 (pk)
VALUES
    (0),
    (1),
    (2),
    (3),
    (4),
    (5),
    (6),
    (7),
    (8),
    (9),
    (10),
    (11),
    (12),
    (13),
    (14),
    (15),
    (16),
    (17),
    (18),
    (19),
    (20),
    (21),
    (22),
    (23),
    (24),
    (25),
    (26),
    (27),
    (28),
    (29),
    (30),
    (31),
    (32),
    (33),
    (34),
    (35),
    (36),
    (37),
    (38),
    (39),
    (40),
    (41),
    (42),
    (43),
    (44),
    (45),
    (46),
    (47),
    (48),
    (49),
    (50),
    (51),
    (52),
    (53),
    (54),
    (55),
    (56),
    (57),
    (58),
    (59),
    (60),
    (61),
    (62),
    (63),
    (64),
    (65),
    (66),
    (67),
    (68),
    (69),
    (70),
    (71),
    (72),
    (73),
    (74),
    (75),
    (76),
    (77),
    (78),
    (79),
    (80),
    (81),
    (82),
    (83),
    (84),
    (85),
    (86),
    (87),
    (88),
    (89),
    (90),
    (91),
    (92),
    (93),
    (94),
    (95),
    (96),
    (97),
    (98),
    (99),
    (100),
    (101),
    (102),
    (103),
    (104),
    (105),
    (106),
    (107),
    (108),
    (109),
    (110),
    (111),
    (112),
    (113),
    (114),
    (115),
    (116),
    (117),
    (118),
    (119),
    (120),
    (121),
    (122),
    (123),
    (124),
    (125),
    (126),
    (127),
    (128),
    (129),
    (130),
    (131),
    (132),
    (133),
    (134),
    (135),
    (136),
    (137),
    (138),
    (139),
    (140),
    (141),
    (142),
    (143),
    (144),
    (145),
    (146),
    (147),
    (148),
    (149),
    (150),
    (151),
    (152),
    (153),
    (154),
    (155),
    (156),
    (157),
    (158),
    (159),
    (160),
    (161),
    (162),
    (163),
    (164),
    (165),
    (166),
    (167),
    (168),
    (169),
    (170),
    (171),
    (172),
    (173),
    (174),
    (175),
    (176),
    (177),
    (178),
    (179),
    (180),
    (181),
    (182),
    (183),
    (184),
    (185),
    (186),
    (187),
    (188),
    (189),
    (190),
    (191),
    (192),
    (193),
    (194),
    (195),
    (196),
    (197),
    (198),
    (199);

INSERT INTO T16 (pk)
VALUES
    (0),
    (1),
    (2),
    (3),
    (4),
    (5),
    (6),
    (7),
    (8),
    (9),
    (10),
    (11),
    (12),
    (13),
    (14),
    (15),
    (16),
    (17),
    (18),
    (19),
    (20),
    (21),
    (22),
    (23),
    (24),
    (25),
    (26),
    (27),
    (28),
    (29),
    (30),
    (31),
    (32),
    (33),
    (34),
    (35),
    (36),
    (37),
    (38),
    (39),
    (40),
    (41),
    (42),
    (43),
    (44),
    (45),
    (46),
    (47),
    (48),
    (49),
    (50),
    (51),
    (52),
    (53),
    (54),
    (55),
    (56),
    (57),
    (58),
    (59),
    (60),
    (61),
    (62),
    (63),
    (64),
    (65),
    (66),
    (67),
    (68),
    (69),
    (70),
    (71),
    (72),
    (73),
    (74),
    (75),
    (76),
    (77),
    (78),
    (79),
    (80),
    (81),
    (82),
    (83),
    (84),
    (85),
    (86),
    (87),
    (88),
    (89),
    (90),
    (91),
    (92),
    (93),
    (94),
    (95),
    (96),
    (97),
    (98),
    (99),
    (100),
    (101),
    (102),
    (103),
    (104),
    (105),
    (106),
    (107),
    (108),
    (109),
    (110),
    (111),
    (112),
    (113),
    (114),
    (115),
    (116),
    (117),
    (118),
    (119),
    (120),
    (121),
    (122),
    (123),
    (124),
    (125),
    (126),
    (127),
    (128),
    (129),
    (130),
    (131),
    (132),
    (133),
    (134),
    (135),
    (136),
    (137),
    (138),
    (139),
    (140),
    (141),
    (142),
    (143),
    (144),
    (145),
    (146),
    (147),
    (148),
    (149),
    (150),
    (151),
    (152),
    (153),
    (154),
    (155),
    (156),
    (157),
    (158),
    (159),
    (160),
    (161),
    (162),
    (163),
    (164),
    (165),
    (166),
    (167),
    (168),
    (169),
    (170),
    (171),
    (172),
    (173),
    (174),
    (175),
    (176),
    (177),
    (178),
    (179),
    (180),
    (181),
    (182),
    (183),
    (184),
    (185),
    (186),
    (187),
    (188),
    (189),
    (190),
    (191),
    (192),
    (193),
    (194),
    (195),
    (196),
    (197),
    (198),
    (199);

INSERT INTO T17 (pk)
VALUES
    (0),
    (1),
    (2),
    (3),
    (4),
    (5),
    (6),
    (7),
    (8),
    (9),
    (10),
    (11),
    (12),
    (13),
    (14),
    (15),
    (16),
    (17),
    (18),
    (19),
    (20),
    (21),
    (22),
    (23),
    (24),
    (25),
    (26),
    (27),
    (28),
    (29),
    (30),
    (31),
    (32),
    (33),
    (34),
    (35),
    (36),
    (37),
    (38),
    (39),
    (40),
    (41),
    (42),
    (43),
    (44),
    (45),
    (46),
    (47),
    (48),
    (49),
    (50),
    (51),
    (52),
    (53),
    (54),
    (55),
    (56),
    (57),
    (58),
    (59),
    (60),
    (61),
    (62),
    (63),
    (64),
    (65),
    (66),
    (67),
    (68),
    (69),
    (70),
    (71),
    (72),
    (73),
    (74),
    (75),
    (76),
    (77),
    (78),
    (79),
    (80),
    (81),
    (82),
    (83),
    (84),
    (85),
    (86),
    (87),
    (88),
    (89),
    (90),
    (91),
    (92),
    (93),
    (94),
    (95),
    (96),
    (97),
    (98),
    (99),
    (100),
    (101),
    (102),
    (103),
    (104),
    (105),
    (106),
    (107),
    (108),
    (109),
    (110),
    (111),
    (112),
    (113),
    (114),
    (115),
    (116),
    (117),
    (118),
    (119),
    (120),
    (121),
    (122),
    (123),
    (124),
    (125),
    (126),
    (127),
    (128),
    (129),
    (130),
    (131),
    (132),
    (133),
    (134),
    (135),
    (136),
    (137),
    (138),
    (139),
    (140),
    (141),
    (142),
    (143),
    (144),
    (145),
    (146),
    (147),
    (148),
    (149),
    (150),
    (151),
    (152),
    (153),
    (154),
    (155),
    (156),
    (157),
    (158),
    (159),
    (160),
    (161),
    (162),
    (163),
    (164),
    (165),
    (166),
    (167),
    (168),
    (169),
    (170),
    (171),
    (172),
    (173),
    (174),
    (175),
    (176),
    (177),
    (178),
    (179),
    (180),
    (181),
    (182),
    (183),
    (184),
    (185),
    (186),
    (187),
    (188),
    (189),
    (190),
    (191),
    (192),
    (193),
    (194),
    (195),
    (196),
    (197),
    (198),
    (199);

INSERT INTO T18 (pk)
VALUES
    (0),
    (1),
    (2),
    (3),
    (4),
    (5),
    (6),
    (7),
    (8),
    (9),
    (10),
    (11),
    (12),
    (13),
    (14),
    (15),
    (16),
    (17),
    (18),
    (19),
    (20),
    (21),
    (22),
    (23),
    (24),
    (25),
    (26),
    (27),
    (28),
    (29),
    (30),
    (31),
    (32),
    (33),
    (34),
    (35),
    (36),
    (37),
    (38),
    (39),
    (40),
    (41),
    (42),
    (43),
    (44),
    (45),
    (46),
    (47),
    (48),
    (49),
    (50),
    (51),
    (52),
    (53),
    (54),
    (55),
    (56),
    (57),
    (58),
    (59),
    (60),
    (61),
    (62),
    (63),
    (64),
    (65),
    (66),
    (67),
    (68),
    (69),
    (70),
    (71),
    (72),
    (73),
    (74),
    (75),
    (76),
    (77),
    (78),
    (79),
    (80),
    (81),
    (82),
    (83),
    (84),
    (85),
    (86),
    (87),
    (88),
    (89),
    (90),
    (91),
    (92),
    (93),
    (94),
    (95),
    (96),
    (97),
    (98),
    (99),
    (100),
    (101),
    (102),
    (103),
    (104),
    (105),
    (106),
    (107),
    (108),
    (109),
    (110),
    (111),
    (112),
    (113),
    (114),
    (115),
    (116),
    (117),
    (118),
    (119),
    (120),
    (121),
    (122),
    (123),
    (124),
    (125),
    (126),
    (127),
    (128),
    (129),
    (130),
    (131),
    (132),
    (133),
    (134),
    (135),
    (136),
    (137),
    (138),
    (139),
    (140),
    (141),
    (142),
    (143),
    (144),
    (145),
    (146),
    (147),
    (148),
    (149),
    (150),
    (151),
    (152),
    (153),
    (154),
    (155),
    (156),
    (157),
    (158),
    (159),
    (160),
    (161),
    (162),
    (163),
    (164),
    (165),
    (166),
    (167),
    (168),
    (169),
    (170),
    (171),
    (172),
    (173),
    (174),
    (175),
    (176),
    (177),
    (178),
    (179),
    (180),
    (181),
    (182),
    (183),
    (184),
    (185),
    (186),
    (187),
    (188),
    (189),
    (190),
    (191),
    (192),
    (193),
    (194),
    (195),
    (196),
    (197),
    (198),
    (199);

INSERT INTO T19 (pk)
VALUES
    (0),
    (1),
    (2),
    (3),
    (4),
    (5),
    (6),
    (7),
    (8),
    (9),
    (10),
    (11),
    (12),
    (13),
    (14),
    (15),
    (16),
    (17),
    (18),
    (19),
    (20),
    (21),
    (22),
    (23),
    (24),
    (25),
    (26),
    (27),
    (28),
    (29),
    (30),
    (31),
    (32),
    (33),
    (34),
    (35),
    (36),
    (37),
    (38),
    (39),
    (40),
    (41),
    (42),
    (43),
    (44),
    (45),
    (46),
    (47),
    (48),
    (49),
    (50),
    (51),
    (52),
    (53),
    (54),
    (55),
    (56),
    (57),
    (58),
    (59),
    (60),
    (61),
    (62),
    (63),
    (64),
    (65),
    (66),
    (67),
    (68),
    (69),
    (70),
    (71),
    (72),
    (73),
    (74),
    (75),
    (76),
    (77),
    (78),
    (79),
    (80),
    (81),
    (82),
    (83),
    (84),
    (85),
    (86),
    (87),
    (88),
    (89),
    (90),
    (91),
    (92),
    (93),
    (94),
    (95),
    (96),
    (97),
    (98),
    (99),
    (100),
    (101),
    (102),
    (103),
    (104),
    (105),
    (106),
    (107),
    (108),
    (109),
    (110),
    (111),
    (112),
    (113),
    (114),
    (115),
    (116),
    (117),
    (118),
    (119),
    (120),
    (121),
    (122),
    (123),
    (124),
    (125),
    (126),
    (127),
    (128),
    (129),
    (130),
    (131),
    (132),
    (133),
    (134),
    (135),
    (136),
    (137),
    (138),
    (139),
    (140),
    (141),
    (142),
    (143),
    (144),
    (145),
    (146),
    (147),
    (148),
    (149),
    (150),
    (151),
    (152),
    (153),
    (154),
    (155),
    (156),
    (157),
    (158),
    (159),
    (160),
    (161),
    (162),
    (163),
    (164),
    (165),
    (166),
    (167),
    (168),
    (169),
    (170),
    (171),
    (172),
    (173),
    (174),
    (175),
    (176),
    (177),
    (178),
    (179),
    (180),
    (181),
    (182),
    (183),
    (184),
    (185),
    (186),
    (187),
    (188),
    (189),
    (190),
    (191),
    (192),
    (193),
    (194),
    (195),
    (196),
    (197),
    (198),
    (199);

INSERT INTO T20 (pk)
VALUES
    (0),
    (1),
    (2),
    (3),
    (4),
    (5),
    (6),
    (7),
    (8),
    (9),
    (10),
    (11),
    (12),
    (13),
    (14),
    (15),
    (16),
    (17),
    (18),
    (19),
    (20),
    (21),
    (22),
    (23),
    (24),
    (25),
    (26),
    (27),
    (28),
    (29),
    (30),
    (31),
    (32),
    (33),
    (34),
    (35),
    (36),
    (37),
    (38),
    (39),
    (40),
    (41),
    (42),
    (43),
    (44),
    (45),
    (46),
    (47),
    (48),
    (49),
    (50),
    (51),
    (52),
    (53),
    (54),
    (55),
    (56),
    (57),
    (58),
    (59),
    (60),
    (61),
    (62),
    (63),
    (64),
    (65),
    (66),
    (67),
    (68),
    (69),
    (70),
    (71),
    (72),
    (73),
    (74),
    (75),
    (76),
    (77),
    (78),
    (79),
    (80),
    (81),
    (82),
    (83),
    (84),
    (85),
    (86),
    (87),
    (88),
    (89),
    (90),
    (91),
    (92),
    (93),
    (94),
    (95),
    (96),
    (97),
    (98),
    (99),
    (100),
    (101),
    (102),
    (103),
    (104),
    (105),
    (106),
    (107),
    (108),
    (109),
    (110),
    (111),
    (112),
    (113),
    (114),
    (115),
    (116),
    (117),
    (118),
    (119),
    (120),
    (121),
    (122),
    (123),
    (124),
    (125),
    (126),
    (127),
    (128),
    (129),
    (130),
    (131),
    (132),
    (133),
    (134),
    (135),
    (136),
    (137),
    (138),
    (139),
    (140),
    (141),
    (142),
    (143),
    (144),
    (145),
    (146),
    (147),
    (148),
    (149),
    (150),
    (151),
    (152),
    (153),
    (154),
    (155),
    (156),
    (157),
    (158),
    (159),
    (160),
    (161),
    (162),
    (163),
    (164),
    (165),
    (166),
    (167),
    (168),
    (169),
    (170),
    (171),
    (172),
    (173),
    (174),
    (175),
    (176),
    (177),
    (178),
    (179),
    (180),
    (181),
    (182),
    (183),
    (184),
    (185),
    (186),
    (187),
    (188),
    (189),
    (190),
    (191),
    (192),
    (193),
    (194),
    (195),
    (196),
    (197),
    (198),
    (199);

INSERT INTO T21 (pk)
VALUES
    (0),
    (1),
    (2),
    (3),
    (4),
    (5),
    (6),
    (7),
    (8),
    (9),
    (10),
    (11),
    (12),
    (13),
    (14),
    (15),
    (16),
    (17),
    (18),
    (19),
    (20),
    (21),
    (22),
    (23),
    (24),
    (25),
    (26),
    (27),
    (28),
    (29),
    (30),
    (31),
    (32),
    (33),
    (34),
    (35),
    (36),
    (37),
    (38),
    (39),
    (40),
    (41),
    (42),
    (43),
    (44),
    (45),
    (46),
    (47),
    (48),
    (49),
    (50),
    (51),
    (52),
    (53),
    (54),
    (55),
    (56),
    (57),
    (58),
    (59),
    (60),
    (61),
    (62),
    (63),
    (64),
    (65),
    (66),
    (67),
    (68),
    (69),
    (70),
    (71),
    (72),
    (73),
    (74),
    (75),
    (76),
    (77),
    (78),
    (79),
    (80),
    (81),
    (82),
    (83),
    (84),
    (85),
    (86),
    (87),
    (88),
    (89),
    (90),
    (91),
    (92),
    (93),
    (94),
    (95),
    (96),
    (97),
    (98),
    (99),
    (100),
    (101),
    (102),
    (103),
    (104),
    (105),
    (106),
    (107),
    (108),
    (109),
    (110),
    (111),
    (112),
    (113),
    (114),
    (115),
    (116),
    (117),
    (118),
    (119),
    (120),
    (121),
    (122),
    (123),
    (124),
    (125),
    (126),
    (127),
    (128),
    (129),
    (130),
    (131),
    (132),
    (133),
    (134),
    (135),
    (136),
    (137),
    (138),
    (139),
    (140),
    (141),
    (142),
    (143),
    (144),
    (145),
    (146),
    (147),
    (148),
    (149),
    (150),
    (151),
    (152),
    (153),
    (154),
    (155),
    (156),
    (157),
    (158),
    (159),
    (160),
    (161),
    (162),
    (163),
    (164),
    (165),
    (166),
    (167),
    (168),
    (169),
    (170),
    (171),
    (172),
    (173),
    (174),
    (175),
    (176),
    (177),
    (178),
    (179),
    (180),
    (181),
    (182),
    (183),
    (184),
    (185),
    (186),
    (187),
    (188),
    (189),
    (190),
    (191),
    (192),
    (193),
    (194),
    (195),
    (196),
    (197),
    (198),
    (199);

INSERT INTO T22 (pk)
VALUES
    (0),
    (1),
    (2),
    (3),
    (4),
    (5),
    (6),
    (7),
    (8),
    (9),
    (10),
    (11),
    (12),
    (13),
    (14),
    (15),
    (16),
    (17),
    (18),
    (19),
    (20),
    (21),
    (22),
    (23),
    (24),
    (25),
    (26),
    (27),
    (28),
    (29),
    (30),
    (31),
    (32),
    (33),
    (34),
    (35),
    (36),
    (37),
    (38),
    (39),
    (40),
    (41),
    (42),
    (43),
    (44),
    (45),
    (46),
    (47),
    (48),
    (49),
    (50),
    (51),
    (52),
    (53),
    (54),
    (55),
    (56),
    (57),
    (58),
    (59),
    (60),
    (61),
    (62),
    (63),
    (64),
    (65),
    (66),
    (67),
    (68),
    (69),
    (70),
    (71),
    (72),
    (73),
    (74),
    (75),
    (76),
    (77),
    (78),
    (79),
    (80),
    (81),
    (82),
    (83),
    (84),
    (85),
    (86),
    (87),
    (88),
    (89),
    (90),
    (91),
    (92),
    (93),
    (94),
    (95),
    (96),
    (97),
    (98),
    (99),
    (100),
    (101),
    (102),
    (103),
    (104),
    (105),
    (106),
    (107),
    (108),
    (109),
    (110),
    (111),
    (112),
    (113),
    (114),
    (115),
    (116),
    (117),
    (118),
    (119),
    (120),
    (121),
    (122),
    (123),
    (124),
    (125),
    (126),
    (127),
    (128),
    (129),
    (130),
    (131),
    (132),
    (133),
    (134),
    (135),
    (136),
    (137),
    (138),
    (139),
    (140),
    (141),
    (142),
    (143),
    (144),
    (145),
    (146),
    (147),
    (148),
    (149),
    (150),
    (151),
    (152),
    (153),
    (154),
    (155),
    (156),
    (157),
    (158),
    (159),
    (160),
    (161),
    (162),
    (163),
    (164),
    (165),
    (166),
    (167),
    (168),
    (169),
    (170),
    (171),
    (172),
    (173),
    (174),
    (175),
    (176),
    (177),
    (178),
    (179),
    (180),
    (181),
    (182),
    (183),
    (184),
    (185),
    (186),
    (187),
    (188),
    (189),
    (190),
    (191),
    (192),
    (193),
    (194),
    (195),
    (196),
    (197),
    (198),
    (199);

INSERT INTO T23 (pk)
VALUES
    (0),
    (1),
    (2),
    (3),
    (4),
    (5),
    (6),
    (7),
    (8),
    (9),
    (10),
    (11),
    (12),
    (13),
    (14),
    (15),
    (16),
    (17),
    (18),
    (19),
    (20),
    (21),
    (22),
    (23),
    (24),
    (25),
    (26),
    (27),
    (28),
    (29),
    (30),
    (31),
    (32),
    (33),
    (34),
    (35),
    (36),
    (37),
    (38),
    (39),
    (40),
    (41),
    (42),
    (43),
    (44),
    (45),
    (46),
    (47),
    (48),
    (49),
    (50),
    (51),
    (52),
    (53),
    (54),
    (55),
    (56),
    (57),
    (58),
    (59),
    (60),
    (61),
    (62),
    (63),
    (64),
    (65),
    (66),
    (67),
    (68),
    (69),
    (70),
    (71),
    (72),
    (73),
    (74),
    (75),
    (76),
    (77),
    (78),
    (79),
    (80),
    (81),
    (82),
    (83),
    (84),
    (85),
    (86),
    (87),
    (88),
    (89),
    (90),
    (91),
    (92),
    (93),
    (94),
    (95),
    (96),
    (97),
    (98),
    (99),
    (100),
    (101),
    (102),
    (103),
    (104),
    (105),
    (106),
    (107),
    (108),
    (109),
    (110),
    (111),
    (112),
    (113),
    (114),
    (115),
    (116),
    (117),
    (118),
    (119),
    (120),
    (121),
    (122),
    (123),
    (124),
    (125),
    (126),
    (127),
    (128),
    (129),
    (130),
    (131),
    (132),
    (133),
    (134),
    (135),
    (136),
    (137),
    (138),
    (139),
    (140),
    (141),
    (142),
    (143),
    (144),
    (145),
    (146),
    (147),
    (148),
    (149),
    (150),
    (151),
    (152),
    (153),
    (154),
    (155),
    (156),
    (157),
    (158),
    (159),
    (160),
    (161),
    (162),
    (163),
    (164),
    (165),
    (166),
    (167),
    (168),
    (169),
    (170),
    (171),
    (172),
    (173),
    (174),
    (175),
    (176),
    (177),
    (178),
    (179),
    (180),
    (181),
    (182),
    (183),
    (184),
    (185),
    (186),
    (187),
    (188),
    (189),
    (190),
    (191),
    (192),
    (193),
    (194),
    (195),
    (196),
    (197),
    (198),
    (199);

INSERT INTO T24 (pk)
VALUES
    (0),
    (1),
    (2),
    (3),
    (4),
    (5),
    (6),
    (7),
    (8),
    (9),
    (10),
    (11),
    (12),
    (13),
    (14),
    (15),
    (16),
    (17),
    (18),
    (19),
    (20),
    (21),
    (22),
    (23),
    (24),
    (25),
    (26),
    (27),
    (28),
    (29),
    (30),
    (31),
    (32),
    (33),
    (34),
    (35),
    (36),
    (37),
    (38),
    (39),
    (40),
    (41),
    (42),
    (43),
    (44),
    (45),
    (46),
    (47),
    (48),
    (49),
    (50),
    (51),
    (52),
    (53),
    (54),
    (55),
    (56),
    (57),
    (58),
    (59),
    (60),
    (61),
    (62),
    (63),
    (64),
    (65),
    (66),
    (67),
    (68),
    (69),
    (70),
    (71),
    (72),
    (73),
    (74),
    (75),
    (76),
    (77),
    (78),
    (79),
    (80),
    (81),
    (82),
    (83),
    (84),
    (85),
    (86),
    (87),
    (88),
    (89),
    (90),
    (91),
    (92),
    (93),
    (94),
    (95),
    (96),
    (97),
    (98),
    (99),
    (100),
    (101),
    (102),
    (103),
    (104),
    (105),
    (106),
    (107),
    (108),
    (109),
    (110),
    (111),
    (112),
    (113),
    (114),
    (115),
    (116),
    (117),
    (118),
    (119),
    (120),
    (121),
    (122),
    (123),
    (124),
    (125),
    (126),
    (127),
    (128),
    (129),
    (130),
    (131),
    (132),
    (133),
    (134),
    (135),
    (136),
    (137),
    (138),
    (139),
    (140),
    (141),
    (142),
    (143),
    (144),
    (145),
    (146),
    (147),
    (148),
    (149),
    (150),
    (151),
    (152),
    (153),
    (154),
    (155),
    (156),
    (157),
    (158),
    (159),
    (160),
    (161),
    (162),
    (163),
    (164),
    (165),
    (166),
    (167),
    (168),
    (169),
    (170),
    (171),
    (172),
    (173),
    (174),
    (175),
    (176),
    (177),
    (178),
    (179),
    (180),
    (181),
    (182),
    (183),
    (184),
    (185),
    (186),
    (187),
    (188),
    (189),
    (190),
    (191),
    (192),
    (193),
    (194),
    (195),
    (196),
    (197),
    (198),
    (199);

INSERT INTO T25 (pk)
VALUES
    (0),
    (1),
    (2),
    (3),
    (4),
    (5),
    (6),
    (7),
    (8),
    (9),
    (10),
    (11),
    (12),
    (13),
    (14),
    (15),
    (16),
    (17),
    (18),
    (19),
    (20),
    (21),
    (22),
    (23),
    (24),
    (25),
    (26),
    (27),
    (28),
    (29),
    (30),
    (31),
    (32),
    (33),
    (34),
    (35),
    (36),
    (37),
    (38),
    (39),
    (40),
    (41),
    (42),
    (43),
    (44),
    (45),
    (46),
    (47),
    (48),
    (49),
    (50),
    (51),
    (52),
    (53),
    (54),
    (55),
    (56),
    (57),
    (58),
    (59),
    (60),
    (61),
    (62),
    (63),
    (64),
    (65),
    (66),
    (67),
    (68),
    (69),
    (70),
    (71),
    (72),
    (73),
    (74),
    (75),
    (76),
    (77),
    (78),
    (79),
    (80),
    (81),
    (82),
    (83),
    (84),
    (85),
    (86),
    (87),
    (88),
    (89),
    (90),
    (91),
    (92),
    (93),
    (94),
    (95),
    (96),
    (97),
    (98),
    (99),
    (100),
    (101),
    (102),
    (103),
    (104),
    (105),
    (106),
    (107),
    (108),
    (109),
    (110),
    (111),
    (112),
    (113),
    (114),
    (115),
    (116),
    (117),
    (118),
    (119),
    (120),
    (121),
    (122),
    (123),
    (124),
    (125),
    (126),
    (127),
    (128),
    (129),
    (130),
    (131),
    (132),
    (133),
    (134),
    (135),
    (136),
    (137),
    (138),
    (139),
    (140),
    (141),
    (142),
    (143),
    (144),
    (145),
    (146),
    (147),
    (148),
    (149),
    (150),
    (151),
    (152),
    (153),
    (154),
    (155),
    (156),
    (157),
    (158),
    (159),
    (160),
    (161),
    (162),
    (163),
    (164),
    (165),
    (166),
    (167),
    (168),
    (169),
    (170),
    (171),
    (172),
    (173),
    (174),
    (175),
    (176),
    (177),
    (178),
    (179),
    (180),
    (181),
    (182),
    (183),
    (184),
    (185),
    (186),
    (187),
    (188),
    (189),
    (190),
    (191),
    (192),
    (193),
    (194),
    (195),
    (196),
    (197),
    (198),
    (199);

INSERT INTO T26 (pk)
VALUES
    (0),
    (1),
    (2),
    (3),
    (4),
    (5),
    (6),
    (7),
    (8),
    (9),
    (10),
    (11),
    (12),
    (13),
    (14),
    (15),
    (16),
    (17),
    (18),
    (19),
    (20),
    (21),
    (22),
    (23),
    (24),
    (25),
    (26),
    (27),
    (28),
    (29),
    (30),
    (31),
    (32),
    (33),
    (34),
    (35),
    (36),
    (37),
    (38),
    (39),
    (40),
    (41),
    (42),
    (43),
    (44),
    (45),
    (46),
    (47),
    (48),
    (49),
    (50),
    (51),
    (52),
    (53),
    (54),
    (55),
    (56),
    (57),
    (58),
    (59),
    (60),
    (61),
    (62),
    (63),
    (64),
    (65),
    (66),
    (67),
    (68),
    (69),
    (70),
    (71),
    (72),
    (73),
    (74),
    (75),
    (76),
    (77),
    (78),
    (79),
    (80),
    (81),
    (82),
    (83),
    (84),
    (85),
    (86),
    (87),
    (88),
    (89),
    (90),
    (91),
    (92),
    (93),
    (94),
    (95),
    (96),
    (97),
    (98),
    (99),
    (100),
    (101),
    (102),
    (103),
    (104),
    (105),
    (106),
    (107),
    (108),
    (109),
    (110),
    (111),
    (112),
    (113),
    (114),
    (115),
    (116),
    (117),
    (118),
    (119),
    (120),
    (121),
    (122),
    (123),
    (124),
    (125),
    (126),
    (127),
    (128),
    (129),
    (130),
    (131),
    (132),
    (133),
    (134),
    (135),
    (136),
    (137),
    (138),
    (139),
    (140),
    (141),
    (142),
    (143),
    (144),
    (145),
    (146),
    (147),
    (148),
    (149),
    (150),
    (151),
    (152),
    (153),
    (154),
    (155),
    (156),
    (157),
    (158),
    (159),
    (160),
    (161),
    (162),
    (163),
    (164),
    (165),
    (166),
    (167),
    (168),
    (169),
    (170),
    (171),
    (172),
    (173),
    (174),
    (175),
    (176),
    (177),
    (178),
    (179),
    (180),
    (181),
    (182),
    (183),
    (184),
    (185),
    (186),
    (187),
    (188),
    (189),
    (190),
    (191),
    (192),
    (193),
    (194),
    (195),
    (196),
    (197),
    (198),
    (199);

INSERT INTO T27 (pk)
VALUES
    (0),
    (1),
    (2),
    (3),
    (4),
    (5),
    (6),
    (7),
    (8),
    (9),
    (10),
    (11),
    (12),
    (13),
    (14),
    (15),
    (16),
    (17),
    (18),
    (19),
    (20),
    (21),
    (22),
    (23),
    (24),
    (25),
    (26),
    (27),
    (28),
    (29),
    (30),
    (31),
    (32),
    (33),
    (34),
    (35),
    (36),
    (37),
    (38),
    (39),
    (40),
    (41),
    (42),
    (43),
    (44),
    (45),
    (46),
    (47),
    (48),
    (49),
    (50),
    (51),
    (52),
    (53),
    (54),
    (55),
    (56),
    (57),
    (58),
    (59),
    (60),
    (61),
    (62),
    (63),
    (64),
    (65),
    (66),
    (67),
    (68),
    (69),
    (70),
    (71),
    (72),
    (73),
    (74),
    (75),
    (76),
    (77),
    (78),
    (79),
    (80),
    (81),
    (82),
    (83),
    (84),
    (85),
    (86),
    (87),
    (88),
    (89),
    (90),
    (91),
    (92),
    (93),
    (94),
    (95),
    (96),
    (97),
    (98),
    (99),
    (100),
    (101),
    (102),
    (103),
    (104),
    (105),
    (106),
    (107),
    (108),
    (109),
    (110),
    (111),
    (112),
    (113),
    (114),
    (115),
    (116),
    (117),
    (118),
    (119),
    (120),
    (121),
    (122),
    (123),
    (124),
    (125),
    (126),
    (127),
    (128),
    (129),
    (130),
    (131),
    (132),
    (133),
    (134),
    (135),
    (136),
    (137),
    (138),
    (139),
    (140),
    (141),
    (142),
    (143),
    (144),
    (145),
    (146),
    (147),
    (148),
    (149),
    (150),
    (151),
    (152),
    (153),
    (154),
    (155),
    (156),
    (157),
    (158),
    (159),
    (160),
    (161),
    (162),
    (163),
    (164),
    (165),
    (166),
    (167),
    (168),
    (169),
    (170),
    (171),
    (172),
    (173),
    (174),
    (175),
    (176),
    (177),
    (178),
    (179),
    (180),
    (181),
    (182),
    (183),
    (184),
    (185),
    (186),
    (187),
    (188),
    (189),
    (190),
    (191),
    (192),
    (193),
    (194),
    (195),
    (196),
    (197),
    (198),
    (199);

INSERT INTO T28 (pk)
VALUES
    (0),
    (1),
    (2),
    (3),
    (4),
    (5),
    (6),
    (7),
    (8),
    (9),
    (10),
    (11),
    (12),
    (13),
    (14),
    (15),
    (16),
    (17),
    (18),
    (19),
    (20),
    (21),
    (22),
    (23),
    (24),
    (25),
    (26),
    (27),
    (28),
    (29),
    (30),
    (31),
    (32),
    (33),
    (34),
    (35),
    (36),
    (37),
    (38),
    (39),
    (40),
    (41),
    (42),
    (43),
    (44),
    (45),
    (46),
    (47),
    (48),
    (49),
    (50),
    (51),
    (52),
    (53),
    (54),
    (55),
    (56),
    (57),
    (58),
    (59),
    (60),
    (61),
    (62),
    (63),
    (64),
    (65),
    (66),
    (67),
    (68),
    (69),
    (70),
    (71),
    (72),
    (73),
    (74),
    (75),
    (76),
    (77),
    (78),
    (79),
    (80),
    (81),
    (82),
    (83),
    (84),
    (85),
    (86),
    (87),
    (88),
    (89),
    (90),
    (91),
    (92),
    (93),
    (94),
    (95),
    (96),
    (97),
    (98),
    (99),
    (100),
    (101),
    (102),
    (103),
    (104),
    (105),
    (106),
    (107),
    (108),
    (109),
    (110),
    (111),
    (112),
    (113),
    (114),
    (115),
    (116),
    (117),
    (118),
    (119),
    (120),
    (121),
    (122),
    (123),
    (124),
    (125),
    (126),
    (127),
    (128),
    (129),
    (130),
    (131),
    (132),
    (133),
    (134),
    (135),
    (136),
    (137),
    (138),
    (139),
    (140),
    (141),
    (142),
    (143),
    (144),
    (145),
    (146),
    (147),
    (148),
    (149),
    (150),
    (151),
    (152),
    (153),
    (154),
    (155),
    (156),
    (157),
    (158),
    (159),
    (160),
    (161),
    (162),
    (163),
    (164),
    (165),
    (166),
    (167),
    (168),
    (169),
    (170),
    (171),
    (172),
    (173),
    (174),
    (175),
    (176),
    (177),
    (178),
    (179),
    (180),
    (181),
    (182),
    (183),
    (184),
    (185),
    (186),
    (187),
    (188),
    (189),
    (190),
    (191),
    (192),
    (193),
    (194),
    (195),
    (196),
    (197),
    (198),
    (199);

INSERT INTO T29 (pk)
VALUES
    (0),
    (1),
    (2),
    (3),
    (4),
    (5),
    (6),
    (7),
    (8),
    (9),
    (10),
    (11),
    (12),
    (13),
    (14),
    (15),
    (16),
    (17),
    (18),
    (19),
    (20),
    (21),
    (22),
    (23),
    (24),
    (25),
    (26),
    (27),
    (28),
    (29),
    (30),
    (31),
    (32),
    (33),
    (34),
    (35),
    (36),
    (37),
    (38),
    (39),
    (40),
    (41),
    (42),
    (43),
    (44),
    (45),
    (46),
    (47),
    (48),
    (49),
    (50),
    (51),
    (52),
    (53),
    (54),
    (55),
    (56),
    (57),
    (58),
    (59),
    (60),
    (61),
    (62),
    (63),
    (64),
    (65),
    (66),
    (67),
    (68),
    (69),
    (70),
    (71),
    (72),
    (73),
    (74),
    (75),
    (76),
    (77),
    (78),
    (79),
    (80),
    (81),
    (82),
    (83),
    (84),
    (85),
    (86),
    (87),
    (88),
    (89),
    (90),
    (91),
    (92),
    (93),
    (94),
    (95),
    (96),
    (97),
    (98),
    (99),
    (100),
    (101),
    (102),
    (103),
    (104),
    (105),
    (106),
    (107),
    (108),
    (109),
    (110),
    (111),
    (112),
    (113),
    (114),
    (115),
    (116),
    (117),
    (118),
    (119),
    (120),
    (121),
    (122),
    (123),
    (124),
    (125),
    (126),
    (127),
    (128),
    (129),
    (130),
    (131),
    (132),
    (133),
    (134),
    (135),
    (136),
    (137),
    (138),
    (139),
    (140),
    (141),
    (142),
    (143),
    (144),
    (145),
    (146),
    (147),
    (148),
    (149),
    (150),
    (151),
    (152),
    (153),
    (154),
    (155),
    (156),
    (157),
    (158),
    (159),
    (160),
    (161),
    (162),
    (163),
    (164),
    (165),
    (166),
    (167),
    (168),
    (169),
    (170),
    (171),
    (172),
    (173),
    (174),
    (175),
    (176),
    (177),
    (178),
    (179),
    (180),
    (181),
    (182),
    (183),
    (184),
    (185),
    (186),
    (187),
    (188),
    (189),
    (190),
    (191),
    (192),
    (193),
    (194),
    (195),
    (196),
    (197),
    (198),
    (199);

INSERT INTO T30 (pk)
VALUES
    (0),
    (1),
    (2),
    (3),
    (4),
    (5),
    (6),
    (7),
    (8),
    (9),
    (10),
    (11),
    (12),
    (13),
    (14),
    (15),
    (16),
    (17),
    (18),
    (19),
    (20),
    (21),
    (22),
    (23),
    (24),
    (25),
    (26),
    (27),
    (28),
    (29),
    (30),
    (31),
    (32),
    (33),
    (34),
    (35),
    (36),
    (37),
    (38),
    (39),
    (40),
    (41),
    (42),
    (43),
    (44),
    (45),
    (46),
    (47),
    (48),
    (49),
    (50),
    (51),
    (52),
    (53),
    (54),
    (55),
    (56),
    (57),
    (58),
    (59),
    (60),
    (61),
    (62),
    (63),
    (64),
    (65),
    (66),
    (67),
    (68),
    (69),
    (70),
    (71),
    (72),
    (73),
    (74),
    (75),
    (76),
    (77),
    (78),
    (79),
    (80),
    (81),
    (82),
    (83),
    (84),
    (85),
    (86),
    (87),
    (88),
    (89),
    (90),
    (91),
    (92),
    (93),
    (94),
    (95),
    (96),
    (97),
    (98),
    (99),
    (100),
    (101),
    (102),
    (103),
    (104),
    (105),
    (106),
    (107),
    (108),
    (109),
    (110),
    (111),
    (112),
    (113),
    (114),
    (115),
    (116),
    (117),
    (118),
    (119),
    (120),
    (121),
    (122),
    (123),
    (124),
    (125),
    (126),
    (127),
    (128),
    (129),
    (130),
    (131),
    (132),
    (133),
    (134),
    (135),
    (136),
    (137),
    (138),
    (139),
    (140),
    (141),
    (142),
    (143),
    (144),
    (145),
    (146),
    (147),
    (148),
    (149),
    (150),
    (151),
    (152),
    (153),
    (154),
    (155),
    (156),
    (157),
    (158),
    (159),
    (160),
    (161),
    (162),
    (163),
    (164),
    (165),
    (166),
    (167),
    (168),
    (169),
    (170),
    (171),
    (172),
    (173),
    (174),
    (175),
    (176),
    (177),
    (178),
    (179),
    (180),
    (181),
    (182),
    (183),
    (184),
    (185),
    (186),
    (187),
    (188),
    (189),
    (190),
    (191),
    (192),
    (193),
    (194),
    (195),
    (196),
    (197),
    (198),
    (199);

INSERT INTO T31 (pk)
VALUES
    (0),
    (1),
    (2),
    (3),
    (4),
    (5),
    (6),
    (7),
    (8),
    (9),
    (10),
    (11),
    (12),
    (13),
    (14),
    (15),
    (16),
    (17),
    (18),
    (19),
    (20),
    (21),
    (22),
    (23),
    (24),
    (25),
    (26),
    (27),
    (28),
    (29),
    (30),
    (31),
    (32),
    (33),
    (34),
    (35),
    (36),
    (37),
    (38),
    (39),
    (40),
    (41),
    (42),
    (43),
    (44),
    (45),
    (46),
    (47),
    (48),
    (49),
    (50),
    (51),
    (52),
    (53),
    (54),
    (55),
    (56),
    (57),
    (58),
    (59),
    (60),
    (61),
    (62),
    (63),
    (64),
    (65),
    (66),
    (67),
    (68),
    (69),
    (70),
    (71),
    (72),
    (73),
    (74),
    (75),
    (76),
    (77),
    (78),
    (79),
    (80),
    (81),
    (82),
    (83),
    (84),
    (85),
    (86),
    (87),
    (88),
    (89),
    (90),
    (91),
    (92),
    (93),
    (94),
    (95),
    (96),
    (97),
    (98),
    (99),
    (100),
    (101),
    (102),
    (103),
    (104),
    (105),
    (106),
    (107),
    (108),
    (109),
    (110),
    (111),
    (112),
    (113),
    (114),
    (115),
    (116),
    (117),
    (118),
    (119),
    (120),
    (121),
    (122),
    (123),
    (124),
    (125),
    (126),
    (127),
    (128),
    (129),
    (130),
    (131),
    (132),
    (133),
    (134),
    (135),
    (136),
    (137),
    (138),
    (139),
    (140),
    (141),
    (142),
    (143),
    (144),
    (145),
    (146),
    (147),
    (148),
    (149),
    (150),
    (151),
    (152),
    (153),
    (154),
    (155),
    (156),
    (157),
    (158),
    (159),
    (160),
    (161),
    (162),
    (163),
    (164),
    (165),
    (166),
    (167),
    (168),
    (169),
    (170),
    (171),
    (172),
    (173),
    (174),
    (175),
    (176),
    (177),
    (178),
    (179),
    (180),
    (181),
    (182),
    (183),
    (184),
    (185),
    (186),
    (187),
    (188),
    (189),
    (190),
    (191),
    (192),
    (193),
    (194),
    (195),
    (196),
    (197),
    (198),
    (199);

INSERT INTO T32 (pk)
VALUES
    (0),
    (1),
    (2),
    (3),
    (4),
    (5),
    (6),
    (7),
    (8),
    (9),
    (10),
    (11),
    (12),
    (13),
    (14),
    (15),
    (16),
    (17),
    (18),
    (19),
    (20),
    (21),
    (22),
    (23),
    (24),
    (25),
    (26),
    (27),
    (28),
    (29),
    (30),
    (31),
    (32),
    (33),
    (34),
    (35),
    (36),
    (37),
    (38),
    (39),
    (40),
    (41),
    (42),
    (43),
    (44),
    (45),
    (46),
    (47),
    (48),
    (49),
    (50),
    (51),
    (52),
    (53),
    (54),
    (55),
    (56),
    (57),
    (58),
    (59),
    (60),
    (61),
    (62),
    (63),
    (64),
    (65),
    (66),
    (67),
    (68),
    (69),
    (70),
    (71),
    (72),
    (73),
    (74),
    (75),
    (76),
    (77),
    (78),
    (79),
    (80),
    (81),
    (82),
    (83),
    (84),
    (85),
    (86),
    (87),
    (88),
    (89),
    (90),
    (91),
    (92),
    (93),
    (94),
    (95),
    (96),
    (97),
    (98),
    (99),
    (100),
    (101),
    (102),
    (103),
    (104),
    (105),
    (106),
    (107),
    (108),
    (109),
    (110),
    (111),
    (112),
    (113),
    (114),
    (115),
    (116),
    (117),
    (118),
    (119),
    (120),
    (121),
    (122),
    (123),
    (124),
    (125),
    (126),
    (127),
    (128),
    (129),
    (130),
    (131),
    (132),
    (133),
    (134),
    (135),
    (136),
    (137),
    (138),
    (139),
    (140),
    (141),
    (142),
    (143),
    (144),
    (145),
    (146),
    (147),
    (148),
    (149),
    (150),
    (151),
    (152),
    (153),
    (154),
    (155),
    (156),
    (157),
    (158),
    (159),
    (160),
    (161),
    (162),
    (163),
    (164),
    (165),
    (166),
    (167),
    (168),
    (169),
    (170),
    (171),
    (172),
    (173),
    (174),
    (175),
    (176),
    (177),
    (178),
    (179),
    (180),
    (181),
    (182),
    (183),
    (184),
    (185),
    (186),
    (187),
    (188),
    (189),
    (190),
    (191),
    (192),
    (193),
    (194),
    (195),
    (196),
    (197),
    (198),
    (199);

INSERT INTO T33 (pk)
VALUES
    (0),
    (1),
    (2),
    (3),
    (4),
    (5),
    (6),
    (7),
    (8),
    (9),
    (10),
    (11),
    (12),
    (13),
    (14),
    (15),
    (16),
    (17),
    (18),
    (19),
    (20),
    (21),
    (22),
    (23),
    (24),
    (25),
    (26),
    (27),
    (28),
    (29),
    (30),
    (31),
    (32),
    (33),
    (34),
    (35),
    (36),
    (37),
    (38),
    (39),
    (40),
    (41),
    (42),
    (43),
    (44),
    (45),
    (46),
    (47),
    (48),
    (49),
    (50),
    (51),
    (52),
    (53),
    (54),
    (55),
    (56),
    (57),
    (58),
    (59),
    (60),
    (61),
    (62),
    (63),
    (64),
    (65),
    (66),
    (67),
    (68),
    (69),
    (70),
    (71),
    (72),
    (73),
    (74),
    (75),
    (76),
    (77),
    (78),
    (79),
    (80),
    (81),
    (82),
    (83),
    (84),
    (85),
    (86),
    (87),
    (88),
    (89),
    (90),
    (91),
    (92),
    (93),
    (94),
    (95),
    (96),
    (97),
    (98),
    (99),
    (100),
    (101),
    (102),
    (103),
    (104),
    (105),
    (106),
    (107),
    (108),
    (109),
    (110),
    (111),
    (112),
    (113),
    (114),
    (115),
    (116),
    (117),
    (118),
    (119),
    (120),
    (121),
    (122),
    (123),
    (124),
    (125),
    (126),
    (127),
    (128),
    (129),
    (130),
    (131),
    (132),
    (133),
    (134),
    (135),
    (136),
    (137),
    (138),
    (139),
    (140),
    (141),
    (142),
    (143),
    (144),
    (145),
    (146),
    (147),
    (148),
    (149),
    (150),
    (151),
    (152),
    (153),
    (154),
    (155),
    (156),
    (157),
    (158),
    (159),
    (160),
    (161),
    (162),
    (163),
    (164),
    (165),
    (166),
    (167),
    (168),
    (169),
    (170),
    (171),
    (172),
    (173),
    (174),
    (175),
    (176),
    (177),
    (178),
    (179),
    (180),
    (181),
    (182),
    (183),
    (184),
    (185),
    (186),
    (187),
    (188),
    (189),
    (190),
    (191),
    (192),
    (193),
    (194),
    (195),
    (196),
    (197),
    (198),
    (199);

INSERT INTO T34 (pk)
VALUES
    (0),
    (1),
    (2),
    (3),
    (4),
    (5),
    (6),
    (7),
    (8),
    (9),
    (10),
    (11),
    (12),
    (13),
    (14),
    (15),
    (16),
    (17),
    (18),
    (19),
    (20),
    (21),
    (22),
    (23),
    (24),
    (25),
    (26),
    (27),
    (28),
    (29),
    (30),
    (31),
    (32),
    (33),
    (34),
    (35),
    (36),
    (37),
    (38),
    (39),
    (40),
    (41),
    (42),
    (43),
    (44),
    (45),
    (46),
    (47),
    (48),
    (49),
    (50),
    (51),
    (52),
    (53),
    (54),
    (55),
    (56),
    (57),
    (58),
    (59),
    (60),
    (61),
    (62),
    (63),
    (64),
    (65),
    (66),
    (67),
    (68),
    (69),
    (70),
    (71),
    (72),
    (73),
    (74),
    (75),
    (76),
    (77),
    (78),
    (79),
    (80),
    (81),
    (82),
    (83),
    (84),
    (85),
    (86),
    (87),
    (88),
    (89),
    (90),
    (91),
    (92),
    (93),
    (94),
    (95),
    (96),
    (97),
    (98),
    (99),
    (100),
    (101),
    (102),
    (103),
    (104),
    (105),
    (106),
    (107),
    (108),
    (109),
    (110),
    (111),
    (112),
    (113),
    (114),
    (115),
    (116),
    (117),
    (118),
    (119),
    (120),
    (121),
    (122),
    (123),
    (124),
    (125),
    (126),
    (127),
    (128),
    (129),
    (130),
    (131),
    (132),
    (133),
    (134),
    (135),
    (136),
    (137),
    (138),
    (139),
    (140),
    (141),
    (142),
    (143),
    (144),
    (145),
    (146),
    (147),
    (148),
    (149),
    (150),
    (151),
    (152),
    (153),
    (154),
    (155),
    (156),
    (157),
    (158),
    (159),
    (160),
    (161),
    (162),
    (163),
    (164),
    (165),
    (166),
    (167),
    (168),
    (169),
    (170),
    (171),
    (172),
    (173),
    (174),
    (175),
    (176),
    (177),
    (178),
    (179),
    (180),
    (181),
    (182),
    (183),
    (184),
    (185),
    (186),
    (187),
    (188),
    (189),
    (190),
    (191),
    (192),
    (193),
    (194),
    (195),
    (196),
    (197),
    (198),
    (199);

INSERT INTO T35 (pk)
VALUES
    (0),
    (1),
    (2),
    (3),
    (4),
    (5),
    (6),
    (7),
    (8),
    (9),
    (10),
    (11),
    (12),
    (13),
    (14),
    (15),
    (16),
    (17),
    (18),
    (19),
    (20),
    (21),
    (22),
    (23),
    (24),
    (25),
    (26),
    (27),
    (28),
    (29),
    (30),
    (31),
    (32),
    (33),
    (34),
    (35),
    (36),
    (37),
    (38),
    (39),
    (40),
    (41),
    (42),
    (43),
    (44),
    (45),
    (46),
    (47),
    (48),
    (49),
    (50),
    (51),
    (52),
    (53),
    (54),
    (55),
    (56),
    (57),
    (58),
    (59),
    (60),
    (61),
    (62),
    (63),
    (64),
    (65),
    (66),
    (67),
    (68),
    (69),
    (70),
    (71),
    (72),
    (73),
    (74),
    (75),
    (76),
    (77),
    (78),
    (79),
    (80),
    (81),
    (82),
    (83),
    (84),
    (85),
    (86),
    (87),
    (88),
    (89),
    (90),
    (91),
    (92),
    (93),
    (94),
    (95),
    (96),
    (97),
    (98),
    (99),
    (100),
    (101),
    (102),
    (103),
    (104),
    (105),
    (106),
    (107),
    (108),
    (109),
    (110),
    (111),
    (112),
    (113),
    (114),
    (115),
    (116),
    (117),
    (118),
    (119),
    (120),
    (121),
    (122),
    (123),
    (124),
    (125),
    (126),
    (127),
    (128),
    (129),
    (130),
    (131),
    (132),
    (133),
    (134),
    (135),
    (136),
    (137),
    (138),
    (139),
    (140),
    (141),
    (142),
    (143),
    (144),
    (145),
    (146),
    (147),
    (148),
    (149),
    (150),
    (151),
    (152),
    (153),
    (154),
    (155),
    (156),
    (157),
    (158),
    (159),
    (160),
    (161),
    (162),
    (163),
    (164),
    (165),
    (166),
    (167),
    (168),
    (169),
    (170),
    (171),
    (172),
    (173),
    (174),
    (175),
    (176),
    (177),
    (178),
    (179),
    (180),
    (181),
    (182),
    (183),
    (184),
    (185),
    (186),
    (187),
    (188),
    (189),
    (190),
    (191),
    (192),
    (193),
    (194),
    (195),
    (196),
    (197),
    (198),
    (199);

INSERT INTO T36 (pk)
VALUES
    (0),
    (1),
    (2),
    (3),
    (4),
    (5),
    (6),
    (7),
    (8),
    (9),
    (10),
    (11),
    (12),
    (13),
    (14),
    (15),
    (16),
    (17),
    (18),
    (19),
    (20),
    (21),
    (22),
    (23),
    (24),
    (25),
    (26),
    (27),
    (28),
    (29),
    (30),
    (31),
    (32),
    (33),
    (34),
    (35),
    (36),
    (37),
    (38),
    (39),
    (40),
    (41),
    (42),
    (43),
    (44),
    (45),
    (46),
    (47),
    (48),
    (49),
    (50),
    (51),
    (52),
    (53),
    (54),
    (55),
    (56),
    (57),
    (58),
    (59),
    (60),
    (61),
    (62),
    (63),
    (64),
    (65),
    (66),
    (67),
    (68),
    (69),
    (70),
    (71),
    (72),
    (73),
    (74),
    (75),
    (76),
    (77),
    (78),
    (79),
    (80),
    (81),
    (82),
    (83),
    (84),
    (85),
    (86),
    (87),
    (88),
    (89),
    (90),
    (91),
    (92),
    (93),
    (94),
    (95),
    (96),
    (97),
    (98),
    (99),
    (100),
    (101),
    (102),
    (103),
    (104),
    (105),
    (106),
    (107),
    (108),
    (109),
    (110),
    (111),
    (112),
    (113),
    (114),
    (115),
    (116),
    (117),
    (118),
    (119),
    (120),
    (121),
    (122),
    (123),
    (124),
    (125),
    (126),
    (127),
    (128),
    (129),
    (130),
    (131),
    (132),
    (133),
    (134),
    (135),
    (136),
    (137),
    (138),
    (139),
    (140),
    (141),
    (142),
    (143),
    (144),
    (145),
    (146),
    (147),
    (148),
    (149),
    (150),
    (151),
    (152),
    (153),
    (154),
    (155),
    (156),
    (157),
    (158),
    (159),
    (160),
    (161),
    (162),
    (163),
    (164),
    (165),
    (166),
    (167),
    (168),
    (169),
    (170),
    (171),
    (172),
    (173),
    (174),
    (175),
    (176),
    (177),
    (178),
    (179),
    (180),
    (181),
    (182),
    (183),
    (184),
    (185),
    (186),
    (187),
    (188),
    (189),
    (190),
    (191),
    (192),
    (193),
    (194),
    (195),
    (196),
    (197),
    (198),
    (199);

INSERT INTO T37 (pk)
VALUES
    (0),
    (1),
    (2),
    (3),
    (4),
    (5),
    (6),
    (7),
    (8),
    (9),
    (10),
    (11),
    (12),
    (13),
    (14),
    (15),
    (16),
    (17),
    (18),
    (19),
    (20),
    (21),
    (22),
    (23),
    (24),
    (25),
    (26),
    (27),
    (28),
    (29),
    (30),
    (31),
    (32),
    (33),
    (34),
    (35),
    (36),
    (37),
    (38),
    (39),
    (40),
    (41),
    (42),
    (43),
    (44),
    (45),
    (46),
    (47),
    (48),
    (49),
    (50),
    (51),
    (52),
    (53),
    (54),
    (55),
    (56),
    (57),
    (58),
    (59),
    (60),
    (61),
    (62),
    (63),
    (64),
    (65),
    (66),
    (67),
    (68),
    (69),
    (70),
    (71),
    (72),
    (73),
    (74),
    (75),
    (76),
    (77),
    (78),
    (79),
    (80),
    (81),
    (82),
    (83),
    (84),
    (85),
    (86),
    (87),
    (88),
    (89),
    (90),
    (91),
    (92),
    (93),
    (94),
    (95),
    (96),
    (97),
    (98),
    (99),
    (100),
    (101),
    (102),
    (103),
    (104),
    (105),
    (106),
    (107),
    (108),
    (109),
    (110),
    (111),
    (112),
    (113),
    (114),
    (115),
    (116),
    (117),
    (118),
    (119),
    (120),
    (121),
    (122),
    (123),
    (124),
    (125),
    (126),
    (127),
    (128),
    (129),
    (130),
    (131),
    (132),
    (133),
    (134),
    (135),
    (136),
    (137),
    (138),
    (139),
    (140),
    (141),
    (142),
    (143),
    (144),
    (145),
    (146),
    (147),
    (148),
    (149),
    (150),
    (151),
    (152),
    (153),
    (154),
    (155),
    (156),
    (157),
    (158),
    (159),
    (160),
    (161),
    (162),
    (163),
    (164),
    (165),
    (166),
    (167),
    (168),
    (169),
    (170),
    (171),
    (172),
    (173),
    (174),
    (175),
    (176),
    (177),
    (178),
    (179),
    (180),
    (181),
    (182),
    (183),
    (184),
    (185),
    (186),
    (187),
    (188),
    (189),
    (190),
    (191),
    (192),
    (193),
    (194),
    (195),
    (196),
    (197),
    (198),
    (199);

INSERT INTO T38 (pk)
VALUES
    (0),
    (1),
    (2),
    (3),
    (4),
    (5),
    (6),
    (7),
    (8),
    (9),
    (10),
    (11),
    (12),
    (13),
    (14),
    (15),
    (16),
    (17),
    (18),
    (19),
    (20),
    (21),
    (22),
    (23),
    (24),
    (25),
    (26),
    (27),
    (28),
    (29),
    (30),
    (31),
    (32),
    (33),
    (34),
    (35),
    (36),
    (37),
    (38),
    (39),
    (40),
    (41),
    (42),
    (43),
    (44),
    (45),
    (46),
    (47),
    (48),
    (49),
    (50),
    (51),
    (52),
    (53),
    (54),
    (55),
    (56),
    (57),
    (58),
    (59),
    (60),
    (61),
    (62),
    (63),
    (64),
    (65),
    (66),
    (67),
    (68),
    (69),
    (70),
    (71),
    (72),
    (73),
    (74),
    (75),
    (76),
    (77),
    (78),
    (79),
    (80),
    (81),
    (82),
    (83),
    (84),
    (85),
    (86),
    (87),
    (88),
    (89),
    (90),
    (91),
    (92),
    (93),
    (94),
    (95),
    (96),
    (97),
    (98),
    (99),
    (100),
    (101),
    (102),
    (103),
    (104),
    (105),
    (106),
    (107),
    (108),
    (109),
    (110),
    (111),
    (112),
    (113),
    (114),
    (115),
    (116),
    (117),
    (118),
    (119),
    (120),
    (121),
    (122),
    (123),
    (124),
    (125),
    (126),
    (127),
    (128),
    (129),
    (130),
    (131),
    (132),
    (133),
    (134),
    (135),
    (136),
    (137),
    (138),
    (139),
    (140),
    (141),
    (142),
    (143),
    (144),
    (145),
    (146),
    (147),
    (148),
    (149),
    (150),
    (151),
    (152),
    (153),
    (154),
    (155),
    (156),
    (157),
    (158),
    (159),
    (160),
    (161),
    (162),
    (163),
    (164),
    (165),
    (166),
    (167),
    (168),
    (169),
    (170),
    (171),
    (172),
    (173),
    (174),
    (175),
    (176),
    (177),
    (178),
    (179),
    (180),
    (181),
    (182),
    (183),
    (184),
    (185),
    (186),
    (187),
    (188),
    (189),
    (190),
    (191),
    (192),
    (193),
    (194),
    (195),
    (196),
    (197),
    (198),
    (199);

INSERT INTO T39 (pk)
VALUES
    (0),
    (1),
    (2),
    (3),
    (4),
    (5),
    (6),
    (7),
    (8),
    (9),
    (10),
    (11),
    (12),
    (13),
    (14),
    (15),
    (16),
    (17),
    (18),
    (19),
    (20),
    (21),
    (22),
    (23),
    (24),
    (25),
    (26),
    (27),
    (28),
    (29),
    (30),
    (31),
    (32),
    (33),
    (34),
    (35),
    (36),
    (37),
    (38),
    (39),
    (40),
    (41),
    (42),
    (43),
    (44),
    (45),
    (46),
    (47),
    (48),
    (49),
    (50),
    (51),
    (52),
    (53),
    (54),
    (55),
    (56),
    (57),
    (58),
    (59),
    (60),
    (61),
    (62),
    (63),
    (64),
    (65),
    (66),
    (67),
    (68),
    (69),
    (70),
    (71),
    (72),
    (73),
    (74),
    (75),
    (76),
    (77),
    (78),
    (79),
    (80),
    (81),
    (82),
    (83),
    (84),
    (85),
    (86),
    (87),
    (88),
    (89),
    (90),
    (91),
    (92),
    (93),
    (94),
    (95),
    (96),
    (97),
    (98),
    (99),
    (100),
    (101),
    (102),
    (103),
    (104),
    (105),
    (106),
    (107),
    (108),
    (109),
    (110),
    (111),
    (112),
    (113),
    (114),
    (115),
    (116),
    (117),
    (118),
    (119),
    (120),
    (121),
    (122),
    (123),
    (124),
    (125),
    (126),
    (127),
    (128),
    (129),
    (130),
    (131),
    (132),
    (133),
    (134),
    (135),
    (136),
    (137),
    (138),
    (139),
    (140),
    (141),
    (142),
    (143),
    (144),
    (145),
    (146),
    (147),
    (148),
    (149),
    (150),
    (151),
    (152),
    (153),
    (154),
    (155),
    (156),
    (157),
    (158),
    (159),
    (160),
    (161),
    (162),
    (163),
    (164),
    (165),
    (166),
    (167),
    (168),
    (169),
    (170),
    (171),
    (172),
    (173),
    (174),
    (175),
    (176),
    (177),
    (178),
    (179),
    (180),
    (181),
    (182),
    (183),
    (184),
    (185),
    (186),
    (187),
    (188),
    (189),
    (190),
    (191),
    (192),
    (193),
    (194),
    (195),
    (196),
    (197),
    (198),
    (199);

INSERT INTO T0 (pk, t1, t2, t3, t4, t5, t6, t7, t8, t9, t10, t11, t12, t13, t14, t15, t16, t17, t18, t19, t20, t21, t22, t23, t24, t25, t26, t27, t28, t29, t30, t31, t32, t33, t34, t35, t36, t37, t38, t39)
VALUES
    (0, 4, 109, 120, 153, 109, 156, 96, 186, 197, 160, 119, 84, 101, 93, 177, 171, 104, 185, 97, 182, 130, 169, 68, 70, 64, 64, 45, 133, 80, 99, 34, 124, 105, 81, 146, 148, 121, 33, 173),
    (1, 133, 1, 39, 100, 169, 176, 140, 45, 154, 76, 41, 91, 181, 126, 85, 115, 99, 113, 144, 66, 138, 56, 147, 21, 117, 85, 127, 49, 2, 12, 39, 71, 151, 136, 177, 190, 122, 95, 177),
    (2, 119, 11, 34, 170, 113, 61, 35, 78, 32, 112, 97, 178, 41, 28, 96, 172, 148, 9, 84, 45, 106, 70, 166, 136, 46, 27, 13, 194, 194, 181, 135, 95, 90, 38, 58, 125, 27, 109, 107),
    (3, 112, 116, 157, 121, 191, 190, 58, 118, 141, 1, 98, 39, 39, 93, 134, 56, 86, 47, 187, 165, 97, 174, 62, 22, 81, 92, 187, 182, 187, 160, 148, 14, 178, 151, 137, 146, 139, 135, 27),
    (4, 146, 95, 31, 134, 187, 75, 125, 32, 122, 9, 145, 103, 83, 24, 189, 54, 165, 54, 80, 145, 98, 101, 108, 186, 104, 147, 199, 129, 64, 102, 121, 167, 160, 93, 69, 137, 44, 90, 15),
    (5, 190, 2, 19, 107, 126, 124, 161, 140, 63, 0, 126, 109, 90, 185, 126, 54, 43, 69, 44, 78, 14, 145, 151, 178, 116, 129, 63, 94, 45, 26, 1, 108, 11, 62, 76, 167, 87, 118, 105),
    (6, 122, 132, 162, 139, 70, 133, 145, 4, 84, 79, 22, 178, 162, 8, 172, 95, 134, 73, 63, 37, 125, 45, 72, 74, 125, 62, 55, 185, 98, 25, 127, 160, 195, 142, 134, 38, 30, 124, 94),
    (7, 126, 176, 156, 6, 8, 147, 169, 26, 196, 175, 94, 130, 124, 7, 7, 25, 171, 35, 183, 17, 114, 74, 166, 97, 132, 99, 55, 154, 30, 106, 158, 89, 69, 115, 58, 100, 42, 98, 58),
    (8, 177, 67, 168, 152, 190, 110, 23, 5, 102, 75, 196, 105, 15, 110, 92, 74, 178, 17, 57, 172, 166, 150, 65, 23, 132, 27, 167, 185, 2, 143, 110, 180, 130, 80, 5, 95, 66, 115, 74),
    (9, 47, 187, 36, 140, 64, 32, 4, 145, 131, 158, 144, 54, 63, 158, 51, 83, 3, 145, 45, 42, 5, 183, 131, 108, 108, 62, 163, 32, 9, 1, 2, 198, 128, 78, 165, 13, 117, 191, 116),
    (10, 11, 70, 95, 88, 10, 117, 181, 193, 25, 148, 142, 22, 9, 67, 119, 52, 24, 147, 40, 73, 12, 138, 43, 48, 14, 198, 34, 110, 132, 185, 165, 17, 191, 15, 55, 41, 86, 117, 90),
    (11, 45, 182, 57, 24, 52, 6, 173, 63, 43, 105, 13, 182, 97, 15, 197, 138, 150, 111, 76, 126, 183, 46, 45, 141, 42, 39, 72, 172, 52, 164, 101, 127, 175, 33, 6, 154, 73, 140, 164),
    (12, 123, 134, 24, 127, 59, 152, 107, 56, 12, 171, 112, 182, 35, 40, 156, 46, 31, 135, 103, 129, 183, 171, 12, 118, 110, 147, 97, 195, 191, 62, 89, 63, 124, 99, 15, 184, 113, 62, 63),
    (13, 157, 46, 140, 138, 66, 22, 25, 126, 65, 82, 179, 161, 141, 4, 178, 108, 60, 36, 110, 112, 22, 182, 100, 148, 146, 31, 86, 19, 11, 185, 49, 198, 132, 132, 52, 11, 124, 15, 95),
    (14, 87, 2, 7, 82, 170, 114, 181, 160, 35, 40, 10, 190, 26, 112, 90, 86, 28, 137, 57, 144, 68, 163, 13, 172, 114, 63, 106, 151, 142, 191, 184, 29, 49, 105, 179, 187, 138, 83, 189),
    (15, 171, 156, 34, 148, 167, 180, 108, 19, 136, 92, 178, 84, 123, 194, 139, 62, 25, 19, 57, 35, 76, 155, 14, 198, 48, 117, 187, 136, 49, 141, 13, 10, 47, 189, 12, 154, 168, 149, 48),
    (16, 88, 144, 122, 58, 70, 41, 83, 37, 110, 141, 145, 63, 158, 50, 20, 141, 118, 3, 122, 198, 109, 58, 168, 88, 51, 174, 55, 150, 46, 188, 20, 47, 23, 56, 55, 59, 132, 143, 4),
    (17, 182, 145, 33, 124, 148, 150, 68, 159, 1, 56, 22, 72, 33, 57, 37, 66, 146, 153, 139, 105, 8, 180, 27, 45, 52, 164, 18, 99, 144, 162, 39, 75, 2, 123, 10, 167, 188, 189, 43),
    (18, 136, 68, 71, 151, 191, 25, 22, 186, 44, 182, 149, 35, 65, 44, 111, 60, 4, 188, 164, 137, 154, 139, 126, 32, 1, 153, 192, 100, 83, 166, 9, 120, 112, 179, 4, 86, 100, 104, 171),
    (19, 44, 186, 172, 195, 97, 141, 38, 136, 10, 176, 97, 100, 155, 187, 188, 166, 16, 99, 148, 11, 144, 71, 47, 31, 190, 143, 188, 147, 151, 179, 5, 31, 38, 159, 45, 80, 15, 121, 22),
    (20, 104, 1, 6, 63, 132, 54, 129, 115, 153, 172, 25, 122, 94, 79, 22, 1, 194, 122, 144, 35, 43, 61, 169, 41, 45, 96, 30, 31, 25, 47, 177, 147, 59, 161, 4, 180, 75, 115, 29),
    (21, 38, 139, 99, 199, 33, 62, 149, 14, 106, 53, 164, 6, 136, 69, 75, 134, 180, 78, 135, 121, 85, 87, 180, 14, 164, 140, 81, 107, 57, 150, 43, 55, 169, 83, 125, 133, 94, 33, 114),
    (22, 176, 95, 192, 164, 48, 118, 162, 123, 187, 115, 139, 46, 94, 93, 86, 178, 186, 151, 69, 83, 59, 51, 176, 156, 56, 70, 58, 81, 50, 37, 150, 166, 92, 172, 51, 16, 105, 193, 51),
    (23, 195, 91, 139, 30, 175, 159, 112, 97, 36, 186, 25, 1, 75, 51, 17, 97, 51, 138, 77, 95, 188, 175, 8, 155, 21, 185, 11, 39, 183, 166, 105, 51, 183, 90, 160, 102, 158, 7, 79),
    (24, 54, 85, 143, 17, 114, 39, 17, 79, 104, 65, 7, 114, 165, 29, 179, 148, 104, 125, 106, 153, 152, 162, 30, 73, 114, 23, 89, 142, 157, 186, 173, 65, 69, 179, 37, 88, 61, 59, 99),
    (25, 176, 116, 172, 88, 84, 4, 143, 103, 161, 75, 143, 187, 195, 133, 31, 91, 103, 13, 116, 117, 140, 129, 29, 78, 112, 197, 5, 181, 9, 80, 116, 127, 64, 27, 64, 79, 171, 188, 102),
    (26, 36, 45, 100, 121, 152, 28, 38, 157, 18, 144, 173, 16, 5, 79, 158, 40, 195, 169, 123, 194, 3, 156, 105, 88, 101, 155, 1, 118, 30, 93, 185, 123, 93, 60, 187, 24, 159, 49, 87),
    (27, 21, 31, 167, 13, 81, 63, 112, 193, 77, 44, 138, 3, 65, 75, 7, 121, 48, 99, 11, 76, 77, 156, 171, 84, 139, 114, 8, 38, 160, 102, 167, 28, 85, 44, 60, 45, 3, 195, 11),
    (28, 37, 103, 24, 56, 120, 91, 161, 76, 181, 33, 37, 151, 109, 195, 137, 33, 183, 23, 160, 29, 178, 52, 121, 86, 165, 5, 83, 16, 123, 173, 72, 135, 106, 16, 140, 79, 192, 195, 2),
    (29, 154, 106, 57, 42, 116, 192, 160, 58, 143, 70, 100, 97, 104, 52, 2, 90, 61, 72, 155, 130, 116, 84, 187, 169, 35, 8, 130, 127, 23, 21, 111, 12, 90, 121, 91, 142, 130, 28, 186),
    (30, 48, 76, 47, 149, 124, 30, 124, 56, 160, 74, 14, 93, 147, 82, 58, 56, 70, 97, 127, 14, 48, 49, 185, 136, 54, 140, 158, 118, 199, 196, 31, 157, 168, 171, 86, 139, 43, 100, 111),
    (31, 112, 93, 8, 23, 18, 59, 4, 97, 193, 77, 199, 59, 130, 90, 134, 54, 123, 52, 169, 145, 31, 32, 116, 37, 167, 179, 99, 92, 60, 160, 132, 114, 74, 8, 143, 5, 42, 61, 55),
    (32, 140, 84, 77, 11, 9, 38, 112, 109, 18, 56, 29, 119, 171, 100, 195, 139, 191, 77, 168, 107, 30, 103, 107, 121, 78, 49, 164, 59, 130, 152, 95, 67, 107, 55, 66, 183, 135, 105, 25),
    (33, 149, 42, 98, 134, 56, 112, 1, 4, 174, 169, 150, 57, 134, 115, 187, 174, 82, 25, 148, 65, 100, 140, 144, 85, 107, 165, 46, 81, 183, 31, 58, 139, 183, 114, 175, 159, 36, 88, 110),
    (34, 92, 40, 29, 144, 128, 155, 43, 66, 16, 194, 68, 137, 122, 48, 4, 134, 44, 17, 5, 121, 88, 106, 46, 41, 198, 97, 86, 60, 153, 27, 26, 127, 166, 28, 157, 109, 27, 97, 115),
    (35, 128, 28, 67, 60, 194, 9, 151, 108, 133, 92, 185, 105, 188, 156, 10, 86, 98, 59, 22, 84, 24, 127, 133, 105, 29, 182, 74, 75, 109, 176, 193, 3, 190, 104, 45, 158, 149, 76, 188),
    (36, 34, 74, 137, 8, 14, 78, 85, 177, 116, 8, 0, 99, 184, 151, 147, 130, 114, 81, 5, 144, 119, 184, 13, 196, 183, 194, 22, 72, 84, 42, 54, 176, 152, 161, 30, 32, 14, 51, 113),
    (37, 112, 70, 179, 36, 137, 136, 67, 108, 130, 33, 147, 120, 110, 16, 101, 66, 90, 144, 9, 13, 107, 24, 162, 29, 172, 102, 155, 101, 40, 130, 133, 34, 47, 5, 193, 89, 197, 134, 70),
    (38, 108, 136, 105, 52, 67, 53, 50, 92, 130, 129, 192, 83, 130, 91, 28, 83, 72, 161, 103, 159, 156, 36, 191, 69, 9, 110, 53, 55, 162, 189, 12, 162, 81, 147, 13, 98, 6, 163, 42),
    (39, 23, 180, 106, 156, 14, 93, 27, 106, 99, 28, 138, 16, 84, 179, 74, 40, 69, 52, 143, 164, 153, 76, 179, 25, 77, 177, 73, 14, 180, 106, 56, 84, 109, 27, 84, 92, 155, 124, 72),
    (40, 172, 22, 175, 18, 85, 132, 20, 135, 186, 36, 80, 176, 156, 152, 49, 141, 132, 36, 13, 14, 85, 58, 58, 154, 182, 97, 22, 136, 131, 47, 104, 146, 166, 67, 176, 132, 70, 183, 77),
    (41, 87, 182, 183, 11, 69, 60, 164, 147, 49, 83, 37, 93, 180, 142, 169, 197, 120, 74, 102, 54, 184, 98, 106, 179, 87, 143, 180, 58, 125, 183, 59, 178, 3, 181, 7, 154, 182, 6, 33),
    (42, 40, 12, 168, 69, 87, 76, 143, 72, 181, 86, 31, 22, 78, 42, 177, 149, 27, 103, 125, 60, 0, 119, 195, 156, 152, 81, 171, 156, 30, 176, 143, 2, 151, 94, 188, 125, 38, 34, 92),
    (43, 56, 60, 104, 18, 12, 124, 182, 116, 90, 56, 169, 41, 168, 170, 118, 133, 145, 90, 38, 36, 196, 153, 85, 52, 199, 154, 13, 191, 159, 159, 87, 189, 65, 68, 83, 168, 3, 2, 63),
    (44, 7, 80, 137, 80, 4, 99, 124, 88, 74, 25, 21, 82, 169, 104, 198, 106, 94, 146, 75, 179, 74, 85, 97, 151, 121, 96, 33, 157, 58, 108, 25, 26, 17, 140, 37, 14, 141, 97, 120),
    (45, 145, 126, 158, 125, 122, 103, 0, 32, 23, 48, 160, 155, 159, 8, 71, 4, 68, 38, 78, 32, 121, 80, 107, 187, 88, 55, 113, 30, 44, 115, 166, 100, 117, 20, 13, 65, 42, 31, 72),
    (46, 145, 45, 150, 1, 161, 58, 134, 137, 9, 114, 188, 133, 29, 124, 190, 107, 167, 127, 86, 175, 43, 159, 33, 154, 58, 46, 187, 3, 35, 66, 176, 51, 119, 46, 147, 111, 123, 165, 136),
    (47, 198, 116, 178, 192, 42, 62, 65, 152, 84, 132, 104, 63, 192, 110, 76, 81, 117, 197, 199, 89, 139, 181, 65, 97, 150, 184, 108, 109, 42, 35, 122, 194, 102, 65, 55, 53, 145, 11, 62),
    (48, 49, 129, 59, 10, 126, 191, 41, 89, 42, 196, 103, 65, 158, 76, 108, 174, 177, 142, 168, 113, 164, 9, 158, 29, 55, 94, 170, 185, 174, 0, 168, 67, 96, 52, 62, 135, 150, 105, 175),
    (49, 188, 33, 110, 184, 104, 25, 142, 175, 56, 137, 140, 49, 120, 65, 183, 193, 33, 31, 67, 159, 57, 192, 125, 34, 163, 29, 159, 195, 152, 51, 148, 179, 17, 156, 49, 97, 79, 80, 113),
    (50, 149, 75, 156, 91, 35, 10, 170, 113, 97, 145, 56, 45, 79, 141, 100, 151, 114, 31, 72, 162, 136, 99, 99, 26, 106, 38, 71, 155, 174, 127, 111, 176, 102, 109, 12, 2, 139, 39, 61),
    (51, 70, 136, 39, 83, 192, 6, 59, 11, 72, 130, 154, 187, 86, 141, 114, 60, 176, 173, 34, 130, 105, 48, 19, 110, 87, 192, 40, 102, 124, 96, 168, 77, 18, 166, 109, 169, 98, 2, 124),
    (52, 129, 49, 105, 136, 196, 45, 191, 32, 139, 6, 22, 166, 93, 88, 123, 43, 2, 64, 13, 148, 89, 190, 174, 0, 102, 138, 192, 107, 131, 172, 146, 111, 13, 177, 194, 54, 69, 119, 132),
    (53, 156, 159, 1, 172, 138, 53, 72, 194, 44, 146, 121, 199, 167, 24, 143, 23, 101, 80, 101, 173, 191, 191, 35, 129, 89, 88, 163, 27, 180, 157, 2, 65, 69, 127, 21, 123, 166, 190, 122),
    (54, 161, 32, 112, 187, 92, 30, 8, 196, 17, 147, 14, 182, 183, 6, 107, 172, 19, 93, 79, 125, 178, 133, 41, 56, 18, 78, 71, 152, 133, 103, 191, 197, 53, 193, 195, 166, 88, 115, 119),
    (55, 39, 131, 194, 191, 12, 170, 49, 74, 165, 162, 114, 33, 58, 166, 196, 8, 80, 194, 43, 141, 104, 109, 87, 156, 50, 175, 105, 163, 19, 84, 36, 156, 12, 47, 199, 167, 165, 47, 49),
    (56, 46, 71, 125, 154, 80, 104, 151, 180, 176, 37, 54, 129, 44, 15, 60, 13, 102, 58, 125, 17, 199, 151, 5, 166, 93, 39, 69, 58, 151, 153, 77, 104, 95, 109, 41, 23, 0, 159, 48),
    (57, 198, 103, 95, 157, 73, 126, 23, 106, 36, 120, 144, 15, 131, 62, 36, 76, 135, 158, 107, 176, 86, 141, 26, 127, 147, 149, 169, 138, 151, 44, 27, 50, 124, 48, 24, 150, 56, 88, 193),
    (58, 141, 110, 30, 16, 171, 162, 67, 72, 119, 193, 192, 33, 63, 183, 106, 36, 184, 26, 128, 63, 72, 187, 73, 100, 148, 11, 17, 115, 28, 170, 31, 124, 187, 101, 137, 72, 43, 44, 61),
    (59, 78, 17, 164, 190, 1, 46, 49, 79, 119, 97, 126, 154, 91, 180, 123, 160, 166, 0, 131, 162, 147, 52, 196, 138, 0, 53, 161, 13, 97, 83, 22, 49, 122, 111, 192, 197, 38, 122, 49),
    (60, 164, 117, 34, 27, 78, 49, 157, 41, 42, 34, 131, 140, 70, 150, 166, 29, 66, 142, 198, 174, 195, 137, 113, 44, 163, 108, 199, 83, 89, 89, 72, 6, 135, 72, 141, 96, 168, 144, 159),
    (61, 103, 51, 142, 114, 4, 189, 46, 36, 36, 98, 167, 155, 86, 36, 78, 170, 112, 166, 124, 44, 112, 19, 189, 170, 56, 81, 0, 144, 28, 149, 0, 13, 14, 79, 121, 117, 131, 27, 91),
    (62, 161, 12, 166, 137, 121, 83, 120, 188, 197, 75, 34, 127, 32, 24, 39, 182, 148, 68, 8, 164, 10, 93, 199, 172, 57, 62, 98, 114, 92, 75, 33, 163, 49, 63, 172, 174, 141, 126, 154),
    (63, 66, 13, 8, 13, 103, 94, 133, 30, 122, 27, 112, 51, 102, 194, 156, 86, 143, 154, 136, 86, 14, 82, 52, 136, 112, 194, 196, 46, 181, 91, 143, 114, 75, 28, 10, 30, 33, 86, 102),
    (64, 30, 10, 160, 138, 36, 75, 35, 45, 189, 21, 190, 121, 22, 62, 59, 124, 172, 193, 96, 1, 11, 157, 44, 101, 82, 51, 30, 24, 185, 15, 160, 104, 7, 102, 163, 158, 107, 71, 103),
    (65, 3, 23, 23, 111, 169, 101, 117, 53, 9, 80, 18, 199, 159, 8, 75, 136, 168, 60, 33, 146, 169, 62, 178, 147, 29, 24, 133, 95, 145, 80, 111, 57, 44, 130, 91, 29, 39, 194, 89),
    (66, 82, 168, 77, 168, 56, 154, 46, 53, 41, 1, 61, 167, 35, 76, 135, 18, 94, 189, 165, 131, 2, 138, 80, 5, 94, 32, 198, 33, 55, 178, 145, 136, 33, 177, 55, 174, 177, 161, 172),
    (67, 66, 68, 33, 2, 181, 45, 99, 113, 33, 40, 85, 124, 50, 45, 1, 101, 55, 187, 59, 85, 45, 83, 148, 100, 182, 22, 31, 38, 101, 77, 110, 170, 190, 75, 157, 0, 55, 133, 132),
    (68, 182, 92, 178, 152, 149, 55, 77, 77, 99, 121, 150, 81, 155, 169, 41, 66, 124, 27, 12, 103, 112, 166, 81, 193, 21, 116, 197, 99, 30, 163, 157, 53, 109, 77, 148, 72, 148, 74, 15),
    (69, 73, 74, 19, 57, 56, 0, 124, 103, 15, 90, 187, 89, 136, 193, 170, 112, 13, 19, 170, 102, 64, 157, 157, 166, 133, 3, 56, 66, 23, 147, 85, 136, 14, 63, 11, 189, 89, 182, 145),
    (70, 142, 50, 40, 178, 89, 44, 50, 34, 147, 186, 102, 100, 38, 100, 94, 169, 84, 12, 195, 190, 23, 132, 128, 34, 65, 95, 130, 155, 169, 66, 166, 196, 144, 66, 173, 183, 100, 15, 116),
    (71, 162, 186, 70, 65, 126, 36, 66, 152, 56, 52, 5, 10, 138, 60, 178, 166, 39, 146, 177, 55, 37, 25, 99, 75, 55, 143, 54, 69, 154, 119, 192, 134, 101, 43, 108, 140, 179, 113, 72),
    (72, 77, 27, 102, 167, 193, 166, 13, 16, 142, 100, 13, 73, 11, 159, 68, 163, 155, 42, 174, 103, 87, 111, 138, 16, 168, 130, 5, 142, 16, 27, 195, 129, 177, 146, 180, 13, 155, 129, 182),
    (73, 114, 25, 82, 32, 173, 62, 56, 98, 77, 155, 48, 147, 86, 100, 21, 60, 145, 67, 161, 62, 150, 10, 118, 131, 178, 24, 146, 89, 90, 163, 41, 150, 171, 17, 187, 44, 189, 107, 119),
    (74, 132, 62, 187, 21, 121, 152, 180, 69, 81, 88, 155, 196, 2, 195, 142, 119, 83, 67, 132, 84, 62, 85, 105, 174, 143, 164, 19, 164, 15, 38, 79, 31, 31, 68, 98, 115, 69, 91, 75),
    (75, 2, 102, 2, 83, 139, 125, 173, 178, 40, 101, 140, 196, 186, 34, 47, 37, 107, 12, 143, 41, 86, 151, 177, 196, 100, 49, 6, 87, 167, 124, 69, 16, 56, 67, 101, 35, 168, 16, 56),
    (76, 120, 196, 147, 104, 136, 55, 108, 145, 39, 192, 136, 149, 70, 117, 123, 145, 97, 133, 156, 195, 101, 42, 179, 11, 112, 71, 113, 198, 0, 186, 32, 98, 79, 89, 133, 64, 32, 29, 163),
    (77, 39, 165, 2, 75, 172, 25, 62, 159, 171, 87, 22, 147, 55, 120, 156, 174, 199, 144, 130, 62, 193, 88, 98, 7, 30, 172, 198, 128, 177, 1, 195, 187, 131, 43, 176, 172, 180, 86, 122),
    (78, 30, 60, 167, 177, 192, 73, 36, 77, 164, 36, 89, 186, 49, 185, 14, 136, 131, 32, 33, 149, 143, 87, 27, 48, 194, 110, 199, 88, 191, 81, 128, 63, 22, 116, 69, 161, 160, 62, 155),
    (79, 51, 86, 138, 108, 114, 51, 53, 139, 135, 36, 2, 90, 110, 64, 126, 81, 166, 72, 137, 58, 155, 69, 94, 172, 182, 96, 176, 77, 47, 55, 68, 82, 40, 181, 12, 36, 69, 117, 190),
    (80, 158, 144, 128, 36, 57, 165, 73, 35, 107, 76, 130, 126, 41, 89, 76, 86, 12, 124, 47, 72, 55, 42, 186, 142, 142, 64, 87, 12, 80, 180, 183, 10, 94, 90, 155, 82, 196, 154, 96),
    (81, 106, 129, 16, 179, 56, 45, 81, 39, 100, 54, 10, 74, 130, 78, 20, 186, 47, 39, 173, 83, 46, 84, 7, 140, 78, 25, 25, 15, 181, 189, 78, 59, 48, 157, 99, 70, 169, 22, 20),
    (82, 154, 199, 175, 194, 38, 18, 8, 155, 127, 189, 48, 29, 53, 87, 16, 173, 65, 159, 34, 129, 31, 118, 113, 30, 9, 191, 16, 123, 33, 102, 95, 80, 24, 76, 57, 64, 153, 53, 99),
    (83, 75, 158, 178, 2, 181, 46, 80, 85, 192, 50, 31, 92, 123, 150, 55, 16, 8, 182, 39, 194, 51, 173, 166, 181, 79, 153, 144, 97, 139, 106, 91, 51, 23, 88, 104, 23, 164, 125, 98),
    (84, 67, 87, 63, 11, 109, 10, 49, 198, 68, 149, 183, 174, 49, 195, 82, 176, 182, 188, 174, 64, 86, 80, 40, 133, 9, 182, 96, 8, 11, 185, 59, 196, 195, 3, 45, 54, 92, 16, 30),
    (85, 92, 190, 40, 79, 13, 123, 119, 46, 6, 39, 46, 132, 139, 189, 34, 187, 40, 75, 31, 76, 64, 106, 98, 113, 172, 75, 91, 44, 131, 189, 113, 51, 90, 195, 152, 143, 120, 168, 23),
    (86, 55, 188, 118, 24, 187, 116, 35, 52, 20, 112, 181, 186, 159, 191, 192, 162, 47, 138, 172, 38, 70, 111, 83, 151, 74, 108, 5, 157, 110, 141, 185, 71, 112, 117, 52, 76, 88, 61, 64),
    (87, 160, 125, 41, 59, 141, 169, 17, 90, 136, 33, 191, 46, 9, 171, 94, 66, 134, 15, 37, 77, 57, 15, 73, 188, 18, 148, 175, 78, 101, 36, 33, 160, 150, 6, 178, 159, 52, 65, 59),
    (88, 140, 13, 143, 57, 165, 166, 28, 91, 54, 141, 1, 166, 129, 99, 195, 145, 198, 76, 151, 44, 12, 119, 8, 98, 16, 152, 145, 174, 21, 74, 97, 178, 117, 7, 110, 92, 27, 142, 45),
    (89, 188, 53, 51, 106, 16, 14, 33, 79, 80, 95, 118, 40, 81, 47, 77, 152, 42, 49, 28, 117, 6, 70, 111, 5, 175, 172, 173, 107, 27, 142, 160, 9, 70, 10, 94, 62, 194, 93, 89),
    (90, 99, 86, 143, 191, 106, 137, 24, 173, 11, 187, 105, 108, 99, 198, 36, 162, 151, 85, 67, 126, 176, 40, 16, 198, 198, 135, 6, 66, 107, 32, 8, 142, 199, 122, 54, 55, 155, 96, 43),
    (91, 125, 90, 59, 174, 9, 156, 70, 156, 198, 158, 158, 2, 169, 63, 154, 88, 166, 35, 4, 146, 107, 102, 49, 178, 51, 111, 143, 91, 21, 197, 28, 49, 119, 153, 131, 125, 114, 4, 5),
    (92, 25, 0, 40, 180, 32, 196, 2, 147, 110, 171, 190, 159, 153, 191, 10, 12, 136, 51, 129, 195, 29, 45, 74, 123, 122, 67, 167, 104, 162, 132, 10, 159, 87, 180, 6, 69, 176, 38, 195),
    (93, 171, 4, 84, 178, 121, 19, 185, 82, 106, 199, 103, 96, 135, 23, 180, 30, 127, 143, 186, 176, 101, 175, 51, 96, 53, 136, 45, 177, 142, 124, 6, 104, 89, 8, 37, 108, 178, 184, 6),
    (94, 127, 58, 40, 147, 70, 199, 121, 26, 42, 123, 51, 176, 0, 154, 154, 136, 72, 23, 125, 24, 123, 127, 173, 73, 4, 134, 35, 88, 9, 181, 174, 12, 124, 168, 74, 20, 44, 110, 178),
    (95, 140, 35, 44, 166, 99, 23, 187, 125, 96, 89, 181, 139, 108, 127, 185, 5, 2, 49, 199, 128, 148, 124, 40, 7, 120, 38, 122, 105, 146, 33, 75, 163, 129, 195, 80, 130, 185, 132, 175),
    (96, 96, 81, 6, 122, 8, 197, 141, 100, 61, 106, 41, 138, 123, 57, 47, 184, 140, 175, 96, 118, 152, 198, 172, 26, 190, 52, 167, 150, 92, 138, 117, 66, 80, 139, 17, 72, 69, 4, 134),
    (97, 152, 26, 98, 170, 115, 72, 199, 171, 88, 75, 116, 194, 37, 87, 183, 73, 194, 40, 51, 131, 89, 179, 67, 89, 160, 125, 176, 179, 24, 91, 151, 51, 71, 96, 187, 170, 50, 83, 181),
    (98, 50, 31, 167, 13, 108, 91, 154, 91, 83, 56, 115, 21, 1, 5, 74, 107, 172, 122, 107, 80, 26, 33, 47, 27, 168, 27, 33, 184, 11, 107, 4, 188, 35, 71, 18, 71, 104, 102, 93),
    (99, 175, 67, 73, 92, 146, 22, 88, 11, 85, 195, 124, 72, 194, 186, 133, 54, 119, 25, 186, 184, 169, 45, 7, 2, 121, 115, 137, 160, 69, 124, 80, 106, 170, 65, 130, 65, 73, 66, 197),
    (100, 105, 85, 59, 162, 88, 190, 77, 86, 32, 92, 153, 58, 187, 20, 103, 77, 100, 118, 12, 140, 83, 50, 94, 95, 110, 21, 146, 78, 52, 153, 166, 34, 72, 169, 28, 113, 140, 113, 77),
    (101, 138, 74, 175, 88, 167, 19, 120, 60, 189, 49, 117, 73, 92, 138, 1, 127, 143, 12, 137, 27, 43, 153, 92, 24, 14, 155, 73, 135, 117, 7, 30, 60, 72, 131, 110, 176, 195, 23, 39),
    (102, 29, 188, 122, 32, 126, 145, 127, 194, 183, 134, 118, 187, 103, 147, 155, 142, 178, 192, 109, 28, 67, 185, 105, 5, 36, 58, 7, 71, 100, 50, 158, 125, 183, 63, 96, 26, 183, 151, 112),
    (103, 46, 17, 150, 67, 51, 51, 61, 104, 42, 114, 95, 2, 179, 194, 182, 189, 68, 3, 102, 190, 184, 122, 147, 83, 83, 168, 87, 114, 98, 193, 89, 101, 78, 83, 78, 128, 55, 68, 72),
    (104, 196, 146, 18, 55, 24, 117, 67, 88, 110, 74, 142, 118, 159, 182, 43, 157, 121, 30, 176, 26, 134, 159, 133, 60, 171, 32, 42, 44, 199, 34, 159, 143, 105, 102, 78, 181, 34, 98, 99),
    (105, 67, 81, 191, 131, 60, 33, 171, 83, 117, 112, 192, 181, 161, 105, 137, 147, 82, 123, 73, 39, 189, 135, 120, 160, 143, 44, 130, 112, 60, 108, 42, 159, 168, 127, 81, 157, 134, 33, 185),
    (106, 70, 32, 2, 95, 66, 117, 155, 0, 140, 98, 146, 148, 30, 126, 96, 183, 94, 135, 105, 84, 27, 58, 176, 104, 62, 179, 184, 97, 16, 182, 129, 186, 83, 154, 178, 152, 39, 15, 179),
    (107, 20, 81, 130, 55, 18, 69, 30, 55, 68, 193, 176, 120, 193, 170, 191, 13, 102, 126, 185, 78, 132, 122, 28, 160, 127, 13, 142, 164, 19, 45, 119, 126, 69, 159, 173, 119, 46, 121, 123),
    (108, 199, 58, 19, 48, 148, 124, 71, 104, 103, 57, 48, 142, 63, 85, 181, 53, 105, 24, 53, 72, 136, 23, 17, 164, 34, 170, 86, 67, 151, 87, 78, 191, 185, 59, 69, 105, 50, 90, 147),
    (109, 106, 173, 177, 7, 107, 90, 93, 151, 92, 33, 111, 96, 114, 159, 111, 137, 105, 199, 62, 37, 109, 13, 178, 81, 94, 116, 91, 56, 98, 62, 13, 74, 173, 58, 198, 111, 170, 44, 8),
    (110, 121, 0, 169, 107, 156, 131, 172, 106, 27, 59, 144, 131, 165, 151, 165, 182, 26, 166, 127, 41, 105, 84, 163, 117, 193, 88, 112, 117, 123, 72, 84, 65, 90, 0, 175, 19, 147, 98, 180),
    (111, 16, 0, 12, 116, 113, 105, 80, 43, 175, 126, 68, 183, 130, 63, 24, 143, 168, 29, 45, 191, 163, 29, 181, 7, 38, 147, 57, 122, 120, 171, 25, 38, 88, 25, 46, 168, 76, 22, 29),
    (112, 15, 113, 87, 111, 184, 95, 67, 6, 41, 150, 144, 185, 177, 94, 31, 104, 114, 28, 41, 48, 57, 56, 150, 170, 15, 71, 19, 37, 148, 32, 116, 48, 110, 160, 87, 162, 180, 64, 117),
    (113, 129, 83, 122, 121, 173, 109, 161, 127, 81, 160, 157, 196, 7, 37, 196, 30, 17, 62, 188, 100, 7, 142, 143, 174, 121, 175, 61, 105, 183, 78, 169, 150, 52, 30, 17, 140, 88, 136, 20),
    (114, 158, 2, 82, 116, 158, 110, 164, 26, 85, 149, 41, 5, 50, 69, 66, 57, 70, 131, 115, 22, 125, 132, 158, 66, 54, 46, 12, 71, 7, 13, 188, 112, 2, 86, 19, 37, 198, 108, 136),
    (115, 106, 19, 151, 65, 74, 28, 167, 15, 89, 191, 176, 120, 55, 96, 8, 188, 7, 121, 190, 132, 127, 9, 45, 196, 163, 123, 110, 106, 198, 92, 65, 12, 110, 167, 60, 167, 5, 168, 57),
    (116, 2, 46, 17, 93, 155, 113, 88, 188, 75, 168, 70, 62, 184, 4, 14, 197, 11, 199, 1, 171, 130, 1, 56, 19, 167, 113, 100, 101, 68, 78, 47, 194, 65, 85, 195, 191, 168, 2, 179),
    (117, 49, 145, 81, 7, 117, 99, 153, 117, 124, 28, 89, 127, 14, 145, 125, 166, 196, 122, 143, 175, 72, 148, 62, 109, 175, 179, 22, 18, 138, 91, 168, 137, 101, 5, 138, 3, 180, 53, 105),
    (118, 99, 170, 38, 93, 163, 106, 32, 70, 42, 116, 171, 46, 124, 60, 135, 111, 28, 52, 128, 8, 111, 100, 15, 24, 41, 99, 151, 196, 195, 98, 119, 122, 154, 187, 107, 53, 126, 77, 192),
    (119, 36, 31, 176, 77, 9, 73, 32, 38, 84, 88, 78, 86, 111, 167, 14, 147, 38, 99, 155, 131, 92, 133, 169, 77, 105, 75, 120, 109, 52, 15, 121, 150, 112, 75, 168, 15, 23, 138, 48),
    (120, 28, 50, 121, 196, 101, 187, 146, 48, 161, 194, 75, 128, 147, 161, 43, 41, 177, 122, 128, 7, 156, 187, 188, 0, 63, 31, 33, 58, 177, 142, 35, 70, 65, 84, 136, 116, 28, 199, 185),
    (121, 63, 22, 91, 70, 163, 63, 47, 104, 139, 67, 17, 88, 128, 194, 180, 0, 157, 46, 194, 111, 4, 57, 163, 44, 180, 95, 146, 86, 79, 195, 192, 15, 16, 92, 135, 163, 88, 42, 54),
    (122, 164, 62, 189, 146, 121, 156, 56, 58, 131, 23, 104, 14, 158, 31, 181, 174, 63, 161, 140, 160, 21, 63, 24, 192, 130, 69, 101, 182, 188, 52, 18, 139, 23, 57, 111, 146, 118, 97, 168),
    (123, 145, 119, 135, 159, 32, 132, 56, 192, 132, 65, 89, 79, 105, 178, 79, 14, 27, 10, 116, 183, 34, 186, 79, 99, 123, 50, 60, 40, 174, 9, 68, 158, 126, 52, 50, 49, 10, 17, 132),
    (124, 112, 14, 42, 164, 48, 37, 177, 6, 165, 7, 165, 191, 123, 191, 148, 163, 146, 169, 9, 0, 6, 53, 138, 173, 40, 11, 77, 130, 197, 136, 56, 109, 105, 136, 34, 5, 93, 91, 18),
    (125, 53, 52, 62, 135, 19, 107, 172, 197, 25, 164, 3, 82, 108, 154, 48, 1, 84, 60, 188, 48, 109, 78, 81, 163, 51, 100, 75, 83, 97, 129, 24, 63, 131, 24, 153, 7, 198, 6, 166),
    (126, 32, 126, 78, 154, 147, 21, 111, 96, 165, 58, 76, 6, 120, 171, 147, 162, 11, 47, 146, 171, 111, 40, 107, 33, 96, 148, 78, 188, 59, 148, 82, 67, 164, 155, 91, 124, 141, 147, 124),
    (127, 143, 191, 139, 150, 132, 62, 160, 105, 81, 139, 44, 75, 42, 128, 92, 128, 137, 110, 28, 4, 114, 0, 153, 24, 19, 187, 152, 39, 151, 184, 74, 161, 45, 143, 172, 115, 170, 190, 7),
    (128, 100, 167, 142, 38, 152, 124, 32, 176, 140, 96, 132, 12, 37, 52, 69, 78, 7, 44, 94, 175, 95, 195, 186, 40, 112, 136, 50, 176, 37, 48, 102, 67, 65, 169, 50, 12, 112, 96, 87),
    (129, 18, 85, 165, 116, 85, 53, 95, 25, 113, 10, 112, 150, 44, 75, 179, 177, 111, 96, 159, 133, 168, 183, 128, 23, 89, 35, 161, 141, 147, 36, 50, 91, 78, 114, 109, 66, 182, 116, 7),
    (130, 119, 99, 130, 177, 149, 7, 135, 122, 101, 129, 187, 12, 167, 67, 163, 126, 82, 180, 72, 156, 163, 118, 105, 83, 15, 139, 161, 171, 84, 162, 50, 84, 193, 132, 162, 113, 146, 129, 110),
    (131, 116, 115, 93, 124, 66, 189, 78, 169, 83, 143, 187, 193, 19, 26, 193, 51, 23, 28, 43, 77, 191, 160, 159, 60, 73, 61, 83, 123, 91, 50, 42, 65, 29, 194, 188, 120, 43, 3, 20),
    (132, 184, 179, 65, 82, 69, 37, 41, 81, 185, 145, 175, 25, 87, 116, 45, 99, 2, 147, 66, 16, 108, 2, 19, 44, 50, 191, 171, 133, 6, 2, 51, 56, 144, 13, 193, 113, 161, 124, 199),
    (133, 89, 159, 27, 51, 181, 135, 52, 55, 166, 185, 104, 143, 199, 141, 199, 24, 189, 146, 69, 88, 9, 177, 172, 119, 142, 53, 118, 60, 187, 171, 68, 138, 185, 63, 126, 98, 196, 66, 111),
    (134, 94, 46, 76, 133, 141, 90, 134, 4, 38, 161, 149, 67, 160, 63, 145, 31, 161, 158, 7, 187, 152, 151, 17, 24, 54, 13, 92, 8, 114, 47, 12, 125, 151, 88, 143, 169, 65, 81, 83),
    (135, 198, 102, 181, 38, 128, 44, 158, 17, 13, 4, 66, 124, 114, 27, 101, 123, 17, 112, 153, 197, 42, 14, 46, 72, 127, 94, 187, 169, 40, 18, 114, 140, 169, 109, 116, 67, 134, 51, 62),
    (136, 170, 105, 81, 44, 139, 12, 7, 176, 9, 93, 159, 136, 141, 122, 185, 189, 168, 80, 169, 117, 93, 195, 42, 178, 130, 69, 141, 8, 80, 164, 107, 135, 30, 11, 121, 174, 48, 1, 28),
    (137, 188, 14, 66, 16, 152, 180, 23, 55, 66, 67, 59, 1, 51, 153, 73, 16, 69, 18, 51, 197, 92, 42, 59, 47, 56, 104, 24, 57, 151, 189, 104, 35, 46, 132, 188, 45, 165, 131, 185),
    (138, 36, 164, 92, 30, 13, 50, 165, 149, 100, 31, 198, 110, 161, 29, 79, 58, 13, 174, 142, 2, 85, 26, 102, 113, 135, 107, 199, 111, 103, 6, 116, 153, 120, 121, 84, 82, 142, 74, 4),
    (139, 176, 189, 5, 21, 47, 27, 147, 122, 4, 162, 168, 5, 44, 139, 144, 20, 34, 11, 36, 166, 115, 42, 113, 62, 86, 84, 22, 151, 181, 162, 193, 13, 175, 96, 144, 30, 159, 44, 88),
    (140, 37, 18, 71, 187, 169, 50, 29, 102, 186, 32, 177, 70, 179, 126, 155, 107, 108, 92, 36, 9, 49, 166, 183, 159, 97, 29, 181, 199, 76, 45, 68, 181, 38, 78, 135, 97, 55, 69, 47),
    (141, 147, 147, 5, 189, 183, 155, 69, 27, 89, 17, 176, 90, 168, 109, 43, 188, 148, 166, 101, 186, 19, 22, 147, 71, 103, 120, 117, 133, 193, 56, 6, 6, 91, 150, 31, 81, 40, 19, 7),
    (142, 109, 197, 194, 82, 169, 118, 90, 105, 179, 81, 173, 111, 128, 183, 135, 183, 96, 4, 104, 77, 79, 160, 94, 195, 108, 184, 4, 5, 95, 111, 65, 133, 167, 147, 26, 71, 136, 176, 199),
    (143, 5, 17, 49, 128, 45, 110, 161, 160, 176, 114, 145, 197, 92, 65, 112, 33, 0, 56, 83, 10, 102, 185, 194, 186, 44, 25, 75, 160, 26, 171, 167, 168, 101, 156, 53, 111, 164, 197, 10),
    (144, 195, 42, 122, 142, 91, 175, 48, 149, 84, 5, 110, 182, 135, 26, 193, 123, 133, 188, 100, 143, 161, 179, 41, 4, 59, 40, 175, 88, 141, 15, 129, 148, 168, 47, 164, 87, 165, 59, 153),
    (145, 36, 147, 62, 183, 36, 36, 146, 55, 29, 6, 126, 51, 146, 36, 15, 95, 112, 127, 108, 44, 154, 23, 108, 142, 79, 59, 32, 99, 137, 192, 109, 130, 192, 28, 71, 153, 68, 102, 22),
    (146, 124, 141, 17, 56, 8, 28, 150, 118, 139, 154, 56, 49, 43, 109, 124, 166, 106, 156, 94, 134, 179, 184, 160, 194, 178, 135, 89, 72, 103, 161, 188, 97, 108, 133, 91, 62, 109, 88, 133),
    (147, 192, 22, 193, 159, 174, 55, 70, 75, 132, 128, 69, 49, 142, 12, 162, 77, 28, 128, 161, 119, 105, 27, 176, 151, 170, 199, 147, 164, 117, 136, 66, 132, 58, 124, 99, 78, 85, 110, 38),
    (148, 90, 171, 98, 152, 64, 120, 138, 11, 73, 18, 6, 60, 11, 136, 159, 20, 74, 120, 16, 198, 29, 131, 32, 65, 170, 56, 118, 44, 4, 24, 15, 130, 145, 169, 50, 36, 93, 67, 132),
    (149, 82, 36, 140, 161, 125, 128, 189, 184, 69, 190, 80, 0, 85, 157, 41, 38, 17, 23, 107, 70, 36, 148, 120, 111, 119, 61, 161, 41, 35, 188, 90, 7, 52, 178, 181, 150, 143, 170, 155),
    (150, 126, 146, 24, 0, 168, 24, 48, 151, 107, 52, 37, 118, 18, 23, 198, 12, 91, 43, 28, 44, 65, 140, 184, 2, 177, 119, 101, 43, 114, 28, 26, 116, 38, 139, 197, 154, 102, 100, 49),
    (151, 152, 127, 109, 55, 187, 111, 18, 77, 43, 126, 143, 56, 147, 154, 129, 50, 97, 30, 157, 59, 42, 74, 83, 63, 36, 94, 133, 191, 33, 125, 38, 144, 7, 16, 55, 135, 150, 51, 162),
    (152, 57, 82, 27, 87, 103, 138, 159, 7, 126, 27, 96, 105, 72, 47, 72, 62, 125, 190, 178, 18, 197, 119, 150, 168, 31, 198, 122, 179, 111, 121, 124, 165, 0, 47, 101, 164, 47, 177, 163),
    (153, 28, 9, 30, 44, 11, 168, 189, 131, 199, 181, 46, 119, 148, 39, 35, 159, 182, 176, 19, 188, 75, 47, 34, 194, 112, 43, 7, 12, 161, 117, 146, 47, 194, 128, 40, 35, 22, 146, 196),
    (154, 130, 60, 95, 189, 176, 170, 80, 27, 98, 60, 105, 55, 178, 3, 87, 98, 1, 124, 77, 8, 70, 196, 61, 112, 137, 68, 14, 26, 174, 140, 16, 151, 185, 90, 98, 7, 123, 123, 162),
    (155, 32, 194, 171, 127, 120, 142, 81, 16, 85, 117, 155, 57, 114, 21, 142, 16, 63, 133, 173, 4, 110, 12, 181, 6, 115, 143, 19, 177, 135, 103, 104, 156, 54, 141, 7, 66, 119, 186, 39),
    (156, 10, 56, 14, 80, 86, 21, 100, 165, 55, 197, 7, 96, 5, 95, 20, 94, 199, 181, 105, 194, 79, 105, 124, 160, 5, 153, 16, 19, 176, 99, 191, 21, 6, 198, 148, 104, 53, 65, 121),
    (157, 82, 69, 175, 53, 114, 135, 91, 5, 37, 185, 158, 192, 104, 35, 38, 65, 25, 94, 60, 185, 172, 107, 70, 30, 175, 43, 168, 150, 37, 137, 71, 59, 159, 3, 3, 191, 160, 21, 98),
    (158, 103, 30, 17, 84, 155, 171, 138, 185, 51, 8, 147, 32, 47, 110, 157, 54, 185, 125, 145, 171, 171, 125, 46, 91, 147, 64, 77, 183, 22, 149, 182, 158, 53, 56, 25, 173, 106, 186, 64),
    (159, 1, 135, 87, 198, 33, 56, 15, 123, 183, 38, 36, 97, 162, 63, 28, 157, 157, 89, 85, 150, 2, 147, 181, 142, 147, 31, 186, 35, 17, 9, 90, 36, 113, 119, 188, 37, 27, 92, 30),
    (160, 145, 156, 2, 196, 27, 16, 192, 95, 191, 43, 72, 97, 124, 136, 7, 165, 102, 74, 198, 146, 199, 40, 1, 76, 88, 94, 0, 23, 16, 54, 189, 129, 60, 136, 122, 15, 23, 79, 81),
    (161, 36, 174, 77, 167, 89, 177, 19, 86, 90, 112, 89, 132, 96, 30, 164, 33, 114, 118, 100, 56, 36, 50, 167, 45, 45, 149, 9, 129, 91, 106, 82, 172, 63, 167, 27, 27, 62, 86, 65),
    (162, 42, 42, 60, 167, 26, 169, 168, 155, 60, 26, 6, 74, 185, 174, 173, 169, 68, 81, 36, 30, 72, 3, 29, 107, 86, 188, 35, 142, 167, 2, 100, 145, 143, 163, 182, 99, 110, 179, 109),
    (163, 164, 113, 192, 97, 0, 164, 190, 121, 33, 91, 142, 76, 179, 25, 40, 135, 116, 115, 63, 3, 49, 198, 66, 6, 106, 131, 103, 82, 169, 88, 69, 171, 189, 127, 166, 28, 85, 72, 127),
    (164, 40, 47, 190, 107, 134, 130, 117, 109, 20, 60, 92, 162, 111, 15, 180, 108, 85, 74, 85, 60, 160, 123, 79, 99, 79, 52, 114, 84, 65, 121, 48, 160, 97, 161, 12, 39, 90, 139, 157),
    (165, 29, 159, 69, 128, 132, 49, 110, 70, 120, 181, 74, 40, 133, 109, 157, 175, 194, 122, 11, 50, 120, 11, 133, 73, 85, 185, 130, 124, 63, 62, 197, 5, 40, 90, 132, 128, 44, 12, 161),
    (166, 42, 18, 190, 57, 35, 55, 80, 40, 84, 22, 161, 169, 135, 28, 188, 192, 59, 91, 199, 46, 70, 196, 97, 19, 167, 172, 82, 18, 165, 189, 36, 70, 15, 151, 48, 98, 62, 156, 140),
    (167, 24, 159, 71, 127, 26, 26, 166, 120, 75, 65, 63, 171, 192, 41, 194, 149, 163, 181, 6, 119, 125, 98, 81, 105, 103, 54, 83, 68, 66, 179, 114, 2, 149, 17, 114, 180, 88, 140, 59),
    (168, 155, 92, 120, 122, 96, 170, 135, 174, 79, 154, 138, 79, 61, 54, 190, 78, 80, 102, 52, 42, 153, 132, 47, 100, 105, 141, 145, 43, 87, 82, 130, 144, 97, 193, 66, 124, 173, 54, 167),
    (169, 158, 144, 70, 33, 74, 29, 196, 139, 198, 80, 92, 100, 54, 29, 81, 180, 84, 49, 153, 37, 170, 131, 22, 7, 175, 106, 71, 29, 43, 177, 29, 106, 155, 90, 172, 82, 143, 11, 63),
    (170, 155, 90, 188, 127, 65, 43, 111, 45, 173, 8, 179, 15, 64, 116, 123, 195, 16, 136, 187, 191, 136, 156, 136, 20, 90, 54, 55, 95, 76, 7, 69, 16, 182, 149, 148, 31, 165, 87, 1),
    (171, 47, 172, 72, 125, 167, 191, 35, 143, 44, 90, 180, 67, 5, 183, 170, 149, 68, 76, 55, 86, 124, 119, 82, 145, 83, 72, 198, 103, 80, 20, 35, 153, 46, 50, 7, 92, 17, 13, 43),
    (172, 20, 12, 68, 93, 154, 190, 166, 118, 64, 62, 135, 35, 199, 14, 183, 9, 117, 7, 121, 177, 1, 128, 96, 181, 111, 108, 83, 2, 165, 109, 6, 69, 17, 123, 51, 43, 82, 115, 104),
    (173, 94, 125, 70, 91, 61, 140, 9, 20, 17, 131, 85, 104, 111, 143, 142, 73, 115, 64, 1, 104, 170, 52, 12, 43, 184, 136, 193, 87, 50, 27, 74, 132, 109, 0, 192, 28, 172, 150, 100),
    (174, 73, 109, 136, 11, 51, 9, 147, 13, 73, 160, 180, 51, 199, 138, 156, 197, 9, 95, 167, 73, 120, 92, 148, 100, 157, 101, 37, 63, 34, 46, 40, 71, 14, 127, 36, 80, 131, 0, 36),
    (175, 68, 20, 63, 188, 149, 6, 151, 161, 95, 188, 7, 194, 54, 158, 156, 75, 69, 127, 128, 170, 50, 146, 73, 191, 188, 34, 171, 106, 55, 195, 186, 94, 6, 89, 181, 195, 199, 53, 56),
    (176, 44, 177, 144, 72, 100, 40, 29, 185, 120, 55, 63, 168, 67, 11, 113, 127, 36, 96, 190, 131, 142, 140, 154, 159, 66, 141, 170, 119, 39, 148, 85, 37, 20, 34, 81, 140, 80, 190, 199),
    (177, 50, 199, 18, 83, 193, 91, 7, 89, 87, 24, 98, 87, 78, 130, 71, 16, 23, 67, 164, 66, 8, 1, 57, 150, 115, 158, 56, 53, 26, 32, 129, 81, 21, 57, 23, 134, 65, 106, 26),
    (178, 20, 165, 54, 21, 186, 120, 72, 59, 159, 42, 3, 163, 161, 6, 100, 12, 123, 173, 137, 20, 10, 1, 84, 59, 65, 125, 88, 137, 100, 70, 54, 68, 151, 158, 93, 93, 198, 17, 178),
    (179, 14, 17, 107, 106, 60, 90, 119, 76, 183, 56, 3, 170, 18, 87, 27, 164, 21, 3, 59, 37, 28, 187, 1, 88, 157, 27, 54, 167, 4, 184, 36, 159, 67, 166, 123, 64, 170, 51, 187),
    (180, 78, 159, 49, 170, 178, 22, 38, 129, 130, 133, 109, 42, 43, 86, 165, 114, 11, 130, 53, 196, 117, 113, 167, 106, 141, 47, 48, 192, 44, 130, 55, 67, 96, 72, 160, 150, 27, 89, 49),
    (181, 64, 7, 144, 90, 129, 55, 67, 17, 98, 167, 18, 106, 76, 166, 73, 135, 163, 101, 64, 149, 154, 0, 190, 11, 8, 142, 55, 16, 74, 132, 140, 182, 46, 133, 117, 104, 117, 168, 184),
    (182, 120, 55, 194, 25, 43, 18, 118, 194, 7, 130, 161, 59, 98, 68, 13, 0, 82, 32, 37, 65, 32, 13, 29, 11, 80, 95, 150, 197, 91, 152, 41, 78, 164, 179, 119, 136, 47, 38, 25),
    (183, 186, 61, 84, 32, 145, 135, 72, 166, 106, 48, 48, 166, 50, 33, 32, 182, 86, 39, 115, 66, 187, 126, 109, 99, 16, 18, 70, 109, 131, 104, 153, 179, 120, 14, 11, 14, 100, 56, 81),
    (184, 122, 121, 165, 183, 46, 54, 27, 21, 183, 119, 139, 149, 131, 59, 148, 164, 132, 1, 199, 9, 44, 76, 147, 95, 101, 80, 97, 97, 90, 50, 182, 105, 125, 95, 50, 27, 113, 83, 23),
    (185, 43, 150, 150, 21, 138, 184, 128, 173, 14, 112, 72, 173, 15, 23, 151, 169, 138, 110, 0, 3, 91, 2, 89, 98, 84, 45, 186, 130, 105, 154, 111, 150, 9, 40, 49, 167, 176, 185, 23),
    (186, 0, 96, 41, 18, 56, 121, 131, 84, 185, 84, 188, 100, 186, 141, 34, 170, 107, 102, 140, 191, 15, 159, 187, 113, 48, 113, 65, 7, 182, 135, 172, 21, 17, 164, 104, 61, 13, 108, 158),
    (187, 162, 10, 101, 6, 187, 139, 132, 192, 15, 67, 34, 26, 176, 111, 67, 145, 58, 65, 99, 55, 4, 197, 63, 2, 108, 14, 88, 30, 124, 14, 173, 13, 115, 66, 81, 128, 78, 106, 130),
    (188, 108, 85, 155, 158, 73, 44, 91, 97, 65, 10, 38, 11, 75, 46, 10, 22, 113, 108, 76, 115, 91, 124, 26, 95, 37, 185, 8, 134, 83, 181, 146, 196, 189, 137, 183, 51, 146, 118, 133),
    (189, 35, 124, 2, 163, 178, 83, 131, 114, 77, 184, 187, 133, 48, 141, 170, 37, 135, 135, 90, 190, 148, 16, 17, 105, 38, 107, 33, 172, 191, 197, 32, 80, 178, 152, 84, 9, 50, 96, 3),
    (190, 64, 58, 159, 144, 54, 99, 54, 110, 181, 120, 104, 189, 134, 116, 6, 93, 150, 6, 68, 194, 176, 39, 88, 51, 25, 136, 152, 141, 161, 4, 39, 129, 132, 47, 171, 106, 51, 110, 167),
    (191, 113, 184, 77, 24, 133, 65, 28, 22, 154, 174, 93, 192, 91, 30, 113, 90, 158, 50, 38, 101, 160, 126, 9, 28, 83, 157, 146, 26, 78, 51, 86, 110, 104, 188, 110, 95, 54, 116, 9),
    (192, 25, 186, 96, 192, 42, 175, 17, 68, 114, 178, 148, 150, 126, 18, 48, 47, 148, 154, 44, 109, 47, 156, 130, 144, 62, 131, 30, 96, 145, 51, 9, 44, 135, 180, 138, 108, 94, 130, 185),
    (193, 167, 168, 20, 3, 182, 55, 119, 94, 181, 60, 116, 64, 35, 34, 1, 167, 158, 98, 65, 58, 159, 117, 46, 147, 139, 135, 55, 104, 169, 68, 17, 97, 186, 82, 12, 145, 182, 73, 100),
    (194, 32, 193, 30, 78, 13, 172, 53, 51, 5, 155, 94, 150, 24, 124, 193, 7, 176, 27, 2, 42, 103, 18, 84, 93, 148, 0, 7, 47, 55, 86, 12, 26, 63, 144, 24, 186, 27, 109, 150),
    (195, 27, 67, 9, 44, 176, 19, 110, 113, 127, 11, 77, 145, 49, 73, 22, 172, 50, 5, 99, 15, 103, 23, 146, 9, 151, 129, 18, 6, 161, 174, 58, 149, 42, 160, 163, 49, 147, 65, 101),
    (196, 137, 144, 185, 91, 18, 80, 50, 58, 86, 166, 152, 5, 106, 139, 49, 32, 131, 178, 97, 124, 10, 26, 47, 15, 100, 16, 81, 167, 118, 48, 83, 117, 195, 21, 77, 191, 4, 197, 187),
    (197, 160, 73, 100, 89, 84, 93, 111, 13, 167, 154, 142, 87, 188, 159, 24, 26, 106, 149, 106, 56, 183, 151, 76, 198, 141, 60, 145, 163, 167, 132, 106, 16, 82, 77, 43, 175, 114, 29, 87),
    (198, 165, 55, 179, 82, 55, 40, 94, 83, 65, 125, 11, 23, 149, 14, 123, 149, 12, 45, 52, 28, 152, 80, 33, 19, 81, 83, 148, 16, 168, 125, 165, 192, 194, 80, 184, 82, 156, 102, 158),
    (199, 188, 5, 76, 12, 148, 76, 141, 172, 8, 145, 162, 69, 151, 6, 184, 194, 132, 143, 124, 107, 199, 144, 43, 43, 40, 149, 64, 121, 167, 137, 164, 46, 64, 100, 37, 58, 138, 107, 11);


