INSERT INTO T_1 (pk,
    t_1_1, t_1_2, t_1_3, t_1_4, t_1_5, t_1_6, t_1_7, t_1_8, t_1_9, t_1_10, t_1_11, t_1_12, t_1_13, t_1_14, t_1_15, t_1_16)
VALUES
    (0, 24, 133, 10, 46, 19, 6, 44, 158, 58, 130, 12, 1, 51, 63, 15, 136),
    (1, 85, 80, 53, 35, 75, 14, 24, 96, 141, 138, 12, 5, 118, 2, 34, 48),
    (2, 59, 3, 85, 43, 59, 13, 13, 112, 141, 120, 2, 2, 180, 83, 9, 7),
    (3, 36, 134, 23, 81, 22, 10, 83, 107, 35, 41, 29, 23, 43, 119, 31, 52),
    (4, 52, 89, 80, 3, 32, 4, 3, 81, 141, 26, 19, 26, 89, 105, 35, 181),
    (5, 13, 139, 17, 76, 88, 11, 28, 193, 77, 118, 30, 26, 123, 13, 31, 52),
    (6, 84, 82, 118, 34, 93, 23, 57, 103, 137, 129, 2, 15, 151, 107, 32, 23),
    (7, 26, 61, 72, 2, 16, 22, 7, 143, 44, 109, 17, 11, 152, 87, 12, 181),
    (8, 9, 112, 60, 34, 20, 17, 52, 189, 150, 91, 22, 18, 114, 142, 16, 92),
    (9, 52, 9, 91, 2, 64, 20, 72, 36, 157, 99, 3, 0, 8, 86, 18, 76),
    (10, 35, 9, 14, 43, 95, 11, 66, 180, 157, 39, 2, 9, 182, 19, 0, 161),
    (11, 67, 130, 108, 2, 83, 13, 82, 159, 13, 37, 14, 20, 33, 83, 21, 175),
    (12, 40, 106, 4, 23, 107, 6, 96, 49, 52, 130, 30, 27, 102, 66, 27, 14),
    (13, 99, 74, 23, 82, 45, 19, 41, 34, 107, 19, 17, 2, 85, 137, 0, 61),
    (14, 96, 116, 72, 79, 22, 7, 6, 25, 44, 11, 23, 8, 6, 64, 18, 83),
    (15, 6, 26, 52, 41, 102, 6, 26, 124, 58, 132, 5, 10, 144, 15, 18, 101),
    (16, 67, 37, 32, 78, 61, 18, 7, 92, 137, 138, 32, 9, 180, 100, 29, 41),
    (17, 43, 23, 16, 16, 99, 4, 56, 24, 71, 103, 19, 0, 97, 14, 3, 127),
    (18, 26, 93, 59, 31, 17, 7, 65, 50, 155, 34, 31, 18, 157, 139, 30, 44),
    (19, 81, 88, 140, 63, 98, 4, 34, 6, 109, 147, 33, 22, 17, 53, 17, 164),
    (20, 76, 49, 97, 4, 46, 19, 85, 114, 78, 118, 10, 0, 118, 62, 16, 116),
    (21, 32, 22, 140, 13, 47, 22, 34, 141, 100, 28, 18, 27, 145, 79, 9, 133),
    (22, 20, 106, 41, 49, 62, 20, 60, 117, 129, 45, 24, 8, 169, 88, 12, 87),
    (23, 68, 107, 44, 3, 26, 2, 3, 146, 14, 125, 21, 17, 147, 40, 10, 105),
    (24, 4, 10, 91, 60, 106, 11, 90, 125, 151, 107, 4, 13, 150, 59, 8, 163),
    (25, 89, 74, 18, 58, 29, 15, 87, 42, 125, 41, 16, 7, 165, 92, 4, 94),
    (26, 59, 59, 18, 44, 98, 22, 88, 33, 30, 2, 17, 18, 184, 20, 6, 16),
    (27, 85, 118, 74, 79, 6, 4, 71, 118, 30, 93, 21, 12, 62, 127, 8, 97),
    (28, 35, 134, 42, 25, 67, 7, 78, 91, 102, 125, 19, 2, 23, 7, 11, 27),
    (29, 52, 134, 130, 85, 2, 1, 1, 36, 54, 43, 15, 4, 77, 65, 41, 98),
    (30, 44, 86, 124, 12, 101, 12, 51, 19, 96, 49, 32, 17, 166, 106, 11, 88),
    (31, 76, 139, 79, 69, 32, 13, 23, 150, 139, 75, 15, 0, 86, 72, 16, 99),
    (32, 93, 133, 15, 44, 32, 5, 79, 175, 51, 99, 19, 13, 15, 61, 39, 88),
    (33, 11, 27, 130, 56, 11, 17, 34, 7, 137, 56, 11, 23, 1, 63, 24, 63),
    (34, 47, 124, 44, 59, 37, 16, 84, 136, 61, 38, 11, 6, 121, 122, 29, 24),
    (35, 46, 109, 109, 21, 85, 14, 21, 173, 69, 148, 3, 10, 26, 57, 37, 127),
    (36, 78, 98, 86, 36, 69, 6, 4, 144, 99, 0, 31, 1, 176, 134, 10, 88),
    (37, 95, 147, 18, 45, 65, 9, 44, 42, 43, 11, 11, 18, 150, 49, 5, 74),
    (38, 21, 71, 100, 64, 59, 1, 42, 40, 36, 98, 3, 20, 170, 135, 24, 84),
    (39, 84, 138, 40, 75, 32, 5, 13, 2, 153, 99, 27, 10, 67, 1, 13, 84),
    (40, 38, 76, 139, 25, 30, 13, 71, 103, 154, 1, 20, 10, 48, 4, 11, 160),
    (41, 101, 87, 105, 21, 8, 12, 49, 72, 89, 144, 34, 20, 72, 44, 2, 129),
    (42, 26, 33, 54, 49, 90, 22, 92, 153, 37, 128, 2, 16, 180, 110, 13, 118),
    (43, 12, 92, 100, 88, 31, 1, 35, 176, 23, 102, 18, 21, 95, 1, 5, 31),
    (44, 43, 25, 13, 56, 41, 22, 23, 180, 22, 127, 18, 17, 107, 4, 17, 68),
    (45, 69, 125, 16, 84, 44, 14, 93, 127, 141, 44, 6, 2, 33, 4, 13, 40),
    (46, 88, 35, 7, 80, 56, 1, 34, 190, 73, 147, 2, 2, 54, 78, 4, 82),
    (47, 77, 124, 100, 83, 84, 18, 4, 90, 29, 53, 28, 4, 149, 41, 23, 2),
    (48, 11, 5, 34, 53, 82, 4, 83, 191, 159, 128, 9, 23, 95, 137, 22, 5),
    (49, 22, 84, 101, 52, 54, 13, 29, 173, 5, 16, 22, 24, 167, 117, 15, 90),
    (50, 60, 95, 95, 7, 69, 19, 51, 118, 142, 17, 21, 20, 183, 8, 29, 167),
    (51, 6, 18, 54, 86, 10, 14, 56, 192, 35, 78, 9, 3, 48, 26, 37, 131),
    (52, 11, 0, 96, 87, 99, 7, 17, 62, 113, 56, 9, 15, 164, 135, 42, 40),
    (53, 28, 33, 117, 45, 22, 13, 94, 31, 77, 9, 13, 6, 110, 45, 23, 61),
    (54, 91, 64, 90, 65, 53, 17, 64, 9, 64, 73, 17, 23, 181, 38, 30, 92),
    (55, 100, 13, 83, 81, 68, 23, 65, 45, 91, 59, 17, 19, 18, 88, 37, 141),
    (56, 92, 141, 1, 67, 43, 22, 64, 83, 104, 112, 21, 16, 147, 102, 21, 17),
    (57, 15, 44, 105, 0, 72, 19, 17, 50, 22, 136, 14, 21, 85, 121, 6, 146),
    (58, 40, 56, 78, 77, 102, 20, 53, 61, 90, 42, 33, 27, 66, 31, 36, 77),
    (59, 63, 106, 9, 64, 55, 1, 2, 114, 152, 100, 15, 25, 148, 123, 9, 135),
    (60, 41, 7, 89, 4, 95, 10, 83, 110, 75, 33, 22, 14, 84, 56, 35, 154),
    (61, 10, 124, 111, 10, 85, 1, 10, 61, 105, 41, 20, 18, 129, 14, 12, 151),
    (62, 77, 144, 119, 8, 63, 12, 32, 7, 87, 64, 9, 24, 164, 99, 32, 117),
    (63, 93, 83, 132, 25, 31, 5, 82, 193, 156, 31, 12, 20, 10, 128, 36, 92),
    (64, 96, 6, 30, 21, 24, 22, 51, 170, 44, 41, 6, 23, 64, 49, 6, 180),
    (65, 52, 136, 65, 82, 77, 6, 82, 17, 28, 83, 12, 21, 14, 66, 20, 27),
    (66, 4, 39, 84, 25, 108, 16, 32, 98, 61, 1, 5, 3, 109, 109, 4, 83),
    (67, 96, 43, 133, 41, 88, 7, 6, 107, 58, 8, 32, 10, 6, 126, 34, 102),
    (68, 100, 20, 34, 4, 23, 12, 76, 144, 56, 92, 22, 3, 84, 134, 4, 112),
    (69, 52, 106, 68, 40, 90, 16, 55, 64, 94, 26, 10, 5, 142, 98, 36, 5),
    (70, 20, 136, 18, 78, 99, 13, 74, 106, 102, 88, 3, 13, 47, 98, 11, 13),
    (71, 0, 146, 115, 38, 19, 22, 53, 7, 95, 18, 26, 11, 164, 58, 38, 63),
    (72, 53, 68, 61, 1, 14, 9, 26, 24, 37, 138, 1, 8, 154, 132, 16, 161),
    (73, 90, 130, 124, 45, 30, 19, 76, 81, 41, 128, 27, 13, 107, 50, 0, 25),
    (74, 49, 74, 114, 58, 50, 0, 13, 57, 104, 72, 31, 4, 109, 78, 5, 154),
    (75, 69, 97, 81, 4, 47, 22, 7, 90, 19, 143, 6, 14, 8, 115, 25, 57),
    (76, 46, 121, 92, 19, 38, 3, 41, 111, 121, 35, 17, 12, 119, 100, 11, 115),
    (77, 99, 7, 95, 75, 59, 7, 48, 67, 100, 89, 9, 12, 149, 114, 3, 35),
    (78, 88, 54, 7, 39, 82, 20, 49, 110, 51, 131, 5, 7, 141, 41, 7, 6),
    (79, 62, 40, 36, 56, 21, 9, 56, 44, 154, 70, 24, 21, 39, 133, 31, 106),
    (80, 99, 133, 115, 83, 6, 21, 81, 164, 108, 98, 25, 10, 80, 19, 14, 73),
    (81, 85, 25, 4, 33, 88, 15, 31, 137, 10, 19, 29, 20, 54, 6, 10, 164),
    (82, 96, 21, 93, 3, 102, 11, 107, 112, 130, 1, 31, 17, 43, 126, 15, 52),
    (83, 26, 64, 8, 8, 20, 8, 5, 133, 83, 42, 9, 2, 57, 26, 4, 73),
    (84, 34, 61, 52, 5, 9, 18, 56, 188, 36, 118, 28, 10, 33, 97, 14, 88),
    (85, 99, 10, 75, 61, 3, 13, 14, 154, 116, 106, 16, 11, 81, 23, 10, 181),
    (86, 44, 113, 76, 55, 100, 11, 107, 185, 136, 108, 19, 17, 136, 9, 1, 157),
    (87, 75, 135, 125, 67, 18, 0, 33, 105, 18, 65, 3, 18, 71, 3, 33, 76),
    (88, 55, 33, 57, 12, 34, 21, 50, 162, 24, 32, 30, 10, 174, 105, 9, 73),
    (89, 0, 32, 132, 3, 10, 18, 49, 66, 134, 88, 3, 11, 162, 115, 36, 99),
    (90, 25, 110, 59, 30, 31, 16, 104, 141, 150, 69, 15, 14, 150, 99, 16, 37),
    (91, 49, 91, 99, 35, 25, 8, 86, 8, 142, 41, 1, 26, 107, 130, 6, 38),
    (92, 88, 109, 139, 85, 80, 14, 90, 97, 17, 62, 4, 17, 161, 22, 10, 49),
    (93, 39, 106, 88, 76, 97, 6, 42, 140, 140, 27, 21, 10, 98, 120, 32, 10),
    (94, 82, 136, 25, 2, 42, 2, 97, 178, 79, 42, 26, 19, 26, 68, 29, 17),
    (95, 39, 84, 107, 15, 27, 3, 33, 33, 77, 57, 9, 15, 71, 3, 0, 128),
    (96, 100, 128, 119, 87, 83, 20, 65, 151, 118, 49, 23, 9, 156, 14, 9, 24),
    (97, 57, 106, 10, 3, 73, 15, 106, 20, 23, 59, 27, 0, 169, 110, 24, 181),
    (98, 33, 26, 140, 33, 102, 12, 37, 125, 10, 36, 25, 17, 31, 65, 8, 37),
    (99, 53, 32, 53, 67, 6, 21, 106, 68, 154, 84, 33, 5, 122, 16, 10, 115),
    (100, 97, 28, 134, 19, 96, 3, 102, 8, 79, 98, 15, 21, 15, 131, 24, 44),
    (101, 50, 85, 15, 41, 26, 14, 67, 63, 152, 51, 19, 22, 66, 43, 19, 173),
    (102, 28, 2, 122, 13, 78, 16, 12, 15, 101, 63, 24, 8, 92, 112, 17, 111),
    (103, 78, 142, 111, 70, 51, 9, 85, 127, 108, 3, 32, 13, 126, 109, 13, 114),
    (104, 28, 27, 104, 82, 30, 0, 67, 98, 120, 129, 34, 16, 32, 35, 40, 39),
    (105, 11, 118, 113, 63, 61, 10, 84, 146, 14, 70, 16, 22, 9, 71, 10, 129),
    (106, 32, 81, 61, 2, 1, 23, 33, 33, 130, 106, 7, 12, 14, 85, 29, 7),
    (107, 3, 89, 102, 6, 63, 22, 48, 109, 126, 43, 29, 17, 132, 11, 18, 88),
    (108, 19, 12, 48, 69, 53, 9, 94, 165, 29, 50, 23, 25, 76, 42, 34, 108),
    (109, 94, 116, 33, 11, 7, 23, 10, 10, 35, 109, 1, 3, 129, 74, 8, 66),
    (110, 60, 51, 115, 41, 72, 15, 61, 100, 37, 115, 34, 16, 61, 106, 36, 141),
    (111, 32, 82, 85, 58, 39, 19, 77, 38, 119, 53, 31, 22, 101, 136, 41, 172),
    (112, 35, 12, 83, 86, 87, 19, 38, 40, 68, 109, 19, 22, 46, 116, 6, 109),
    (113, 71, 73, 84, 90, 100, 6, 106, 57, 46, 9, 12, 25, 141, 12, 31, 180),
    (114, 101, 138, 86, 77, 11, 5, 13, 73, 58, 29, 2, 17, 81, 138, 21, 176),
    (115, 91, 53, 68, 3, 80, 9, 36, 47, 137, 64, 2, 2, 149, 85, 14, 94),
    (116, 70, 84, 25, 63, 52, 2, 53, 19, 19, 123, 7, 20, 133, 137, 20, 6),
    (117, 84, 85, 110, 0, 2, 0, 5, 186, 53, 0, 29, 13, 22, 45, 42, 153),
    (118, 88, 12, 90, 45, 26, 0, 41, 93, 109, 48, 6, 9, 171, 44, 4, 112),
    (119, 35, 104, 81, 60, 19, 6, 93, 188, 56, 60, 14, 10, 27, 6, 17, 128),
    (120, 37, 143, 30, 76, 9, 16, 94, 192, 84, 61, 28, 21, 165, 29, 27, 124),
    (121, 87, 123, 135, 36, 10, 13, 44, 14, 105, 57, 34, 18, 11, 132, 36, 113),
    (122, 51, 6, 10, 87, 4, 11, 10, 18, 4, 37, 4, 23, 44, 116, 32, 115),
    (123, 54, 12, 41, 44, 64, 3, 26, 165, 56, 143, 22, 11, 65, 95, 42, 166),
    (124, 43, 83, 58, 54, 58, 16, 101, 73, 38, 11, 16, 2, 137, 113, 26, 162),
    (125, 59, 90, 136, 42, 107, 0, 89, 38, 142, 33, 27, 9, 108, 73, 11, 112),
    (126, 80, 48, 86, 60, 82, 15, 67, 42, 135, 111, 13, 26, 13, 139, 30, 122),
    (127, 75, 138, 59, 46, 87, 10, 66, 80, 147, 112, 26, 14, 171, 80, 30, 179),
    (128, 46, 33, 30, 6, 82, 13, 102, 77, 23, 16, 23, 27, 154, 63, 0, 23),
    (129, 65, 21, 41, 25, 29, 3, 82, 96, 46, 60, 4, 17, 111, 104, 40, 8),
    (130, 56, 47, 51, 78, 43, 8, 6, 101, 24, 47, 10, 0, 67, 16, 17, 81),
    (131, 30, 10, 128, 10, 89, 13, 82, 91, 1, 78, 14, 4, 83, 9, 37, 68),
    (132, 1, 42, 15, 31, 17, 13, 92, 53, 50, 119, 0, 18, 44, 129, 38, 20),
    (133, 72, 70, 43, 54, 14, 20, 63, 81, 149, 103, 23, 20, 135, 15, 26, 83),
    (134, 76, 117, 54, 10, 97, 10, 82, 21, 48, 85, 17, 17, 46, 67, 28, 166),
    (135, 82, 73, 82, 18, 46, 9, 8, 10, 45, 23, 11, 2, 90, 2, 4, 99),
    (136, 53, 69, 113, 76, 98, 15, 99, 76, 129, 141, 12, 11, 95, 33, 28, 127),
    (137, 103, 12, 44, 21, 78, 13, 59, 123, 35, 77, 6, 16, 120, 103, 37, 71),
    (138, 42, 115, 130, 10, 77, 16, 87, 170, 80, 3, 10, 13, 103, 72, 13, 30),
    (139, 96, 148, 51, 5, 106, 22, 88, 67, 97, 52, 19, 6, 139, 142, 31, 32),
    (140, 38, 39, 55, 75, 47, 7, 14, 104, 88, 116, 20, 24, 121, 51, 31, 23),
    (141, 91, 61, 86, 47, 101, 3, 7, 111, 138, 37, 28, 9, 155, 116, 41, 10),
    (142, 54, 104, 9, 15, 65, 18, 9, 161, 36, 133, 25, 8, 183, 27, 41, 91),
    (143, 46, 104, 108, 60, 98, 15, 35, 139, 66, 114, 22, 21, 5, 13, 2, 117),
    (144, 63, 137, 92, 23, 54, 18, 4, 113, 112, 109, 18, 13, 165, 80, 11, 8),
    (145, 64, 89, 37, 68, 70, 23, 6, 65, 139, 52, 8, 13, 145, 0, 22, 102),
    (146, 15, 82, 91, 39, 90, 16, 98, 72, 136, 4, 25, 25, 36, 64, 40, 72),
    (147, 86, 4, 87, 71, 10, 15, 67, 7, 71, 135, 22, 15, 138, 113, 4, 101),
    (148, 72, 138, 17, 25, 38, 14, 76, 148, 7, 22, 4, 14, 98, 143, 23, 175),
    (149, 101, 135, 86, 84, 65, 9, 96, 124, 4, 125, 30, 11, 31, 110, 34, 116),
    (150, 54, 92, 122, 14, 37, 19, 98, 169, 115, 25, 27, 17, 17, 110, 6, 24),
    (151, 30, 45, 36, 72, 40, 7, 59, 163, 51, 10, 1, 12, 45, 0, 33, 85),
    (152, 90, 20, 107, 9, 70, 10, 17, 50, 2, 75, 20, 26, 58, 108, 4, 183),
    (153, 93, 96, 71, 12, 13, 3, 30, 9, 33, 69, 20, 26, 10, 32, 9, 131),
    (154, 91, 139, 52, 82, 99, 21, 73, 99, 149, 71, 33, 20, 77, 131, 3, 179),
    (155, 1, 101, 71, 82, 47, 0, 42, 35, 142, 137, 23, 24, 156, 76, 35, 67),
    (156, 65, 131, 3, 42, 101, 19, 48, 169, 39, 53, 11, 2, 62, 31, 3, 108),
    (157, 47, 86, 60, 32, 8, 22, 67, 100, 145, 22, 28, 13, 143, 121, 42, 65),
    (158, 87, 30, 44, 87, 54, 18, 86, 7, 58, 96, 8, 9, 22, 86, 36, 114),
    (159, 37, 129, 36, 9, 68, 18, 38, 84, 137, 60, 17, 19, 75, 14, 10, 161),
    (160, 17, 68, 50, 58, 46, 7, 2, 87, 110, 141, 24, 10, 135, 37, 38, 66),
    (161, 49, 87, 119, 32, 78, 6, 96, 180, 127, 140, 10, 15, 119, 91, 26, 125),
    (162, 71, 3, 112, 89, 47, 17, 80, 92, 146, 141, 34, 2, 0, 127, 38, 167),
    (163, 65, 134, 123, 63, 91, 10, 68, 111, 0, 49, 24, 24, 100, 101, 16, 163),
    (164, 74, 70, 58, 88, 96, 22, 95, 61, 119, 15, 13, 22, 124, 126, 21, 109),
    (165, 60, 145, 23, 59, 54, 6, 78, 17, 98, 107, 9, 1, 43, 30, 9, 53),
    (166, 22, 63, 106, 22, 91, 23, 3, 83, 81, 26, 34, 11, 177, 38, 28, 160),
    (167, 15, 138, 136, 47, 105, 1, 35, 36, 32, 56, 14, 14, 40, 70, 25, 102),
    (168, 23, 143, 99, 30, 72, 4, 79, 124, 29, 127, 33, 16, 35, 70, 28, 159),
    (169, 91, 102, 5, 65, 14, 9, 51, 104, 118, 129, 17, 23, 31, 143, 16, 83),
    (170, 99, 13, 130, 59, 55, 21, 12, 146, 74, 103, 5, 18, 33, 119, 40, 168),
    (171, 103, 82, 58, 35, 86, 5, 86, 116, 109, 49, 6, 14, 131, 10, 23, 129),
    (172, 34, 89, 33, 43, 35, 6, 19, 97, 99, 51, 8, 1, 168, 81, 6, 182),
    (173, 57, 53, 44, 69, 100, 15, 22, 105, 126, 106, 29, 25, 161, 69, 22, 10),
    (174, 35, 68, 15, 74, 10, 11, 65, 143, 160, 134, 29, 17, 177, 23, 28, 93),
    (175, 9, 124, 71, 78, 51, 9, 76, 106, 17, 50, 11, 15, 150, 103, 20, 47),
    (176, 70, 45, 120, 5, 42, 7, 27, 24, 8, 41, 20, 9, 20, 33, 15, 137),
    (177, 103, 19, 84, 25, 99, 10, 76, 127, 106, 68, 7, 0, 138, 137, 19, 99),
    (178, 47, 134, 38, 36, 98, 23, 15, 117, 49, 22, 24, 9, 168, 114, 24, 79),
    (179, 70, 124, 92, 60, 32, 5, 94, 69, 90, 22, 8, 22, 100, 38, 30, 174),
    (180, 77, 106, 131, 36, 76, 15, 0, 90, 23, 133, 30, 14, 81, 30, 13, 180),
    (181, 88, 65, 102, 6, 25, 23, 22, 60, 151, 146, 13, 22, 12, 39, 2, 100),
    (182, 36, 103, 27, 13, 33, 4, 59, 74, 90, 50, 18, 9, 10, 69, 25, 92),
    (183, 7, 124, 12, 51, 80, 4, 90, 21, 1, 135, 2, 6, 148, 21, 24, 3),
    (184, 81, 97, 45, 7, 48, 6, 48, 80, 115, 48, 0, 13, 7, 83, 4, 167),
    (185, 45, 41, 14, 49, 73, 0, 59, 64, 134, 95, 0, 7, 76, 95, 34, 173),
    (186, 79, 36, 6, 65, 31, 10, 65, 3, 91, 128, 26, 4, 9, 139, 33, 158),
    (187, 8, 78, 85, 54, 31, 21, 71, 112, 126, 93, 17, 6, 99, 131, 39, 157),
    (188, 98, 11, 19, 38, 36, 2, 92, 109, 140, 101, 5, 21, 23, 116, 12, 63),
    (189, 38, 21, 110, 15, 11, 21, 13, 126, 132, 13, 3, 23, 89, 95, 36, 62),
    (190, 22, 96, 44, 80, 13, 18, 97, 86, 34, 138, 23, 3, 23, 126, 8, 172),
    (191, 83, 85, 109, 86, 28, 7, 40, 135, 61, 110, 8, 7, 130, 93, 4, 93),
    (192, 1, 54, 16, 41, 4, 15, 22, 136, 132, 137, 9, 21, 172, 72, 9, 48),
    (193, 17, 29, 96, 63, 53, 13, 58, 20, 31, 33, 29, 10, 135, 29, 21, 164),
    (194, 1, 92, 131, 62, 27, 18, 72, 137, 121, 83, 31, 20, 128, 132, 9, 35),
    (195, 54, 100, 20, 79, 35, 14, 65, 196, 47, 88, 1, 24, 101, 2, 32, 121),
    (196, 54, 128, 123, 86, 5, 12, 20, 188, 98, 10, 22, 6, 127, 18, 15, 155),
    (197, 61, 45, 25, 44, 42, 20, 41, 157, 111, 46, 21, 26, 163, 52, 11, 177),
    (198, 63, 137, 84, 55, 8, 15, 12, 195, 53, 131, 0, 22, 11, 86, 14, 153),
    (199, 58, 121, 64, 60, 22, 11, 45, 186, 153, 43, 10, 0, 153, 84, 5, 1);

INSERT INTO T_1_1 (pk)
VALUES
    (0),
    (1),
    (2),
    (3),
    (4),
    (5),
    (6),
    (7),
    (8),
    (9),
    (10),
    (11),
    (12),
    (13),
    (14),
    (15),
    (16),
    (17),
    (18),
    (19),
    (20),
    (21),
    (22),
    (23),
    (24),
    (25),
    (26),
    (27),
    (28),
    (29),
    (30),
    (31),
    (32),
    (33),
    (34),
    (35),
    (36),
    (37),
    (38),
    (39),
    (40),
    (41),
    (42),
    (43),
    (44),
    (45),
    (46),
    (47),
    (48),
    (49),
    (50),
    (51),
    (52),
    (53),
    (54),
    (55),
    (56),
    (57),
    (58),
    (59),
    (60),
    (61),
    (62),
    (63),
    (64),
    (65),
    (66),
    (67),
    (68),
    (69),
    (70),
    (71),
    (72),
    (73),
    (74),
    (75),
    (76),
    (77),
    (78),
    (79),
    (80),
    (81),
    (82),
    (83),
    (84),
    (85),
    (86),
    (87),
    (88),
    (89),
    (90),
    (91),
    (92),
    (93),
    (94),
    (95),
    (96),
    (97),
    (98),
    (99),
    (100),
    (101),
    (102),
    (103);

INSERT INTO T_1_2 (pk)
VALUES
    (0),
    (1),
    (2),
    (3),
    (4),
    (5),
    (6),
    (7),
    (8),
    (9),
    (10),
    (11),
    (12),
    (13),
    (14),
    (15),
    (16),
    (17),
    (18),
    (19),
    (20),
    (21),
    (22),
    (23),
    (24),
    (25),
    (26),
    (27),
    (28),
    (29),
    (30),
    (31),
    (32),
    (33),
    (34),
    (35),
    (36),
    (37),
    (38),
    (39),
    (40),
    (41),
    (42),
    (43),
    (44),
    (45),
    (46),
    (47),
    (48),
    (49),
    (50),
    (51),
    (52),
    (53),
    (54),
    (55),
    (56),
    (57),
    (58),
    (59),
    (60),
    (61),
    (62),
    (63),
    (64),
    (65),
    (66),
    (67),
    (68),
    (69),
    (70),
    (71),
    (72),
    (73),
    (74),
    (75),
    (76),
    (77),
    (78),
    (79),
    (80),
    (81),
    (82),
    (83),
    (84),
    (85),
    (86),
    (87),
    (88),
    (89),
    (90),
    (91),
    (92),
    (93),
    (94),
    (95),
    (96),
    (97),
    (98),
    (99),
    (100),
    (101),
    (102),
    (103),
    (104),
    (105),
    (106),
    (107),
    (108),
    (109),
    (110),
    (111),
    (112),
    (113),
    (114),
    (115),
    (116),
    (117),
    (118),
    (119),
    (120),
    (121),
    (122),
    (123),
    (124),
    (125),
    (126),
    (127),
    (128),
    (129),
    (130),
    (131),
    (132),
    (133),
    (134),
    (135),
    (136),
    (137),
    (138),
    (139),
    (140),
    (141),
    (142),
    (143),
    (144),
    (145),
    (146),
    (147),
    (148),
    (149);

INSERT INTO T_1_3 (pk)
VALUES
    (0),
    (1),
    (2),
    (3),
    (4),
    (5),
    (6),
    (7),
    (8),
    (9),
    (10),
    (11),
    (12),
    (13),
    (14),
    (15),
    (16),
    (17),
    (18),
    (19),
    (20),
    (21),
    (22),
    (23),
    (24),
    (25),
    (26),
    (27),
    (28),
    (29),
    (30),
    (31),
    (32),
    (33),
    (34),
    (35),
    (36),
    (37),
    (38),
    (39),
    (40),
    (41),
    (42),
    (43),
    (44),
    (45),
    (46),
    (47),
    (48),
    (49),
    (50),
    (51),
    (52),
    (53),
    (54),
    (55),
    (56),
    (57),
    (58),
    (59),
    (60),
    (61),
    (62),
    (63),
    (64),
    (65),
    (66),
    (67),
    (68),
    (69),
    (70),
    (71),
    (72),
    (73),
    (74),
    (75),
    (76),
    (77),
    (78),
    (79),
    (80),
    (81),
    (82),
    (83),
    (84),
    (85),
    (86),
    (87),
    (88),
    (89),
    (90),
    (91),
    (92),
    (93),
    (94),
    (95),
    (96),
    (97),
    (98),
    (99),
    (100),
    (101),
    (102),
    (103),
    (104),
    (105),
    (106),
    (107),
    (108),
    (109),
    (110),
    (111),
    (112),
    (113),
    (114),
    (115),
    (116),
    (117),
    (118),
    (119),
    (120),
    (121),
    (122),
    (123),
    (124),
    (125),
    (126),
    (127),
    (128),
    (129),
    (130),
    (131),
    (132),
    (133),
    (134),
    (135),
    (136),
    (137),
    (138),
    (139),
    (140);

INSERT INTO T_1_4 (pk)
VALUES
    (0),
    (1),
    (2),
    (3),
    (4),
    (5),
    (6),
    (7),
    (8),
    (9),
    (10),
    (11),
    (12),
    (13),
    (14),
    (15),
    (16),
    (17),
    (18),
    (19),
    (20),
    (21),
    (22),
    (23),
    (24),
    (25),
    (26),
    (27),
    (28),
    (29),
    (30),
    (31),
    (32),
    (33),
    (34),
    (35),
    (36),
    (37),
    (38),
    (39),
    (40),
    (41),
    (42),
    (43),
    (44),
    (45),
    (46),
    (47),
    (48),
    (49),
    (50),
    (51),
    (52),
    (53),
    (54),
    (55),
    (56),
    (57),
    (58),
    (59),
    (60),
    (61),
    (62),
    (63),
    (64),
    (65),
    (66),
    (67),
    (68),
    (69),
    (70),
    (71),
    (72),
    (73),
    (74),
    (75),
    (76),
    (77),
    (78),
    (79),
    (80),
    (81),
    (82),
    (83),
    (84),
    (85),
    (86),
    (87),
    (88),
    (89),
    (90);

INSERT INTO T_1_5 (pk)
VALUES
    (0),
    (1),
    (2),
    (3),
    (4),
    (5),
    (6),
    (7),
    (8),
    (9),
    (10),
    (11),
    (12),
    (13),
    (14),
    (15),
    (16),
    (17),
    (18),
    (19),
    (20),
    (21),
    (22),
    (23),
    (24),
    (25),
    (26),
    (27),
    (28),
    (29),
    (30),
    (31),
    (32),
    (33),
    (34),
    (35),
    (36),
    (37),
    (38),
    (39),
    (40),
    (41),
    (42),
    (43),
    (44),
    (45),
    (46),
    (47),
    (48),
    (49),
    (50),
    (51),
    (52),
    (53),
    (54),
    (55),
    (56),
    (57),
    (58),
    (59),
    (60),
    (61),
    (62),
    (63),
    (64),
    (65),
    (66),
    (67),
    (68),
    (69),
    (70),
    (71),
    (72),
    (73),
    (74),
    (75),
    (76),
    (77),
    (78),
    (79),
    (80),
    (81),
    (82),
    (83),
    (84),
    (85),
    (86),
    (87),
    (88),
    (89),
    (90),
    (91),
    (92),
    (93),
    (94),
    (95),
    (96),
    (97),
    (98),
    (99),
    (100),
    (101),
    (102),
    (103),
    (104),
    (105),
    (106),
    (107),
    (108),
    (109);

INSERT INTO T_1_6 (pk)
VALUES
    (0),
    (1),
    (2),
    (3),
    (4),
    (5),
    (6),
    (7),
    (8),
    (9),
    (10),
    (11),
    (12),
    (13),
    (14),
    (15),
    (16),
    (17),
    (18),
    (19),
    (20),
    (21),
    (22),
    (23);

INSERT INTO T_1_7 (pk)
VALUES
    (0),
    (1),
    (2),
    (3),
    (4),
    (5),
    (6),
    (7),
    (8),
    (9),
    (10),
    (11),
    (12),
    (13),
    (14),
    (15),
    (16),
    (17),
    (18),
    (19),
    (20),
    (21),
    (22),
    (23),
    (24),
    (25),
    (26),
    (27),
    (28),
    (29),
    (30),
    (31),
    (32),
    (33),
    (34),
    (35),
    (36),
    (37),
    (38),
    (39),
    (40),
    (41),
    (42),
    (43),
    (44),
    (45),
    (46),
    (47),
    (48),
    (49),
    (50),
    (51),
    (52),
    (53),
    (54),
    (55),
    (56),
    (57),
    (58),
    (59),
    (60),
    (61),
    (62),
    (63),
    (64),
    (65),
    (66),
    (67),
    (68),
    (69),
    (70),
    (71),
    (72),
    (73),
    (74),
    (75),
    (76),
    (77),
    (78),
    (79),
    (80),
    (81),
    (82),
    (83),
    (84),
    (85),
    (86),
    (87),
    (88),
    (89),
    (90),
    (91),
    (92),
    (93),
    (94),
    (95),
    (96),
    (97),
    (98),
    (99),
    (100),
    (101),
    (102),
    (103),
    (104),
    (105),
    (106),
    (107);

INSERT INTO T_1_8 (pk)
VALUES
    (0),
    (1),
    (2),
    (3),
    (4),
    (5),
    (6),
    (7),
    (8),
    (9),
    (10),
    (11),
    (12),
    (13),
    (14),
    (15),
    (16),
    (17),
    (18),
    (19),
    (20),
    (21),
    (22),
    (23),
    (24),
    (25),
    (26),
    (27),
    (28),
    (29),
    (30),
    (31),
    (32),
    (33),
    (34),
    (35),
    (36),
    (37),
    (38),
    (39),
    (40),
    (41),
    (42),
    (43),
    (44),
    (45),
    (46),
    (47),
    (48),
    (49),
    (50),
    (51),
    (52),
    (53),
    (54),
    (55),
    (56),
    (57),
    (58),
    (59),
    (60),
    (61),
    (62),
    (63),
    (64),
    (65),
    (66),
    (67),
    (68),
    (69),
    (70),
    (71),
    (72),
    (73),
    (74),
    (75),
    (76),
    (77),
    (78),
    (79),
    (80),
    (81),
    (82),
    (83),
    (84),
    (85),
    (86),
    (87),
    (88),
    (89),
    (90),
    (91),
    (92),
    (93),
    (94),
    (95),
    (96),
    (97),
    (98),
    (99),
    (100),
    (101),
    (102),
    (103),
    (104),
    (105),
    (106),
    (107),
    (108),
    (109),
    (110),
    (111),
    (112),
    (113),
    (114),
    (115),
    (116),
    (117),
    (118),
    (119),
    (120),
    (121),
    (122),
    (123),
    (124),
    (125),
    (126),
    (127),
    (128),
    (129),
    (130),
    (131),
    (132),
    (133),
    (134),
    (135),
    (136),
    (137),
    (138),
    (139),
    (140),
    (141),
    (142),
    (143),
    (144),
    (145),
    (146),
    (147),
    (148),
    (149),
    (150),
    (151),
    (152),
    (153),
    (154),
    (155),
    (156),
    (157),
    (158),
    (159),
    (160),
    (161),
    (162),
    (163),
    (164),
    (165),
    (166),
    (167),
    (168),
    (169),
    (170),
    (171),
    (172),
    (173),
    (174),
    (175),
    (176),
    (177),
    (178),
    (179),
    (180),
    (181),
    (182),
    (183),
    (184),
    (185),
    (186),
    (187),
    (188),
    (189),
    (190),
    (191),
    (192),
    (193),
    (194),
    (195),
    (196);

INSERT INTO T_1_9 (pk,
    t_1_9_1, t_1_9_2, t_1_9_3, t_1_9_4, t_1_9_5, t_1_9_6, t_1_9_7, t_1_9_8)
VALUES
    (0, 22, 11, 80, 5, 32, 124, 6, 11),
    (1, 26, 44, 16, 17, 16, 1, 36, 18),
    (2, 27, 21, 84, 17, 36, 37, 11, 25),
    (3, 21, 21, 3, 39, 2, 129, 36, 19),
    (4, 16, 29, 151, 25, 14, 127, 58, 6),
    (5, 0, 53, 2, 14, 39, 99, 30, 28),
    (6, 1, 23, 176, 34, 40, 48, 35, 27),
    (7, 12, 1, 43, 37, 23, 25, 40, 19),
    (8, 19, 22, 164, 36, 35, 109, 2, 41),
    (9, 21, 25, 35, 13, 29, 11, 35, 8),
    (10, 3, 42, 10, 11, 9, 81, 7, 35),
    (11, 17, 65, 42, 42, 25, 22, 15, 48),
    (12, 18, 41, 2, 7, 5, 45, 40, 42),
    (13, 0, 34, 82, 26, 8, 82, 42, 29),
    (14, 8, 55, 23, 43, 4, 33, 8, 46),
    (15, 18, 37, 121, 43, 15, 81, 62, 19),
    (16, 1, 43, 25, 16, 19, 122, 7, 32),
    (17, 24, 62, 161, 6, 32, 123, 51, 32),
    (18, 24, 56, 89, 3, 22, 94, 4, 30),
    (19, 25, 59, 45, 32, 31, 94, 22, 8),
    (20, 27, 26, 79, 17, 30, 52, 25, 33),
    (21, 4, 11, 95, 3, 30, 65, 61, 16),
    (22, 1, 53, 45, 3, 1, 37, 59, 41),
    (23, 15, 17, 12, 10, 2, 10, 57, 29),
    (24, 9, 60, 79, 1, 26, 82, 37, 21),
    (25, 26, 42, 1, 11, 23, 116, 26, 41),
    (26, 22, 64, 78, 31, 12, 58, 14, 0),
    (27, 15, 3, 84, 24, 15, 43, 69, 13),
    (28, 22, 58, 161, 15, 12, 106, 57, 35),
    (29, 7, 21, 170, 32, 39, 75, 55, 20),
    (30, 22, 20, 37, 32, 39, 71, 40, 14),
    (31, 8, 31, 136, 1, 12, 48, 53, 35),
    (32, 0, 1, 90, 38, 37, 32, 47, 42),
    (33, 1, 62, 156, 0, 23, 92, 40, 48),
    (34, 16, 51, 157, 39, 14, 20, 70, 26),
    (35, 17, 3, 154, 22, 13, 130, 41, 34),
    (36, 0, 59, 66, 47, 39, 134, 55, 6),
    (37, 1, 4, 120, 3, 6, 131, 42, 46),
    (38, 3, 60, 173, 41, 6, 71, 27, 39),
    (39, 7, 14, 93, 28, 8, 44, 23, 16),
    (40, 5, 37, 62, 42, 40, 45, 41, 6),
    (41, 27, 12, 80, 9, 11, 96, 32, 5),
    (42, 5, 1, 172, 30, 11, 86, 14, 48),
    (43, 27, 45, 161, 11, 15, 45, 10, 23),
    (44, 21, 21, 29, 34, 2, 78, 6, 12),
    (45, 17, 1, 63, 10, 10, 95, 36, 40),
    (46, 3, 41, 113, 46, 13, 89, 67, 26),
    (47, 16, 63, 76, 11, 15, 50, 56, 16),
    (48, 4, 34, 42, 16, 19, 75, 1, 44),
    (49, 5, 34, 145, 18, 34, 74, 45, 8),
    (50, 2, 29, 68, 1, 22, 58, 2, 10),
    (51, 6, 19, 72, 46, 4, 94, 16, 13),
    (52, 17, 55, 120, 17, 21, 19, 32, 31),
    (53, 11, 57, 53, 25, 13, 124, 54, 2),
    (54, 5, 34, 162, 40, 25, 111, 54, 5),
    (55, 11, 33, 15, 24, 10, 9, 27, 26),
    (56, 2, 57, 171, 21, 22, 77, 4, 48),
    (57, 7, 30, 175, 0, 30, 30, 28, 19),
    (58, 6, 60, 13, 32, 26, 104, 7, 19),
    (59, 26, 68, 163, 6, 1, 93, 66, 10),
    (60, 2, 52, 122, 19, 11, 35, 45, 21),
    (61, 21, 50, 164, 38, 8, 32, 25, 45),
    (62, 14, 25, 15, 11, 2, 99, 54, 36),
    (63, 5, 63, 90, 45, 10, 4, 7, 18),
    (64, 22, 8, 172, 34, 22, 83, 30, 46),
    (65, 23, 42, 176, 5, 30, 22, 60, 41),
    (66, 25, 36, 85, 12, 7, 34, 22, 20),
    (67, 4, 17, 41, 16, 25, 9, 43, 18),
    (68, 22, 52, 2, 16, 11, 98, 30, 44),
    (69, 0, 25, 140, 19, 23, 116, 69, 18),
    (70, 2, 42, 69, 9, 32, 57, 1, 23),
    (71, 9, 37, 121, 35, 17, 32, 65, 6),
    (72, 7, 36, 67, 9, 16, 84, 29, 3),
    (73, 11, 1, 24, 24, 39, 129, 49, 31),
    (74, 27, 42, 60, 34, 25, 26, 49, 2),
    (75, 20, 25, 146, 20, 23, 117, 26, 2),
    (76, 5, 15, 152, 41, 1, 64, 32, 32),
    (77, 21, 26, 172, 17, 16, 115, 53, 34),
    (78, 6, 48, 155, 7, 13, 118, 47, 41),
    (79, 2, 55, 176, 22, 33, 91, 42, 21),
    (80, 20, 52, 134, 20, 26, 76, 30, 34),
    (81, 6, 56, 130, 0, 22, 6, 56, 34),
    (82, 18, 20, 28, 11, 24, 63, 49, 8),
    (83, 13, 4, 166, 14, 33, 74, 59, 5),
    (84, 6, 40, 2, 19, 19, 37, 31, 13),
    (85, 14, 55, 87, 15, 3, 13, 40, 2),
    (86, 9, 45, 114, 47, 31, 36, 47, 22),
    (87, 20, 53, 113, 46, 9, 114, 34, 41),
    (88, 8, 38, 26, 32, 39, 73, 35, 32),
    (89, 4, 35, 7, 21, 20, 61, 70, 37),
    (90, 0, 40, 109, 46, 26, 134, 1, 38),
    (91, 0, 24, 164, 31, 38, 111, 19, 26),
    (92, 2, 44, 44, 25, 25, 104, 69, 9),
    (93, 17, 22, 181, 11, 2, 34, 42, 17),
    (94, 22, 1, 22, 20, 6, 103, 19, 2),
    (95, 20, 24, 100, 12, 25, 3, 47, 13),
    (96, 27, 17, 96, 46, 22, 88, 8, 24),
    (97, 11, 30, 154, 0, 10, 103, 17, 7),
    (98, 3, 63, 62, 31, 10, 4, 50, 25),
    (99, 9, 20, 150, 9, 8, 44, 11, 23),
    (100, 17, 34, 154, 43, 21, 36, 50, 7),
    (101, 11, 11, 56, 42, 12, 120, 5, 32),
    (102, 8, 5, 51, 41, 8, 17, 12, 20),
    (103, 8, 28, 45, 1, 13, 58, 28, 6),
    (104, 16, 28, 4, 7, 40, 69, 9, 29),
    (105, 24, 54, 92, 14, 8, 105, 4, 18),
    (106, 15, 22, 56, 44, 2, 95, 42, 12),
    (107, 9, 41, 37, 35, 0, 120, 14, 4),
    (108, 18, 53, 139, 34, 34, 35, 41, 11),
    (109, 9, 44, 56, 4, 31, 98, 7, 4),
    (110, 21, 14, 8, 43, 3, 46, 33, 31),
    (111, 12, 35, 55, 24, 14, 102, 53, 21),
    (112, 7, 39, 36, 39, 7, 130, 69, 46),
    (113, 14, 39, 102, 21, 22, 87, 10, 2),
    (114, 27, 61, 68, 8, 9, 45, 21, 28),
    (115, 27, 5, 46, 29, 23, 73, 47, 47),
    (116, 10, 20, 155, 32, 0, 106, 15, 33),
    (117, 19, 10, 34, 7, 35, 44, 5, 16),
    (118, 8, 45, 107, 40, 9, 52, 32, 23),
    (119, 7, 38, 166, 3, 31, 137, 5, 39),
    (120, 1, 32, 61, 1, 18, 97, 33, 40),
    (121, 3, 50, 91, 8, 3, 55, 47, 18),
    (122, 16, 10, 67, 29, 13, 56, 10, 0),
    (123, 3, 61, 153, 29, 1, 47, 28, 38),
    (124, 1, 44, 65, 31, 30, 0, 42, 47),
    (125, 25, 37, 114, 31, 39, 87, 31, 5),
    (126, 26, 34, 37, 14, 24, 126, 19, 32),
    (127, 6, 38, 104, 28, 0, 23, 49, 9),
    (128, 7, 35, 99, 11, 35, 113, 30, 45),
    (129, 3, 26, 95, 6, 13, 55, 32, 0),
    (130, 9, 12, 145, 9, 35, 85, 65, 14),
    (131, 14, 11, 147, 29, 5, 21, 0, 44),
    (132, 23, 54, 41, 9, 26, 112, 26, 46),
    (133, 25, 21, 28, 16, 21, 24, 53, 34),
    (134, 3, 51, 132, 17, 3, 74, 40, 7),
    (135, 9, 43, 11, 31, 7, 44, 32, 5),
    (136, 24, 60, 63, 12, 6, 47, 13, 20),
    (137, 3, 59, 27, 13, 14, 30, 16, 2),
    (138, 10, 37, 72, 33, 3, 63, 51, 15),
    (139, 11, 16, 79, 47, 25, 120, 42, 3),
    (140, 7, 44, 22, 42, 8, 42, 6, 37),
    (141, 8, 45, 147, 2, 21, 58, 43, 18),
    (142, 18, 14, 133, 44, 11, 65, 57, 42),
    (143, 4, 46, 11, 44, 2, 13, 15, 1),
    (144, 12, 39, 158, 31, 4, 119, 1, 29),
    (145, 12, 23, 180, 11, 33, 72, 16, 33),
    (146, 19, 67, 121, 35, 20, 100, 22, 24),
    (147, 20, 11, 165, 9, 1, 11, 16, 48),
    (148, 23, 34, 156, 4, 1, 113, 69, 30),
    (149, 21, 0, 103, 4, 0, 125, 32, 41),
    (150, 27, 22, 181, 40, 23, 52, 63, 23),
    (151, 27, 28, 149, 12, 17, 23, 1, 33),
    (152, 13, 4, 46, 29, 38, 71, 52, 8),
    (153, 11, 31, 96, 20, 36, 128, 14, 31),
    (154, 26, 54, 25, 16, 2, 25, 45, 14),
    (155, 10, 51, 4, 0, 11, 129, 58, 7),
    (156, 24, 62, 65, 12, 17, 135, 59, 34),
    (157, 15, 38, 112, 2, 24, 90, 17, 10),
    (158, 26, 60, 169, 30, 6, 48, 0, 14),
    (159, 14, 8, 180, 46, 7, 128, 23, 17),
    (160, 20, 44, 113, 19, 35, 120, 47, 36),
    (161, 20, 7, 129, 19, 20, 9, 66, 27);

INSERT INTO T_1_9_1 (pk)
VALUES
    (0),
    (1),
    (2),
    (3),
    (4),
    (5),
    (6),
    (7),
    (8),
    (9),
    (10),
    (11),
    (12),
    (13),
    (14),
    (15),
    (16),
    (17),
    (18),
    (19),
    (20),
    (21),
    (22),
    (23),
    (24),
    (25),
    (26),
    (27);

INSERT INTO T_1_9_2 (pk)
VALUES
    (0),
    (1),
    (2),
    (3),
    (4),
    (5),
    (6),
    (7),
    (8),
    (9),
    (10),
    (11),
    (12),
    (13),
    (14),
    (15),
    (16),
    (17),
    (18),
    (19),
    (20),
    (21),
    (22),
    (23),
    (24),
    (25),
    (26),
    (27),
    (28),
    (29),
    (30),
    (31),
    (32),
    (33),
    (34),
    (35),
    (36),
    (37),
    (38),
    (39),
    (40),
    (41),
    (42),
    (43),
    (44),
    (45),
    (46),
    (47),
    (48),
    (49),
    (50),
    (51),
    (52),
    (53),
    (54),
    (55),
    (56),
    (57),
    (58),
    (59),
    (60),
    (61),
    (62),
    (63),
    (64),
    (65),
    (66),
    (67),
    (68);

INSERT INTO T_1_9_3 (pk)
VALUES
    (0),
    (1),
    (2),
    (3),
    (4),
    (5),
    (6),
    (7),
    (8),
    (9),
    (10),
    (11),
    (12),
    (13),
    (14),
    (15),
    (16),
    (17),
    (18),
    (19),
    (20),
    (21),
    (22),
    (23),
    (24),
    (25),
    (26),
    (27),
    (28),
    (29),
    (30),
    (31),
    (32),
    (33),
    (34),
    (35),
    (36),
    (37),
    (38),
    (39),
    (40),
    (41),
    (42),
    (43),
    (44),
    (45),
    (46),
    (47),
    (48),
    (49),
    (50),
    (51),
    (52),
    (53),
    (54),
    (55),
    (56),
    (57),
    (58),
    (59),
    (60),
    (61),
    (62),
    (63),
    (64),
    (65),
    (66),
    (67),
    (68),
    (69),
    (70),
    (71),
    (72),
    (73),
    (74),
    (75),
    (76),
    (77),
    (78),
    (79),
    (80),
    (81),
    (82),
    (83),
    (84),
    (85),
    (86),
    (87),
    (88),
    (89),
    (90),
    (91),
    (92),
    (93),
    (94),
    (95),
    (96),
    (97),
    (98),
    (99),
    (100),
    (101),
    (102),
    (103),
    (104),
    (105),
    (106),
    (107),
    (108),
    (109),
    (110),
    (111),
    (112),
    (113),
    (114),
    (115),
    (116),
    (117),
    (118),
    (119),
    (120),
    (121),
    (122),
    (123),
    (124),
    (125),
    (126),
    (127),
    (128),
    (129),
    (130),
    (131),
    (132),
    (133),
    (134),
    (135),
    (136),
    (137),
    (138),
    (139),
    (140),
    (141),
    (142),
    (143),
    (144),
    (145),
    (146),
    (147),
    (148),
    (149),
    (150),
    (151),
    (152),
    (153),
    (154),
    (155),
    (156),
    (157),
    (158),
    (159),
    (160),
    (161),
    (162),
    (163),
    (164),
    (165),
    (166),
    (167),
    (168),
    (169),
    (170),
    (171),
    (172),
    (173),
    (174),
    (175),
    (176),
    (177),
    (178),
    (179),
    (180),
    (181),
    (182);

INSERT INTO T_1_9_4 (pk)
VALUES
    (0),
    (1),
    (2),
    (3),
    (4),
    (5),
    (6),
    (7),
    (8),
    (9),
    (10),
    (11),
    (12),
    (13),
    (14),
    (15),
    (16),
    (17),
    (18),
    (19),
    (20),
    (21),
    (22),
    (23),
    (24),
    (25),
    (26),
    (27),
    (28),
    (29),
    (30),
    (31),
    (32),
    (33),
    (34),
    (35),
    (36),
    (37),
    (38),
    (39),
    (40),
    (41),
    (42),
    (43),
    (44),
    (45),
    (46),
    (47);

INSERT INTO T_1_9_5 (pk,
    t_1_9_5_1, t_1_9_5_2, t_1_9_5_3, t_1_9_5_4)
VALUES
    (0, 136, 58, 95, 63),
    (1, 104, 11, 106, 31),
    (2, 114, 89, 22, 12),
    (3, 58, 42, 54, 43),
    (4, 131, 82, 0, 34),
    (5, 115, 87, 107, 50),
    (6, 15, 13, 40, 44),
    (7, 88, 31, 119, 33),
    (8, 25, 68, 13, 68),
    (9, 10, 3, 71, 52),
    (10, 28, 125, 77, 11),
    (11, 134, 116, 91, 28),
    (12, 107, 76, 8, 46),
    (13, 132, 79, 130, 4),
    (14, 25, 82, 48, 11),
    (15, 126, 130, 66, 35),
    (16, 120, 93, 118, 58),
    (17, 63, 109, 64, 3),
    (18, 140, 85, 60, 25),
    (19, 22, 124, 86, 49),
    (20, 97, 53, 129, 34),
    (21, 66, 130, 113, 5),
    (22, 45, 133, 24, 29),
    (23, 94, 94, 33, 42),
    (24, 110, 75, 116, 42),
    (25, 124, 4, 85, 39),
    (26, 81, 47, 40, 7),
    (27, 48, 10, 86, 57),
    (28, 47, 28, 89, 64),
    (29, 20, 0, 119, 45),
    (30, 36, 33, 112, 55),
    (31, 12, 29, 46, 55),
    (32, 70, 48, 142, 47),
    (33, 98, 40, 126, 17),
    (34, 11, 114, 139, 0),
    (35, 5, 99, 63, 56),
    (36, 93, 87, 65, 60),
    (37, 57, 19, 17, 39),
    (38, 103, 22, 127, 31),
    (39, 75, 45, 120, 49),
    (40, 70, 32, 1, 21);

INSERT INTO T_1_9_5_1 (pk)
VALUES
    (0),
    (1),
    (2),
    (3),
    (4),
    (5),
    (6),
    (7),
    (8),
    (9),
    (10),
    (11),
    (12),
    (13),
    (14),
    (15),
    (16),
    (17),
    (18),
    (19),
    (20),
    (21),
    (22),
    (23),
    (24),
    (25),
    (26),
    (27),
    (28),
    (29),
    (30),
    (31),
    (32),
    (33),
    (34),
    (35),
    (36),
    (37),
    (38),
    (39),
    (40),
    (41),
    (42),
    (43),
    (44),
    (45),
    (46),
    (47),
    (48),
    (49),
    (50),
    (51),
    (52),
    (53),
    (54),
    (55),
    (56),
    (57),
    (58),
    (59),
    (60),
    (61),
    (62),
    (63),
    (64),
    (65),
    (66),
    (67),
    (68),
    (69),
    (70),
    (71),
    (72),
    (73),
    (74),
    (75),
    (76),
    (77),
    (78),
    (79),
    (80),
    (81),
    (82),
    (83),
    (84),
    (85),
    (86),
    (87),
    (88),
    (89),
    (90),
    (91),
    (92),
    (93),
    (94),
    (95),
    (96),
    (97),
    (98),
    (99),
    (100),
    (101),
    (102),
    (103),
    (104),
    (105),
    (106),
    (107),
    (108),
    (109),
    (110),
    (111),
    (112),
    (113),
    (114),
    (115),
    (116),
    (117),
    (118),
    (119),
    (120),
    (121),
    (122),
    (123),
    (124),
    (125),
    (126),
    (127),
    (128),
    (129),
    (130),
    (131),
    (132),
    (133),
    (134),
    (135),
    (136),
    (137),
    (138),
    (139),
    (140),
    (141);

INSERT INTO T_1_9_5_2 (pk)
VALUES
    (0),
    (1),
    (2),
    (3),
    (4),
    (5),
    (6),
    (7),
    (8),
    (9),
    (10),
    (11),
    (12),
    (13),
    (14),
    (15),
    (16),
    (17),
    (18),
    (19),
    (20),
    (21),
    (22),
    (23),
    (24),
    (25),
    (26),
    (27),
    (28),
    (29),
    (30),
    (31),
    (32),
    (33),
    (34),
    (35),
    (36),
    (37),
    (38),
    (39),
    (40),
    (41),
    (42),
    (43),
    (44),
    (45),
    (46),
    (47),
    (48),
    (49),
    (50),
    (51),
    (52),
    (53),
    (54),
    (55),
    (56),
    (57),
    (58),
    (59),
    (60),
    (61),
    (62),
    (63),
    (64),
    (65),
    (66),
    (67),
    (68),
    (69),
    (70),
    (71),
    (72),
    (73),
    (74),
    (75),
    (76),
    (77),
    (78),
    (79),
    (80),
    (81),
    (82),
    (83),
    (84),
    (85),
    (86),
    (87),
    (88),
    (89),
    (90),
    (91),
    (92),
    (93),
    (94),
    (95),
    (96),
    (97),
    (98),
    (99),
    (100),
    (101),
    (102),
    (103),
    (104),
    (105),
    (106),
    (107),
    (108),
    (109),
    (110),
    (111),
    (112),
    (113),
    (114),
    (115),
    (116),
    (117),
    (118),
    (119),
    (120),
    (121),
    (122),
    (123),
    (124),
    (125),
    (126),
    (127),
    (128),
    (129),
    (130),
    (131),
    (132),
    (133),
    (134);

INSERT INTO T_1_9_5_3 (pk)
VALUES
    (0),
    (1),
    (2),
    (3),
    (4),
    (5),
    (6),
    (7),
    (8),
    (9),
    (10),
    (11),
    (12),
    (13),
    (14),
    (15),
    (16),
    (17),
    (18),
    (19),
    (20),
    (21),
    (22),
    (23),
    (24),
    (25),
    (26),
    (27),
    (28),
    (29),
    (30),
    (31),
    (32),
    (33),
    (34),
    (35),
    (36),
    (37),
    (38),
    (39),
    (40),
    (41),
    (42),
    (43),
    (44),
    (45),
    (46),
    (47),
    (48),
    (49),
    (50),
    (51),
    (52),
    (53),
    (54),
    (55),
    (56),
    (57),
    (58),
    (59),
    (60),
    (61),
    (62),
    (63),
    (64),
    (65),
    (66),
    (67),
    (68),
    (69),
    (70),
    (71),
    (72),
    (73),
    (74),
    (75),
    (76),
    (77),
    (78),
    (79),
    (80),
    (81),
    (82),
    (83),
    (84),
    (85),
    (86),
    (87),
    (88),
    (89),
    (90),
    (91),
    (92),
    (93),
    (94),
    (95),
    (96),
    (97),
    (98),
    (99),
    (100),
    (101),
    (102),
    (103),
    (104),
    (105),
    (106),
    (107),
    (108),
    (109),
    (110),
    (111),
    (112),
    (113),
    (114),
    (115),
    (116),
    (117),
    (118),
    (119),
    (120),
    (121),
    (122),
    (123),
    (124),
    (125),
    (126),
    (127),
    (128),
    (129),
    (130),
    (131),
    (132),
    (133),
    (134),
    (135),
    (136),
    (137),
    (138),
    (139),
    (140),
    (141),
    (142);

INSERT INTO T_1_9_5_4 (pk)
VALUES
    (0),
    (1),
    (2),
    (3),
    (4),
    (5),
    (6),
    (7),
    (8),
    (9),
    (10),
    (11),
    (12),
    (13),
    (14),
    (15),
    (16),
    (17),
    (18),
    (19),
    (20),
    (21),
    (22),
    (23),
    (24),
    (25),
    (26),
    (27),
    (28),
    (29),
    (30),
    (31),
    (32),
    (33),
    (34),
    (35),
    (36),
    (37),
    (38),
    (39),
    (40),
    (41),
    (42),
    (43),
    (44),
    (45),
    (46),
    (47),
    (48),
    (49),
    (50),
    (51),
    (52),
    (53),
    (54),
    (55),
    (56),
    (57),
    (58),
    (59),
    (60),
    (61),
    (62),
    (63),
    (64),
    (65),
    (66),
    (67),
    (68);

INSERT INTO T_1_9_6 (pk,
    t_1_9_6_1, t_1_9_6_2, t_1_9_6_3, t_1_9_6_4)
VALUES
    (0, 33, 34, 31, 14),
    (1, 28, 29, 65, 45),
    (2, 53, 53, 30, 8),
    (3, 49, 63, 84, 26),
    (4, 66, 5, 20, 53),
    (5, 0, 110, 61, 31),
    (6, 28, 36, 90, 3),
    (7, 40, 115, 64, 45),
    (8, 66, 63, 97, 56),
    (9, 30, 63, 34, 11),
    (10, 7, 120, 42, 15),
    (11, 80, 65, 30, 41),
    (12, 34, 90, 48, 7),
    (13, 51, 34, 88, 32),
    (14, 54, 14, 14, 43),
    (15, 46, 69, 65, 38),
    (16, 22, 14, 44, 41),
    (17, 52, 5, 19, 49),
    (18, 13, 81, 84, 52),
    (19, 15, 3, 89, 26),
    (20, 30, 29, 12, 55),
    (21, 71, 122, 85, 1),
    (22, 77, 57, 46, 19),
    (23, 63, 26, 97, 26),
    (24, 83, 114, 64, 16),
    (25, 42, 112, 12, 40),
    (26, 49, 47, 0, 12),
    (27, 62, 105, 38, 22),
    (28, 74, 87, 6, 53),
    (29, 38, 124, 55, 37),
    (30, 22, 64, 40, 1),
    (31, 61, 96, 6, 47),
    (32, 39, 96, 43, 27),
    (33, 5, 73, 5, 28),
    (34, 43, 25, 6, 5),
    (35, 16, 13, 15, 10),
    (36, 8, 59, 12, 25),
    (37, 24, 105, 69, 23),
    (38, 14, 66, 62, 36),
    (39, 51, 3, 12, 26),
    (40, 7, 54, 42, 38),
    (41, 32, 117, 87, 27),
    (42, 70, 112, 72, 29),
    (43, 87, 84, 64, 22),
    (44, 48, 71, 71, 44),
    (45, 19, 0, 90, 24),
    (46, 52, 32, 40, 12),
    (47, 80, 127, 6, 1),
    (48, 56, 81, 65, 17),
    (49, 35, 87, 0, 39),
    (50, 33, 39, 22, 42),
    (51, 12, 8, 58, 28),
    (52, 38, 111, 9, 53),
    (53, 43, 44, 4, 20),
    (54, 27, 7, 86, 22),
    (55, 77, 38, 90, 45),
    (56, 47, 113, 44, 51),
    (57, 52, 27, 57, 37),
    (58, 28, 83, 70, 47),
    (59, 80, 10, 61, 45),
    (60, 84, 97, 62, 33),
    (61, 86, 99, 37, 15),
    (62, 46, 40, 28, 29),
    (63, 50, 126, 3, 30),
    (64, 18, 13, 61, 54),
    (65, 39, 127, 66, 20),
    (66, 27, 127, 71, 37),
    (67, 45, 35, 10, 55),
    (68, 71, 91, 69, 33),
    (69, 54, 110, 48, 0),
    (70, 62, 42, 2, 16),
    (71, 33, 83, 58, 42),
    (72, 82, 64, 71, 23),
    (73, 4, 51, 1, 12),
    (74, 18, 58, 22, 18),
    (75, 44, 55, 79, 9),
    (76, 6, 69, 41, 5),
    (77, 10, 66, 2, 49),
    (78, 20, 100, 90, 34),
    (79, 4, 76, 85, 0),
    (80, 71, 36, 19, 6),
    (81, 79, 114, 94, 10),
    (82, 4, 81, 63, 14),
    (83, 85, 90, 86, 46),
    (84, 49, 66, 63, 11),
    (85, 9, 70, 83, 32),
    (86, 59, 19, 43, 39),
    (87, 71, 49, 7, 37),
    (88, 9, 125, 37, 29),
    (89, 42, 43, 71, 32),
    (90, 78, 30, 78, 15),
    (91, 76, 115, 56, 17),
    (92, 43, 85, 71, 2),
    (93, 17, 52, 93, 0),
    (94, 24, 36, 49, 7),
    (95, 73, 63, 51, 5),
    (96, 16, 26, 19, 51),
    (97, 6, 35, 3, 4),
    (98, 21, 8, 40, 28),
    (99, 27, 32, 40, 9),
    (100, 43, 41, 2, 53),
    (101, 0, 120, 29, 15),
    (102, 12, 44, 7, 22),
    (103, 80, 22, 26, 18),
    (104, 1, 28, 66, 28),
    (105, 79, 8, 70, 50),
    (106, 86, 9, 0, 27),
    (107, 34, 90, 46, 51),
    (108, 55, 21, 38, 34),
    (109, 35, 114, 1, 35),
    (110, 58, 97, 75, 25),
    (111, 78, 34, 12, 34),
    (112, 2, 28, 89, 31),
    (113, 18, 80, 89, 47),
    (114, 83, 46, 77, 54),
    (115, 74, 65, 6, 50),
    (116, 63, 109, 19, 24),
    (117, 54, 111, 11, 10),
    (118, 50, 36, 58, 35),
    (119, 39, 67, 66, 19),
    (120, 5, 0, 2, 47),
    (121, 9, 123, 19, 47),
    (122, 58, 94, 38, 32),
    (123, 28, 59, 17, 13),
    (124, 75, 39, 42, 20),
    (125, 43, 4, 19, 37),
    (126, 78, 46, 74, 51),
    (127, 79, 81, 53, 12),
    (128, 23, 105, 53, 22),
    (129, 10, 102, 25, 53),
    (130, 56, 94, 61, 37),
    (131, 18, 37, 88, 2),
    (132, 44, 110, 75, 21),
    (133, 78, 125, 82, 7),
    (134, 63, 49, 94, 29),
    (135, 83, 111, 67, 27),
    (136, 45, 18, 7, 24),
    (137, 84, 9, 12, 26),
    (138, 16, 49, 66, 28),
    (139, 85, 88, 27, 31);

INSERT INTO T_1_9_6_1 (pk)
VALUES
    (0),
    (1),
    (2),
    (3),
    (4),
    (5),
    (6),
    (7),
    (8),
    (9),
    (10),
    (11),
    (12),
    (13),
    (14),
    (15),
    (16),
    (17),
    (18),
    (19),
    (20),
    (21),
    (22),
    (23),
    (24),
    (25),
    (26),
    (27),
    (28),
    (29),
    (30),
    (31),
    (32),
    (33),
    (34),
    (35),
    (36),
    (37),
    (38),
    (39),
    (40),
    (41),
    (42),
    (43),
    (44),
    (45),
    (46),
    (47),
    (48),
    (49),
    (50),
    (51),
    (52),
    (53),
    (54),
    (55),
    (56),
    (57),
    (58),
    (59),
    (60),
    (61),
    (62),
    (63),
    (64),
    (65),
    (66),
    (67),
    (68),
    (69),
    (70),
    (71),
    (72),
    (73),
    (74),
    (75),
    (76),
    (77),
    (78),
    (79),
    (80),
    (81),
    (82),
    (83),
    (84),
    (85),
    (86),
    (87);

INSERT INTO T_1_9_6_2 (pk)
VALUES
    (0),
    (1),
    (2),
    (3),
    (4),
    (5),
    (6),
    (7),
    (8),
    (9),
    (10),
    (11),
    (12),
    (13),
    (14),
    (15),
    (16),
    (17),
    (18),
    (19),
    (20),
    (21),
    (22),
    (23),
    (24),
    (25),
    (26),
    (27),
    (28),
    (29),
    (30),
    (31),
    (32),
    (33),
    (34),
    (35),
    (36),
    (37),
    (38),
    (39),
    (40),
    (41),
    (42),
    (43),
    (44),
    (45),
    (46),
    (47),
    (48),
    (49),
    (50),
    (51),
    (52),
    (53),
    (54),
    (55),
    (56),
    (57),
    (58),
    (59),
    (60),
    (61),
    (62),
    (63),
    (64),
    (65),
    (66),
    (67),
    (68),
    (69),
    (70),
    (71),
    (72),
    (73),
    (74),
    (75),
    (76),
    (77),
    (78),
    (79),
    (80),
    (81),
    (82),
    (83),
    (84),
    (85),
    (86),
    (87),
    (88),
    (89),
    (90),
    (91),
    (92),
    (93),
    (94),
    (95),
    (96),
    (97),
    (98),
    (99),
    (100),
    (101),
    (102),
    (103),
    (104),
    (105),
    (106),
    (107),
    (108),
    (109),
    (110),
    (111),
    (112),
    (113),
    (114),
    (115),
    (116),
    (117),
    (118),
    (119),
    (120),
    (121),
    (122),
    (123),
    (124),
    (125),
    (126),
    (127),
    (128);

INSERT INTO T_1_9_6_3 (pk)
VALUES
    (0),
    (1),
    (2),
    (3),
    (4),
    (5),
    (6),
    (7),
    (8),
    (9),
    (10),
    (11),
    (12),
    (13),
    (14),
    (15),
    (16),
    (17),
    (18),
    (19),
    (20),
    (21),
    (22),
    (23),
    (24),
    (25),
    (26),
    (27),
    (28),
    (29),
    (30),
    (31),
    (32),
    (33),
    (34),
    (35),
    (36),
    (37),
    (38),
    (39),
    (40),
    (41),
    (42),
    (43),
    (44),
    (45),
    (46),
    (47),
    (48),
    (49),
    (50),
    (51),
    (52),
    (53),
    (54),
    (55),
    (56),
    (57),
    (58),
    (59),
    (60),
    (61),
    (62),
    (63),
    (64),
    (65),
    (66),
    (67),
    (68),
    (69),
    (70),
    (71),
    (72),
    (73),
    (74),
    (75),
    (76),
    (77),
    (78),
    (79),
    (80),
    (81),
    (82),
    (83),
    (84),
    (85),
    (86),
    (87),
    (88),
    (89),
    (90),
    (91),
    (92),
    (93),
    (94),
    (95),
    (96),
    (97);

INSERT INTO T_1_9_6_4 (pk)
VALUES
    (0),
    (1),
    (2),
    (3),
    (4),
    (5),
    (6),
    (7),
    (8),
    (9),
    (10),
    (11),
    (12),
    (13),
    (14),
    (15),
    (16),
    (17),
    (18),
    (19),
    (20),
    (21),
    (22),
    (23),
    (24),
    (25),
    (26),
    (27),
    (28),
    (29),
    (30),
    (31),
    (32),
    (33),
    (34),
    (35),
    (36),
    (37),
    (38),
    (39),
    (40),
    (41),
    (42),
    (43),
    (44),
    (45),
    (46),
    (47),
    (48),
    (49),
    (50),
    (51),
    (52),
    (53),
    (54),
    (55),
    (56),
    (57);

INSERT INTO T_1_9_7 (pk,
    t_1_9_7_1, t_1_9_7_2, t_1_9_7_3, t_1_9_7_4)
VALUES
    (0, 67, 59, 73, 45),
    (1, 19, 61, 16, 87),
    (2, 45, 67, 56, 28),
    (3, 30, 16, 53, 104),
    (4, 70, 22, 45, 104),
    (5, 37, 57, 12, 86),
    (6, 78, 0, 40, 99),
    (7, 1, 31, 64, 34),
    (8, 8, 30, 52, 82),
    (9, 37, 27, 35, 84),
    (10, 54, 55, 30, 101),
    (11, 2, 19, 4, 33),
    (12, 18, 60, 83, 99),
    (13, 21, 7, 10, 45),
    (14, 50, 54, 46, 4),
    (15, 9, 36, 4, 59),
    (16, 69, 69, 1, 32),
    (17, 57, 21, 28, 32),
    (18, 58, 24, 66, 2),
    (19, 77, 65, 28, 72),
    (20, 5, 34, 11, 52),
    (21, 24, 13, 78, 86),
    (22, 9, 64, 40, 110),
    (23, 13, 28, 51, 50),
    (24, 6, 58, 3, 110),
    (25, 43, 62, 32, 107),
    (26, 61, 48, 58, 65),
    (27, 18, 69, 59, 92),
    (28, 2, 64, 64, 1),
    (29, 13, 3, 76, 24),
    (30, 39, 44, 27, 75),
    (31, 35, 6, 59, 11),
    (32, 34, 34, 54, 17),
    (33, 37, 3, 13, 43),
    (34, 13, 73, 31, 9),
    (35, 70, 6, 55, 22),
    (36, 83, 37, 34, 23),
    (37, 58, 45, 79, 103),
    (38, 65, 7, 11, 34),
    (39, 47, 58, 39, 55),
    (40, 13, 10, 79, 33),
    (41, 49, 68, 55, 68),
    (42, 37, 0, 8, 61),
    (43, 40, 33, 12, 83),
    (44, 42, 52, 39, 101),
    (45, 23, 34, 12, 111),
    (46, 52, 25, 32, 48),
    (47, 40, 46, 30, 29),
    (48, 26, 27, 29, 17),
    (49, 51, 71, 8, 40),
    (50, 8, 48, 72, 75),
    (51, 3, 29, 10, 71),
    (52, 12, 27, 74, 45),
    (53, 39, 66, 44, 81),
    (54, 55, 10, 55, 95),
    (55, 48, 63, 47, 61),
    (56, 33, 66, 62, 87),
    (57, 19, 22, 62, 50),
    (58, 25, 47, 32, 88),
    (59, 0, 27, 9, 89),
    (60, 44, 22, 11, 80),
    (61, 14, 27, 31, 102),
    (62, 73, 30, 24, 0),
    (63, 13, 20, 48, 22),
    (64, 71, 59, 1, 38),
    (65, 65, 15, 63, 101),
    (66, 10, 27, 73, 0),
    (67, 47, 8, 70, 27),
    (68, 61, 32, 51, 56),
    (69, 25, 24, 19, 10),
    (70, 29, 66, 41, 74);

INSERT INTO T_1_9_7_1 (pk)
VALUES
    (0),
    (1),
    (2),
    (3),
    (4),
    (5),
    (6),
    (7),
    (8),
    (9),
    (10),
    (11),
    (12),
    (13),
    (14),
    (15),
    (16),
    (17),
    (18),
    (19),
    (20),
    (21),
    (22),
    (23),
    (24),
    (25),
    (26),
    (27),
    (28),
    (29),
    (30),
    (31),
    (32),
    (33),
    (34),
    (35),
    (36),
    (37),
    (38),
    (39),
    (40),
    (41),
    (42),
    (43),
    (44),
    (45),
    (46),
    (47),
    (48),
    (49),
    (50),
    (51),
    (52),
    (53),
    (54),
    (55),
    (56),
    (57),
    (58),
    (59),
    (60),
    (61),
    (62),
    (63),
    (64),
    (65),
    (66),
    (67),
    (68),
    (69),
    (70),
    (71),
    (72),
    (73),
    (74),
    (75),
    (76),
    (77),
    (78),
    (79),
    (80),
    (81),
    (82),
    (83);

INSERT INTO T_1_9_7_2 (pk)
VALUES
    (0),
    (1),
    (2),
    (3),
    (4),
    (5),
    (6),
    (7),
    (8),
    (9),
    (10),
    (11),
    (12),
    (13),
    (14),
    (15),
    (16),
    (17),
    (18),
    (19),
    (20),
    (21),
    (22),
    (23),
    (24),
    (25),
    (26),
    (27),
    (28),
    (29),
    (30),
    (31),
    (32),
    (33),
    (34),
    (35),
    (36),
    (37),
    (38),
    (39),
    (40),
    (41),
    (42),
    (43),
    (44),
    (45),
    (46),
    (47),
    (48),
    (49),
    (50),
    (51),
    (52),
    (53),
    (54),
    (55),
    (56),
    (57),
    (58),
    (59),
    (60),
    (61),
    (62),
    (63),
    (64),
    (65),
    (66),
    (67),
    (68),
    (69),
    (70),
    (71),
    (72),
    (73);

INSERT INTO T_1_9_7_3 (pk)
VALUES
    (0),
    (1),
    (2),
    (3),
    (4),
    (5),
    (6),
    (7),
    (8),
    (9),
    (10),
    (11),
    (12),
    (13),
    (14),
    (15),
    (16),
    (17),
    (18),
    (19),
    (20),
    (21),
    (22),
    (23),
    (24),
    (25),
    (26),
    (27),
    (28),
    (29),
    (30),
    (31),
    (32),
    (33),
    (34),
    (35),
    (36),
    (37),
    (38),
    (39),
    (40),
    (41),
    (42),
    (43),
    (44),
    (45),
    (46),
    (47),
    (48),
    (49),
    (50),
    (51),
    (52),
    (53),
    (54),
    (55),
    (56),
    (57),
    (58),
    (59),
    (60),
    (61),
    (62),
    (63),
    (64),
    (65),
    (66),
    (67),
    (68),
    (69),
    (70),
    (71),
    (72),
    (73),
    (74),
    (75),
    (76),
    (77),
    (78),
    (79),
    (80),
    (81),
    (82),
    (83);

INSERT INTO T_1_9_7_4 (pk)
VALUES
    (0),
    (1),
    (2),
    (3),
    (4),
    (5),
    (6),
    (7),
    (8),
    (9),
    (10),
    (11),
    (12),
    (13),
    (14),
    (15),
    (16),
    (17),
    (18),
    (19),
    (20),
    (21),
    (22),
    (23),
    (24),
    (25),
    (26),
    (27),
    (28),
    (29),
    (30),
    (31),
    (32),
    (33),
    (34),
    (35),
    (36),
    (37),
    (38),
    (39),
    (40),
    (41),
    (42),
    (43),
    (44),
    (45),
    (46),
    (47),
    (48),
    (49),
    (50),
    (51),
    (52),
    (53),
    (54),
    (55),
    (56),
    (57),
    (58),
    (59),
    (60),
    (61),
    (62),
    (63),
    (64),
    (65),
    (66),
    (67),
    (68),
    (69),
    (70),
    (71),
    (72),
    (73),
    (74),
    (75),
    (76),
    (77),
    (78),
    (79),
    (80),
    (81),
    (82),
    (83),
    (84),
    (85),
    (86),
    (87),
    (88),
    (89),
    (90),
    (91),
    (92),
    (93),
    (94),
    (95),
    (96),
    (97),
    (98),
    (99),
    (100),
    (101),
    (102),
    (103),
    (104),
    (105),
    (106),
    (107),
    (108),
    (109),
    (110),
    (111),
    (112),
    (113),
    (114),
    (115),
    (116);

INSERT INTO T_1_9_8 (pk,
    t_1_9_8_1, t_1_9_8_2, t_1_9_8_3, t_1_9_8_4)
VALUES
    (0, 2, 14, 19, 38),
    (1, 36, 23, 20, 21),
    (2, 54, 28, 13, 6),
    (3, 10, 39, 8, 85),
    (4, 29, 11, 15, 32),
    (5, 47, 26, 22, 83),
    (6, 6, 6, 10, 81),
    (7, 6, 9, 21, 86),
    (8, 47, 34, 2, 65),
    (9, 9, 36, 7, 6),
    (10, 36, 8, 7, 57),
    (11, 43, 24, 21, 55),
    (12, 40, 30, 16, 59),
    (13, 45, 36, 0, 52),
    (14, 29, 37, 22, 14),
    (15, 15, 23, 19, 33),
    (16, 30, 28, 21, 21),
    (17, 65, 45, 9, 74),
    (18, 24, 46, 15, 86),
    (19, 30, 47, 0, 39),
    (20, 45, 48, 2, 42),
    (21, 0, 42, 4, 52),
    (22, 13, 4, 15, 63),
    (23, 5, 50, 6, 66),
    (24, 9, 26, 20, 57),
    (25, 53, 27, 13, 18),
    (26, 58, 44, 22, 76),
    (27, 30, 41, 6, 41),
    (28, 2, 17, 0, 85),
    (29, 61, 23, 16, 83),
    (30, 30, 22, 21, 73),
    (31, 24, 21, 1, 24),
    (32, 61, 45, 11, 13),
    (33, 40, 8, 10, 56),
    (34, 24, 42, 9, 44),
    (35, 18, 31, 5, 68),
    (36, 31, 5, 12, 17),
    (37, 47, 28, 2, 83),
    (38, 10, 40, 11, 46),
    (39, 1, 44, 8, 37),
    (40, 25, 22, 10, 14),
    (41, 32, 26, 17, 57),
    (42, 41, 50, 18, 68),
    (43, 19, 47, 1, 59),
    (44, 0, 27, 13, 49),
    (45, 7, 28, 0, 34),
    (46, 4, 28, 7, 68),
    (47, 58, 11, 13, 13),
    (48, 49, 40, 5, 39);

INSERT INTO T_1_9_8_1 (pk)
VALUES
    (0),
    (1),
    (2),
    (3),
    (4),
    (5),
    (6),
    (7),
    (8),
    (9),
    (10),
    (11),
    (12),
    (13),
    (14),
    (15),
    (16),
    (17),
    (18),
    (19),
    (20),
    (21),
    (22),
    (23),
    (24),
    (25),
    (26),
    (27),
    (28),
    (29),
    (30),
    (31),
    (32),
    (33),
    (34),
    (35),
    (36),
    (37),
    (38),
    (39),
    (40),
    (41),
    (42),
    (43),
    (44),
    (45),
    (46),
    (47),
    (48),
    (49),
    (50),
    (51),
    (52),
    (53),
    (54),
    (55),
    (56),
    (57),
    (58),
    (59),
    (60),
    (61),
    (62),
    (63),
    (64),
    (65);

INSERT INTO T_1_9_8_2 (pk)
VALUES
    (0),
    (1),
    (2),
    (3),
    (4),
    (5),
    (6),
    (7),
    (8),
    (9),
    (10),
    (11),
    (12),
    (13),
    (14),
    (15),
    (16),
    (17),
    (18),
    (19),
    (20),
    (21),
    (22),
    (23),
    (24),
    (25),
    (26),
    (27),
    (28),
    (29),
    (30),
    (31),
    (32),
    (33),
    (34),
    (35),
    (36),
    (37),
    (38),
    (39),
    (40),
    (41),
    (42),
    (43),
    (44),
    (45),
    (46),
    (47),
    (48),
    (49),
    (50);

INSERT INTO T_1_9_8_3 (pk)
VALUES
    (0),
    (1),
    (2),
    (3),
    (4),
    (5),
    (6),
    (7),
    (8),
    (9),
    (10),
    (11),
    (12),
    (13),
    (14),
    (15),
    (16),
    (17),
    (18),
    (19),
    (20),
    (21),
    (22);

INSERT INTO T_1_9_8_4 (pk)
VALUES
    (0),
    (1),
    (2),
    (3),
    (4),
    (5),
    (6),
    (7),
    (8),
    (9),
    (10),
    (11),
    (12),
    (13),
    (14),
    (15),
    (16),
    (17),
    (18),
    (19),
    (20),
    (21),
    (22),
    (23),
    (24),
    (25),
    (26),
    (27),
    (28),
    (29),
    (30),
    (31),
    (32),
    (33),
    (34),
    (35),
    (36),
    (37),
    (38),
    (39),
    (40),
    (41),
    (42),
    (43),
    (44),
    (45),
    (46),
    (47),
    (48),
    (49),
    (50),
    (51),
    (52),
    (53),
    (54),
    (55),
    (56),
    (57),
    (58),
    (59),
    (60),
    (61),
    (62),
    (63),
    (64),
    (65),
    (66),
    (67),
    (68),
    (69),
    (70),
    (71),
    (72),
    (73),
    (74),
    (75),
    (76),
    (77),
    (78),
    (79),
    (80),
    (81),
    (82),
    (83),
    (84),
    (85),
    (86),
    (87);

INSERT INTO T_1_10 (pk,
    t_1_10_1, t_1_10_2, t_1_10_3, t_1_10_4, t_1_10_5, t_1_10_6, t_1_10_7, t_1_10_8)
VALUES
    (0, 41, 19, 3, 79, 133, 7, 105, 1),
    (1, 40, 73, 34, 174, 15, 12, 83, 34),
    (2, 141, 5, 25, 51, 75, 8, 65, 18),
    (3, 119, 67, 50, 124, 55, 11, 104, 59),
    (4, 36, 37, 65, 105, 167, 0, 4, 9),
    (5, 85, 57, 59, 73, 10, 18, 81, 12),
    (6, 88, 62, 31, 42, 192, 2, 71, 46),
    (7, 127, 56, 16, 25, 99, 18, 65, 1),
    (8, 42, 42, 15, 117, 157, 6, 100, 18),
    (9, 48, 16, 31, 18, 71, 17, 40, 25),
    (10, 36, 49, 11, 158, 186, 18, 36, 35),
    (11, 24, 10, 37, 49, 140, 13, 6, 43),
    (12, 77, 29, 52, 37, 14, 3, 59, 55),
    (13, 158, 48, 28, 24, 192, 8, 74, 15),
    (14, 115, 62, 44, 23, 24, 9, 97, 14),
    (15, 140, 50, 23, 118, 170, 7, 57, 38),
    (16, 28, 56, 14, 50, 166, 0, 32, 20),
    (17, 116, 57, 67, 145, 44, 14, 86, 46),
    (18, 140, 68, 17, 141, 159, 6, 49, 46),
    (19, 98, 73, 27, 162, 125, 6, 111, 10),
    (20, 52, 78, 5, 134, 81, 13, 96, 0),
    (21, 72, 17, 28, 10, 5, 3, 6, 52),
    (22, 156, 16, 24, 183, 26, 1, 35, 4),
    (23, 141, 1, 32, 55, 85, 7, 95, 44),
    (24, 136, 31, 0, 6, 132, 19, 56, 43),
    (25, 38, 11, 6, 4, 83, 5, 43, 54),
    (26, 5, 73, 19, 1, 121, 10, 65, 54),
    (27, 113, 27, 56, 77, 123, 17, 21, 61),
    (28, 21, 78, 26, 55, 26, 8, 89, 54),
    (29, 69, 34, 32, 67, 88, 9, 38, 44),
    (30, 41, 84, 61, 147, 65, 10, 70, 25),
    (31, 133, 9, 58, 85, 167, 8, 22, 59),
    (32, 90, 71, 30, 138, 40, 13, 91, 17),
    (33, 148, 43, 2, 25, 95, 8, 96, 51),
    (34, 158, 33, 32, 28, 99, 7, 14, 51),
    (35, 20, 30, 46, 97, 152, 17, 80, 11),
    (36, 70, 4, 70, 131, 15, 3, 23, 50),
    (37, 151, 1, 51, 170, 174, 1, 59, 14),
    (38, 86, 67, 31, 137, 8, 6, 65, 30),
    (39, 11, 54, 55, 149, 190, 3, 44, 28),
    (40, 35, 65, 70, 28, 113, 0, 6, 24),
    (41, 26, 73, 70, 92, 145, 11, 18, 24),
    (42, 53, 29, 6, 81, 99, 2, 5, 2),
    (43, 86, 53, 18, 92, 39, 18, 55, 38),
    (44, 22, 26, 69, 172, 134, 0, 70, 34),
    (45, 83, 73, 7, 100, 138, 7, 82, 62),
    (46, 68, 20, 66, 178, 66, 13, 104, 36),
    (47, 6, 81, 27, 134, 75, 8, 58, 61),
    (48, 120, 13, 25, 101, 57, 3, 54, 33),
    (49, 59, 62, 68, 134, 88, 10, 37, 47),
    (50, 104, 67, 62, 30, 78, 4, 30, 45),
    (51, 5, 51, 17, 89, 131, 16, 21, 25),
    (52, 95, 59, 18, 8, 126, 19, 62, 30),
    (53, 153, 63, 29, 170, 141, 15, 60, 13),
    (54, 152, 1, 62, 43, 145, 9, 106, 28),
    (55, 11, 75, 14, 171, 20, 4, 45, 24),
    (56, 152, 50, 17, 164, 140, 4, 111, 52),
    (57, 56, 74, 37, 152, 146, 2, 11, 41),
    (58, 80, 41, 51, 86, 34, 8, 35, 1),
    (59, 147, 53, 22, 15, 178, 3, 52, 34),
    (60, 84, 35, 12, 52, 95, 1, 80, 45),
    (61, 65, 57, 7, 57, 139, 19, 100, 28),
    (62, 40, 77, 35, 171, 6, 12, 67, 63),
    (63, 28, 10, 9, 62, 172, 9, 27, 5),
    (64, 96, 26, 27, 54, 5, 12, 63, 39),
    (65, 93, 46, 21, 35, 32, 10, 26, 51),
    (66, 131, 45, 48, 27, 98, 19, 4, 25),
    (67, 105, 11, 57, 151, 65, 3, 57, 56),
    (68, 51, 21, 38, 172, 126, 6, 38, 46),
    (69, 22, 52, 49, 140, 169, 13, 71, 2),
    (70, 34, 43, 48, 144, 162, 3, 65, 51),
    (71, 115, 82, 15, 18, 152, 5, 38, 52),
    (72, 85, 54, 46, 73, 118, 15, 36, 28),
    (73, 29, 41, 25, 154, 99, 15, 54, 23),
    (74, 49, 66, 4, 89, 77, 15, 89, 50),
    (75, 62, 60, 12, 120, 7, 16, 61, 21),
    (76, 87, 58, 56, 7, 136, 3, 56, 33),
    (77, 69, 58, 39, 132, 137, 1, 59, 26),
    (78, 91, 8, 34, 90, 25, 3, 111, 63),
    (79, 47, 72, 12, 121, 156, 14, 73, 46),
    (80, 141, 40, 55, 43, 37, 19, 45, 19),
    (81, 8, 39, 28, 54, 44, 12, 65, 62),
    (82, 110, 82, 54, 172, 181, 5, 106, 27),
    (83, 140, 62, 33, 115, 89, 13, 42, 42),
    (84, 60, 83, 6, 71, 190, 2, 109, 22),
    (85, 134, 49, 21, 71, 70, 8, 104, 5),
    (86, 39, 78, 58, 94, 192, 11, 79, 1),
    (87, 140, 66, 4, 45, 59, 18, 65, 32),
    (88, 150, 76, 54, 124, 186, 12, 29, 10),
    (89, 70, 55, 3, 82, 63, 3, 20, 25),
    (90, 22, 11, 50, 92, 48, 14, 5, 59),
    (91, 141, 54, 1, 153, 19, 5, 37, 21),
    (92, 52, 53, 30, 57, 132, 18, 27, 40),
    (93, 37, 84, 7, 147, 108, 6, 77, 6),
    (94, 80, 58, 28, 120, 148, 10, 41, 59),
    (95, 14, 63, 21, 160, 3, 5, 43, 35),
    (96, 105, 67, 2, 117, 188, 10, 40, 35),
    (97, 111, 44, 20, 155, 168, 8, 64, 61),
    (98, 15, 37, 42, 101, 175, 9, 74, 32),
    (99, 46, 26, 42, 105, 98, 17, 92, 44),
    (100, 113, 61, 69, 100, 63, 16, 14, 29),
    (101, 67, 21, 4, 111, 81, 18, 95, 25),
    (102, 22, 37, 50, 67, 27, 10, 82, 19),
    (103, 62, 77, 47, 34, 18, 9, 50, 11),
    (104, 10, 3, 47, 69, 131, 10, 69, 49),
    (105, 151, 38, 13, 130, 174, 0, 28, 56),
    (106, 134, 5, 3, 28, 164, 0, 34, 11),
    (107, 43, 52, 3, 180, 127, 6, 14, 57),
    (108, 157, 20, 9, 91, 93, 16, 65, 60),
    (109, 17, 5, 55, 48, 104, 9, 41, 44),
    (110, 112, 28, 59, 108, 170, 19, 72, 51),
    (111, 63, 39, 5, 96, 4, 3, 72, 17),
    (112, 148, 2, 34, 126, 166, 7, 68, 20),
    (113, 21, 52, 24, 178, 173, 3, 107, 29),
    (114, 122, 47, 15, 173, 59, 13, 90, 59),
    (115, 27, 49, 52, 113, 150, 13, 55, 29),
    (116, 133, 24, 3, 48, 77, 15, 83, 31),
    (117, 106, 13, 69, 152, 12, 0, 27, 14),
    (118, 18, 8, 52, 129, 184, 16, 78, 44),
    (119, 10, 53, 45, 179, 123, 11, 3, 12),
    (120, 37, 57, 64, 55, 97, 15, 68, 53),
    (121, 6, 79, 63, 77, 36, 7, 41, 16),
    (122, 85, 46, 58, 156, 14, 16, 12, 6),
    (123, 73, 56, 11, 138, 129, 11, 43, 27),
    (124, 128, 50, 36, 131, 42, 9, 26, 32),
    (125, 75, 41, 59, 61, 82, 1, 100, 4),
    (126, 115, 47, 57, 11, 155, 6, 107, 22),
    (127, 60, 57, 47, 62, 138, 9, 30, 34),
    (128, 147, 29, 0, 168, 113, 13, 47, 32),
    (129, 1, 7, 24, 122, 135, 16, 55, 34),
    (130, 2, 46, 11, 43, 72, 8, 47, 59),
    (131, 84, 18, 31, 79, 22, 4, 60, 36),
    (132, 114, 19, 1, 184, 175, 13, 109, 44),
    (133, 125, 16, 17, 138, 2, 16, 3, 8),
    (134, 81, 12, 3, 167, 44, 7, 20, 31),
    (135, 88, 76, 25, 26, 84, 2, 106, 4),
    (136, 67, 84, 32, 91, 4, 15, 26, 34),
    (137, 13, 77, 28, 147, 162, 18, 103, 5),
    (138, 89, 82, 43, 144, 56, 17, 83, 14),
    (139, 47, 43, 42, 22, 141, 1, 107, 38),
    (140, 101, 11, 2, 0, 173, 12, 51, 56),
    (141, 96, 23, 4, 106, 131, 1, 108, 11),
    (142, 72, 37, 62, 31, 142, 12, 24, 59),
    (143, 46, 20, 63, 158, 167, 12, 76, 25),
    (144, 109, 2, 70, 10, 37, 5, 34, 21),
    (145, 91, 12, 7, 136, 55, 11, 79, 50),
    (146, 42, 15, 53, 54, 19, 18, 108, 63),
    (147, 150, 78, 52, 119, 16, 5, 83, 25),
    (148, 67, 56, 1, 131, 135, 7, 0, 22);

INSERT INTO T_1_10_1 (pk)
VALUES
    (0),
    (1),
    (2),
    (3),
    (4),
    (5),
    (6),
    (7),
    (8),
    (9),
    (10),
    (11),
    (12),
    (13),
    (14),
    (15),
    (16),
    (17),
    (18),
    (19),
    (20),
    (21),
    (22),
    (23),
    (24),
    (25),
    (26),
    (27),
    (28),
    (29),
    (30),
    (31),
    (32),
    (33),
    (34),
    (35),
    (36),
    (37),
    (38),
    (39),
    (40),
    (41),
    (42),
    (43),
    (44),
    (45),
    (46),
    (47),
    (48),
    (49),
    (50),
    (51),
    (52),
    (53),
    (54),
    (55),
    (56),
    (57),
    (58),
    (59),
    (60),
    (61),
    (62),
    (63),
    (64),
    (65),
    (66),
    (67),
    (68),
    (69),
    (70),
    (71),
    (72),
    (73),
    (74),
    (75),
    (76),
    (77),
    (78),
    (79),
    (80),
    (81),
    (82),
    (83),
    (84),
    (85),
    (86),
    (87),
    (88),
    (89),
    (90),
    (91),
    (92),
    (93),
    (94),
    (95),
    (96),
    (97),
    (98),
    (99),
    (100),
    (101),
    (102),
    (103),
    (104),
    (105),
    (106),
    (107),
    (108),
    (109),
    (110),
    (111),
    (112),
    (113),
    (114),
    (115),
    (116),
    (117),
    (118),
    (119),
    (120),
    (121),
    (122),
    (123),
    (124),
    (125),
    (126),
    (127),
    (128),
    (129),
    (130),
    (131),
    (132),
    (133),
    (134),
    (135),
    (136),
    (137),
    (138),
    (139),
    (140),
    (141),
    (142),
    (143),
    (144),
    (145),
    (146),
    (147),
    (148),
    (149),
    (150),
    (151),
    (152),
    (153),
    (154),
    (155),
    (156),
    (157),
    (158);

INSERT INTO T_1_10_2 (pk)
VALUES
    (0),
    (1),
    (2),
    (3),
    (4),
    (5),
    (6),
    (7),
    (8),
    (9),
    (10),
    (11),
    (12),
    (13),
    (14),
    (15),
    (16),
    (17),
    (18),
    (19),
    (20),
    (21),
    (22),
    (23),
    (24),
    (25),
    (26),
    (27),
    (28),
    (29),
    (30),
    (31),
    (32),
    (33),
    (34),
    (35),
    (36),
    (37),
    (38),
    (39),
    (40),
    (41),
    (42),
    (43),
    (44),
    (45),
    (46),
    (47),
    (48),
    (49),
    (50),
    (51),
    (52),
    (53),
    (54),
    (55),
    (56),
    (57),
    (58),
    (59),
    (60),
    (61),
    (62),
    (63),
    (64),
    (65),
    (66),
    (67),
    (68),
    (69),
    (70),
    (71),
    (72),
    (73),
    (74),
    (75),
    (76),
    (77),
    (78),
    (79),
    (80),
    (81),
    (82),
    (83),
    (84);

INSERT INTO T_1_10_3 (pk)
VALUES
    (0),
    (1),
    (2),
    (3),
    (4),
    (5),
    (6),
    (7),
    (8),
    (9),
    (10),
    (11),
    (12),
    (13),
    (14),
    (15),
    (16),
    (17),
    (18),
    (19),
    (20),
    (21),
    (22),
    (23),
    (24),
    (25),
    (26),
    (27),
    (28),
    (29),
    (30),
    (31),
    (32),
    (33),
    (34),
    (35),
    (36),
    (37),
    (38),
    (39),
    (40),
    (41),
    (42),
    (43),
    (44),
    (45),
    (46),
    (47),
    (48),
    (49),
    (50),
    (51),
    (52),
    (53),
    (54),
    (55),
    (56),
    (57),
    (58),
    (59),
    (60),
    (61),
    (62),
    (63),
    (64),
    (65),
    (66),
    (67),
    (68),
    (69),
    (70);

INSERT INTO T_1_10_4 (pk)
VALUES
    (0),
    (1),
    (2),
    (3),
    (4),
    (5),
    (6),
    (7),
    (8),
    (9),
    (10),
    (11),
    (12),
    (13),
    (14),
    (15),
    (16),
    (17),
    (18),
    (19),
    (20),
    (21),
    (22),
    (23),
    (24),
    (25),
    (26),
    (27),
    (28),
    (29),
    (30),
    (31),
    (32),
    (33),
    (34),
    (35),
    (36),
    (37),
    (38),
    (39),
    (40),
    (41),
    (42),
    (43),
    (44),
    (45),
    (46),
    (47),
    (48),
    (49),
    (50),
    (51),
    (52),
    (53),
    (54),
    (55),
    (56),
    (57),
    (58),
    (59),
    (60),
    (61),
    (62),
    (63),
    (64),
    (65),
    (66),
    (67),
    (68),
    (69),
    (70),
    (71),
    (72),
    (73),
    (74),
    (75),
    (76),
    (77),
    (78),
    (79),
    (80),
    (81),
    (82),
    (83),
    (84),
    (85),
    (86),
    (87),
    (88),
    (89),
    (90),
    (91),
    (92),
    (93),
    (94),
    (95),
    (96),
    (97),
    (98),
    (99),
    (100),
    (101),
    (102),
    (103),
    (104),
    (105),
    (106),
    (107),
    (108),
    (109),
    (110),
    (111),
    (112),
    (113),
    (114),
    (115),
    (116),
    (117),
    (118),
    (119),
    (120),
    (121),
    (122),
    (123),
    (124),
    (125),
    (126),
    (127),
    (128),
    (129),
    (130),
    (131),
    (132),
    (133),
    (134),
    (135),
    (136),
    (137),
    (138),
    (139),
    (140),
    (141),
    (142),
    (143),
    (144),
    (145),
    (146),
    (147),
    (148),
    (149),
    (150),
    (151),
    (152),
    (153),
    (154),
    (155),
    (156),
    (157),
    (158),
    (159),
    (160),
    (161),
    (162),
    (163),
    (164),
    (165),
    (166),
    (167),
    (168),
    (169),
    (170),
    (171),
    (172),
    (173),
    (174),
    (175),
    (176),
    (177),
    (178),
    (179),
    (180),
    (181),
    (182),
    (183),
    (184);

INSERT INTO T_1_10_5 (pk,
    t_1_10_5_1, t_1_10_5_2, t_1_10_5_3, t_1_10_5_4)
VALUES
    (0, 23, 32, 19, 119),
    (1, 9, 19, 36, 88),
    (2, 18, 0, 6, 40),
    (3, 62, 28, 0, 4),
    (4, 45, 23, 2, 61),
    (5, 56, 18, 8, 53),
    (6, 58, 15, 38, 118),
    (7, 43, 11, 18, 100),
    (8, 61, 12, 22, 20),
    (9, 66, 32, 28, 113),
    (10, 68, 7, 8, 109),
    (11, 65, 17, 19, 128),
    (12, 64, 28, 30, 17),
    (13, 11, 8, 30, 64),
    (14, 5, 14, 37, 125),
    (15, 54, 15, 5, 121),
    (16, 7, 5, 43, 2),
    (17, 54, 15, 46, 18),
    (18, 26, 2, 27, 8),
    (19, 23, 22, 21, 56),
    (20, 65, 29, 10, 21),
    (21, 45, 8, 35, 115),
    (22, 22, 21, 52, 17),
    (23, 4, 25, 1, 73),
    (24, 60, 23, 45, 16),
    (25, 64, 28, 53, 80),
    (26, 6, 4, 56, 13),
    (27, 25, 10, 0, 124),
    (28, 38, 28, 6, 94),
    (29, 69, 32, 11, 94),
    (30, 8, 32, 55, 41),
    (31, 60, 31, 12, 20),
    (32, 30, 23, 14, 130),
    (33, 70, 26, 35, 119),
    (34, 51, 6, 56, 41),
    (35, 59, 25, 49, 50),
    (36, 10, 25, 18, 5),
    (37, 43, 10, 53, 134),
    (38, 19, 18, 45, 139),
    (39, 39, 32, 47, 38),
    (40, 30, 25, 55, 25),
    (41, 21, 21, 8, 82),
    (42, 22, 31, 31, 108),
    (43, 2, 2, 11, 120),
    (44, 40, 6, 50, 46),
    (45, 10, 23, 31, 9),
    (46, 17, 7, 54, 58),
    (47, 7, 5, 8, 112),
    (48, 67, 29, 49, 76),
    (49, 70, 13, 31, 90),
    (50, 17, 2, 34, 9),
    (51, 47, 1, 11, 74),
    (52, 52, 8, 45, 110),
    (53, 47, 9, 5, 47),
    (54, 52, 22, 43, 59),
    (55, 35, 4, 26, 53),
    (56, 31, 3, 37, 129),
    (57, 11, 11, 38, 121),
    (58, 35, 22, 29, 134),
    (59, 65, 11, 24, 81),
    (60, 35, 3, 45, 1),
    (61, 39, 2, 40, 118),
    (62, 56, 25, 5, 72),
    (63, 68, 20, 51, 44),
    (64, 29, 4, 11, 97),
    (65, 61, 12, 46, 110),
    (66, 66, 13, 54, 27),
    (67, 27, 18, 35, 77),
    (68, 11, 8, 20, 99),
    (69, 59, 1, 34, 128),
    (70, 53, 5, 24, 129),
    (71, 58, 12, 45, 50),
    (72, 49, 32, 11, 35),
    (73, 26, 15, 37, 44),
    (74, 53, 27, 56, 42),
    (75, 42, 15, 12, 134),
    (76, 56, 25, 26, 129),
    (77, 47, 1, 28, 75),
    (78, 49, 18, 50, 133),
    (79, 15, 26, 17, 110),
    (80, 9, 0, 34, 126),
    (81, 28, 8, 29, 110),
    (82, 56, 24, 20, 89),
    (83, 62, 22, 29, 96),
    (84, 8, 21, 50, 72),
    (85, 26, 25, 21, 106),
    (86, 10, 18, 33, 39),
    (87, 14, 17, 45, 63),
    (88, 0, 19, 5, 127),
    (89, 34, 0, 31, 139),
    (90, 54, 17, 12, 76),
    (91, 62, 2, 40, 55),
    (92, 0, 30, 45, 128),
    (93, 49, 23, 6, 10),
    (94, 20, 1, 6, 16),
    (95, 2, 27, 50, 72),
    (96, 6, 2, 35, 78),
    (97, 43, 27, 1, 7),
    (98, 52, 21, 23, 3),
    (99, 13, 5, 53, 15),
    (100, 70, 21, 19, 123),
    (101, 5, 1, 3, 138),
    (102, 46, 28, 7, 44),
    (103, 27, 11, 11, 130),
    (104, 20, 28, 55, 87),
    (105, 39, 30, 9, 98),
    (106, 32, 11, 17, 84),
    (107, 8, 29, 6, 63),
    (108, 48, 24, 22, 16),
    (109, 28, 28, 12, 127),
    (110, 29, 5, 22, 50),
    (111, 42, 29, 46, 38),
    (112, 31, 19, 38, 116),
    (113, 16, 7, 30, 40),
    (114, 13, 12, 13, 6),
    (115, 0, 32, 44, 123),
    (116, 26, 22, 43, 123),
    (117, 31, 21, 15, 47),
    (118, 69, 1, 45, 124),
    (119, 28, 28, 52, 32),
    (120, 5, 1, 17, 130),
    (121, 12, 29, 46, 90),
    (122, 37, 21, 11, 134),
    (123, 16, 5, 45, 2),
    (124, 60, 30, 2, 102),
    (125, 20, 22, 0, 90),
    (126, 46, 29, 17, 109),
    (127, 36, 12, 8, 15),
    (128, 41, 27, 47, 101),
    (129, 14, 13, 39, 71),
    (130, 44, 18, 50, 68),
    (131, 38, 9, 43, 101),
    (132, 2, 17, 27, 66),
    (133, 26, 8, 26, 65),
    (134, 57, 19, 4, 67),
    (135, 36, 20, 10, 85),
    (136, 11, 2, 8, 70),
    (137, 35, 4, 5, 39),
    (138, 49, 13, 49, 128),
    (139, 53, 0, 36, 31),
    (140, 35, 0, 55, 117),
    (141, 28, 23, 9, 114),
    (142, 19, 1, 39, 107),
    (143, 55, 32, 47, 26),
    (144, 24, 12, 25, 47),
    (145, 52, 12, 3, 135),
    (146, 60, 11, 31, 27),
    (147, 70, 7, 8, 23),
    (148, 32, 19, 16, 13),
    (149, 46, 26, 24, 129),
    (150, 66, 30, 41, 5),
    (151, 40, 32, 47, 118),
    (152, 22, 22, 0, 32),
    (153, 35, 19, 0, 128),
    (154, 4, 16, 7, 130),
    (155, 68, 31, 6, 10),
    (156, 54, 5, 23, 48),
    (157, 3, 15, 48, 4),
    (158, 65, 0, 47, 127),
    (159, 4, 4, 47, 54),
    (160, 28, 2, 41, 115),
    (161, 9, 11, 24, 66),
    (162, 34, 23, 1, 87),
    (163, 29, 18, 36, 47),
    (164, 16, 15, 2, 42),
    (165, 41, 16, 55, 90),
    (166, 16, 14, 32, 18),
    (167, 41, 1, 26, 52),
    (168, 32, 10, 3, 76),
    (169, 69, 32, 46, 119),
    (170, 48, 29, 52, 73),
    (171, 44, 11, 37, 55),
    (172, 46, 25, 34, 54),
    (173, 61, 15, 7, 12),
    (174, 6, 30, 36, 56),
    (175, 48, 14, 39, 30),
    (176, 59, 10, 1, 107),
    (177, 56, 18, 11, 66),
    (178, 3, 32, 0, 70),
    (179, 57, 26, 34, 84),
    (180, 63, 15, 54, 56),
    (181, 15, 25, 4, 96),
    (182, 52, 23, 41, 96),
    (183, 4, 1, 39, 35),
    (184, 46, 0, 10, 0),
    (185, 44, 27, 12, 128),
    (186, 41, 26, 15, 48),
    (187, 18, 20, 52, 75),
    (188, 43, 20, 37, 1),
    (189, 10, 12, 53, 88),
    (190, 22, 13, 52, 136),
    (191, 22, 30, 54, 87),
    (192, 52, 26, 13, 138);

INSERT INTO T_1_10_5_1 (pk)
VALUES
    (0),
    (1),
    (2),
    (3),
    (4),
    (5),
    (6),
    (7),
    (8),
    (9),
    (10),
    (11),
    (12),
    (13),
    (14),
    (15),
    (16),
    (17),
    (18),
    (19),
    (20),
    (21),
    (22),
    (23),
    (24),
    (25),
    (26),
    (27),
    (28),
    (29),
    (30),
    (31),
    (32),
    (33),
    (34),
    (35),
    (36),
    (37),
    (38),
    (39),
    (40),
    (41),
    (42),
    (43),
    (44),
    (45),
    (46),
    (47),
    (48),
    (49),
    (50),
    (51),
    (52),
    (53),
    (54),
    (55),
    (56),
    (57),
    (58),
    (59),
    (60),
    (61),
    (62),
    (63),
    (64),
    (65),
    (66),
    (67),
    (68),
    (69),
    (70);

INSERT INTO T_1_10_5_2 (pk)
VALUES
    (0),
    (1),
    (2),
    (3),
    (4),
    (5),
    (6),
    (7),
    (8),
    (9),
    (10),
    (11),
    (12),
    (13),
    (14),
    (15),
    (16),
    (17),
    (18),
    (19),
    (20),
    (21),
    (22),
    (23),
    (24),
    (25),
    (26),
    (27),
    (28),
    (29),
    (30),
    (31),
    (32);

INSERT INTO T_1_10_5_3 (pk)
VALUES
    (0),
    (1),
    (2),
    (3),
    (4),
    (5),
    (6),
    (7),
    (8),
    (9),
    (10),
    (11),
    (12),
    (13),
    (14),
    (15),
    (16),
    (17),
    (18),
    (19),
    (20),
    (21),
    (22),
    (23),
    (24),
    (25),
    (26),
    (27),
    (28),
    (29),
    (30),
    (31),
    (32),
    (33),
    (34),
    (35),
    (36),
    (37),
    (38),
    (39),
    (40),
    (41),
    (42),
    (43),
    (44),
    (45),
    (46),
    (47),
    (48),
    (49),
    (50),
    (51),
    (52),
    (53),
    (54),
    (55),
    (56);

INSERT INTO T_1_10_5_4 (pk)
VALUES
    (0),
    (1),
    (2),
    (3),
    (4),
    (5),
    (6),
    (7),
    (8),
    (9),
    (10),
    (11),
    (12),
    (13),
    (14),
    (15),
    (16),
    (17),
    (18),
    (19),
    (20),
    (21),
    (22),
    (23),
    (24),
    (25),
    (26),
    (27),
    (28),
    (29),
    (30),
    (31),
    (32),
    (33),
    (34),
    (35),
    (36),
    (37),
    (38),
    (39),
    (40),
    (41),
    (42),
    (43),
    (44),
    (45),
    (46),
    (47),
    (48),
    (49),
    (50),
    (51),
    (52),
    (53),
    (54),
    (55),
    (56),
    (57),
    (58),
    (59),
    (60),
    (61),
    (62),
    (63),
    (64),
    (65),
    (66),
    (67),
    (68),
    (69),
    (70),
    (71),
    (72),
    (73),
    (74),
    (75),
    (76),
    (77),
    (78),
    (79),
    (80),
    (81),
    (82),
    (83),
    (84),
    (85),
    (86),
    (87),
    (88),
    (89),
    (90),
    (91),
    (92),
    (93),
    (94),
    (95),
    (96),
    (97),
    (98),
    (99),
    (100),
    (101),
    (102),
    (103),
    (104),
    (105),
    (106),
    (107),
    (108),
    (109),
    (110),
    (111),
    (112),
    (113),
    (114),
    (115),
    (116),
    (117),
    (118),
    (119),
    (120),
    (121),
    (122),
    (123),
    (124),
    (125),
    (126),
    (127),
    (128),
    (129),
    (130),
    (131),
    (132),
    (133),
    (134),
    (135),
    (136),
    (137),
    (138),
    (139);

INSERT INTO T_1_10_6 (pk,
    t_1_10_6_1, t_1_10_6_2, t_1_10_6_3, t_1_10_6_4)
VALUES
    (0, 43, 0, 15, 116),
    (1, 53, 10, 25, 9),
    (2, 28, 10, 25, 77),
    (3, 44, 12, 20, 7),
    (4, 10, 4, 28, 9),
    (5, 35, 7, 24, 29),
    (6, 83, 19, 18, 64),
    (7, 84, 13, 27, 21),
    (8, 29, 12, 31, 1),
    (9, 54, 5, 14, 100),
    (10, 8, 18, 10, 31),
    (11, 56, 15, 2, 100),
    (12, 53, 12, 23, 77),
    (13, 29, 7, 17, 0),
    (14, 9, 20, 9, 102),
    (15, 70, 2, 21, 103),
    (16, 82, 12, 30, 74),
    (17, 4, 9, 25, 99),
    (18, 39, 20, 30, 3),
    (19, 45, 12, 28, 75);

INSERT INTO T_1_10_6_1 (pk)
VALUES
    (0),
    (1),
    (2),
    (3),
    (4),
    (5),
    (6),
    (7),
    (8),
    (9),
    (10),
    (11),
    (12),
    (13),
    (14),
    (15),
    (16),
    (17),
    (18),
    (19),
    (20),
    (21),
    (22),
    (23),
    (24),
    (25),
    (26),
    (27),
    (28),
    (29),
    (30),
    (31),
    (32),
    (33),
    (34),
    (35),
    (36),
    (37),
    (38),
    (39),
    (40),
    (41),
    (42),
    (43),
    (44),
    (45),
    (46),
    (47),
    (48),
    (49),
    (50),
    (51),
    (52),
    (53),
    (54),
    (55),
    (56),
    (57),
    (58),
    (59),
    (60),
    (61),
    (62),
    (63),
    (64),
    (65),
    (66),
    (67),
    (68),
    (69),
    (70),
    (71),
    (72),
    (73),
    (74),
    (75),
    (76),
    (77),
    (78),
    (79),
    (80),
    (81),
    (82),
    (83),
    (84),
    (85),
    (86),
    (87),
    (88);

INSERT INTO T_1_10_6_2 (pk)
VALUES
    (0),
    (1),
    (2),
    (3),
    (4),
    (5),
    (6),
    (7),
    (8),
    (9),
    (10),
    (11),
    (12),
    (13),
    (14),
    (15),
    (16),
    (17),
    (18),
    (19),
    (20);

INSERT INTO T_1_10_6_3 (pk)
VALUES
    (0),
    (1),
    (2),
    (3),
    (4),
    (5),
    (6),
    (7),
    (8),
    (9),
    (10),
    (11),
    (12),
    (13),
    (14),
    (15),
    (16),
    (17),
    (18),
    (19),
    (20),
    (21),
    (22),
    (23),
    (24),
    (25),
    (26),
    (27),
    (28),
    (29),
    (30),
    (31),
    (32),
    (33),
    (34),
    (35);

INSERT INTO T_1_10_6_4 (pk)
VALUES
    (0),
    (1),
    (2),
    (3),
    (4),
    (5),
    (6),
    (7),
    (8),
    (9),
    (10),
    (11),
    (12),
    (13),
    (14),
    (15),
    (16),
    (17),
    (18),
    (19),
    (20),
    (21),
    (22),
    (23),
    (24),
    (25),
    (26),
    (27),
    (28),
    (29),
    (30),
    (31),
    (32),
    (33),
    (34),
    (35),
    (36),
    (37),
    (38),
    (39),
    (40),
    (41),
    (42),
    (43),
    (44),
    (45),
    (46),
    (47),
    (48),
    (49),
    (50),
    (51),
    (52),
    (53),
    (54),
    (55),
    (56),
    (57),
    (58),
    (59),
    (60),
    (61),
    (62),
    (63),
    (64),
    (65),
    (66),
    (67),
    (68),
    (69),
    (70),
    (71),
    (72),
    (73),
    (74),
    (75),
    (76),
    (77),
    (78),
    (79),
    (80),
    (81),
    (82),
    (83),
    (84),
    (85),
    (86),
    (87),
    (88),
    (89),
    (90),
    (91),
    (92),
    (93),
    (94),
    (95),
    (96),
    (97),
    (98),
    (99),
    (100),
    (101),
    (102),
    (103),
    (104),
    (105),
    (106),
    (107),
    (108),
    (109),
    (110),
    (111),
    (112),
    (113),
    (114),
    (115),
    (116),
    (117),
    (118);

INSERT INTO T_1_10_7 (pk,
    t_1_10_7_1, t_1_10_7_2, t_1_10_7_3, t_1_10_7_4)
VALUES
    (0, 32, 2, 9, 25),
    (1, 73, 3, 4, 38),
    (2, 66, 11, 1, 19),
    (3, 43, 6, 11, 36),
    (4, 50, 9, 4, 59),
    (5, 81, 13, 9, 16),
    (6, 58, 6, 1, 91),
    (7, 91, 12, 11, 4),
    (8, 63, 13, 6, 17),
    (9, 11, 2, 3, 101),
    (10, 97, 0, 2, 83),
    (11, 14, 5, 9, 33),
    (12, 29, 7, 2, 7),
    (13, 3, 8, 4, 16),
    (14, 66, 8, 4, 95),
    (15, 83, 13, 10, 60),
    (16, 95, 9, 6, 56),
    (17, 60, 9, 2, 20),
    (18, 41, 8, 2, 9),
    (19, 40, 5, 6, 33),
    (20, 81, 4, 2, 1),
    (21, 78, 3, 11, 58),
    (22, 25, 0, 13, 93),
    (23, 89, 7, 2, 48),
    (24, 48, 7, 12, 58),
    (25, 51, 10, 9, 37),
    (26, 60, 1, 11, 60),
    (27, 22, 10, 1, 19),
    (28, 94, 12, 6, 79),
    (29, 28, 1, 5, 52),
    (30, 58, 14, 3, 64),
    (31, 28, 9, 1, 4),
    (32, 18, 11, 0, 34),
    (33, 75, 14, 5, 102),
    (34, 63, 4, 5, 13),
    (35, 42, 11, 3, 57),
    (36, 44, 4, 12, 5),
    (37, 36, 8, 7, 54),
    (38, 76, 4, 11, 6),
    (39, 22, 2, 0, 25),
    (40, 14, 10, 12, 97),
    (41, 43, 7, 6, 90),
    (42, 36, 12, 11, 62),
    (43, 73, 3, 8, 8),
    (44, 49, 6, 3, 21),
    (45, 68, 9, 10, 99),
    (46, 82, 5, 2, 5),
    (47, 61, 3, 5, 94),
    (48, 30, 10, 10, 12),
    (49, 73, 6, 4, 68),
    (50, 36, 13, 4, 54),
    (51, 61, 3, 2, 59),
    (52, 96, 4, 8, 37),
    (53, 43, 6, 12, 44),
    (54, 44, 4, 11, 66),
    (55, 85, 0, 10, 19),
    (56, 65, 14, 6, 69),
    (57, 37, 9, 3, 12),
    (58, 82, 0, 1, 8),
    (59, 24, 11, 7, 33),
    (60, 68, 11, 13, 52),
    (61, 23, 9, 7, 7),
    (62, 20, 2, 3, 43),
    (63, 13, 11, 13, 10),
    (64, 64, 8, 4, 88),
    (65, 15, 13, 3, 94),
    (66, 6, 4, 5, 35),
    (67, 62, 1, 6, 1),
    (68, 48, 3, 13, 36),
    (69, 84, 3, 9, 67),
    (70, 89, 7, 10, 96),
    (71, 38, 10, 2, 50),
    (72, 0, 1, 2, 80),
    (73, 6, 7, 4, 23),
    (74, 2, 13, 0, 51),
    (75, 75, 10, 12, 26),
    (76, 41, 10, 4, 92),
    (77, 72, 3, 8, 100),
    (78, 76, 14, 2, 55),
    (79, 28, 0, 2, 53),
    (80, 26, 1, 2, 51),
    (81, 52, 8, 7, 59),
    (82, 89, 10, 1, 99),
    (83, 72, 11, 5, 16),
    (84, 93, 9, 8, 52),
    (85, 88, 3, 4, 82),
    (86, 94, 7, 4, 38),
    (87, 64, 9, 4, 87),
    (88, 74, 2, 3, 7),
    (89, 94, 12, 10, 23),
    (90, 39, 6, 1, 9),
    (91, 30, 11, 7, 38),
    (92, 86, 3, 0, 26),
    (93, 6, 12, 8, 37),
    (94, 92, 2, 6, 8),
    (95, 65, 3, 4, 3),
    (96, 47, 13, 5, 20),
    (97, 55, 4, 6, 15),
    (98, 26, 0, 11, 80),
    (99, 85, 4, 9, 78),
    (100, 85, 2, 7, 36),
    (101, 49, 13, 6, 83),
    (102, 22, 5, 13, 79),
    (103, 43, 6, 3, 56),
    (104, 76, 14, 6, 99),
    (105, 92, 9, 0, 30),
    (106, 81, 6, 12, 81),
    (107, 51, 10, 5, 87),
    (108, 13, 5, 0, 0),
    (109, 28, 11, 13, 72),
    (110, 88, 12, 2, 100),
    (111, 38, 3, 3, 2),
    (112, 27, 8, 0, 49);

INSERT INTO T_1_10_7_1 (pk)
VALUES
    (0),
    (1),
    (2),
    (3),
    (4),
    (5),
    (6),
    (7),
    (8),
    (9),
    (10),
    (11),
    (12),
    (13),
    (14),
    (15),
    (16),
    (17),
    (18),
    (19),
    (20),
    (21),
    (22),
    (23),
    (24),
    (25),
    (26),
    (27),
    (28),
    (29),
    (30),
    (31),
    (32),
    (33),
    (34),
    (35),
    (36),
    (37),
    (38),
    (39),
    (40),
    (41),
    (42),
    (43),
    (44),
    (45),
    (46),
    (47),
    (48),
    (49),
    (50),
    (51),
    (52),
    (53),
    (54),
    (55),
    (56),
    (57),
    (58),
    (59),
    (60),
    (61),
    (62),
    (63),
    (64),
    (65),
    (66),
    (67),
    (68),
    (69),
    (70),
    (71),
    (72),
    (73),
    (74),
    (75),
    (76),
    (77),
    (78),
    (79),
    (80),
    (81),
    (82),
    (83),
    (84),
    (85),
    (86),
    (87),
    (88),
    (89),
    (90),
    (91),
    (92),
    (93),
    (94),
    (95),
    (96),
    (97),
    (98),
    (99),
    (100),
    (101);

INSERT INTO T_1_10_7_2 (pk)
VALUES
    (0),
    (1),
    (2),
    (3),
    (4),
    (5),
    (6),
    (7),
    (8),
    (9),
    (10),
    (11),
    (12),
    (13),
    (14);

INSERT INTO T_1_10_7_3 (pk)
VALUES
    (0),
    (1),
    (2),
    (3),
    (4),
    (5),
    (6),
    (7),
    (8),
    (9),
    (10),
    (11),
    (12),
    (13);

INSERT INTO T_1_10_7_4 (pk)
VALUES
    (0),
    (1),
    (2),
    (3),
    (4),
    (5),
    (6),
    (7),
    (8),
    (9),
    (10),
    (11),
    (12),
    (13),
    (14),
    (15),
    (16),
    (17),
    (18),
    (19),
    (20),
    (21),
    (22),
    (23),
    (24),
    (25),
    (26),
    (27),
    (28),
    (29),
    (30),
    (31),
    (32),
    (33),
    (34),
    (35),
    (36),
    (37),
    (38),
    (39),
    (40),
    (41),
    (42),
    (43),
    (44),
    (45),
    (46),
    (47),
    (48),
    (49),
    (50),
    (51),
    (52),
    (53),
    (54),
    (55),
    (56),
    (57),
    (58),
    (59),
    (60),
    (61),
    (62),
    (63),
    (64),
    (65),
    (66),
    (67),
    (68),
    (69),
    (70),
    (71),
    (72),
    (73),
    (74),
    (75),
    (76),
    (77),
    (78),
    (79),
    (80),
    (81),
    (82),
    (83),
    (84),
    (85),
    (86),
    (87),
    (88),
    (89),
    (90),
    (91),
    (92),
    (93),
    (94),
    (95),
    (96),
    (97),
    (98),
    (99),
    (100),
    (101),
    (102);

INSERT INTO T_1_10_8 (pk,
    t_1_10_8_1, t_1_10_8_2, t_1_10_8_3, t_1_10_8_4)
VALUES
    (0, 7, 42, 83, 26),
    (1, 40, 45, 67, 42),
    (2, 28, 18, 30, 0),
    (3, 42, 27, 16, 12),
    (4, 39, 47, 79, 18),
    (5, 59, 25, 89, 44),
    (6, 47, 28, 75, 35),
    (7, 21, 25, 78, 38),
    (8, 39, 21, 48, 22),
    (9, 46, 48, 38, 21),
    (10, 43, 1, 14, 16),
    (11, 58, 1, 90, 28),
    (12, 31, 47, 66, 52),
    (13, 35, 16, 35, 43),
    (14, 45, 7, 42, 48),
    (15, 39, 17, 2, 29),
    (16, 34, 38, 33, 4),
    (17, 50, 31, 28, 9),
    (18, 31, 34, 62, 48),
    (19, 62, 37, 71, 15),
    (20, 49, 10, 38, 27),
    (21, 14, 20, 86, 18),
    (22, 53, 5, 75, 44),
    (23, 25, 49, 31, 30),
    (24, 42, 9, 19, 43),
    (25, 27, 39, 98, 52),
    (26, 55, 35, 60, 52),
    (27, 46, 44, 49, 16),
    (28, 25, 36, 27, 10),
    (29, 60, 47, 95, 19),
    (30, 58, 26, 91, 33),
    (31, 59, 7, 14, 39),
    (32, 62, 14, 62, 51),
    (33, 24, 8, 5, 26),
    (34, 60, 48, 88, 27),
    (35, 42, 24, 72, 7),
    (36, 35, 34, 32, 19),
    (37, 62, 9, 44, 52),
    (38, 33, 31, 91, 30),
    (39, 57, 49, 13, 36),
    (40, 34, 33, 13, 1),
    (41, 23, 49, 93, 5),
    (42, 53, 0, 37, 32),
    (43, 0, 46, 41, 18),
    (44, 22, 4, 47, 25),
    (45, 47, 37, 54, 10),
    (46, 10, 13, 62, 1),
    (47, 47, 45, 71, 54),
    (48, 30, 40, 15, 18),
    (49, 7, 30, 76, 37),
    (50, 21, 25, 32, 36),
    (51, 1, 27, 24, 24),
    (52, 43, 2, 70, 7),
    (53, 7, 32, 13, 43),
    (54, 5, 11, 10, 35),
    (55, 5, 13, 27, 2),
    (56, 9, 42, 64, 30),
    (57, 4, 47, 72, 51),
    (58, 13, 7, 83, 34),
    (59, 58, 44, 77, 2),
    (60, 12, 28, 10, 21),
    (61, 33, 50, 5, 41),
    (62, 41, 48, 87, 22),
    (63, 62, 40, 12, 31);

INSERT INTO T_1_10_8_1 (pk)
VALUES
    (0),
    (1),
    (2),
    (3),
    (4),
    (5),
    (6),
    (7),
    (8),
    (9),
    (10),
    (11),
    (12),
    (13),
    (14),
    (15),
    (16),
    (17),
    (18),
    (19),
    (20),
    (21),
    (22),
    (23),
    (24),
    (25),
    (26),
    (27),
    (28),
    (29),
    (30),
    (31),
    (32),
    (33),
    (34),
    (35),
    (36),
    (37),
    (38),
    (39),
    (40),
    (41),
    (42),
    (43),
    (44),
    (45),
    (46),
    (47),
    (48),
    (49),
    (50),
    (51),
    (52),
    (53),
    (54),
    (55),
    (56),
    (57),
    (58),
    (59),
    (60),
    (61),
    (62),
    (63);

INSERT INTO T_1_10_8_2 (pk)
VALUES
    (0),
    (1),
    (2),
    (3),
    (4),
    (5),
    (6),
    (7),
    (8),
    (9),
    (10),
    (11),
    (12),
    (13),
    (14),
    (15),
    (16),
    (17),
    (18),
    (19),
    (20),
    (21),
    (22),
    (23),
    (24),
    (25),
    (26),
    (27),
    (28),
    (29),
    (30),
    (31),
    (32),
    (33),
    (34),
    (35),
    (36),
    (37),
    (38),
    (39),
    (40),
    (41),
    (42),
    (43),
    (44),
    (45),
    (46),
    (47),
    (48),
    (49),
    (50),
    (51);

INSERT INTO T_1_10_8_3 (pk)
VALUES
    (0),
    (1),
    (2),
    (3),
    (4),
    (5),
    (6),
    (7),
    (8),
    (9),
    (10),
    (11),
    (12),
    (13),
    (14),
    (15),
    (16),
    (17),
    (18),
    (19),
    (20),
    (21),
    (22),
    (23),
    (24),
    (25),
    (26),
    (27),
    (28),
    (29),
    (30),
    (31),
    (32),
    (33),
    (34),
    (35),
    (36),
    (37),
    (38),
    (39),
    (40),
    (41),
    (42),
    (43),
    (44),
    (45),
    (46),
    (47),
    (48),
    (49),
    (50),
    (51),
    (52),
    (53),
    (54),
    (55),
    (56),
    (57),
    (58),
    (59),
    (60),
    (61),
    (62),
    (63),
    (64),
    (65),
    (66),
    (67),
    (68),
    (69),
    (70),
    (71),
    (72),
    (73),
    (74),
    (75),
    (76),
    (77),
    (78),
    (79),
    (80),
    (81),
    (82),
    (83),
    (84),
    (85),
    (86),
    (87),
    (88),
    (89),
    (90),
    (91),
    (92),
    (93),
    (94),
    (95),
    (96),
    (97),
    (98);

INSERT INTO T_1_10_8_4 (pk)
VALUES
    (0),
    (1),
    (2),
    (3),
    (4),
    (5),
    (6),
    (7),
    (8),
    (9),
    (10),
    (11),
    (12),
    (13),
    (14),
    (15),
    (16),
    (17),
    (18),
    (19),
    (20),
    (21),
    (22),
    (23),
    (24),
    (25),
    (26),
    (27),
    (28),
    (29),
    (30),
    (31),
    (32),
    (33),
    (34),
    (35),
    (36),
    (37),
    (38),
    (39),
    (40),
    (41),
    (42),
    (43),
    (44),
    (45),
    (46),
    (47),
    (48),
    (49),
    (50),
    (51),
    (52),
    (53),
    (54);

INSERT INTO T_1_11 (pk,
    t_1_11_1, t_1_11_2, t_1_11_3, t_1_11_4, t_1_11_5, t_1_11_6, t_1_11_7, t_1_11_8)
VALUES
    (0, 3, 37, 21, 98, 121, 15, 6, 73),
    (1, 30, 36, 50, 126, 7, 50, 1, 43),
    (2, 10, 18, 23, 75, 7, 18, 69, 103),
    (3, 44, 155, 55, 3, 73, 6, 2, 33),
    (4, 60, 119, 102, 82, 75, 25, 11, 63),
    (5, 15, 136, 23, 130, 32, 16, 18, 98),
    (6, 24, 152, 102, 43, 164, 55, 59, 7),
    (7, 4, 22, 84, 56, 90, 53, 43, 71),
    (8, 28, 48, 46, 141, 144, 44, 59, 9),
    (9, 36, 132, 81, 118, 130, 30, 72, 9),
    (10, 58, 109, 89, 15, 152, 33, 82, 41),
    (11, 13, 15, 75, 27, 161, 33, 13, 85),
    (12, 50, 147, 93, 59, 119, 44, 92, 7),
    (13, 20, 155, 6, 137, 164, 45, 40, 66),
    (14, 6, 132, 15, 68, 133, 24, 72, 30),
    (15, 15, 4, 22, 76, 7, 35, 0, 51),
    (16, 21, 59, 10, 94, 24, 31, 47, 104),
    (17, 30, 131, 30, 149, 76, 1, 22, 1),
    (18, 4, 140, 0, 115, 48, 36, 72, 57),
    (19, 61, 10, 36, 33, 6, 9, 22, 14),
    (20, 58, 63, 3, 47, 13, 34, 87, 108),
    (21, 60, 64, 64, 19, 8, 38, 61, 50),
    (22, 24, 22, 1, 49, 26, 31, 36, 63),
    (23, 14, 150, 21, 27, 7, 39, 76, 80),
    (24, 6, 40, 39, 9, 134, 38, 87, 84),
    (25, 16, 83, 90, 72, 4, 26, 55, 104),
    (26, 34, 20, 68, 142, 47, 14, 1, 61),
    (27, 46, 16, 59, 73, 63, 17, 5, 54),
    (28, 61, 77, 63, 96, 139, 15, 101, 45),
    (29, 48, 99, 26, 9, 143, 34, 59, 98),
    (30, 19, 53, 39, 15, 63, 59, 51, 94),
    (31, 46, 25, 68, 93, 148, 37, 34, 91),
    (32, 29, 35, 95, 8, 146, 36, 76, 7),
    (33, 50, 163, 0, 125, 107, 58, 28, 90),
    (34, 58, 95, 29, 149, 56, 19, 57, 20),
    (35, 16, 145, 65, 111, 71, 6, 1, 101);

INSERT INTO T_1_11_1 (pk)
VALUES
    (0),
    (1),
    (2),
    (3),
    (4),
    (5),
    (6),
    (7),
    (8),
    (9),
    (10),
    (11),
    (12),
    (13),
    (14),
    (15),
    (16),
    (17),
    (18),
    (19),
    (20),
    (21),
    (22),
    (23),
    (24),
    (25),
    (26),
    (27),
    (28),
    (29),
    (30),
    (31),
    (32),
    (33),
    (34),
    (35),
    (36),
    (37),
    (38),
    (39),
    (40),
    (41),
    (42),
    (43),
    (44),
    (45),
    (46),
    (47),
    (48),
    (49),
    (50),
    (51),
    (52),
    (53),
    (54),
    (55),
    (56),
    (57),
    (58),
    (59),
    (60),
    (61),
    (62),
    (63);

INSERT INTO T_1_11_2 (pk)
VALUES
    (0),
    (1),
    (2),
    (3),
    (4),
    (5),
    (6),
    (7),
    (8),
    (9),
    (10),
    (11),
    (12),
    (13),
    (14),
    (15),
    (16),
    (17),
    (18),
    (19),
    (20),
    (21),
    (22),
    (23),
    (24),
    (25),
    (26),
    (27),
    (28),
    (29),
    (30),
    (31),
    (32),
    (33),
    (34),
    (35),
    (36),
    (37),
    (38),
    (39),
    (40),
    (41),
    (42),
    (43),
    (44),
    (45),
    (46),
    (47),
    (48),
    (49),
    (50),
    (51),
    (52),
    (53),
    (54),
    (55),
    (56),
    (57),
    (58),
    (59),
    (60),
    (61),
    (62),
    (63),
    (64),
    (65),
    (66),
    (67),
    (68),
    (69),
    (70),
    (71),
    (72),
    (73),
    (74),
    (75),
    (76),
    (77),
    (78),
    (79),
    (80),
    (81),
    (82),
    (83),
    (84),
    (85),
    (86),
    (87),
    (88),
    (89),
    (90),
    (91),
    (92),
    (93),
    (94),
    (95),
    (96),
    (97),
    (98),
    (99),
    (100),
    (101),
    (102),
    (103),
    (104),
    (105),
    (106),
    (107),
    (108),
    (109),
    (110),
    (111),
    (112),
    (113),
    (114),
    (115),
    (116),
    (117),
    (118),
    (119),
    (120),
    (121),
    (122),
    (123),
    (124),
    (125),
    (126),
    (127),
    (128),
    (129),
    (130),
    (131),
    (132),
    (133),
    (134),
    (135),
    (136),
    (137),
    (138),
    (139),
    (140),
    (141),
    (142),
    (143),
    (144),
    (145),
    (146),
    (147),
    (148),
    (149),
    (150),
    (151),
    (152),
    (153),
    (154),
    (155),
    (156),
    (157),
    (158),
    (159),
    (160),
    (161),
    (162),
    (163),
    (164),
    (165),
    (166);

INSERT INTO T_1_11_3 (pk)
VALUES
    (0),
    (1),
    (2),
    (3),
    (4),
    (5),
    (6),
    (7),
    (8),
    (9),
    (10),
    (11),
    (12),
    (13),
    (14),
    (15),
    (16),
    (17),
    (18),
    (19),
    (20),
    (21),
    (22),
    (23),
    (24),
    (25),
    (26),
    (27),
    (28),
    (29),
    (30),
    (31),
    (32),
    (33),
    (34),
    (35),
    (36),
    (37),
    (38),
    (39),
    (40),
    (41),
    (42),
    (43),
    (44),
    (45),
    (46),
    (47),
    (48),
    (49),
    (50),
    (51),
    (52),
    (53),
    (54),
    (55),
    (56),
    (57),
    (58),
    (59),
    (60),
    (61),
    (62),
    (63),
    (64),
    (65),
    (66),
    (67),
    (68),
    (69),
    (70),
    (71),
    (72),
    (73),
    (74),
    (75),
    (76),
    (77),
    (78),
    (79),
    (80),
    (81),
    (82),
    (83),
    (84),
    (85),
    (86),
    (87),
    (88),
    (89),
    (90),
    (91),
    (92),
    (93),
    (94),
    (95),
    (96),
    (97),
    (98),
    (99),
    (100),
    (101),
    (102),
    (103),
    (104),
    (105),
    (106),
    (107),
    (108),
    (109),
    (110);

INSERT INTO T_1_11_4 (pk)
VALUES
    (0),
    (1),
    (2),
    (3),
    (4),
    (5),
    (6),
    (7),
    (8),
    (9),
    (10),
    (11),
    (12),
    (13),
    (14),
    (15),
    (16),
    (17),
    (18),
    (19),
    (20),
    (21),
    (22),
    (23),
    (24),
    (25),
    (26),
    (27),
    (28),
    (29),
    (30),
    (31),
    (32),
    (33),
    (34),
    (35),
    (36),
    (37),
    (38),
    (39),
    (40),
    (41),
    (42),
    (43),
    (44),
    (45),
    (46),
    (47),
    (48),
    (49),
    (50),
    (51),
    (52),
    (53),
    (54),
    (55),
    (56),
    (57),
    (58),
    (59),
    (60),
    (61),
    (62),
    (63),
    (64),
    (65),
    (66),
    (67),
    (68),
    (69),
    (70),
    (71),
    (72),
    (73),
    (74),
    (75),
    (76),
    (77),
    (78),
    (79),
    (80),
    (81),
    (82),
    (83),
    (84),
    (85),
    (86),
    (87),
    (88),
    (89),
    (90),
    (91),
    (92),
    (93),
    (94),
    (95),
    (96),
    (97),
    (98),
    (99),
    (100),
    (101),
    (102),
    (103),
    (104),
    (105),
    (106),
    (107),
    (108),
    (109),
    (110),
    (111),
    (112),
    (113),
    (114),
    (115),
    (116),
    (117),
    (118),
    (119),
    (120),
    (121),
    (122),
    (123),
    (124),
    (125),
    (126),
    (127),
    (128),
    (129),
    (130),
    (131),
    (132),
    (133),
    (134),
    (135),
    (136),
    (137),
    (138),
    (139),
    (140),
    (141),
    (142),
    (143),
    (144),
    (145),
    (146),
    (147),
    (148),
    (149),
    (150);

INSERT INTO T_1_11_5 (pk,
    t_1_11_5_1, t_1_11_5_2, t_1_11_5_3, t_1_11_5_4)
VALUES
    (0, 5, 17, 8, 21),
    (1, 1, 15, 21, 8),
    (2, 6, 8, 11, 26),
    (3, 5, 12, 14, 7),
    (4, 3, 0, 15, 13),
    (5, 3, 21, 22, 16),
    (6, 15, 15, 16, 16),
    (7, 12, 14, 5, 9),
    (8, 14, 9, 0, 13),
    (9, 0, 4, 7, 18),
    (10, 2, 2, 0, 27),
    (11, 7, 11, 10, 15),
    (12, 12, 2, 5, 11),
    (13, 7, 0, 23, 22),
    (14, 3, 19, 22, 2),
    (15, 5, 3, 4, 24),
    (16, 10, 8, 7, 22),
    (17, 5, 1, 25, 33),
    (18, 11, 9, 18, 25),
    (19, 4, 3, 22, 15),
    (20, 12, 3, 19, 3),
    (21, 10, 14, 23, 23),
    (22, 7, 8, 1, 14),
    (23, 11, 11, 15, 12),
    (24, 4, 8, 25, 14),
    (25, 8, 5, 20, 32),
    (26, 5, 0, 7, 26),
    (27, 4, 6, 24, 22),
    (28, 4, 20, 24, 6),
    (29, 15, 6, 6, 14),
    (30, 10, 3, 4, 13),
    (31, 3, 17, 15, 18),
    (32, 4, 18, 17, 12),
    (33, 14, 1, 11, 0),
    (34, 4, 15, 23, 27),
    (35, 9, 14, 19, 30),
    (36, 12, 9, 23, 29),
    (37, 5, 19, 8, 34),
    (38, 13, 2, 7, 8),
    (39, 12, 11, 11, 11),
    (40, 1, 8, 8, 10),
    (41, 8, 4, 1, 7),
    (42, 11, 10, 3, 25),
    (43, 11, 13, 20, 14),
    (44, 13, 21, 8, 15),
    (45, 4, 21, 23, 13),
    (46, 3, 2, 12, 27),
    (47, 2, 16, 9, 29),
    (48, 13, 7, 11, 7),
    (49, 7, 0, 19, 6),
    (50, 5, 5, 22, 23),
    (51, 5, 9, 12, 15),
    (52, 13, 5, 14, 29),
    (53, 6, 15, 25, 12),
    (54, 15, 8, 17, 32),
    (55, 1, 0, 14, 21),
    (56, 9, 17, 9, 5),
    (57, 9, 6, 6, 26),
    (58, 3, 14, 12, 25),
    (59, 0, 2, 7, 1),
    (60, 11, 20, 19, 28),
    (61, 3, 14, 16, 17),
    (62, 14, 10, 19, 33),
    (63, 4, 4, 8, 11),
    (64, 8, 21, 12, 20),
    (65, 14, 9, 6, 2),
    (66, 0, 17, 24, 12),
    (67, 12, 0, 10, 34),
    (68, 4, 8, 9, 27),
    (69, 0, 4, 4, 9),
    (70, 2, 8, 24, 6),
    (71, 9, 17, 24, 9),
    (72, 2, 15, 9, 12),
    (73, 10, 19, 4, 31),
    (74, 9, 5, 18, 29),
    (75, 15, 5, 21, 23),
    (76, 15, 0, 15, 13),
    (77, 9, 14, 1, 24),
    (78, 5, 19, 19, 17),
    (79, 5, 12, 8, 26),
    (80, 14, 7, 7, 14),
    (81, 0, 9, 0, 6),
    (82, 7, 6, 2, 28),
    (83, 4, 1, 22, 27),
    (84, 11, 1, 2, 25),
    (85, 11, 19, 20, 15),
    (86, 11, 2, 3, 14),
    (87, 14, 4, 10, 23),
    (88, 12, 9, 10, 14),
    (89, 10, 15, 17, 25),
    (90, 1, 19, 20, 12),
    (91, 13, 19, 2, 31),
    (92, 15, 13, 16, 2),
    (93, 13, 0, 24, 17),
    (94, 7, 12, 13, 28),
    (95, 11, 21, 7, 12),
    (96, 5, 3, 15, 18),
    (97, 8, 1, 23, 25),
    (98, 8, 1, 12, 1),
    (99, 1, 2, 5, 10),
    (100, 11, 16, 19, 15),
    (101, 9, 19, 9, 15),
    (102, 2, 1, 6, 7),
    (103, 15, 12, 0, 18),
    (104, 2, 15, 13, 18),
    (105, 13, 21, 8, 13),
    (106, 14, 10, 4, 29),
    (107, 10, 2, 20, 34),
    (108, 13, 13, 12, 29),
    (109, 12, 17, 24, 28),
    (110, 2, 15, 11, 30),
    (111, 5, 1, 3, 30),
    (112, 4, 14, 10, 24),
    (113, 8, 9, 1, 32),
    (114, 11, 6, 14, 7),
    (115, 12, 21, 15, 1),
    (116, 3, 21, 21, 19),
    (117, 14, 5, 4, 11),
    (118, 1, 21, 24, 11),
    (119, 6, 6, 13, 8),
    (120, 0, 0, 14, 29),
    (121, 4, 4, 8, 26),
    (122, 3, 13, 0, 5),
    (123, 7, 21, 4, 28),
    (124, 0, 18, 3, 7),
    (125, 10, 19, 1, 29),
    (126, 13, 8, 25, 1),
    (127, 15, 21, 24, 8),
    (128, 12, 14, 5, 27),
    (129, 9, 19, 13, 22),
    (130, 11, 20, 20, 22),
    (131, 12, 20, 3, 19),
    (132, 3, 20, 10, 0),
    (133, 6, 18, 16, 28),
    (134, 1, 9, 14, 14),
    (135, 14, 11, 15, 32),
    (136, 10, 7, 3, 14),
    (137, 9, 19, 22, 1),
    (138, 12, 4, 20, 6),
    (139, 8, 16, 11, 0),
    (140, 7, 2, 11, 25),
    (141, 2, 12, 7, 30),
    (142, 8, 19, 12, 13),
    (143, 11, 3, 24, 11),
    (144, 13, 0, 20, 30),
    (145, 12, 7, 12, 20),
    (146, 3, 6, 22, 23),
    (147, 3, 17, 18, 22),
    (148, 8, 16, 19, 9),
    (149, 12, 14, 2, 7),
    (150, 12, 4, 15, 0),
    (151, 5, 21, 2, 1),
    (152, 8, 1, 7, 31),
    (153, 5, 9, 8, 8),
    (154, 8, 0, 16, 12),
    (155, 11, 3, 11, 8),
    (156, 3, 7, 8, 9),
    (157, 15, 19, 21, 18),
    (158, 14, 6, 16, 33),
    (159, 13, 7, 23, 30),
    (160, 4, 4, 6, 11),
    (161, 5, 9, 24, 1),
    (162, 14, 20, 24, 11),
    (163, 3, 0, 20, 17),
    (164, 2, 2, 15, 16),
    (165, 2, 21, 18, 20),
    (166, 14, 4, 22, 6),
    (167, 13, 4, 20, 10);

INSERT INTO T_1_11_5_1 (pk)
VALUES
    (0),
    (1),
    (2),
    (3),
    (4),
    (5),
    (6),
    (7),
    (8),
    (9),
    (10),
    (11),
    (12),
    (13),
    (14),
    (15);

INSERT INTO T_1_11_5_2 (pk)
VALUES
    (0),
    (1),
    (2),
    (3),
    (4),
    (5),
    (6),
    (7),
    (8),
    (9),
    (10),
    (11),
    (12),
    (13),
    (14),
    (15),
    (16),
    (17),
    (18),
    (19),
    (20),
    (21);

INSERT INTO T_1_11_5_3 (pk)
VALUES
    (0),
    (1),
    (2),
    (3),
    (4),
    (5),
    (6),
    (7),
    (8),
    (9),
    (10),
    (11),
    (12),
    (13),
    (14),
    (15),
    (16),
    (17),
    (18),
    (19),
    (20),
    (21),
    (22),
    (23),
    (24),
    (25);

INSERT INTO T_1_11_5_4 (pk)
VALUES
    (0),
    (1),
    (2),
    (3),
    (4),
    (5),
    (6),
    (7),
    (8),
    (9),
    (10),
    (11),
    (12),
    (13),
    (14),
    (15),
    (16),
    (17),
    (18),
    (19),
    (20),
    (21),
    (22),
    (23),
    (24),
    (25),
    (26),
    (27),
    (28),
    (29),
    (30),
    (31),
    (32),
    (33),
    (34);

INSERT INTO T_1_11_6 (pk,
    t_1_11_6_1, t_1_11_6_2, t_1_11_6_3, t_1_11_6_4)
VALUES
    (0, 20, 1, 3, 19),
    (1, 0, 1, 20, 14),
    (2, 3, 2, 20, 10),
    (3, 18, 0, 15, 23),
    (4, 15, 2, 9, 24),
    (5, 12, 1, 8, 4),
    (6, 18, 2, 19, 24),
    (7, 23, 2, 2, 24),
    (8, 13, 0, 13, 9),
    (9, 19, 1, 6, 5),
    (10, 7, 1, 12, 19),
    (11, 4, 2, 19, 5),
    (12, 14, 2, 16, 21),
    (13, 16, 0, 4, 10),
    (14, 17, 1, 0, 14),
    (15, 13, 2, 18, 24),
    (16, 25, 2, 9, 22),
    (17, 11, 2, 1, 20),
    (18, 8, 1, 15, 1),
    (19, 8, 2, 7, 10),
    (20, 19, 2, 12, 23),
    (21, 0, 1, 16, 15),
    (22, 13, 2, 9, 5),
    (23, 23, 2, 4, 18),
    (24, 8, 1, 1, 10),
    (25, 6, 2, 19, 7),
    (26, 0, 0, 20, 13),
    (27, 4, 1, 9, 22),
    (28, 22, 1, 4, 21),
    (29, 16, 0, 16, 17),
    (30, 23, 1, 0, 19),
    (31, 8, 0, 15, 8),
    (32, 16, 0, 12, 16),
    (33, 4, 1, 15, 21),
    (34, 5, 0, 14, 2),
    (35, 1, 2, 2, 11),
    (36, 22, 2, 0, 9),
    (37, 2, 0, 13, 17),
    (38, 14, 2, 11, 8),
    (39, 16, 2, 8, 9),
    (40, 4, 2, 7, 13),
    (41, 20, 1, 16, 17),
    (42, 5, 0, 17, 0),
    (43, 10, 1, 14, 1),
    (44, 4, 1, 12, 24),
    (45, 18, 0, 15, 16),
    (46, 1, 2, 17, 21),
    (47, 12, 1, 15, 15),
    (48, 16, 0, 0, 15),
    (49, 21, 0, 7, 15),
    (50, 13, 2, 14, 7),
    (51, 12, 2, 11, 24),
    (52, 3, 2, 17, 10),
    (53, 18, 2, 10, 18),
    (54, 6, 0, 5, 19),
    (55, 25, 2, 10, 24),
    (56, 2, 2, 1, 18),
    (57, 10, 0, 11, 9),
    (58, 6, 2, 5, 4),
    (59, 2, 1, 7, 24),
    (60, 13, 2, 10, 20),
    (61, 17, 0, 11, 5);

INSERT INTO T_1_11_6_1 (pk)
VALUES
    (0),
    (1),
    (2),
    (3),
    (4),
    (5),
    (6),
    (7),
    (8),
    (9),
    (10),
    (11),
    (12),
    (13),
    (14),
    (15),
    (16),
    (17),
    (18),
    (19),
    (20),
    (21),
    (22),
    (23),
    (24),
    (25);

INSERT INTO T_1_11_6_2 (pk)
VALUES
    (0),
    (1),
    (2);

INSERT INTO T_1_11_6_3 (pk)
VALUES
    (0),
    (1),
    (2),
    (3),
    (4),
    (5),
    (6),
    (7),
    (8),
    (9),
    (10),
    (11),
    (12),
    (13),
    (14),
    (15),
    (16),
    (17),
    (18),
    (19),
    (20);

INSERT INTO T_1_11_6_4 (pk)
VALUES
    (0),
    (1),
    (2),
    (3),
    (4),
    (5),
    (6),
    (7),
    (8),
    (9),
    (10),
    (11),
    (12),
    (13),
    (14),
    (15),
    (16),
    (17),
    (18),
    (19),
    (20),
    (21),
    (22),
    (23),
    (24);

INSERT INTO T_1_11_7 (pk,
    t_1_11_7_1, t_1_11_7_2, t_1_11_7_3, t_1_11_7_4)
VALUES
    (0, 4, 2, 11, 27),
    (1, 1, 28, 2, 5),
    (2, 6, 24, 9, 19),
    (3, 5, 29, 0, 9),
    (4, 3, 12, 2, 19),
    (5, 0, 23, 3, 16),
    (6, 3, 13, 7, 0),
    (7, 1, 26, 12, 19),
    (8, 0, 28, 7, 16),
    (9, 5, 7, 8, 1),
    (10, 3, 22, 8, 19),
    (11, 3, 28, 1, 0),
    (12, 5, 4, 11, 19),
    (13, 4, 12, 9, 22),
    (14, 2, 29, 8, 13),
    (15, 2, 0, 2, 12),
    (16, 3, 7, 13, 10),
    (17, 5, 12, 13, 5),
    (18, 5, 18, 6, 25),
    (19, 5, 19, 7, 1),
    (20, 2, 9, 10, 5),
    (21, 6, 1, 3, 8),
    (22, 4, 12, 7, 6),
    (23, 0, 21, 9, 1),
    (24, 4, 9, 5, 17),
    (25, 1, 4, 4, 14),
    (26, 3, 13, 10, 15),
    (27, 1, 13, 2, 10),
    (28, 4, 11, 8, 24),
    (29, 3, 28, 13, 27),
    (30, 3, 25, 7, 16),
    (31, 3, 13, 9, 21),
    (32, 2, 13, 4, 18),
    (33, 6, 6, 11, 13),
    (34, 5, 6, 3, 25),
    (35, 1, 19, 6, 5),
    (36, 4, 11, 9, 7),
    (37, 5, 7, 14, 20),
    (38, 0, 5, 12, 26),
    (39, 0, 4, 5, 11),
    (40, 3, 1, 1, 15),
    (41, 2, 15, 8, 24),
    (42, 4, 27, 5, 11),
    (43, 2, 14, 8, 10),
    (44, 0, 22, 5, 3),
    (45, 3, 24, 10, 27),
    (46, 4, 9, 13, 23),
    (47, 1, 17, 4, 4),
    (48, 4, 27, 6, 19),
    (49, 6, 21, 0, 18),
    (50, 2, 8, 8, 10),
    (51, 5, 0, 0, 15),
    (52, 5, 14, 6, 6),
    (53, 5, 15, 14, 17),
    (54, 3, 25, 2, 25),
    (55, 4, 24, 12, 1),
    (56, 3, 15, 14, 19),
    (57, 3, 2, 3, 9),
    (58, 6, 25, 8, 3),
    (59, 4, 29, 5, 12),
    (60, 4, 15, 0, 8),
    (61, 6, 28, 11, 2),
    (62, 3, 1, 11, 17),
    (63, 1, 29, 12, 9),
    (64, 1, 28, 14, 27),
    (65, 1, 9, 7, 24),
    (66, 1, 5, 11, 7),
    (67, 1, 28, 12, 10),
    (68, 3, 21, 9, 17),
    (69, 1, 16, 5, 3),
    (70, 2, 7, 8, 0),
    (71, 1, 26, 2, 5),
    (72, 5, 19, 1, 2),
    (73, 5, 20, 0, 25),
    (74, 0, 10, 6, 7),
    (75, 0, 10, 13, 12),
    (76, 0, 5, 11, 10),
    (77, 6, 25, 14, 18),
    (78, 2, 1, 9, 3),
    (79, 6, 11, 0, 6),
    (80, 3, 13, 11, 19),
    (81, 4, 26, 5, 10),
    (82, 5, 17, 10, 10),
    (83, 6, 25, 12, 20),
    (84, 1, 24, 11, 9),
    (85, 0, 29, 14, 7),
    (86, 2, 28, 13, 20),
    (87, 6, 2, 3, 26),
    (88, 4, 5, 6, 19),
    (89, 6, 3, 10, 22),
    (90, 5, 9, 13, 25),
    (91, 6, 14, 9, 8),
    (92, 3, 20, 8, 24),
    (93, 5, 1, 3, 7),
    (94, 4, 24, 4, 27),
    (95, 4, 5, 12, 23),
    (96, 2, 3, 10, 0),
    (97, 6, 28, 2, 6),
    (98, 5, 24, 4, 1),
    (99, 6, 14, 1, 13),
    (100, 0, 21, 6, 12),
    (101, 2, 21, 7, 15),
    (102, 6, 27, 6, 24),
    (103, 1, 17, 9, 2),
    (104, 2, 28, 11, 16),
    (105, 2, 7, 0, 8),
    (106, 3, 18, 12, 12),
    (107, 4, 29, 12, 3),
    (108, 3, 10, 2, 8);

INSERT INTO T_1_11_7_1 (pk)
VALUES
    (0),
    (1),
    (2),
    (3),
    (4),
    (5),
    (6);

INSERT INTO T_1_11_7_2 (pk)
VALUES
    (0),
    (1),
    (2),
    (3),
    (4),
    (5),
    (6),
    (7),
    (8),
    (9),
    (10),
    (11),
    (12),
    (13),
    (14),
    (15),
    (16),
    (17),
    (18),
    (19),
    (20),
    (21),
    (22),
    (23),
    (24),
    (25),
    (26),
    (27),
    (28),
    (29);

INSERT INTO T_1_11_7_3 (pk)
VALUES
    (0),
    (1),
    (2),
    (3),
    (4),
    (5),
    (6),
    (7),
    (8),
    (9),
    (10),
    (11),
    (12),
    (13),
    (14);

INSERT INTO T_1_11_7_4 (pk)
VALUES
    (0),
    (1),
    (2),
    (3),
    (4),
    (5),
    (6),
    (7),
    (8),
    (9),
    (10),
    (11),
    (12),
    (13),
    (14),
    (15),
    (16),
    (17),
    (18),
    (19),
    (20),
    (21),
    (22),
    (23),
    (24),
    (25),
    (26),
    (27);

INSERT INTO T_1_11_8 (pk,
    t_1_11_8_1, t_1_11_8_2, t_1_11_8_3, t_1_11_8_4)
VALUES
    (0, 20, 10, 2, 4),
    (1, 17, 3, 2, 9),
    (2, 2, 11, 2, 3),
    (3, 1, 8, 0, 7),
    (4, 10, 4, 2, 4),
    (5, 15, 2, 0, 10),
    (6, 0, 5, 1, 6),
    (7, 10, 8, 2, 6),
    (8, 11, 7, 0, 4),
    (9, 16, 9, 2, 9),
    (10, 19, 1, 0, 2),
    (11, 2, 9, 2, 10),
    (12, 4, 4, 1, 10),
    (13, 10, 6, 0, 8),
    (14, 0, 3, 0, 3),
    (15, 8, 11, 0, 6),
    (16, 15, 12, 1, 6),
    (17, 4, 8, 1, 2),
    (18, 6, 4, 1, 9),
    (19, 16, 0, 1, 3),
    (20, 0, 4, 1, 2),
    (21, 2, 1, 1, 1),
    (22, 1, 2, 1, 0),
    (23, 9, 7, 2, 9),
    (24, 13, 7, 0, 0),
    (25, 8, 8, 1, 0),
    (26, 19, 12, 1, 7),
    (27, 13, 11, 2, 1),
    (28, 8, 6, 2, 1),
    (29, 1, 4, 2, 7),
    (30, 2, 3, 1, 10),
    (31, 0, 9, 0, 5),
    (32, 3, 3, 0, 6),
    (33, 8, 5, 1, 2),
    (34, 18, 2, 2, 0),
    (35, 15, 6, 0, 5),
    (36, 4, 11, 1, 10),
    (37, 4, 7, 2, 0),
    (38, 4, 11, 1, 1),
    (39, 5, 12, 2, 2),
    (40, 20, 7, 2, 6),
    (41, 10, 6, 1, 6),
    (42, 5, 12, 0, 3),
    (43, 6, 4, 2, 0),
    (44, 12, 11, 1, 1),
    (45, 8, 1, 2, 7),
    (46, 17, 6, 1, 6),
    (47, 5, 6, 0, 5),
    (48, 1, 12, 0, 6),
    (49, 0, 12, 1, 10),
    (50, 1, 9, 0, 5),
    (51, 10, 5, 2, 7),
    (52, 14, 3, 2, 0),
    (53, 16, 5, 1, 4),
    (54, 3, 2, 2, 9),
    (55, 20, 10, 1, 7),
    (56, 5, 0, 0, 6),
    (57, 8, 2, 0, 7),
    (58, 17, 0, 2, 8),
    (59, 0, 11, 1, 1),
    (60, 13, 2, 0, 10),
    (61, 11, 3, 0, 1),
    (62, 3, 9, 1, 9),
    (63, 0, 7, 0, 7),
    (64, 1, 11, 1, 0),
    (65, 0, 5, 1, 5),
    (66, 17, 1, 1, 10),
    (67, 5, 6, 2, 0),
    (68, 18, 10, 0, 7),
    (69, 7, 5, 2, 8),
    (70, 10, 7, 1, 3),
    (71, 19, 5, 2, 10),
    (72, 8, 2, 1, 5),
    (73, 4, 6, 0, 9),
    (74, 18, 9, 1, 4),
    (75, 2, 7, 1, 2),
    (76, 0, 7, 1, 8),
    (77, 8, 3, 1, 10),
    (78, 16, 8, 2, 6),
    (79, 16, 9, 0, 1),
    (80, 11, 12, 0, 7),
    (81, 6, 7, 1, 1),
    (82, 17, 11, 1, 7),
    (83, 5, 12, 2, 2),
    (84, 5, 1, 2, 6),
    (85, 11, 8, 2, 7),
    (86, 2, 1, 2, 4),
    (87, 14, 4, 0, 7),
    (88, 2, 8, 0, 4),
    (89, 19, 7, 0, 2),
    (90, 6, 4, 1, 3),
    (91, 13, 1, 2, 4),
    (92, 1, 12, 1, 4),
    (93, 16, 7, 0, 7),
    (94, 8, 1, 1, 10),
    (95, 18, 6, 1, 0),
    (96, 11, 3, 0, 6),
    (97, 20, 4, 2, 9),
    (98, 7, 1, 0, 7),
    (99, 8, 5, 0, 3),
    (100, 7, 8, 1, 3),
    (101, 17, 9, 1, 10),
    (102, 19, 6, 0, 9),
    (103, 2, 9, 1, 5),
    (104, 10, 3, 1, 10),
    (105, 3, 1, 1, 6),
    (106, 19, 12, 1, 3),
    (107, 11, 3, 0, 10),
    (108, 3, 1, 0, 1);

INSERT INTO T_1_11_8_1 (pk)
VALUES
    (0),
    (1),
    (2),
    (3),
    (4),
    (5),
    (6),
    (7),
    (8),
    (9),
    (10),
    (11),
    (12),
    (13),
    (14),
    (15),
    (16),
    (17),
    (18),
    (19),
    (20);

INSERT INTO T_1_11_8_2 (pk)
VALUES
    (0),
    (1),
    (2),
    (3),
    (4),
    (5),
    (6),
    (7),
    (8),
    (9),
    (10),
    (11),
    (12);

INSERT INTO T_1_11_8_3 (pk)
VALUES
    (0),
    (1),
    (2);

INSERT INTO T_1_11_8_4 (pk)
VALUES
    (0),
    (1),
    (2),
    (3),
    (4),
    (5),
    (6),
    (7),
    (8),
    (9),
    (10);

INSERT INTO T_1_12 (pk,
    t_1_12_1, t_1_12_2, t_1_12_3, t_1_12_4, t_1_12_5, t_1_12_6, t_1_12_7, t_1_12_8)
VALUES
    (0, 6, 76, 82, 16, 21, 60, 78, 33),
    (1, 143, 1, 101, 71, 49, 168, 128, 151),
    (2, 82, 6, 84, 16, 68, 155, 147, 177),
    (3, 51, 135, 107, 110, 83, 48, 74, 15),
    (4, 116, 7, 101, 19, 40, 161, 132, 54),
    (5, 71, 9, 122, 113, 23, 165, 135, 93),
    (6, 44, 126, 69, 18, 76, 119, 128, 110),
    (7, 39, 108, 93, 52, 38, 87, 106, 179),
    (8, 139, 123, 93, 23, 81, 185, 35, 72),
    (9, 14, 69, 3, 110, 13, 141, 158, 56),
    (10, 91, 41, 103, 117, 49, 126, 49, 16),
    (11, 14, 8, 82, 65, 42, 175, 47, 175),
    (12, 97, 82, 2, 115, 18, 144, 99, 6),
    (13, 57, 60, 14, 39, 79, 65, 141, 68),
    (14, 2, 60, 99, 51, 11, 21, 10, 115),
    (15, 19, 150, 91, 57, 55, 115, 139, 162),
    (16, 51, 142, 124, 14, 72, 79, 97, 83),
    (17, 80, 81, 128, 114, 68, 114, 154, 107),
    (18, 126, 65, 127, 7, 0, 4, 16, 17),
    (19, 16, 136, 103, 99, 19, 147, 49, 102),
    (20, 140, 45, 18, 7, 47, 77, 36, 133),
    (21, 27, 121, 70, 89, 55, 127, 108, 16),
    (22, 121, 86, 117, 85, 73, 192, 39, 96),
    (23, 47, 135, 95, 63, 69, 37, 115, 0),
    (24, 39, 132, 33, 94, 74, 16, 22, 144),
    (25, 0, 157, 31, 103, 68, 139, 11, 73),
    (26, 98, 14, 62, 10, 43, 124, 73, 49),
    (27, 11, 52, 127, 20, 22, 77, 110, 144);

INSERT INTO T_1_12_1 (pk)
VALUES
    (0),
    (1),
    (2),
    (3),
    (4),
    (5),
    (6),
    (7),
    (8),
    (9),
    (10),
    (11),
    (12),
    (13),
    (14),
    (15),
    (16),
    (17),
    (18),
    (19),
    (20),
    (21),
    (22),
    (23),
    (24),
    (25),
    (26),
    (27),
    (28),
    (29),
    (30),
    (31),
    (32),
    (33),
    (34),
    (35),
    (36),
    (37),
    (38),
    (39),
    (40),
    (41),
    (42),
    (43),
    (44),
    (45),
    (46),
    (47),
    (48),
    (49),
    (50),
    (51),
    (52),
    (53),
    (54),
    (55),
    (56),
    (57),
    (58),
    (59),
    (60),
    (61),
    (62),
    (63),
    (64),
    (65),
    (66),
    (67),
    (68),
    (69),
    (70),
    (71),
    (72),
    (73),
    (74),
    (75),
    (76),
    (77),
    (78),
    (79),
    (80),
    (81),
    (82),
    (83),
    (84),
    (85),
    (86),
    (87),
    (88),
    (89),
    (90),
    (91),
    (92),
    (93),
    (94),
    (95),
    (96),
    (97),
    (98),
    (99),
    (100),
    (101),
    (102),
    (103),
    (104),
    (105),
    (106),
    (107),
    (108),
    (109),
    (110),
    (111),
    (112),
    (113),
    (114),
    (115),
    (116),
    (117),
    (118),
    (119),
    (120),
    (121),
    (122),
    (123),
    (124),
    (125),
    (126),
    (127),
    (128),
    (129),
    (130),
    (131),
    (132),
    (133),
    (134),
    (135),
    (136),
    (137),
    (138),
    (139),
    (140),
    (141),
    (142),
    (143),
    (144),
    (145),
    (146),
    (147);

INSERT INTO T_1_12_2 (pk)
VALUES
    (0),
    (1),
    (2),
    (3),
    (4),
    (5),
    (6),
    (7),
    (8),
    (9),
    (10),
    (11),
    (12),
    (13),
    (14),
    (15),
    (16),
    (17),
    (18),
    (19),
    (20),
    (21),
    (22),
    (23),
    (24),
    (25),
    (26),
    (27),
    (28),
    (29),
    (30),
    (31),
    (32),
    (33),
    (34),
    (35),
    (36),
    (37),
    (38),
    (39),
    (40),
    (41),
    (42),
    (43),
    (44),
    (45),
    (46),
    (47),
    (48),
    (49),
    (50),
    (51),
    (52),
    (53),
    (54),
    (55),
    (56),
    (57),
    (58),
    (59),
    (60),
    (61),
    (62),
    (63),
    (64),
    (65),
    (66),
    (67),
    (68),
    (69),
    (70),
    (71),
    (72),
    (73),
    (74),
    (75),
    (76),
    (77),
    (78),
    (79),
    (80),
    (81),
    (82),
    (83),
    (84),
    (85),
    (86),
    (87),
    (88),
    (89),
    (90),
    (91),
    (92),
    (93),
    (94),
    (95),
    (96),
    (97),
    (98),
    (99),
    (100),
    (101),
    (102),
    (103),
    (104),
    (105),
    (106),
    (107),
    (108),
    (109),
    (110),
    (111),
    (112),
    (113),
    (114),
    (115),
    (116),
    (117),
    (118),
    (119),
    (120),
    (121),
    (122),
    (123),
    (124),
    (125),
    (126),
    (127),
    (128),
    (129),
    (130),
    (131),
    (132),
    (133),
    (134),
    (135),
    (136),
    (137),
    (138),
    (139),
    (140),
    (141),
    (142),
    (143),
    (144),
    (145),
    (146),
    (147),
    (148),
    (149),
    (150),
    (151),
    (152),
    (153),
    (154),
    (155),
    (156),
    (157),
    (158),
    (159),
    (160),
    (161),
    (162),
    (163),
    (164),
    (165),
    (166),
    (167),
    (168),
    (169),
    (170),
    (171),
    (172),
    (173),
    (174),
    (175);

INSERT INTO T_1_12_3 (pk)
VALUES
    (0),
    (1),
    (2),
    (3),
    (4),
    (5),
    (6),
    (7),
    (8),
    (9),
    (10),
    (11),
    (12),
    (13),
    (14),
    (15),
    (16),
    (17),
    (18),
    (19),
    (20),
    (21),
    (22),
    (23),
    (24),
    (25),
    (26),
    (27),
    (28),
    (29),
    (30),
    (31),
    (32),
    (33),
    (34),
    (35),
    (36),
    (37),
    (38),
    (39),
    (40),
    (41),
    (42),
    (43),
    (44),
    (45),
    (46),
    (47),
    (48),
    (49),
    (50),
    (51),
    (52),
    (53),
    (54),
    (55),
    (56),
    (57),
    (58),
    (59),
    (60),
    (61),
    (62),
    (63),
    (64),
    (65),
    (66),
    (67),
    (68),
    (69),
    (70),
    (71),
    (72),
    (73),
    (74),
    (75),
    (76),
    (77),
    (78),
    (79),
    (80),
    (81),
    (82),
    (83),
    (84),
    (85),
    (86),
    (87),
    (88),
    (89),
    (90),
    (91),
    (92),
    (93),
    (94),
    (95),
    (96),
    (97),
    (98),
    (99),
    (100),
    (101),
    (102),
    (103),
    (104),
    (105),
    (106),
    (107),
    (108),
    (109),
    (110),
    (111),
    (112),
    (113),
    (114),
    (115),
    (116),
    (117),
    (118),
    (119),
    (120),
    (121),
    (122),
    (123),
    (124),
    (125),
    (126),
    (127),
    (128),
    (129),
    (130),
    (131);

INSERT INTO T_1_12_4 (pk)
VALUES
    (0),
    (1),
    (2),
    (3),
    (4),
    (5),
    (6),
    (7),
    (8),
    (9),
    (10),
    (11),
    (12),
    (13),
    (14),
    (15),
    (16),
    (17),
    (18),
    (19),
    (20),
    (21),
    (22),
    (23),
    (24),
    (25),
    (26),
    (27),
    (28),
    (29),
    (30),
    (31),
    (32),
    (33),
    (34),
    (35),
    (36),
    (37),
    (38),
    (39),
    (40),
    (41),
    (42),
    (43),
    (44),
    (45),
    (46),
    (47),
    (48),
    (49),
    (50),
    (51),
    (52),
    (53),
    (54),
    (55),
    (56),
    (57),
    (58),
    (59),
    (60),
    (61),
    (62),
    (63),
    (64),
    (65),
    (66),
    (67),
    (68),
    (69),
    (70),
    (71),
    (72),
    (73),
    (74),
    (75),
    (76),
    (77),
    (78),
    (79),
    (80),
    (81),
    (82),
    (83),
    (84),
    (85),
    (86),
    (87),
    (88),
    (89),
    (90),
    (91),
    (92),
    (93),
    (94),
    (95),
    (96),
    (97),
    (98),
    (99),
    (100),
    (101),
    (102),
    (103),
    (104),
    (105),
    (106),
    (107),
    (108),
    (109),
    (110),
    (111),
    (112),
    (113),
    (114),
    (115),
    (116),
    (117);

INSERT INTO T_1_12_5 (pk,
    t_1_12_5_1, t_1_12_5_2, t_1_12_5_3, t_1_12_5_4)
VALUES
    (0, 13, 3, 9, 7),
    (1, 4, 0, 17, 19),
    (2, 14, 5, 18, 1),
    (3, 11, 2, 18, 18),
    (4, 15, 4, 3, 5),
    (5, 6, 3, 5, 8),
    (6, 5, 7, 1, 13),
    (7, 7, 5, 4, 15),
    (8, 18, 3, 6, 4),
    (9, 8, 4, 17, 8),
    (10, 8, 3, 17, 1),
    (11, 7, 5, 9, 12),
    (12, 1, 7, 11, 2),
    (13, 12, 0, 6, 17),
    (14, 16, 4, 4, 7),
    (15, 11, 3, 2, 18),
    (16, 18, 0, 6, 18),
    (17, 20, 5, 9, 8),
    (18, 16, 7, 6, 17),
    (19, 2, 3, 10, 19),
    (20, 10, 3, 18, 6),
    (21, 19, 5, 5, 16),
    (22, 14, 1, 3, 10),
    (23, 14, 2, 3, 9),
    (24, 16, 4, 19, 1),
    (25, 10, 2, 10, 14),
    (26, 19, 4, 3, 18),
    (27, 19, 7, 15, 5),
    (28, 4, 7, 1, 0),
    (29, 6, 0, 18, 14),
    (30, 10, 0, 18, 12),
    (31, 1, 7, 14, 11),
    (32, 5, 2, 8, 8),
    (33, 2, 4, 5, 2),
    (34, 7, 2, 19, 9),
    (35, 13, 6, 4, 14),
    (36, 14, 3, 12, 17),
    (37, 9, 6, 0, 6),
    (38, 5, 6, 4, 8),
    (39, 2, 3, 5, 2),
    (40, 5, 0, 1, 12),
    (41, 17, 2, 11, 10),
    (42, 1, 6, 15, 12),
    (43, 0, 5, 19, 6),
    (44, 10, 0, 9, 12),
    (45, 19, 5, 11, 12),
    (46, 18, 5, 14, 3),
    (47, 12, 6, 10, 7),
    (48, 17, 5, 1, 15),
    (49, 6, 6, 2, 17),
    (50, 16, 2, 15, 12),
    (51, 5, 6, 8, 13),
    (52, 10, 2, 9, 19),
    (53, 12, 1, 10, 1),
    (54, 18, 6, 17, 18),
    (55, 5, 5, 17, 11),
    (56, 6, 2, 5, 7),
    (57, 11, 0, 0, 4),
    (58, 18, 4, 20, 3),
    (59, 17, 2, 7, 5),
    (60, 8, 7, 19, 19),
    (61, 2, 3, 10, 16),
    (62, 19, 4, 2, 18),
    (63, 1, 0, 20, 1),
    (64, 7, 5, 9, 10),
    (65, 5, 1, 8, 16),
    (66, 16, 1, 8, 19),
    (67, 20, 2, 17, 1),
    (68, 19, 3, 19, 11),
    (69, 17, 1, 5, 10),
    (70, 12, 7, 15, 16),
    (71, 2, 4, 18, 16),
    (72, 5, 5, 3, 18),
    (73, 17, 0, 17, 17),
    (74, 15, 1, 2, 0),
    (75, 10, 2, 18, 12),
    (76, 16, 0, 15, 19),
    (77, 9, 7, 3, 3),
    (78, 16, 5, 18, 4),
    (79, 6, 7, 1, 16),
    (80, 2, 3, 6, 19),
    (81, 15, 4, 9, 18),
    (82, 7, 1, 14, 16),
    (83, 1, 1, 19, 8);

INSERT INTO T_1_12_5_1 (pk)
VALUES
    (0),
    (1),
    (2),
    (3),
    (4),
    (5),
    (6),
    (7),
    (8),
    (9),
    (10),
    (11),
    (12),
    (13),
    (14),
    (15),
    (16),
    (17),
    (18),
    (19),
    (20);

INSERT INTO T_1_12_5_2 (pk)
VALUES
    (0),
    (1),
    (2),
    (3),
    (4),
    (5),
    (6),
    (7);

INSERT INTO T_1_12_5_3 (pk)
VALUES
    (0),
    (1),
    (2),
    (3),
    (4),
    (5),
    (6),
    (7),
    (8),
    (9),
    (10),
    (11),
    (12),
    (13),
    (14),
    (15),
    (16),
    (17),
    (18),
    (19),
    (20);

INSERT INTO T_1_12_5_4 (pk)
VALUES
    (0),
    (1),
    (2),
    (3),
    (4),
    (5),
    (6),
    (7),
    (8),
    (9),
    (10),
    (11),
    (12),
    (13),
    (14),
    (15),
    (16),
    (17),
    (18),
    (19),
    (20);

INSERT INTO T_1_12_6 (pk,
    t_1_12_6_1, t_1_12_6_2, t_1_12_6_3, t_1_12_6_4)
VALUES
    (0, 1, 3, 19, 1),
    (1, 8, 8, 14, 11),
    (2, 8, 5, 10, 7),
    (3, 11, 7, 7, 9),
    (4, 1, 6, 17, 0),
    (5, 12, 6, 6, 4),
    (6, 3, 9, 0, 3),
    (7, 3, 2, 14, 12),
    (8, 6, 9, 6, 9),
    (9, 5, 6, 20, 6),
    (10, 5, 9, 18, 9),
    (11, 8, 3, 2, 11),
    (12, 7, 1, 1, 7),
    (13, 2, 7, 20, 4),
    (14, 2, 1, 14, 2),
    (15, 9, 3, 10, 6),
    (16, 6, 8, 16, 5),
    (17, 4, 5, 15, 4),
    (18, 11, 8, 16, 12),
    (19, 5, 3, 17, 10),
    (20, 10, 6, 13, 11),
    (21, 2, 0, 9, 7),
    (22, 4, 9, 12, 7),
    (23, 3, 6, 12, 4),
    (24, 9, 2, 4, 4),
    (25, 4, 4, 19, 4),
    (26, 7, 1, 19, 4),
    (27, 6, 1, 15, 3),
    (28, 8, 2, 14, 4),
    (29, 0, 7, 7, 8),
    (30, 12, 3, 8, 0),
    (31, 1, 3, 14, 0),
    (32, 10, 0, 7, 11),
    (33, 11, 3, 8, 7),
    (34, 4, 3, 1, 1),
    (35, 5, 9, 6, 8),
    (36, 11, 1, 2, 2),
    (37, 12, 1, 8, 6),
    (38, 7, 4, 15, 0),
    (39, 7, 5, 16, 5),
    (40, 0, 6, 8, 9),
    (41, 4, 5, 20, 12),
    (42, 0, 2, 1, 7),
    (43, 5, 2, 13, 0),
    (44, 9, 4, 9, 1),
    (45, 8, 3, 17, 7),
    (46, 3, 1, 2, 9),
    (47, 12, 4, 20, 0),
    (48, 0, 2, 20, 10),
    (49, 0, 4, 19, 9),
    (50, 12, 6, 13, 1),
    (51, 8, 8, 9, 5),
    (52, 6, 8, 2, 12),
    (53, 9, 1, 18, 7),
    (54, 4, 1, 19, 8),
    (55, 7, 5, 9, 4),
    (56, 9, 3, 13, 3),
    (57, 12, 9, 15, 3),
    (58, 8, 9, 14, 11),
    (59, 1, 6, 14, 6),
    (60, 6, 5, 2, 8),
    (61, 12, 8, 8, 12),
    (62, 1, 2, 9, 6),
    (63, 1, 4, 8, 12),
    (64, 4, 5, 20, 2),
    (65, 6, 9, 9, 0),
    (66, 7, 5, 1, 11),
    (67, 0, 9, 12, 7),
    (68, 9, 2, 13, 7),
    (69, 7, 3, 5, 5),
    (70, 5, 4, 13, 0),
    (71, 6, 2, 14, 11),
    (72, 5, 0, 4, 11),
    (73, 6, 4, 5, 1),
    (74, 8, 1, 4, 10),
    (75, 12, 1, 0, 0),
    (76, 9, 8, 5, 2),
    (77, 4, 3, 14, 11),
    (78, 10, 3, 4, 11),
    (79, 1, 6, 7, 0),
    (80, 1, 6, 7, 10),
    (81, 8, 4, 19, 0),
    (82, 6, 6, 1, 2),
    (83, 6, 7, 16, 10),
    (84, 6, 6, 3, 12),
    (85, 1, 3, 17, 5),
    (86, 11, 5, 3, 10),
    (87, 1, 6, 9, 12),
    (88, 9, 7, 7, 3),
    (89, 10, 1, 9, 7),
    (90, 10, 6, 16, 4),
    (91, 1, 1, 17, 9),
    (92, 3, 2, 4, 5),
    (93, 7, 2, 6, 4),
    (94, 2, 8, 5, 4),
    (95, 9, 6, 8, 11),
    (96, 9, 9, 0, 12),
    (97, 10, 6, 6, 12),
    (98, 5, 3, 20, 3),
    (99, 1, 9, 5, 7),
    (100, 0, 4, 7, 12),
    (101, 8, 5, 9, 11),
    (102, 9, 5, 17, 11),
    (103, 4, 3, 16, 10),
    (104, 0, 9, 8, 8),
    (105, 5, 5, 19, 2),
    (106, 2, 0, 2, 10),
    (107, 5, 8, 5, 11),
    (108, 5, 2, 6, 11),
    (109, 9, 4, 0, 5),
    (110, 10, 8, 13, 5),
    (111, 6, 3, 17, 7),
    (112, 5, 3, 4, 7),
    (113, 8, 5, 9, 8),
    (114, 3, 5, 11, 0),
    (115, 3, 3, 15, 2),
    (116, 5, 1, 16, 3),
    (117, 7, 7, 13, 7),
    (118, 7, 1, 9, 11),
    (119, 8, 8, 5, 0),
    (120, 6, 3, 6, 7),
    (121, 4, 7, 4, 3),
    (122, 4, 1, 4, 2),
    (123, 7, 9, 20, 0),
    (124, 7, 2, 18, 5),
    (125, 11, 0, 6, 9),
    (126, 1, 1, 3, 7),
    (127, 3, 5, 9, 8),
    (128, 6, 8, 2, 2),
    (129, 3, 4, 10, 10),
    (130, 7, 7, 12, 3),
    (131, 10, 2, 7, 8),
    (132, 7, 0, 5, 4),
    (133, 10, 4, 3, 1),
    (134, 12, 1, 14, 4),
    (135, 12, 8, 11, 12),
    (136, 8, 9, 12, 9),
    (137, 12, 6, 8, 3),
    (138, 3, 8, 13, 9),
    (139, 10, 7, 20, 0),
    (140, 3, 5, 1, 4),
    (141, 2, 1, 11, 6),
    (142, 6, 7, 20, 5),
    (143, 7, 3, 3, 10),
    (144, 1, 9, 19, 0),
    (145, 1, 3, 12, 4),
    (146, 5, 3, 16, 9),
    (147, 4, 9, 3, 7),
    (148, 8, 8, 10, 12),
    (149, 1, 5, 6, 11),
    (150, 12, 3, 14, 0),
    (151, 8, 0, 3, 8),
    (152, 6, 4, 10, 1),
    (153, 12, 6, 15, 11),
    (154, 8, 9, 14, 12),
    (155, 3, 2, 9, 4),
    (156, 5, 3, 13, 9),
    (157, 4, 4, 11, 11),
    (158, 9, 4, 13, 8),
    (159, 10, 1, 11, 7),
    (160, 2, 7, 1, 2),
    (161, 7, 0, 16, 4),
    (162, 3, 2, 9, 3),
    (163, 6, 7, 3, 7),
    (164, 5, 5, 17, 1),
    (165, 7, 1, 20, 12),
    (166, 9, 7, 19, 8),
    (167, 5, 9, 4, 0),
    (168, 12, 5, 8, 0),
    (169, 9, 7, 7, 6),
    (170, 10, 1, 2, 1),
    (171, 3, 0, 9, 6),
    (172, 8, 7, 0, 12),
    (173, 5, 1, 8, 11),
    (174, 2, 9, 13, 10),
    (175, 1, 1, 11, 7),
    (176, 6, 2, 0, 10),
    (177, 3, 1, 19, 12),
    (178, 2, 8, 1, 5),
    (179, 10, 3, 10, 0),
    (180, 9, 9, 17, 11),
    (181, 1, 1, 14, 3),
    (182, 7, 7, 13, 3),
    (183, 11, 3, 20, 8),
    (184, 8, 5, 8, 4),
    (185, 6, 4, 9, 5),
    (186, 4, 9, 16, 8),
    (187, 1, 5, 19, 10),
    (188, 12, 4, 12, 7),
    (189, 12, 2, 5, 8),
    (190, 0, 7, 17, 6),
    (191, 3, 7, 6, 3),
    (192, 2, 4, 8, 6);

INSERT INTO T_1_12_6_1 (pk)
VALUES
    (0),
    (1),
    (2),
    (3),
    (4),
    (5),
    (6),
    (7),
    (8),
    (9),
    (10),
    (11),
    (12);

INSERT INTO T_1_12_6_2 (pk)
VALUES
    (0),
    (1),
    (2),
    (3),
    (4),
    (5),
    (6),
    (7),
    (8),
    (9);

INSERT INTO T_1_12_6_3 (pk)
VALUES
    (0),
    (1),
    (2),
    (3),
    (4),
    (5),
    (6),
    (7),
    (8),
    (9),
    (10),
    (11),
    (12),
    (13),
    (14),
    (15),
    (16),
    (17),
    (18),
    (19),
    (20);

INSERT INTO T_1_12_6_4 (pk)
VALUES
    (0),
    (1),
    (2),
    (3),
    (4),
    (5),
    (6),
    (7),
    (8),
    (9),
    (10),
    (11),
    (12);

INSERT INTO T_1_12_7 (pk,
    t_1_12_7_1, t_1_12_7_2, t_1_12_7_3, t_1_12_7_4)
VALUES
    (0, 2, 11, 4, 15),
    (1, 8, 8, 8, 26),
    (2, 12, 1, 15, 26),
    (3, 0, 6, 17, 24),
    (4, 7, 2, 12, 11),
    (5, 12, 0, 14, 6),
    (6, 5, 10, 10, 19),
    (7, 0, 6, 20, 1),
    (8, 1, 1, 12, 17),
    (9, 14, 10, 17, 24),
    (10, 10, 10, 6, 12),
    (11, 15, 8, 9, 25),
    (12, 6, 5, 0, 3),
    (13, 17, 0, 0, 16),
    (14, 18, 7, 8, 21),
    (15, 9, 3, 10, 11),
    (16, 19, 7, 4, 11),
    (17, 18, 0, 3, 24),
    (18, 19, 7, 15, 6),
    (19, 2, 3, 7, 4),
    (20, 18, 4, 1, 24),
    (21, 19, 3, 7, 23),
    (22, 4, 5, 17, 26),
    (23, 18, 2, 1, 27),
    (24, 14, 1, 7, 22),
    (25, 13, 8, 2, 10),
    (26, 11, 0, 12, 15),
    (27, 13, 4, 7, 6),
    (28, 19, 0, 3, 12),
    (29, 1, 4, 17, 18),
    (30, 16, 3, 15, 15),
    (31, 12, 0, 2, 27),
    (32, 17, 11, 10, 1),
    (33, 1, 4, 0, 18),
    (34, 5, 8, 19, 15),
    (35, 18, 2, 11, 6),
    (36, 0, 7, 5, 27),
    (37, 3, 8, 11, 19),
    (38, 5, 4, 2, 8),
    (39, 17, 3, 6, 14),
    (40, 19, 2, 8, 6),
    (41, 18, 2, 13, 16),
    (42, 8, 10, 6, 13),
    (43, 11, 9, 2, 16),
    (44, 12, 3, 13, 18),
    (45, 15, 5, 3, 13),
    (46, 11, 2, 7, 9),
    (47, 16, 0, 10, 13),
    (48, 11, 1, 4, 9),
    (49, 9, 5, 17, 24),
    (50, 4, 7, 4, 0),
    (51, 16, 11, 18, 1),
    (52, 12, 4, 5, 1),
    (53, 10, 2, 2, 18),
    (54, 13, 6, 6, 15),
    (55, 14, 6, 15, 3),
    (56, 17, 1, 15, 26),
    (57, 0, 5, 14, 9),
    (58, 8, 1, 8, 9),
    (59, 16, 3, 0, 23),
    (60, 2, 9, 2, 3),
    (61, 18, 6, 4, 8),
    (62, 11, 4, 0, 11),
    (63, 14, 2, 15, 11),
    (64, 13, 11, 2, 7),
    (65, 1, 2, 10, 21),
    (66, 15, 6, 17, 11),
    (67, 8, 0, 12, 17),
    (68, 15, 1, 19, 23),
    (69, 17, 3, 1, 24),
    (70, 16, 6, 15, 9),
    (71, 17, 7, 19, 9),
    (72, 0, 0, 9, 0),
    (73, 2, 6, 3, 25),
    (74, 15, 1, 12, 26),
    (75, 5, 1, 6, 18),
    (76, 16, 5, 16, 2),
    (77, 4, 5, 3, 13),
    (78, 13, 7, 18, 20),
    (79, 8, 5, 10, 1),
    (80, 13, 8, 10, 15),
    (81, 1, 9, 2, 18),
    (82, 13, 0, 7, 24),
    (83, 12, 2, 20, 3),
    (84, 17, 8, 10, 26),
    (85, 17, 8, 0, 20),
    (86, 1, 11, 4, 17),
    (87, 12, 10, 12, 20),
    (88, 11, 3, 9, 8),
    (89, 18, 10, 14, 0),
    (90, 5, 11, 3, 18),
    (91, 12, 5, 17, 27),
    (92, 12, 4, 11, 10),
    (93, 4, 4, 16, 21),
    (94, 12, 3, 18, 25),
    (95, 4, 3, 6, 12),
    (96, 17, 7, 9, 23),
    (97, 12, 7, 2, 19),
    (98, 7, 5, 4, 10),
    (99, 1, 0, 14, 2),
    (100, 16, 11, 13, 2),
    (101, 10, 8, 10, 0),
    (102, 4, 11, 20, 18),
    (103, 18, 4, 15, 13),
    (104, 9, 1, 17, 13),
    (105, 19, 5, 0, 24),
    (106, 17, 1, 11, 23),
    (107, 15, 8, 13, 9),
    (108, 2, 9, 13, 27),
    (109, 18, 7, 5, 3),
    (110, 5, 9, 15, 18),
    (111, 2, 2, 6, 19),
    (112, 14, 3, 8, 16),
    (113, 5, 9, 8, 21),
    (114, 15, 6, 6, 13),
    (115, 17, 2, 13, 8),
    (116, 13, 8, 1, 18),
    (117, 16, 11, 19, 0),
    (118, 3, 7, 1, 18),
    (119, 6, 5, 8, 18),
    (120, 18, 9, 18, 15),
    (121, 9, 4, 15, 23),
    (122, 5, 2, 20, 5),
    (123, 12, 1, 8, 27),
    (124, 6, 4, 12, 23),
    (125, 18, 10, 20, 2),
    (126, 0, 2, 12, 27),
    (127, 9, 5, 4, 7),
    (128, 9, 5, 19, 15),
    (129, 4, 4, 14, 3),
    (130, 2, 4, 0, 6),
    (131, 19, 2, 2, 6),
    (132, 4, 6, 10, 20),
    (133, 1, 7, 20, 24),
    (134, 3, 9, 2, 11),
    (135, 1, 0, 15, 6),
    (136, 13, 0, 2, 1),
    (137, 0, 2, 8, 0),
    (138, 9, 3, 20, 5),
    (139, 3, 9, 14, 14),
    (140, 5, 4, 6, 13),
    (141, 18, 1, 4, 0),
    (142, 6, 9, 20, 5),
    (143, 18, 0, 11, 17),
    (144, 0, 11, 13, 0),
    (145, 12, 2, 10, 5),
    (146, 7, 10, 20, 17),
    (147, 1, 4, 18, 12),
    (148, 9, 4, 1, 16),
    (149, 13, 9, 17, 6),
    (150, 6, 1, 20, 13),
    (151, 17, 5, 8, 8),
    (152, 17, 5, 14, 12),
    (153, 7, 11, 12, 24),
    (154, 1, 5, 4, 9),
    (155, 6, 11, 5, 14),
    (156, 7, 3, 12, 2),
    (157, 10, 3, 16, 4),
    (158, 11, 8, 14, 24),
    (159, 9, 3, 11, 13),
    (160, 11, 4, 13, 23);

INSERT INTO T_1_12_7_1 (pk)
VALUES
    (0),
    (1),
    (2),
    (3),
    (4),
    (5),
    (6),
    (7),
    (8),
    (9),
    (10),
    (11),
    (12),
    (13),
    (14),
    (15),
    (16),
    (17),
    (18),
    (19);

INSERT INTO T_1_12_7_2 (pk)
VALUES
    (0),
    (1),
    (2),
    (3),
    (4),
    (5),
    (6),
    (7),
    (8),
    (9),
    (10),
    (11);

INSERT INTO T_1_12_7_3 (pk)
VALUES
    (0),
    (1),
    (2),
    (3),
    (4),
    (5),
    (6),
    (7),
    (8),
    (9),
    (10),
    (11),
    (12),
    (13),
    (14),
    (15),
    (16),
    (17),
    (18),
    (19),
    (20);

INSERT INTO T_1_12_7_4 (pk)
VALUES
    (0),
    (1),
    (2),
    (3),
    (4),
    (5),
    (6),
    (7),
    (8),
    (9),
    (10),
    (11),
    (12),
    (13),
    (14),
    (15),
    (16),
    (17),
    (18),
    (19),
    (20),
    (21),
    (22),
    (23),
    (24),
    (25),
    (26),
    (27);

INSERT INTO T_1_12_8 (pk,
    t_1_12_8_1, t_1_12_8_2, t_1_12_8_3, t_1_12_8_4)
VALUES
    (0, 20, 3, 4, 3),
    (1, 5, 6, 6, 5),
    (2, 13, 1, 16, 1),
    (3, 11, 16, 11, 1),
    (4, 20, 7, 4, 14),
    (5, 20, 14, 18, 8),
    (6, 2, 1, 17, 1),
    (7, 18, 2, 20, 9),
    (8, 3, 10, 13, 1),
    (9, 19, 11, 25, 7),
    (10, 22, 3, 16, 9),
    (11, 5, 15, 27, 6),
    (12, 15, 13, 18, 9),
    (13, 15, 14, 13, 11),
    (14, 2, 1, 17, 10),
    (15, 18, 11, 19, 3),
    (16, 7, 0, 13, 12),
    (17, 14, 18, 14, 0),
    (18, 11, 5, 24, 14),
    (19, 18, 15, 17, 11),
    (20, 11, 0, 1, 4),
    (21, 22, 14, 12, 3),
    (22, 16, 11, 10, 10),
    (23, 3, 0, 20, 10),
    (24, 14, 2, 20, 5),
    (25, 15, 0, 16, 5),
    (26, 15, 15, 10, 7),
    (27, 7, 18, 12, 10),
    (28, 12, 12, 13, 12),
    (29, 15, 12, 7, 7),
    (30, 2, 18, 22, 14),
    (31, 20, 16, 8, 9),
    (32, 7, 5, 2, 10),
    (33, 10, 15, 5, 9),
    (34, 1, 2, 4, 8),
    (35, 1, 14, 8, 13),
    (36, 9, 13, 4, 2),
    (37, 12, 10, 14, 5),
    (38, 21, 14, 23, 7),
    (39, 8, 14, 6, 11),
    (40, 20, 4, 19, 0),
    (41, 14, 11, 12, 3),
    (42, 8, 10, 20, 4),
    (43, 14, 16, 16, 2),
    (44, 13, 9, 8, 11),
    (45, 23, 4, 0, 2),
    (46, 21, 15, 26, 14),
    (47, 20, 2, 0, 1),
    (48, 19, 17, 2, 0),
    (49, 8, 15, 23, 4),
    (50, 6, 2, 17, 2),
    (51, 7, 1, 26, 4),
    (52, 13, 6, 18, 2),
    (53, 9, 3, 12, 2),
    (54, 13, 18, 0, 0),
    (55, 23, 16, 19, 7),
    (56, 8, 11, 1, 0),
    (57, 1, 0, 6, 6),
    (58, 15, 10, 18, 0),
    (59, 1, 12, 15, 9),
    (60, 8, 17, 1, 6),
    (61, 11, 5, 10, 2),
    (62, 19, 3, 9, 9),
    (63, 23, 2, 16, 6),
    (64, 4, 5, 23, 14),
    (65, 14, 9, 13, 14),
    (66, 22, 3, 19, 13),
    (67, 19, 10, 14, 10),
    (68, 17, 10, 19, 9),
    (69, 14, 10, 0, 1),
    (70, 1, 1, 0, 0),
    (71, 7, 17, 19, 0),
    (72, 21, 4, 3, 0),
    (73, 1, 18, 16, 13),
    (74, 6, 12, 15, 3),
    (75, 5, 6, 21, 8),
    (76, 8, 6, 8, 5),
    (77, 21, 5, 27, 8),
    (78, 19, 13, 2, 8),
    (79, 10, 2, 1, 5),
    (80, 17, 10, 3, 9),
    (81, 2, 8, 21, 3),
    (82, 18, 13, 9, 6),
    (83, 10, 1, 8, 10),
    (84, 7, 10, 2, 10),
    (85, 15, 0, 1, 12),
    (86, 12, 16, 10, 10),
    (87, 19, 14, 0, 2),
    (88, 5, 3, 10, 3),
    (89, 23, 0, 16, 4),
    (90, 6, 8, 9, 4),
    (91, 19, 10, 3, 10),
    (92, 16, 1, 20, 0),
    (93, 10, 0, 0, 11),
    (94, 3, 8, 2, 10),
    (95, 1, 15, 12, 5),
    (96, 6, 10, 26, 7),
    (97, 2, 15, 2, 8),
    (98, 3, 5, 27, 8),
    (99, 21, 3, 12, 14),
    (100, 19, 1, 18, 4),
    (101, 19, 18, 6, 12),
    (102, 16, 16, 16, 8),
    (103, 19, 9, 11, 2),
    (104, 23, 17, 5, 3),
    (105, 2, 5, 12, 4),
    (106, 10, 8, 1, 13),
    (107, 21, 8, 20, 13),
    (108, 16, 12, 8, 0),
    (109, 17, 1, 6, 9),
    (110, 22, 16, 20, 6),
    (111, 11, 1, 19, 10),
    (112, 5, 13, 23, 3),
    (113, 1, 17, 2, 6),
    (114, 19, 15, 23, 5),
    (115, 20, 18, 4, 14),
    (116, 18, 8, 13, 14),
    (117, 11, 5, 8, 3),
    (118, 22, 7, 11, 1),
    (119, 16, 2, 13, 5),
    (120, 9, 3, 20, 2),
    (121, 18, 12, 13, 13),
    (122, 21, 16, 3, 11),
    (123, 0, 11, 10, 0),
    (124, 14, 7, 12, 7),
    (125, 23, 2, 17, 2),
    (126, 15, 11, 12, 6),
    (127, 0, 4, 6, 4),
    (128, 9, 7, 12, 13),
    (129, 23, 18, 11, 3),
    (130, 2, 1, 27, 9),
    (131, 18, 18, 26, 8),
    (132, 21, 5, 16, 5),
    (133, 13, 7, 1, 3),
    (134, 5, 1, 13, 10),
    (135, 4, 1, 12, 13),
    (136, 3, 4, 24, 3),
    (137, 0, 1, 27, 14),
    (138, 22, 16, 5, 13),
    (139, 0, 6, 17, 9),
    (140, 19, 18, 21, 10),
    (141, 0, 7, 0, 8),
    (142, 23, 16, 23, 7),
    (143, 7, 14, 21, 2),
    (144, 18, 9, 8, 0),
    (145, 15, 6, 0, 11),
    (146, 6, 10, 16, 5),
    (147, 11, 6, 26, 7),
    (148, 15, 11, 20, 4),
    (149, 6, 13, 8, 7),
    (150, 0, 0, 25, 13),
    (151, 15, 2, 4, 1),
    (152, 4, 16, 3, 6),
    (153, 21, 13, 22, 4),
    (154, 7, 15, 11, 1),
    (155, 0, 15, 11, 0),
    (156, 14, 16, 25, 13),
    (157, 5, 4, 11, 5),
    (158, 19, 16, 15, 7),
    (159, 16, 11, 27, 11),
    (160, 23, 0, 10, 7),
    (161, 17, 14, 13, 6),
    (162, 10, 17, 17, 12),
    (163, 21, 14, 18, 6),
    (164, 3, 6, 26, 4),
    (165, 21, 9, 7, 0),
    (166, 15, 18, 10, 6),
    (167, 17, 8, 27, 12),
    (168, 10, 15, 3, 12),
    (169, 14, 15, 12, 5),
    (170, 23, 7, 12, 6),
    (171, 20, 17, 7, 2),
    (172, 1, 12, 9, 14),
    (173, 12, 18, 11, 0),
    (174, 10, 14, 15, 1),
    (175, 2, 16, 1, 9),
    (176, 16, 2, 14, 14),
    (177, 23, 0, 18, 13),
    (178, 14, 10, 3, 10),
    (179, 12, 14, 2, 11),
    (180, 10, 15, 24, 12);

INSERT INTO T_1_12_8_1 (pk)
VALUES
    (0),
    (1),
    (2),
    (3),
    (4),
    (5),
    (6),
    (7),
    (8),
    (9),
    (10),
    (11),
    (12),
    (13),
    (14),
    (15),
    (16),
    (17),
    (18),
    (19),
    (20),
    (21),
    (22),
    (23);

INSERT INTO T_1_12_8_2 (pk)
VALUES
    (0),
    (1),
    (2),
    (3),
    (4),
    (5),
    (6),
    (7),
    (8),
    (9),
    (10),
    (11),
    (12),
    (13),
    (14),
    (15),
    (16),
    (17),
    (18);

INSERT INTO T_1_12_8_3 (pk)
VALUES
    (0),
    (1),
    (2),
    (3),
    (4),
    (5),
    (6),
    (7),
    (8),
    (9),
    (10),
    (11),
    (12),
    (13),
    (14),
    (15),
    (16),
    (17),
    (18),
    (19),
    (20),
    (21),
    (22),
    (23),
    (24),
    (25),
    (26),
    (27);

INSERT INTO T_1_12_8_4 (pk)
VALUES
    (0),
    (1),
    (2),
    (3),
    (4),
    (5),
    (6),
    (7),
    (8),
    (9),
    (10),
    (11),
    (12),
    (13),
    (14);

INSERT INTO T_1_13 (pk,
    t_1_13_1, t_1_13_2, t_1_13_3, t_1_13_4, t_1_13_5, t_1_13_6, t_1_13_7, t_1_13_8)
VALUES
    (0, 18, 77, 107, 23, 95, 19, 123, 66),
    (1, 70, 71, 131, 9, 69, 60, 54, 45),
    (2, 26, 35, 180, 12, 38, 16, 20, 12),
    (3, 78, 172, 15, 16, 55, 111, 57, 58),
    (4, 129, 12, 125, 13, 93, 140, 72, 43),
    (5, 15, 20, 36, 23, 11, 87, 68, 46),
    (6, 157, 99, 11, 33, 68, 36, 36, 106),
    (7, 88, 91, 170, 42, 83, 187, 53, 22),
    (8, 129, 31, 57, 5, 51, 109, 74, 78),
    (9, 50, 63, 86, 9, 92, 72, 38, 51),
    (10, 169, 100, 175, 42, 104, 43, 99, 77),
    (11, 140, 19, 139, 6, 33, 117, 12, 84),
    (12, 107, 104, 39, 20, 32, 37, 19, 81),
    (13, 12, 150, 105, 29, 72, 25, 50, 1),
    (14, 179, 57, 152, 19, 22, 136, 107, 87),
    (15, 171, 11, 98, 18, 44, 43, 91, 39),
    (16, 170, 19, 135, 34, 119, 63, 71, 63),
    (17, 162, 37, 13, 4, 63, 96, 111, 47),
    (18, 48, 72, 112, 34, 59, 29, 120, 48),
    (19, 48, 12, 141, 24, 5, 32, 99, 94),
    (20, 60, 53, 103, 40, 45, 66, 68, 25),
    (21, 179, 101, 92, 36, 53, 90, 23, 13),
    (22, 103, 114, 41, 19, 75, 143, 32, 77),
    (23, 165, 130, 179, 43, 74, 68, 14, 106),
    (24, 99, 3, 19, 4, 60, 90, 80, 1),
    (25, 133, 91, 131, 30, 79, 56, 97, 98),
    (26, 191, 96, 155, 20, 102, 160, 67, 31),
    (27, 51, 148, 86, 3, 43, 142, 64, 58),
    (28, 133, 24, 66, 23, 6, 67, 40, 32),
    (29, 6, 121, 130, 30, 56, 80, 77, 22),
    (30, 185, 92, 108, 10, 78, 109, 96, 20),
    (31, 121, 6, 1, 24, 95, 169, 10, 96),
    (32, 59, 154, 81, 18, 17, 131, 61, 8),
    (33, 95, 23, 78, 6, 79, 184, 92, 99),
    (34, 89, 126, 104, 9, 78, 109, 6, 104),
    (35, 159, 24, 68, 1, 106, 59, 74, 72),
    (36, 165, 55, 64, 18, 14, 153, 3, 98),
    (37, 160, 168, 153, 19, 119, 168, 102, 80),
    (38, 101, 112, 40, 23, 88, 54, 77, 28),
    (39, 15, 7, 88, 12, 110, 51, 59, 87),
    (40, 156, 166, 174, 34, 106, 108, 10, 1),
    (41, 162, 116, 67, 22, 96, 179, 107, 27),
    (42, 24, 26, 159, 39, 5, 117, 84, 0),
    (43, 20, 164, 16, 30, 113, 92, 42, 106),
    (44, 176, 160, 164, 30, 18, 180, 68, 5),
    (45, 156, 105, 87, 40, 119, 100, 119, 66),
    (46, 133, 73, 34, 40, 36, 11, 17, 7),
    (47, 71, 174, 79, 32, 27, 166, 92, 74),
    (48, 98, 130, 5, 13, 78, 106, 124, 35),
    (49, 136, 171, 154, 7, 22, 67, 17, 106),
    (50, 40, 48, 75, 27, 10, 15, 32, 27),
    (51, 74, 162, 165, 8, 0, 17, 81, 5),
    (52, 109, 78, 96, 22, 31, 100, 29, 70),
    (53, 70, 24, 42, 21, 47, 30, 63, 3),
    (54, 4, 58, 30, 31, 75, 78, 24, 72),
    (55, 134, 135, 49, 38, 6, 1, 1, 76),
    (56, 105, 114, 119, 28, 56, 83, 87, 67),
    (57, 80, 61, 101, 20, 11, 49, 84, 104),
    (58, 157, 74, 54, 34, 49, 72, 8, 55),
    (59, 78, 5, 9, 14, 93, 169, 109, 20),
    (60, 176, 8, 41, 17, 65, 17, 28, 65),
    (61, 21, 97, 36, 16, 67, 168, 7, 91),
    (62, 76, 47, 18, 21, 11, 44, 62, 91),
    (63, 160, 91, 87, 32, 35, 15, 83, 25),
    (64, 48, 92, 173, 34, 37, 55, 61, 52),
    (65, 101, 33, 111, 22, 109, 152, 102, 103),
    (66, 0, 131, 75, 26, 119, 7, 4, 17),
    (67, 60, 20, 28, 12, 19, 183, 25, 30),
    (68, 85, 67, 56, 20, 65, 82, 0, 98),
    (69, 123, 135, 133, 42, 69, 55, 101, 97),
    (70, 192, 145, 22, 3, 25, 172, 38, 84),
    (71, 190, 70, 138, 28, 83, 108, 54, 57),
    (72, 63, 110, 44, 27, 16, 26, 5, 21),
    (73, 149, 70, 161, 7, 17, 83, 82, 58),
    (74, 193, 108, 160, 3, 49, 3, 76, 45),
    (75, 106, 52, 63, 32, 95, 74, 2, 98),
    (76, 31, 82, 44, 39, 96, 77, 58, 1),
    (77, 126, 70, 84, 6, 55, 79, 52, 12),
    (78, 119, 89, 58, 39, 84, 134, 25, 73),
    (79, 53, 47, 14, 28, 43, 39, 28, 49),
    (80, 130, 7, 185, 7, 82, 110, 6, 44),
    (81, 150, 61, 116, 18, 18, 181, 62, 57),
    (82, 152, 88, 127, 21, 2, 25, 56, 28),
    (83, 152, 154, 77, 18, 3, 14, 116, 6),
    (84, 79, 38, 153, 15, 52, 128, 103, 92),
    (85, 114, 43, 184, 35, 24, 58, 97, 51),
    (86, 121, 165, 172, 30, 34, 44, 88, 83),
    (87, 98, 10, 85, 9, 47, 4, 50, 18),
    (88, 75, 67, 137, 27, 21, 120, 74, 67),
    (89, 114, 126, 176, 22, 62, 79, 85, 95),
    (90, 161, 76, 46, 2, 26, 34, 106, 62),
    (91, 15, 118, 174, 25, 89, 131, 64, 48),
    (92, 160, 132, 87, 32, 14, 134, 3, 58),
    (93, 110, 42, 42, 15, 10, 169, 118, 1),
    (94, 106, 124, 169, 44, 21, 129, 32, 5),
    (95, 176, 142, 100, 14, 38, 32, 17, 60),
    (96, 139, 85, 52, 14, 114, 106, 3, 13),
    (97, 50, 85, 94, 3, 13, 69, 30, 49),
    (98, 193, 19, 139, 40, 50, 22, 89, 79),
    (99, 70, 6, 79, 24, 32, 116, 111, 10),
    (100, 25, 81, 68, 43, 69, 168, 75, 71),
    (101, 5, 7, 156, 19, 2, 93, 114, 45),
    (102, 190, 56, 113, 39, 84, 74, 15, 56),
    (103, 98, 97, 83, 26, 33, 124, 119, 88),
    (104, 182, 74, 6, 33, 3, 43, 27, 66),
    (105, 173, 167, 126, 34, 103, 42, 31, 70),
    (106, 23, 42, 134, 40, 113, 17, 63, 36),
    (107, 105, 55, 5, 43, 107, 164, 19, 7),
    (108, 33, 169, 20, 25, 9, 139, 25, 35),
    (109, 124, 153, 169, 12, 21, 54, 93, 11),
    (110, 115, 150, 65, 27, 33, 18, 62, 49),
    (111, 173, 29, 77, 33, 8, 78, 123, 67),
    (112, 53, 55, 169, 8, 66, 164, 117, 28),
    (113, 8, 7, 141, 9, 55, 175, 65, 78),
    (114, 16, 157, 16, 23, 79, 125, 64, 35),
    (115, 123, 81, 13, 35, 19, 178, 22, 105),
    (116, 37, 172, 31, 41, 42, 79, 39, 68),
    (117, 115, 22, 144, 23, 38, 153, 36, 62),
    (118, 94, 36, 162, 5, 72, 124, 70, 54),
    (119, 190, 154, 111, 24, 65, 112, 37, 67),
    (120, 192, 19, 26, 9, 90, 12, 79, 1),
    (121, 141, 97, 112, 14, 94, 166, 82, 4),
    (122, 128, 158, 62, 9, 99, 57, 123, 12),
    (123, 74, 17, 86, 0, 45, 169, 47, 4),
    (124, 55, 67, 38, 20, 116, 108, 20, 26),
    (125, 116, 166, 57, 3, 112, 150, 100, 5),
    (126, 104, 139, 117, 35, 6, 93, 50, 1),
    (127, 69, 23, 185, 41, 43, 26, 28, 94),
    (128, 22, 30, 48, 2, 104, 93, 94, 42),
    (129, 61, 18, 114, 20, 115, 60, 124, 89),
    (130, 151, 95, 123, 19, 20, 30, 67, 70),
    (131, 141, 81, 31, 15, 93, 157, 59, 29),
    (132, 73, 8, 138, 38, 84, 63, 68, 63),
    (133, 76, 141, 152, 20, 45, 114, 82, 42),
    (134, 28, 159, 23, 39, 43, 57, 78, 64),
    (135, 36, 30, 104, 3, 117, 109, 40, 62),
    (136, 141, 135, 94, 12, 53, 136, 121, 105),
    (137, 173, 82, 135, 25, 28, 155, 64, 84),
    (138, 13, 80, 127, 3, 46, 24, 60, 27),
    (139, 187, 165, 79, 31, 19, 3, 87, 7),
    (140, 168, 102, 84, 31, 69, 170, 22, 42),
    (141, 39, 163, 4, 44, 56, 55, 112, 52),
    (142, 14, 107, 186, 28, 33, 19, 7, 80),
    (143, 63, 78, 170, 38, 44, 114, 116, 29),
    (144, 94, 56, 50, 34, 87, 134, 49, 95),
    (145, 1, 99, 145, 10, 27, 60, 124, 74),
    (146, 8, 45, 183, 9, 28, 182, 10, 93),
    (147, 50, 37, 62, 8, 110, 13, 5, 39),
    (148, 71, 107, 148, 12, 79, 120, 117, 79),
    (149, 115, 51, 128, 7, 67, 22, 42, 7),
    (150, 21, 74, 39, 6, 29, 89, 52, 63),
    (151, 109, 163, 137, 36, 104, 56, 50, 80),
    (152, 18, 170, 176, 41, 58, 121, 46, 91),
    (153, 81, 160, 166, 31, 47, 67, 60, 69),
    (154, 161, 123, 59, 17, 98, 70, 1, 62),
    (155, 126, 75, 82, 41, 69, 102, 12, 24),
    (156, 164, 29, 11, 2, 43, 147, 71, 15),
    (157, 60, 26, 180, 10, 36, 58, 55, 72),
    (158, 167, 163, 65, 13, 41, 51, 111, 37),
    (159, 68, 146, 159, 13, 55, 38, 51, 23),
    (160, 104, 39, 116, 12, 61, 138, 114, 18),
    (161, 54, 41, 70, 42, 92, 32, 86, 95),
    (162, 51, 145, 124, 35, 58, 122, 16, 57),
    (163, 160, 10, 96, 31, 26, 181, 108, 25),
    (164, 13, 84, 121, 3, 82, 175, 2, 28),
    (165, 9, 159, 11, 7, 7, 133, 112, 38),
    (166, 99, 73, 80, 19, 111, 96, 23, 33),
    (167, 170, 146, 68, 31, 21, 56, 30, 24),
    (168, 61, 93, 87, 29, 51, 91, 90, 24),
    (169, 172, 137, 36, 42, 57, 68, 54, 54),
    (170, 190, 104, 24, 37, 86, 136, 107, 105),
    (171, 188, 7, 22, 33, 39, 15, 44, 13),
    (172, 84, 2, 180, 1, 38, 111, 42, 96),
    (173, 33, 108, 159, 6, 3, 69, 100, 95),
    (174, 117, 138, 133, 36, 50, 106, 39, 73),
    (175, 141, 58, 6, 9, 47, 97, 53, 5),
    (176, 10, 124, 4, 33, 73, 14, 71, 48),
    (177, 129, 118, 140, 2, 106, 41, 27, 17),
    (178, 2, 173, 58, 35, 23, 156, 40, 62),
    (179, 16, 153, 98, 27, 3, 131, 60, 16),
    (180, 73, 95, 45, 28, 9, 134, 69, 66),
    (181, 186, 88, 69, 34, 38, 164, 87, 27),
    (182, 107, 38, 57, 31, 49, 141, 121, 74),
    (183, 165, 22, 47, 18, 93, 25, 120, 39),
    (184, 171, 159, 154, 37, 39, 145, 19, 82);

INSERT INTO T_1_13_1 (pk)
VALUES
    (0),
    (1),
    (2),
    (3),
    (4),
    (5),
    (6),
    (7),
    (8),
    (9),
    (10),
    (11),
    (12),
    (13),
    (14),
    (15),
    (16),
    (17),
    (18),
    (19),
    (20),
    (21),
    (22),
    (23),
    (24),
    (25),
    (26),
    (27),
    (28),
    (29),
    (30),
    (31),
    (32),
    (33),
    (34),
    (35),
    (36),
    (37),
    (38),
    (39),
    (40),
    (41),
    (42),
    (43),
    (44),
    (45),
    (46),
    (47),
    (48),
    (49),
    (50),
    (51),
    (52),
    (53),
    (54),
    (55),
    (56),
    (57),
    (58),
    (59),
    (60),
    (61),
    (62),
    (63),
    (64),
    (65),
    (66),
    (67),
    (68),
    (69),
    (70),
    (71),
    (72),
    (73),
    (74),
    (75),
    (76),
    (77),
    (78),
    (79),
    (80),
    (81),
    (82),
    (83),
    (84),
    (85),
    (86),
    (87),
    (88),
    (89),
    (90),
    (91),
    (92),
    (93),
    (94),
    (95),
    (96),
    (97),
    (98),
    (99),
    (100),
    (101),
    (102),
    (103),
    (104),
    (105),
    (106),
    (107),
    (108),
    (109),
    (110),
    (111),
    (112),
    (113),
    (114),
    (115),
    (116),
    (117),
    (118),
    (119),
    (120),
    (121),
    (122),
    (123),
    (124),
    (125),
    (126),
    (127),
    (128),
    (129),
    (130),
    (131),
    (132),
    (133),
    (134),
    (135),
    (136),
    (137),
    (138),
    (139),
    (140),
    (141),
    (142),
    (143),
    (144),
    (145),
    (146),
    (147),
    (148),
    (149),
    (150),
    (151),
    (152),
    (153),
    (154),
    (155),
    (156),
    (157),
    (158),
    (159),
    (160),
    (161),
    (162),
    (163),
    (164),
    (165),
    (166),
    (167),
    (168),
    (169),
    (170),
    (171),
    (172),
    (173),
    (174),
    (175),
    (176),
    (177),
    (178),
    (179),
    (180),
    (181),
    (182),
    (183),
    (184),
    (185),
    (186),
    (187),
    (188),
    (189),
    (190),
    (191),
    (192),
    (193),
    (194);

INSERT INTO T_1_13_2 (pk)
VALUES
    (0),
    (1),
    (2),
    (3),
    (4),
    (5),
    (6),
    (7),
    (8),
    (9),
    (10),
    (11),
    (12),
    (13),
    (14),
    (15),
    (16),
    (17),
    (18),
    (19),
    (20),
    (21),
    (22),
    (23),
    (24),
    (25),
    (26),
    (27),
    (28),
    (29),
    (30),
    (31),
    (32),
    (33),
    (34),
    (35),
    (36),
    (37),
    (38),
    (39),
    (40),
    (41),
    (42),
    (43),
    (44),
    (45),
    (46),
    (47),
    (48),
    (49),
    (50),
    (51),
    (52),
    (53),
    (54),
    (55),
    (56),
    (57),
    (58),
    (59),
    (60),
    (61),
    (62),
    (63),
    (64),
    (65),
    (66),
    (67),
    (68),
    (69),
    (70),
    (71),
    (72),
    (73),
    (74),
    (75),
    (76),
    (77),
    (78),
    (79),
    (80),
    (81),
    (82),
    (83),
    (84),
    (85),
    (86),
    (87),
    (88),
    (89),
    (90),
    (91),
    (92),
    (93),
    (94),
    (95),
    (96),
    (97),
    (98),
    (99),
    (100),
    (101),
    (102),
    (103),
    (104),
    (105),
    (106),
    (107),
    (108),
    (109),
    (110),
    (111),
    (112),
    (113),
    (114),
    (115),
    (116),
    (117),
    (118),
    (119),
    (120),
    (121),
    (122),
    (123),
    (124),
    (125),
    (126),
    (127),
    (128),
    (129),
    (130),
    (131),
    (132),
    (133),
    (134),
    (135),
    (136),
    (137),
    (138),
    (139),
    (140),
    (141),
    (142),
    (143),
    (144),
    (145),
    (146),
    (147),
    (148),
    (149),
    (150),
    (151),
    (152),
    (153),
    (154),
    (155),
    (156),
    (157),
    (158),
    (159),
    (160),
    (161),
    (162),
    (163),
    (164),
    (165),
    (166),
    (167),
    (168),
    (169),
    (170),
    (171),
    (172),
    (173),
    (174);

INSERT INTO T_1_13_3 (pk)
VALUES
    (0),
    (1),
    (2),
    (3),
    (4),
    (5),
    (6),
    (7),
    (8),
    (9),
    (10),
    (11),
    (12),
    (13),
    (14),
    (15),
    (16),
    (17),
    (18),
    (19),
    (20),
    (21),
    (22),
    (23),
    (24),
    (25),
    (26),
    (27),
    (28),
    (29),
    (30),
    (31),
    (32),
    (33),
    (34),
    (35),
    (36),
    (37),
    (38),
    (39),
    (40),
    (41),
    (42),
    (43),
    (44),
    (45),
    (46),
    (47),
    (48),
    (49),
    (50),
    (51),
    (52),
    (53),
    (54),
    (55),
    (56),
    (57),
    (58),
    (59),
    (60),
    (61),
    (62),
    (63),
    (64),
    (65),
    (66),
    (67),
    (68),
    (69),
    (70),
    (71),
    (72),
    (73),
    (74),
    (75),
    (76),
    (77),
    (78),
    (79),
    (80),
    (81),
    (82),
    (83),
    (84),
    (85),
    (86),
    (87),
    (88),
    (89),
    (90),
    (91),
    (92),
    (93),
    (94),
    (95),
    (96),
    (97),
    (98),
    (99),
    (100),
    (101),
    (102),
    (103),
    (104),
    (105),
    (106),
    (107),
    (108),
    (109),
    (110),
    (111),
    (112),
    (113),
    (114),
    (115),
    (116),
    (117),
    (118),
    (119),
    (120),
    (121),
    (122),
    (123),
    (124),
    (125),
    (126),
    (127),
    (128),
    (129),
    (130),
    (131),
    (132),
    (133),
    (134),
    (135),
    (136),
    (137),
    (138),
    (139),
    (140),
    (141),
    (142),
    (143),
    (144),
    (145),
    (146),
    (147),
    (148),
    (149),
    (150),
    (151),
    (152),
    (153),
    (154),
    (155),
    (156),
    (157),
    (158),
    (159),
    (160),
    (161),
    (162),
    (163),
    (164),
    (165),
    (166),
    (167),
    (168),
    (169),
    (170),
    (171),
    (172),
    (173),
    (174),
    (175),
    (176),
    (177),
    (178),
    (179),
    (180),
    (181),
    (182),
    (183),
    (184),
    (185),
    (186);

INSERT INTO T_1_13_4 (pk)
VALUES
    (0),
    (1),
    (2),
    (3),
    (4),
    (5),
    (6),
    (7),
    (8),
    (9),
    (10),
    (11),
    (12),
    (13),
    (14),
    (15),
    (16),
    (17),
    (18),
    (19),
    (20),
    (21),
    (22),
    (23),
    (24),
    (25),
    (26),
    (27),
    (28),
    (29),
    (30),
    (31),
    (32),
    (33),
    (34),
    (35),
    (36),
    (37),
    (38),
    (39),
    (40),
    (41),
    (42),
    (43),
    (44);

INSERT INTO T_1_13_5 (pk,
    t_1_13_5_1, t_1_13_5_2, t_1_13_5_3, t_1_13_5_4)
VALUES
    (0, 53, 125, 22, 7),
    (1, 22, 133, 13, 16),
    (2, 43, 61, 98, 23),
    (3, 0, 42, 106, 14),
    (4, 3, 142, 38, 18),
    (5, 61, 58, 16, 0),
    (6, 29, 96, 105, 24),
    (7, 38, 14, 35, 7),
    (8, 32, 58, 53, 24),
    (9, 0, 146, 78, 9),
    (10, 1, 57, 97, 20),
    (11, 65, 49, 17, 19),
    (12, 49, 64, 27, 25),
    (13, 51, 7, 103, 13),
    (14, 7, 55, 72, 25),
    (15, 14, 93, 93, 24),
    (16, 52, 49, 1, 15),
    (17, 4, 25, 57, 24),
    (18, 28, 152, 51, 20),
    (19, 34, 11, 42, 16),
    (20, 14, 1, 37, 5),
    (21, 8, 120, 8, 21),
    (22, 41, 126, 1, 7),
    (23, 33, 140, 38, 9),
    (24, 8, 144, 54, 12),
    (25, 29, 155, 65, 1),
    (26, 36, 132, 69, 24),
    (27, 59, 46, 97, 2),
    (28, 57, 72, 86, 6),
    (29, 15, 81, 81, 10),
    (30, 36, 106, 5, 17),
    (31, 68, 64, 80, 11),
    (32, 31, 56, 44, 20),
    (33, 23, 158, 39, 4),
    (34, 49, 157, 43, 7),
    (35, 26, 145, 21, 7),
    (36, 53, 29, 99, 25),
    (37, 62, 80, 21, 4),
    (38, 39, 27, 93, 18),
    (39, 35, 123, 54, 13),
    (40, 34, 90, 79, 2),
    (41, 13, 21, 62, 6),
    (42, 33, 8, 60, 12),
    (43, 12, 2, 103, 10),
    (44, 9, 120, 82, 3),
    (45, 5, 57, 63, 15),
    (46, 1, 55, 34, 11),
    (47, 18, 47, 75, 16),
    (48, 34, 15, 53, 17),
    (49, 16, 77, 25, 17),
    (50, 10, 47, 56, 9),
    (51, 13, 113, 11, 24),
    (52, 47, 151, 100, 18),
    (53, 67, 141, 65, 20),
    (54, 2, 97, 97, 13),
    (55, 40, 11, 5, 12),
    (56, 48, 111, 103, 8),
    (57, 60, 131, 46, 1),
    (58, 64, 13, 90, 10),
    (59, 7, 98, 99, 23),
    (60, 67, 8, 77, 22),
    (61, 28, 15, 108, 17),
    (62, 58, 147, 1, 6),
    (63, 54, 87, 97, 2),
    (64, 27, 154, 56, 24),
    (65, 22, 77, 103, 10),
    (66, 45, 93, 37, 6),
    (67, 31, 49, 61, 6),
    (68, 28, 12, 32, 20),
    (69, 55, 45, 113, 24),
    (70, 5, 142, 97, 18),
    (71, 66, 131, 53, 12),
    (72, 54, 77, 75, 25),
    (73, 57, 116, 97, 12),
    (74, 32, 144, 67, 2),
    (75, 35, 112, 11, 12),
    (76, 46, 74, 5, 25),
    (77, 31, 35, 39, 0),
    (78, 4, 136, 95, 8),
    (79, 50, 144, 60, 23),
    (80, 23, 27, 93, 10),
    (81, 27, 27, 10, 14),
    (82, 64, 83, 0, 13),
    (83, 50, 9, 48, 2),
    (84, 11, 97, 20, 14),
    (85, 61, 95, 64, 8),
    (86, 60, 152, 40, 1),
    (87, 70, 26, 101, 6),
    (88, 41, 45, 79, 23),
    (89, 8, 79, 89, 17),
    (90, 33, 92, 88, 9),
    (91, 67, 135, 85, 7),
    (92, 64, 5, 93, 0),
    (93, 39, 118, 88, 19),
    (94, 36, 97, 47, 12),
    (95, 50, 38, 86, 21),
    (96, 65, 155, 50, 18),
    (97, 25, 54, 67, 0),
    (98, 23, 81, 58, 25),
    (99, 2, 16, 35, 8),
    (100, 67, 102, 34, 4),
    (101, 29, 109, 47, 8),
    (102, 50, 137, 106, 25),
    (103, 59, 40, 3, 7),
    (104, 69, 58, 60, 21),
    (105, 1, 105, 34, 10),
    (106, 24, 152, 93, 4),
    (107, 39, 82, 38, 7),
    (108, 19, 115, 32, 11),
    (109, 14, 9, 51, 7),
    (110, 52, 103, 27, 8),
    (111, 13, 14, 25, 22),
    (112, 26, 86, 26, 8),
    (113, 56, 59, 35, 15),
    (114, 59, 69, 51, 22),
    (115, 58, 120, 96, 3),
    (116, 67, 41, 9, 19),
    (117, 67, 122, 114, 22),
    (118, 48, 30, 6, 4),
    (119, 41, 149, 7, 21);

INSERT INTO T_1_13_5_1 (pk)
VALUES
    (0),
    (1),
    (2),
    (3),
    (4),
    (5),
    (6),
    (7),
    (8),
    (9),
    (10),
    (11),
    (12),
    (13),
    (14),
    (15),
    (16),
    (17),
    (18),
    (19),
    (20),
    (21),
    (22),
    (23),
    (24),
    (25),
    (26),
    (27),
    (28),
    (29),
    (30),
    (31),
    (32),
    (33),
    (34),
    (35),
    (36),
    (37),
    (38),
    (39),
    (40),
    (41),
    (42),
    (43),
    (44),
    (45),
    (46),
    (47),
    (48),
    (49),
    (50),
    (51),
    (52),
    (53),
    (54),
    (55),
    (56),
    (57),
    (58),
    (59),
    (60),
    (61),
    (62),
    (63),
    (64),
    (65),
    (66),
    (67),
    (68),
    (69),
    (70);

INSERT INTO T_1_13_5_2 (pk)
VALUES
    (0),
    (1),
    (2),
    (3),
    (4),
    (5),
    (6),
    (7),
    (8),
    (9),
    (10),
    (11),
    (12),
    (13),
    (14),
    (15),
    (16),
    (17),
    (18),
    (19),
    (20),
    (21),
    (22),
    (23),
    (24),
    (25),
    (26),
    (27),
    (28),
    (29),
    (30),
    (31),
    (32),
    (33),
    (34),
    (35),
    (36),
    (37),
    (38),
    (39),
    (40),
    (41),
    (42),
    (43),
    (44),
    (45),
    (46),
    (47),
    (48),
    (49),
    (50),
    (51),
    (52),
    (53),
    (54),
    (55),
    (56),
    (57),
    (58),
    (59),
    (60),
    (61),
    (62),
    (63),
    (64),
    (65),
    (66),
    (67),
    (68),
    (69),
    (70),
    (71),
    (72),
    (73),
    (74),
    (75),
    (76),
    (77),
    (78),
    (79),
    (80),
    (81),
    (82),
    (83),
    (84),
    (85),
    (86),
    (87),
    (88),
    (89),
    (90),
    (91),
    (92),
    (93),
    (94),
    (95),
    (96),
    (97),
    (98),
    (99),
    (100),
    (101),
    (102),
    (103),
    (104),
    (105),
    (106),
    (107),
    (108),
    (109),
    (110),
    (111),
    (112),
    (113),
    (114),
    (115),
    (116),
    (117),
    (118),
    (119),
    (120),
    (121),
    (122),
    (123),
    (124),
    (125),
    (126),
    (127),
    (128),
    (129),
    (130),
    (131),
    (132),
    (133),
    (134),
    (135),
    (136),
    (137),
    (138),
    (139),
    (140),
    (141),
    (142),
    (143),
    (144),
    (145),
    (146),
    (147),
    (148),
    (149),
    (150),
    (151),
    (152),
    (153),
    (154),
    (155),
    (156),
    (157),
    (158),
    (159);

INSERT INTO T_1_13_5_3 (pk)
VALUES
    (0),
    (1),
    (2),
    (3),
    (4),
    (5),
    (6),
    (7),
    (8),
    (9),
    (10),
    (11),
    (12),
    (13),
    (14),
    (15),
    (16),
    (17),
    (18),
    (19),
    (20),
    (21),
    (22),
    (23),
    (24),
    (25),
    (26),
    (27),
    (28),
    (29),
    (30),
    (31),
    (32),
    (33),
    (34),
    (35),
    (36),
    (37),
    (38),
    (39),
    (40),
    (41),
    (42),
    (43),
    (44),
    (45),
    (46),
    (47),
    (48),
    (49),
    (50),
    (51),
    (52),
    (53),
    (54),
    (55),
    (56),
    (57),
    (58),
    (59),
    (60),
    (61),
    (62),
    (63),
    (64),
    (65),
    (66),
    (67),
    (68),
    (69),
    (70),
    (71),
    (72),
    (73),
    (74),
    (75),
    (76),
    (77),
    (78),
    (79),
    (80),
    (81),
    (82),
    (83),
    (84),
    (85),
    (86),
    (87),
    (88),
    (89),
    (90),
    (91),
    (92),
    (93),
    (94),
    (95),
    (96),
    (97),
    (98),
    (99),
    (100),
    (101),
    (102),
    (103),
    (104),
    (105),
    (106),
    (107),
    (108),
    (109),
    (110),
    (111),
    (112),
    (113),
    (114),
    (115),
    (116),
    (117),
    (118);

INSERT INTO T_1_13_5_4 (pk)
VALUES
    (0),
    (1),
    (2),
    (3),
    (4),
    (5),
    (6),
    (7),
    (8),
    (9),
    (10),
    (11),
    (12),
    (13),
    (14),
    (15),
    (16),
    (17),
    (18),
    (19),
    (20),
    (21),
    (22),
    (23),
    (24),
    (25);

INSERT INTO T_1_13_6 (pk,
    t_1_13_6_1, t_1_13_6_2, t_1_13_6_3, t_1_13_6_4)
VALUES
    (0, 77, 11, 37, 110),
    (1, 95, 99, 34, 92),
    (2, 65, 53, 43, 46),
    (3, 38, 72, 68, 109),
    (4, 143, 95, 28, 93),
    (5, 106, 40, 1, 25),
    (6, 21, 30, 50, 1),
    (7, 50, 111, 8, 98),
    (8, 34, 62, 1, 111),
    (9, 65, 91, 73, 85),
    (10, 163, 29, 7, 32),
    (11, 21, 30, 41, 13),
    (12, 98, 25, 0, 54),
    (13, 26, 17, 38, 77),
    (14, 111, 69, 80, 82),
    (15, 66, 51, 56, 70),
    (16, 60, 77, 80, 91),
    (17, 151, 3, 69, 29),
    (18, 26, 4, 15, 52),
    (19, 174, 78, 30, 62),
    (20, 86, 20, 53, 115),
    (21, 101, 12, 62, 60),
    (22, 14, 87, 15, 79),
    (23, 6, 95, 36, 97),
    (24, 76, 8, 41, 98),
    (25, 70, 65, 49, 90),
    (26, 16, 15, 42, 34),
    (27, 2, 11, 42, 25),
    (28, 41, 25, 26, 50),
    (29, 11, 32, 42, 87),
    (30, 0, 86, 71, 4),
    (31, 73, 93, 50, 63),
    (32, 15, 13, 53, 42),
    (33, 147, 83, 46, 49),
    (34, 98, 9, 13, 106),
    (35, 38, 45, 11, 61),
    (36, 91, 83, 49, 64),
    (37, 150, 110, 52, 73),
    (38, 23, 61, 24, 12),
    (39, 85, 77, 57, 57),
    (40, 21, 76, 41, 42),
    (41, 14, 93, 49, 29),
    (42, 88, 77, 81, 112),
    (43, 102, 16, 29, 54),
    (44, 87, 39, 47, 7),
    (45, 110, 38, 21, 99),
    (46, 32, 73, 22, 76),
    (47, 60, 27, 27, 63),
    (48, 6, 57, 11, 85),
    (49, 64, 98, 22, 111),
    (50, 113, 106, 12, 97),
    (51, 116, 17, 45, 71),
    (52, 45, 20, 73, 17),
    (53, 128, 100, 35, 46),
    (54, 154, 17, 23, 93),
    (55, 80, 7, 74, 60),
    (56, 97, 37, 0, 103),
    (57, 26, 8, 57, 4),
    (58, 131, 17, 54, 75),
    (59, 24, 63, 27, 45),
    (60, 44, 103, 74, 22),
    (61, 48, 80, 29, 21),
    (62, 126, 102, 55, 28),
    (63, 40, 50, 79, 77),
    (64, 162, 104, 66, 31),
    (65, 53, 87, 10, 45),
    (66, 14, 13, 59, 54),
    (67, 79, 20, 37, 26),
    (68, 111, 103, 8, 95),
    (69, 174, 90, 60, 54),
    (70, 38, 29, 49, 82),
    (71, 67, 67, 31, 86),
    (72, 3, 58, 59, 45),
    (73, 131, 93, 28, 32),
    (74, 162, 79, 57, 40),
    (75, 57, 63, 74, 22),
    (76, 147, 55, 46, 35),
    (77, 151, 88, 73, 56),
    (78, 124, 37, 8, 12),
    (79, 34, 37, 53, 58),
    (80, 66, 40, 58, 32),
    (81, 149, 25, 49, 112),
    (82, 117, 46, 11, 100),
    (83, 112, 53, 7, 25),
    (84, 114, 12, 73, 22),
    (85, 74, 49, 25, 5),
    (86, 29, 87, 69, 74),
    (87, 69, 87, 5, 63),
    (88, 23, 43, 29, 30),
    (89, 54, 47, 0, 58),
    (90, 73, 45, 12, 54),
    (91, 63, 7, 31, 78),
    (92, 96, 56, 28, 14),
    (93, 93, 85, 15, 100),
    (94, 170, 55, 19, 19),
    (95, 139, 48, 49, 15),
    (96, 143, 48, 78, 16),
    (97, 94, 0, 39, 26),
    (98, 44, 0, 7, 70),
    (99, 18, 108, 28, 18),
    (100, 118, 110, 34, 28),
    (101, 31, 86, 6, 40),
    (102, 56, 57, 9, 10),
    (103, 54, 76, 8, 19),
    (104, 48, 20, 33, 106),
    (105, 134, 51, 76, 115),
    (106, 169, 40, 66, 2),
    (107, 111, 32, 75, 99),
    (108, 100, 84, 75, 33),
    (109, 21, 71, 0, 37),
    (110, 85, 73, 64, 116),
    (111, 174, 59, 45, 113),
    (112, 167, 50, 13, 4),
    (113, 32, 91, 24, 37),
    (114, 66, 0, 53, 44),
    (115, 61, 82, 46, 112),
    (116, 84, 0, 7, 76),
    (117, 101, 28, 80, 80),
    (118, 110, 96, 31, 101),
    (119, 17, 35, 57, 93),
    (120, 22, 0, 37, 82),
    (121, 2, 82, 51, 60),
    (122, 5, 41, 24, 50),
    (123, 17, 53, 27, 26),
    (124, 11, 34, 73, 32),
    (125, 76, 36, 5, 102),
    (126, 72, 111, 15, 83),
    (127, 101, 58, 18, 91),
    (128, 152, 68, 46, 9),
    (129, 3, 52, 0, 82),
    (130, 79, 46, 70, 112),
    (131, 172, 113, 47, 62),
    (132, 150, 107, 23, 102),
    (133, 162, 30, 53, 54),
    (134, 102, 5, 52, 62),
    (135, 120, 101, 12, 100),
    (136, 125, 85, 68, 99),
    (137, 118, 23, 39, 84),
    (138, 29, 104, 72, 91),
    (139, 93, 50, 79, 94),
    (140, 138, 0, 40, 29),
    (141, 47, 4, 0, 45),
    (142, 19, 0, 25, 99),
    (143, 168, 0, 30, 107),
    (144, 131, 16, 61, 55),
    (145, 91, 10, 70, 2),
    (146, 117, 32, 19, 28),
    (147, 129, 61, 43, 36),
    (148, 144, 89, 19, 15),
    (149, 115, 77, 50, 99),
    (150, 129, 23, 76, 11),
    (151, 0, 105, 64, 66),
    (152, 79, 36, 68, 81),
    (153, 101, 93, 63, 8),
    (154, 25, 106, 65, 68),
    (155, 88, 98, 65, 113),
    (156, 112, 64, 15, 92),
    (157, 101, 79, 9, 116),
    (158, 47, 16, 60, 18),
    (159, 23, 48, 32, 93),
    (160, 83, 56, 63, 3),
    (161, 41, 57, 79, 36),
    (162, 5, 100, 27, 96),
    (163, 32, 44, 9, 28),
    (164, 73, 35, 19, 28),
    (165, 153, 69, 36, 8),
    (166, 1, 70, 14, 20),
    (167, 75, 93, 1, 88),
    (168, 104, 34, 22, 105),
    (169, 61, 25, 51, 37),
    (170, 37, 84, 18, 26),
    (171, 134, 11, 10, 55),
    (172, 157, 13, 47, 85),
    (173, 57, 23, 53, 15),
    (174, 39, 39, 5, 32),
    (175, 91, 52, 22, 14),
    (176, 55, 91, 62, 2),
    (177, 145, 114, 75, 29),
    (178, 2, 1, 4, 13),
    (179, 143, 45, 48, 104),
    (180, 14, 100, 60, 9),
    (181, 7, 57, 47, 65),
    (182, 63, 52, 80, 68),
    (183, 120, 37, 61, 32),
    (184, 71, 79, 75, 9),
    (185, 138, 44, 10, 102),
    (186, 0, 111, 23, 71),
    (187, 31, 21, 58, 53);

INSERT INTO T_1_13_6_1 (pk)
VALUES
    (0),
    (1),
    (2),
    (3),
    (4),
    (5),
    (6),
    (7),
    (8),
    (9),
    (10),
    (11),
    (12),
    (13),
    (14),
    (15),
    (16),
    (17),
    (18),
    (19),
    (20),
    (21),
    (22),
    (23),
    (24),
    (25),
    (26),
    (27),
    (28),
    (29),
    (30),
    (31),
    (32),
    (33),
    (34),
    (35),
    (36),
    (37),
    (38),
    (39),
    (40),
    (41),
    (42),
    (43),
    (44),
    (45),
    (46),
    (47),
    (48),
    (49),
    (50),
    (51),
    (52),
    (53),
    (54),
    (55),
    (56),
    (57),
    (58),
    (59),
    (60),
    (61),
    (62),
    (63),
    (64),
    (65),
    (66),
    (67),
    (68),
    (69),
    (70),
    (71),
    (72),
    (73),
    (74),
    (75),
    (76),
    (77),
    (78),
    (79),
    (80),
    (81),
    (82),
    (83),
    (84),
    (85),
    (86),
    (87),
    (88),
    (89),
    (90),
    (91),
    (92),
    (93),
    (94),
    (95),
    (96),
    (97),
    (98),
    (99),
    (100),
    (101),
    (102),
    (103),
    (104),
    (105),
    (106),
    (107),
    (108),
    (109),
    (110),
    (111),
    (112),
    (113),
    (114),
    (115),
    (116),
    (117),
    (118),
    (119),
    (120),
    (121),
    (122),
    (123),
    (124),
    (125),
    (126),
    (127),
    (128),
    (129),
    (130),
    (131),
    (132),
    (133),
    (134),
    (135),
    (136),
    (137),
    (138),
    (139),
    (140),
    (141),
    (142),
    (143),
    (144),
    (145),
    (146),
    (147),
    (148),
    (149),
    (150),
    (151),
    (152),
    (153),
    (154),
    (155),
    (156),
    (157),
    (158),
    (159),
    (160),
    (161),
    (162),
    (163),
    (164),
    (165),
    (166),
    (167),
    (168),
    (169),
    (170),
    (171),
    (172),
    (173),
    (174);

INSERT INTO T_1_13_6_2 (pk)
VALUES
    (0),
    (1),
    (2),
    (3),
    (4),
    (5),
    (6),
    (7),
    (8),
    (9),
    (10),
    (11),
    (12),
    (13),
    (14),
    (15),
    (16),
    (17),
    (18),
    (19),
    (20),
    (21),
    (22),
    (23),
    (24),
    (25),
    (26),
    (27),
    (28),
    (29),
    (30),
    (31),
    (32),
    (33),
    (34),
    (35),
    (36),
    (37),
    (38),
    (39),
    (40),
    (41),
    (42),
    (43),
    (44),
    (45),
    (46),
    (47),
    (48),
    (49),
    (50),
    (51),
    (52),
    (53),
    (54),
    (55),
    (56),
    (57),
    (58),
    (59),
    (60),
    (61),
    (62),
    (63),
    (64),
    (65),
    (66),
    (67),
    (68),
    (69),
    (70),
    (71),
    (72),
    (73),
    (74),
    (75),
    (76),
    (77),
    (78),
    (79),
    (80),
    (81),
    (82),
    (83),
    (84),
    (85),
    (86),
    (87),
    (88),
    (89),
    (90),
    (91),
    (92),
    (93),
    (94),
    (95),
    (96),
    (97),
    (98),
    (99),
    (100),
    (101),
    (102),
    (103),
    (104),
    (105),
    (106),
    (107),
    (108),
    (109),
    (110),
    (111),
    (112),
    (113),
    (114);

INSERT INTO T_1_13_6_3 (pk)
VALUES
    (0),
    (1),
    (2),
    (3),
    (4),
    (5),
    (6),
    (7),
    (8),
    (9),
    (10),
    (11),
    (12),
    (13),
    (14),
    (15),
    (16),
    (17),
    (18),
    (19),
    (20),
    (21),
    (22),
    (23),
    (24),
    (25),
    (26),
    (27),
    (28),
    (29),
    (30),
    (31),
    (32),
    (33),
    (34),
    (35),
    (36),
    (37),
    (38),
    (39),
    (40),
    (41),
    (42),
    (43),
    (44),
    (45),
    (46),
    (47),
    (48),
    (49),
    (50),
    (51),
    (52),
    (53),
    (54),
    (55),
    (56),
    (57),
    (58),
    (59),
    (60),
    (61),
    (62),
    (63),
    (64),
    (65),
    (66),
    (67),
    (68),
    (69),
    (70),
    (71),
    (72),
    (73),
    (74),
    (75),
    (76),
    (77),
    (78),
    (79),
    (80),
    (81);

INSERT INTO T_1_13_6_4 (pk)
VALUES
    (0),
    (1),
    (2),
    (3),
    (4),
    (5),
    (6),
    (7),
    (8),
    (9),
    (10),
    (11),
    (12),
    (13),
    (14),
    (15),
    (16),
    (17),
    (18),
    (19),
    (20),
    (21),
    (22),
    (23),
    (24),
    (25),
    (26),
    (27),
    (28),
    (29),
    (30),
    (31),
    (32),
    (33),
    (34),
    (35),
    (36),
    (37),
    (38),
    (39),
    (40),
    (41),
    (42),
    (43),
    (44),
    (45),
    (46),
    (47),
    (48),
    (49),
    (50),
    (51),
    (52),
    (53),
    (54),
    (55),
    (56),
    (57),
    (58),
    (59),
    (60),
    (61),
    (62),
    (63),
    (64),
    (65),
    (66),
    (67),
    (68),
    (69),
    (70),
    (71),
    (72),
    (73),
    (74),
    (75),
    (76),
    (77),
    (78),
    (79),
    (80),
    (81),
    (82),
    (83),
    (84),
    (85),
    (86),
    (87),
    (88),
    (89),
    (90),
    (91),
    (92),
    (93),
    (94),
    (95),
    (96),
    (97),
    (98),
    (99),
    (100),
    (101),
    (102),
    (103),
    (104),
    (105),
    (106),
    (107),
    (108),
    (109),
    (110),
    (111),
    (112),
    (113),
    (114),
    (115),
    (116);

INSERT INTO T_1_13_7 (pk,
    t_1_13_7_1, t_1_13_7_2, t_1_13_7_3, t_1_13_7_4)
VALUES
    (0, 51, 39, 20, 135),
    (1, 3, 1, 37, 81),
    (2, 4, 41, 3, 111),
    (3, 53, 3, 24, 77),
    (4, 95, 16, 26, 54),
    (5, 67, 19, 17, 65),
    (6, 13, 14, 15, 18),
    (7, 106, 39, 29, 114),
    (8, 77, 27, 10, 97),
    (9, 7, 19, 31, 78),
    (10, 83, 32, 12, 89),
    (11, 21, 51, 22, 57),
    (12, 13, 5, 16, 3),
    (13, 47, 65, 8, 33),
    (14, 77, 11, 18, 146),
    (15, 67, 62, 34, 113),
    (16, 4, 54, 20, 96),
    (17, 31, 16, 28, 141),
    (18, 88, 34, 27, 66),
    (19, 118, 39, 13, 155),
    (20, 63, 15, 9, 153),
    (21, 15, 7, 0, 57),
    (22, 41, 54, 1, 68),
    (23, 102, 49, 20, 118),
    (24, 0, 29, 21, 76),
    (25, 4, 31, 29, 38),
    (26, 66, 6, 31, 55),
    (27, 125, 28, 22, 43),
    (28, 42, 68, 4, 45),
    (29, 11, 39, 11, 150),
    (30, 4, 42, 17, 129),
    (31, 65, 12, 15, 72),
    (32, 6, 41, 23, 5),
    (33, 123, 41, 20, 116),
    (34, 57, 47, 18, 2),
    (35, 42, 14, 2, 31),
    (36, 3, 67, 24, 92),
    (37, 40, 8, 32, 153),
    (38, 5, 13, 14, 148),
    (39, 92, 51, 34, 7),
    (40, 98, 45, 18, 57),
    (41, 99, 1, 4, 80),
    (42, 124, 50, 25, 19),
    (43, 0, 37, 19, 8),
    (44, 68, 40, 11, 56),
    (45, 81, 28, 23, 54),
    (46, 39, 61, 15, 111),
    (47, 75, 22, 8, 162),
    (48, 73, 37, 36, 73),
    (49, 83, 4, 15, 43),
    (50, 125, 58, 34, 49),
    (51, 120, 44, 33, 130),
    (52, 109, 61, 29, 104),
    (53, 31, 5, 0, 50),
    (54, 121, 14, 18, 113),
    (55, 69, 0, 4, 159),
    (56, 37, 46, 38, 9),
    (57, 90, 6, 19, 144),
    (58, 55, 67, 17, 88),
    (59, 61, 38, 33, 162),
    (60, 108, 61, 0, 68),
    (61, 79, 0, 21, 144),
    (62, 121, 24, 29, 100),
    (63, 75, 25, 19, 71),
    (64, 60, 22, 22, 2),
    (65, 95, 68, 4, 113),
    (66, 38, 59, 11, 150),
    (67, 64, 16, 35, 32),
    (68, 117, 64, 22, 46),
    (69, 37, 49, 1, 50),
    (70, 72, 17, 21, 4),
    (71, 98, 38, 13, 34),
    (72, 63, 47, 14, 16),
    (73, 43, 15, 19, 112),
    (74, 86, 62, 9, 50),
    (75, 86, 44, 38, 112),
    (76, 115, 13, 33, 55),
    (77, 53, 14, 35, 98),
    (78, 3, 21, 3, 20),
    (79, 86, 68, 17, 149),
    (80, 64, 10, 3, 17),
    (81, 27, 3, 4, 24),
    (82, 22, 51, 26, 141),
    (83, 58, 36, 8, 53),
    (84, 72, 29, 30, 78),
    (85, 43, 24, 28, 31),
    (86, 61, 17, 19, 22),
    (87, 43, 19, 18, 81),
    (88, 119, 21, 30, 29),
    (89, 113, 12, 27, 103),
    (90, 112, 1, 38, 18),
    (91, 110, 46, 30, 67),
    (92, 63, 43, 7, 141),
    (93, 61, 34, 9, 76),
    (94, 70, 68, 0, 16),
    (95, 117, 45, 31, 83),
    (96, 91, 4, 33, 98),
    (97, 75, 66, 10, 21),
    (98, 22, 22, 12, 160),
    (99, 100, 27, 8, 130),
    (100, 19, 38, 16, 160),
    (101, 100, 36, 5, 23),
    (102, 85, 23, 28, 161),
    (103, 49, 61, 36, 137),
    (104, 100, 58, 31, 48),
    (105, 122, 0, 20, 44),
    (106, 80, 3, 38, 81),
    (107, 120, 3, 35, 89),
    (108, 104, 6, 13, 136),
    (109, 46, 49, 23, 26),
    (110, 20, 0, 34, 52),
    (111, 23, 7, 7, 123),
    (112, 29, 38, 27, 28),
    (113, 117, 19, 30, 155),
    (114, 96, 32, 36, 101),
    (115, 60, 48, 35, 158),
    (116, 11, 11, 17, 26),
    (117, 120, 10, 10, 133),
    (118, 53, 58, 12, 14),
    (119, 66, 39, 35, 145),
    (120, 61, 0, 23, 142),
    (121, 104, 25, 9, 163),
    (122, 91, 22, 10, 12),
    (123, 101, 7, 30, 79),
    (124, 11, 41, 31, 12),
    (125, 79, 54, 24, 45);

INSERT INTO T_1_13_7_1 (pk)
VALUES
    (0),
    (1),
    (2),
    (3),
    (4),
    (5),
    (6),
    (7),
    (8),
    (9),
    (10),
    (11),
    (12),
    (13),
    (14),
    (15),
    (16),
    (17),
    (18),
    (19),
    (20),
    (21),
    (22),
    (23),
    (24),
    (25),
    (26),
    (27),
    (28),
    (29),
    (30),
    (31),
    (32),
    (33),
    (34),
    (35),
    (36),
    (37),
    (38),
    (39),
    (40),
    (41),
    (42),
    (43),
    (44),
    (45),
    (46),
    (47),
    (48),
    (49),
    (50),
    (51),
    (52),
    (53),
    (54),
    (55),
    (56),
    (57),
    (58),
    (59),
    (60),
    (61),
    (62),
    (63),
    (64),
    (65),
    (66),
    (67),
    (68),
    (69),
    (70),
    (71),
    (72),
    (73),
    (74),
    (75),
    (76),
    (77),
    (78),
    (79),
    (80),
    (81),
    (82),
    (83),
    (84),
    (85),
    (86),
    (87),
    (88),
    (89),
    (90),
    (91),
    (92),
    (93),
    (94),
    (95),
    (96),
    (97),
    (98),
    (99),
    (100),
    (101),
    (102),
    (103),
    (104),
    (105),
    (106),
    (107),
    (108),
    (109),
    (110),
    (111),
    (112),
    (113),
    (114),
    (115),
    (116),
    (117),
    (118),
    (119),
    (120),
    (121),
    (122),
    (123),
    (124),
    (125),
    (126);

INSERT INTO T_1_13_7_2 (pk)
VALUES
    (0),
    (1),
    (2),
    (3),
    (4),
    (5),
    (6),
    (7),
    (8),
    (9),
    (10),
    (11),
    (12),
    (13),
    (14),
    (15),
    (16),
    (17),
    (18),
    (19),
    (20),
    (21),
    (22),
    (23),
    (24),
    (25),
    (26),
    (27),
    (28),
    (29),
    (30),
    (31),
    (32),
    (33),
    (34),
    (35),
    (36),
    (37),
    (38),
    (39),
    (40),
    (41),
    (42),
    (43),
    (44),
    (45),
    (46),
    (47),
    (48),
    (49),
    (50),
    (51),
    (52),
    (53),
    (54),
    (55),
    (56),
    (57),
    (58),
    (59),
    (60),
    (61),
    (62),
    (63),
    (64),
    (65),
    (66),
    (67),
    (68);

INSERT INTO T_1_13_7_3 (pk)
VALUES
    (0),
    (1),
    (2),
    (3),
    (4),
    (5),
    (6),
    (7),
    (8),
    (9),
    (10),
    (11),
    (12),
    (13),
    (14),
    (15),
    (16),
    (17),
    (18),
    (19),
    (20),
    (21),
    (22),
    (23),
    (24),
    (25),
    (26),
    (27),
    (28),
    (29),
    (30),
    (31),
    (32),
    (33),
    (34),
    (35),
    (36),
    (37),
    (38);

INSERT INTO T_1_13_7_4 (pk)
VALUES
    (0),
    (1),
    (2),
    (3),
    (4),
    (5),
    (6),
    (7),
    (8),
    (9),
    (10),
    (11),
    (12),
    (13),
    (14),
    (15),
    (16),
    (17),
    (18),
    (19),
    (20),
    (21),
    (22),
    (23),
    (24),
    (25),
    (26),
    (27),
    (28),
    (29),
    (30),
    (31),
    (32),
    (33),
    (34),
    (35),
    (36),
    (37),
    (38),
    (39),
    (40),
    (41),
    (42),
    (43),
    (44),
    (45),
    (46),
    (47),
    (48),
    (49),
    (50),
    (51),
    (52),
    (53),
    (54),
    (55),
    (56),
    (57),
    (58),
    (59),
    (60),
    (61),
    (62),
    (63),
    (64),
    (65),
    (66),
    (67),
    (68),
    (69),
    (70),
    (71),
    (72),
    (73),
    (74),
    (75),
    (76),
    (77),
    (78),
    (79),
    (80),
    (81),
    (82),
    (83),
    (84),
    (85),
    (86),
    (87),
    (88),
    (89),
    (90),
    (91),
    (92),
    (93),
    (94),
    (95),
    (96),
    (97),
    (98),
    (99),
    (100),
    (101),
    (102),
    (103),
    (104),
    (105),
    (106),
    (107),
    (108),
    (109),
    (110),
    (111),
    (112),
    (113),
    (114),
    (115),
    (116),
    (117),
    (118),
    (119),
    (120),
    (121),
    (122),
    (123),
    (124),
    (125),
    (126),
    (127),
    (128),
    (129),
    (130),
    (131),
    (132),
    (133),
    (134),
    (135),
    (136),
    (137),
    (138),
    (139),
    (140),
    (141),
    (142),
    (143),
    (144),
    (145),
    (146),
    (147),
    (148),
    (149),
    (150),
    (151),
    (152),
    (153),
    (154),
    (155),
    (156),
    (157),
    (158),
    (159),
    (160),
    (161),
    (162),
    (163);

INSERT INTO T_1_13_8 (pk,
    t_1_13_8_1, t_1_13_8_2, t_1_13_8_3, t_1_13_8_4)
VALUES
    (0, 84, 45, 32, 62),
    (1, 183, 137, 41, 48),
    (2, 2, 31, 30, 67),
    (3, 153, 1, 12, 106),
    (4, 25, 141, 70, 49),
    (5, 95, 78, 31, 157),
    (6, 138, 121, 79, 27),
    (7, 154, 22, 65, 67),
    (8, 52, 120, 60, 46),
    (9, 162, 66, 45, 44),
    (10, 92, 143, 82, 114),
    (11, 37, 90, 74, 151),
    (12, 22, 97, 53, 78),
    (13, 102, 166, 70, 11),
    (14, 85, 82, 60, 56),
    (15, 149, 45, 17, 112),
    (16, 44, 74, 82, 32),
    (17, 161, 114, 21, 134),
    (18, 181, 155, 14, 110),
    (19, 61, 29, 16, 9),
    (20, 95, 178, 9, 83),
    (21, 56, 12, 13, 97),
    (22, 40, 62, 75, 117),
    (23, 98, 52, 19, 42),
    (24, 122, 109, 1, 124),
    (25, 81, 157, 35, 0),
    (26, 130, 141, 66, 4),
    (27, 75, 43, 61, 94),
    (28, 56, 83, 59, 147),
    (29, 75, 49, 4, 76),
    (30, 131, 112, 32, 86),
    (31, 157, 46, 24, 35),
    (32, 5, 3, 56, 59),
    (33, 107, 56, 79, 53),
    (34, 92, 77, 65, 131),
    (35, 140, 66, 14, 61),
    (36, 23, 160, 63, 63),
    (37, 179, 40, 59, 68),
    (38, 134, 120, 68, 130),
    (39, 42, 161, 55, 18),
    (40, 136, 83, 9, 100),
    (41, 59, 98, 71, 158),
    (42, 52, 120, 75, 27),
    (43, 114, 52, 18, 2),
    (44, 1, 75, 43, 30),
    (45, 90, 132, 33, 139),
    (46, 41, 109, 2, 37),
    (47, 66, 83, 5, 56),
    (48, 91, 169, 66, 22),
    (49, 41, 89, 32, 92),
    (50, 38, 105, 67, 143),
    (51, 82, 6, 47, 51),
    (52, 165, 37, 44, 45),
    (53, 98, 112, 24, 69),
    (54, 9, 65, 80, 110),
    (55, 111, 78, 12, 130),
    (56, 148, 77, 47, 143),
    (57, 111, 30, 20, 130),
    (58, 148, 122, 79, 124),
    (59, 165, 44, 21, 100),
    (60, 64, 12, 3, 43),
    (61, 29, 47, 19, 145),
    (62, 159, 158, 79, 53),
    (63, 96, 113, 81, 94),
    (64, 149, 121, 38, 125),
    (65, 155, 44, 34, 147),
    (66, 140, 146, 8, 95),
    (67, 116, 4, 72, 19),
    (68, 16, 162, 53, 76),
    (69, 23, 4, 70, 105),
    (70, 29, 172, 73, 18),
    (71, 165, 65, 83, 135),
    (72, 122, 105, 52, 143),
    (73, 18, 82, 10, 92),
    (74, 93, 42, 24, 136),
    (75, 5, 165, 82, 10),
    (76, 57, 97, 59, 104),
    (77, 33, 167, 40, 101),
    (78, 67, 43, 62, 26),
    (79, 59, 125, 75, 28),
    (80, 97, 36, 12, 97),
    (81, 111, 33, 12, 92),
    (82, 136, 14, 10, 1),
    (83, 44, 17, 45, 114),
    (84, 44, 120, 44, 9),
    (85, 61, 119, 22, 146),
    (86, 178, 171, 44, 80),
    (87, 37, 116, 82, 41),
    (88, 138, 178, 32, 73),
    (89, 93, 132, 56, 99),
    (90, 42, 8, 62, 113),
    (91, 153, 117, 36, 128),
    (92, 122, 94, 36, 88),
    (93, 81, 108, 29, 128),
    (94, 47, 30, 70, 78),
    (95, 31, 138, 22, 35),
    (96, 135, 167, 35, 92),
    (97, 160, 42, 6, 136),
    (98, 89, 44, 74, 111),
    (99, 113, 136, 17, 28),
    (100, 98, 165, 54, 111),
    (101, 37, 171, 51, 58),
    (102, 99, 135, 8, 81),
    (103, 84, 99, 74, 130),
    (104, 133, 47, 0, 52),
    (105, 11, 63, 34, 122),
    (106, 77, 79, 28, 157);

INSERT INTO T_1_13_8_1 (pk)
VALUES
    (0),
    (1),
    (2),
    (3),
    (4),
    (5),
    (6),
    (7),
    (8),
    (9),
    (10),
    (11),
    (12),
    (13),
    (14),
    (15),
    (16),
    (17),
    (18),
    (19),
    (20),
    (21),
    (22),
    (23),
    (24),
    (25),
    (26),
    (27),
    (28),
    (29),
    (30),
    (31),
    (32),
    (33),
    (34),
    (35),
    (36),
    (37),
    (38),
    (39),
    (40),
    (41),
    (42),
    (43),
    (44),
    (45),
    (46),
    (47),
    (48),
    (49),
    (50),
    (51),
    (52),
    (53),
    (54),
    (55),
    (56),
    (57),
    (58),
    (59),
    (60),
    (61),
    (62),
    (63),
    (64),
    (65),
    (66),
    (67),
    (68),
    (69),
    (70),
    (71),
    (72),
    (73),
    (74),
    (75),
    (76),
    (77),
    (78),
    (79),
    (80),
    (81),
    (82),
    (83),
    (84),
    (85),
    (86),
    (87),
    (88),
    (89),
    (90),
    (91),
    (92),
    (93),
    (94),
    (95),
    (96),
    (97),
    (98),
    (99),
    (100),
    (101),
    (102),
    (103),
    (104),
    (105),
    (106),
    (107),
    (108),
    (109),
    (110),
    (111),
    (112),
    (113),
    (114),
    (115),
    (116),
    (117),
    (118),
    (119),
    (120),
    (121),
    (122),
    (123),
    (124),
    (125),
    (126),
    (127),
    (128),
    (129),
    (130),
    (131),
    (132),
    (133),
    (134),
    (135),
    (136),
    (137),
    (138),
    (139),
    (140),
    (141),
    (142),
    (143),
    (144),
    (145),
    (146),
    (147),
    (148),
    (149),
    (150),
    (151),
    (152),
    (153),
    (154),
    (155),
    (156),
    (157),
    (158),
    (159),
    (160),
    (161),
    (162),
    (163),
    (164),
    (165),
    (166),
    (167),
    (168),
    (169),
    (170),
    (171),
    (172),
    (173),
    (174),
    (175),
    (176),
    (177),
    (178),
    (179),
    (180),
    (181),
    (182),
    (183),
    (184);

INSERT INTO T_1_13_8_2 (pk)
VALUES
    (0),
    (1),
    (2),
    (3),
    (4),
    (5),
    (6),
    (7),
    (8),
    (9),
    (10),
    (11),
    (12),
    (13),
    (14),
    (15),
    (16),
    (17),
    (18),
    (19),
    (20),
    (21),
    (22),
    (23),
    (24),
    (25),
    (26),
    (27),
    (28),
    (29),
    (30),
    (31),
    (32),
    (33),
    (34),
    (35),
    (36),
    (37),
    (38),
    (39),
    (40),
    (41),
    (42),
    (43),
    (44),
    (45),
    (46),
    (47),
    (48),
    (49),
    (50),
    (51),
    (52),
    (53),
    (54),
    (55),
    (56),
    (57),
    (58),
    (59),
    (60),
    (61),
    (62),
    (63),
    (64),
    (65),
    (66),
    (67),
    (68),
    (69),
    (70),
    (71),
    (72),
    (73),
    (74),
    (75),
    (76),
    (77),
    (78),
    (79),
    (80),
    (81),
    (82),
    (83),
    (84),
    (85),
    (86),
    (87),
    (88),
    (89),
    (90),
    (91),
    (92),
    (93),
    (94),
    (95),
    (96),
    (97),
    (98),
    (99),
    (100),
    (101),
    (102),
    (103),
    (104),
    (105),
    (106),
    (107),
    (108),
    (109),
    (110),
    (111),
    (112),
    (113),
    (114),
    (115),
    (116),
    (117),
    (118),
    (119),
    (120),
    (121),
    (122),
    (123),
    (124),
    (125),
    (126),
    (127),
    (128),
    (129),
    (130),
    (131),
    (132),
    (133),
    (134),
    (135),
    (136),
    (137),
    (138),
    (139),
    (140),
    (141),
    (142),
    (143),
    (144),
    (145),
    (146),
    (147),
    (148),
    (149),
    (150),
    (151),
    (152),
    (153),
    (154),
    (155),
    (156),
    (157),
    (158),
    (159),
    (160),
    (161),
    (162),
    (163),
    (164),
    (165),
    (166),
    (167),
    (168),
    (169),
    (170),
    (171),
    (172),
    (173),
    (174),
    (175),
    (176),
    (177),
    (178),
    (179);

INSERT INTO T_1_13_8_3 (pk)
VALUES
    (0),
    (1),
    (2),
    (3),
    (4),
    (5),
    (6),
    (7),
    (8),
    (9),
    (10),
    (11),
    (12),
    (13),
    (14),
    (15),
    (16),
    (17),
    (18),
    (19),
    (20),
    (21),
    (22),
    (23),
    (24),
    (25),
    (26),
    (27),
    (28),
    (29),
    (30),
    (31),
    (32),
    (33),
    (34),
    (35),
    (36),
    (37),
    (38),
    (39),
    (40),
    (41),
    (42),
    (43),
    (44),
    (45),
    (46),
    (47),
    (48),
    (49),
    (50),
    (51),
    (52),
    (53),
    (54),
    (55),
    (56),
    (57),
    (58),
    (59),
    (60),
    (61),
    (62),
    (63),
    (64),
    (65),
    (66),
    (67),
    (68),
    (69),
    (70),
    (71),
    (72),
    (73),
    (74),
    (75),
    (76),
    (77),
    (78),
    (79),
    (80),
    (81),
    (82),
    (83),
    (84);

INSERT INTO T_1_13_8_4 (pk)
VALUES
    (0),
    (1),
    (2),
    (3),
    (4),
    (5),
    (6),
    (7),
    (8),
    (9),
    (10),
    (11),
    (12),
    (13),
    (14),
    (15),
    (16),
    (17),
    (18),
    (19),
    (20),
    (21),
    (22),
    (23),
    (24),
    (25),
    (26),
    (27),
    (28),
    (29),
    (30),
    (31),
    (32),
    (33),
    (34),
    (35),
    (36),
    (37),
    (38),
    (39),
    (40),
    (41),
    (42),
    (43),
    (44),
    (45),
    (46),
    (47),
    (48),
    (49),
    (50),
    (51),
    (52),
    (53),
    (54),
    (55),
    (56),
    (57),
    (58),
    (59),
    (60),
    (61),
    (62),
    (63),
    (64),
    (65),
    (66),
    (67),
    (68),
    (69),
    (70),
    (71),
    (72),
    (73),
    (74),
    (75),
    (76),
    (77),
    (78),
    (79),
    (80),
    (81),
    (82),
    (83),
    (84),
    (85),
    (86),
    (87),
    (88),
    (89),
    (90),
    (91),
    (92),
    (93),
    (94),
    (95),
    (96),
    (97),
    (98),
    (99),
    (100),
    (101),
    (102),
    (103),
    (104),
    (105),
    (106),
    (107),
    (108),
    (109),
    (110),
    (111),
    (112),
    (113),
    (114),
    (115),
    (116),
    (117),
    (118),
    (119),
    (120),
    (121),
    (122),
    (123),
    (124),
    (125),
    (126),
    (127),
    (128),
    (129),
    (130),
    (131),
    (132),
    (133),
    (134),
    (135),
    (136),
    (137),
    (138),
    (139),
    (140),
    (141),
    (142),
    (143),
    (144),
    (145),
    (146),
    (147),
    (148),
    (149),
    (150),
    (151),
    (152),
    (153),
    (154),
    (155),
    (156),
    (157),
    (158);

INSERT INTO T_1_14 (pk,
    t_1_14_1, t_1_14_2, t_1_14_3, t_1_14_4, t_1_14_5, t_1_14_6, t_1_14_7, t_1_14_8)
VALUES
    (0, 96, 0, 36, 77, 27, 55, 28, 151),
    (1, 108, 39, 28, 103, 13, 145, 36, 134),
    (2, 44, 40, 23, 92, 5, 69, 15, 59),
    (3, 79, 57, 34, 4, 3, 138, 14, 15),
    (4, 70, 32, 100, 99, 24, 75, 44, 19),
    (5, 115, 1, 15, 64, 41, 139, 31, 113),
    (6, 71, 59, 16, 90, 32, 115, 27, 16),
    (7, 95, 41, 8, 139, 27, 119, 20, 43),
    (8, 3, 15, 78, 50, 43, 56, 31, 20),
    (9, 132, 26, 129, 138, 19, 22, 17, 162),
    (10, 132, 40, 60, 93, 8, 18, 28, 83),
    (11, 91, 11, 62, 74, 36, 98, 33, 21),
    (12, 84, 38, 107, 31, 23, 48, 10, 34),
    (13, 27, 21, 25, 143, 32, 94, 15, 42),
    (14, 47, 11, 113, 94, 2, 11, 42, 80),
    (15, 72, 24, 52, 83, 24, 75, 34, 101),
    (16, 82, 45, 127, 81, 10, 123, 28, 80),
    (17, 168, 41, 62, 130, 39, 36, 7, 24),
    (18, 59, 4, 135, 148, 38, 135, 12, 45),
    (19, 138, 43, 65, 65, 37, 9, 46, 151),
    (20, 146, 1, 136, 50, 23, 23, 10, 107),
    (21, 25, 39, 46, 99, 40, 14, 35, 97),
    (22, 22, 43, 28, 42, 41, 14, 20, 134),
    (23, 121, 59, 61, 152, 21, 3, 27, 35),
    (24, 93, 25, 24, 99, 25, 70, 0, 68),
    (25, 2, 35, 63, 66, 2, 119, 5, 40),
    (26, 37, 42, 62, 54, 8, 3, 1, 113),
    (27, 150, 47, 44, 107, 36, 110, 6, 150),
    (28, 73, 0, 45, 73, 26, 127, 14, 167),
    (29, 59, 29, 121, 33, 24, 45, 46, 77),
    (30, 78, 16, 56, 75, 44, 25, 32, 144),
    (31, 45, 60, 91, 116, 1, 40, 31, 44),
    (32, 81, 54, 30, 41, 16, 110, 24, 77),
    (33, 74, 42, 115, 97, 31, 98, 34, 80),
    (34, 73, 37, 134, 0, 12, 41, 34, 32),
    (35, 3, 35, 136, 61, 12, 62, 31, 107),
    (36, 101, 38, 108, 150, 42, 57, 17, 158),
    (37, 39, 57, 103, 154, 13, 52, 5, 83),
    (38, 23, 30, 31, 21, 39, 109, 3, 140),
    (39, 83, 4, 22, 139, 27, 29, 25, 23),
    (40, 36, 52, 45, 14, 9, 133, 37, 121),
    (41, 112, 28, 96, 99, 24, 120, 23, 71),
    (42, 99, 49, 41, 145, 18, 101, 10, 116),
    (43, 143, 57, 30, 92, 15, 70, 11, 98),
    (44, 113, 40, 55, 19, 40, 60, 3, 2),
    (45, 85, 15, 108, 56, 2, 117, 24, 92),
    (46, 127, 10, 39, 25, 37, 128, 12, 155),
    (47, 126, 58, 17, 47, 27, 148, 39, 119),
    (48, 133, 26, 114, 124, 9, 120, 34, 84),
    (49, 114, 40, 129, 97, 23, 78, 38, 30),
    (50, 12, 32, 30, 76, 15, 2, 18, 181),
    (51, 42, 51, 135, 119, 11, 10, 24, 114),
    (52, 107, 20, 20, 39, 25, 120, 6, 172),
    (53, 3, 6, 114, 93, 22, 121, 14, 27),
    (54, 159, 14, 123, 77, 6, 59, 29, 187),
    (55, 158, 14, 112, 90, 17, 87, 19, 153),
    (56, 138, 47, 4, 14, 19, 138, 40, 81),
    (57, 60, 27, 68, 92, 21, 76, 11, 29),
    (58, 27, 29, 101, 21, 18, 71, 2, 177),
    (59, 151, 49, 19, 7, 39, 87, 9, 120),
    (60, 156, 26, 70, 3, 10, 26, 14, 0),
    (61, 7, 60, 105, 47, 0, 144, 5, 59),
    (62, 34, 46, 53, 127, 0, 19, 20, 181),
    (63, 11, 26, 136, 65, 19, 96, 39, 126),
    (64, 74, 36, 129, 107, 43, 95, 23, 14),
    (65, 65, 22, 37, 154, 29, 77, 15, 155),
    (66, 28, 36, 134, 4, 18, 96, 17, 120),
    (67, 99, 47, 109, 133, 33, 136, 7, 56),
    (68, 50, 11, 58, 28, 20, 91, 32, 90),
    (69, 16, 42, 46, 56, 18, 19, 18, 138),
    (70, 129, 5, 95, 140, 39, 40, 12, 30),
    (71, 24, 32, 123, 70, 15, 50, 18, 0),
    (72, 132, 15, 108, 111, 38, 80, 39, 85),
    (73, 151, 1, 36, 62, 25, 81, 33, 116),
    (74, 160, 47, 86, 12, 35, 117, 28, 79),
    (75, 161, 18, 134, 9, 32, 46, 12, 171),
    (76, 82, 6, 46, 13, 25, 140, 26, 139),
    (77, 112, 23, 114, 45, 17, 52, 31, 84),
    (78, 156, 46, 40, 44, 30, 80, 14, 86),
    (79, 84, 25, 133, 31, 17, 78, 12, 56),
    (80, 167, 14, 128, 43, 5, 2, 35, 181),
    (81, 91, 20, 70, 40, 29, 117, 44, 54),
    (82, 3, 43, 80, 80, 4, 5, 42, 60),
    (83, 115, 30, 6, 90, 6, 61, 39, 1),
    (84, 154, 1, 56, 97, 41, 51, 23, 105),
    (85, 12, 25, 57, 0, 19, 5, 36, 54),
    (86, 127, 53, 130, 104, 1, 125, 8, 164),
    (87, 135, 32, 25, 50, 38, 96, 35, 48),
    (88, 91, 39, 116, 151, 18, 103, 40, 107),
    (89, 61, 45, 33, 122, 13, 37, 41, 93),
    (90, 72, 35, 117, 24, 3, 122, 23, 75),
    (91, 156, 1, 41, 117, 26, 120, 28, 100),
    (92, 145, 3, 50, 35, 9, 37, 14, 7),
    (93, 54, 46, 113, 59, 41, 129, 26, 165),
    (94, 143, 55, 60, 71, 9, 45, 37, 92),
    (95, 171, 10, 1, 148, 33, 67, 23, 129),
    (96, 154, 30, 3, 6, 18, 77, 38, 158),
    (97, 52, 29, 111, 134, 15, 43, 15, 1),
    (98, 54, 17, 22, 110, 32, 81, 18, 68),
    (99, 126, 59, 4, 87, 27, 133, 15, 158),
    (100, 39, 57, 96, 120, 37, 85, 4, 119),
    (101, 141, 14, 95, 77, 14, 109, 25, 32),
    (102, 10, 7, 79, 47, 21, 66, 18, 149),
    (103, 28, 42, 41, 157, 35, 88, 46, 67),
    (104, 110, 56, 114, 134, 6, 4, 7, 90),
    (105, 137, 59, 40, 21, 6, 27, 8, 182),
    (106, 151, 35, 54, 15, 19, 15, 31, 150),
    (107, 43, 46, 104, 150, 14, 63, 20, 161),
    (108, 7, 25, 78, 99, 17, 105, 26, 158),
    (109, 71, 6, 130, 113, 29, 5, 40, 43),
    (110, 63, 24, 48, 107, 1, 67, 28, 70),
    (111, 73, 16, 42, 18, 33, 104, 42, 78),
    (112, 22, 1, 28, 13, 10, 74, 21, 136),
    (113, 10, 59, 6, 144, 2, 82, 19, 177),
    (114, 32, 19, 133, 25, 17, 58, 1, 0),
    (115, 127, 14, 127, 60, 7, 109, 0, 130),
    (116, 97, 32, 105, 53, 24, 102, 46, 94),
    (117, 44, 29, 13, 87, 40, 47, 6, 148),
    (118, 24, 8, 13, 81, 29, 87, 8, 57),
    (119, 28, 44, 101, 49, 26, 35, 0, 163),
    (120, 151, 34, 49, 111, 32, 130, 3, 73),
    (121, 129, 0, 44, 117, 44, 92, 34, 25),
    (122, 124, 7, 43, 147, 10, 81, 34, 100),
    (123, 152, 12, 119, 6, 25, 21, 7, 108),
    (124, 146, 50, 61, 3, 18, 126, 1, 91),
    (125, 119, 10, 14, 92, 2, 60, 28, 148),
    (126, 165, 30, 20, 90, 37, 125, 21, 156),
    (127, 152, 20, 129, 23, 17, 53, 39, 67),
    (128, 162, 17, 46, 88, 7, 128, 10, 140),
    (129, 152, 51, 114, 26, 4, 5, 7, 92),
    (130, 162, 51, 25, 42, 4, 36, 47, 108),
    (131, 52, 39, 50, 130, 25, 120, 10, 27),
    (132, 9, 45, 55, 9, 13, 127, 15, 188),
    (133, 54, 41, 70, 67, 43, 97, 36, 57),
    (134, 114, 17, 84, 38, 16, 148, 6, 176),
    (135, 92, 17, 43, 74, 4, 15, 13, 112),
    (136, 38, 54, 24, 158, 15, 62, 40, 5),
    (137, 149, 5, 12, 47, 21, 102, 45, 89),
    (138, 61, 58, 133, 103, 37, 8, 8, 101),
    (139, 112, 44, 24, 127, 2, 111, 27, 107),
    (140, 63, 12, 42, 45, 40, 91, 5, 166),
    (141, 2, 44, 40, 56, 6, 40, 36, 135),
    (142, 57, 34, 109, 100, 38, 85, 21, 98),
    (143, 88, 9, 36, 48, 31, 56, 37, 104);

INSERT INTO T_1_14_1 (pk)
VALUES
    (0),
    (1),
    (2),
    (3),
    (4),
    (5),
    (6),
    (7),
    (8),
    (9),
    (10),
    (11),
    (12),
    (13),
    (14),
    (15),
    (16),
    (17),
    (18),
    (19),
    (20),
    (21),
    (22),
    (23),
    (24),
    (25),
    (26),
    (27),
    (28),
    (29),
    (30),
    (31),
    (32),
    (33),
    (34),
    (35),
    (36),
    (37),
    (38),
    (39),
    (40),
    (41),
    (42),
    (43),
    (44),
    (45),
    (46),
    (47),
    (48),
    (49),
    (50),
    (51),
    (52),
    (53),
    (54),
    (55),
    (56),
    (57),
    (58),
    (59),
    (60),
    (61),
    (62),
    (63),
    (64),
    (65),
    (66),
    (67),
    (68),
    (69),
    (70),
    (71),
    (72),
    (73),
    (74),
    (75),
    (76),
    (77),
    (78),
    (79),
    (80),
    (81),
    (82),
    (83),
    (84),
    (85),
    (86),
    (87),
    (88),
    (89),
    (90),
    (91),
    (92),
    (93),
    (94),
    (95),
    (96),
    (97),
    (98),
    (99),
    (100),
    (101),
    (102),
    (103),
    (104),
    (105),
    (106),
    (107),
    (108),
    (109),
    (110),
    (111),
    (112),
    (113),
    (114),
    (115),
    (116),
    (117),
    (118),
    (119),
    (120),
    (121),
    (122),
    (123),
    (124),
    (125),
    (126),
    (127),
    (128),
    (129),
    (130),
    (131),
    (132),
    (133),
    (134),
    (135),
    (136),
    (137),
    (138),
    (139),
    (140),
    (141),
    (142),
    (143),
    (144),
    (145),
    (146),
    (147),
    (148),
    (149),
    (150),
    (151),
    (152),
    (153),
    (154),
    (155),
    (156),
    (157),
    (158),
    (159),
    (160),
    (161),
    (162),
    (163),
    (164),
    (165),
    (166),
    (167),
    (168),
    (169),
    (170),
    (171);

INSERT INTO T_1_14_2 (pk)
VALUES
    (0),
    (1),
    (2),
    (3),
    (4),
    (5),
    (6),
    (7),
    (8),
    (9),
    (10),
    (11),
    (12),
    (13),
    (14),
    (15),
    (16),
    (17),
    (18),
    (19),
    (20),
    (21),
    (22),
    (23),
    (24),
    (25),
    (26),
    (27),
    (28),
    (29),
    (30),
    (31),
    (32),
    (33),
    (34),
    (35),
    (36),
    (37),
    (38),
    (39),
    (40),
    (41),
    (42),
    (43),
    (44),
    (45),
    (46),
    (47),
    (48),
    (49),
    (50),
    (51),
    (52),
    (53),
    (54),
    (55),
    (56),
    (57),
    (58),
    (59),
    (60);

INSERT INTO T_1_14_3 (pk)
VALUES
    (0),
    (1),
    (2),
    (3),
    (4),
    (5),
    (6),
    (7),
    (8),
    (9),
    (10),
    (11),
    (12),
    (13),
    (14),
    (15),
    (16),
    (17),
    (18),
    (19),
    (20),
    (21),
    (22),
    (23),
    (24),
    (25),
    (26),
    (27),
    (28),
    (29),
    (30),
    (31),
    (32),
    (33),
    (34),
    (35),
    (36),
    (37),
    (38),
    (39),
    (40),
    (41),
    (42),
    (43),
    (44),
    (45),
    (46),
    (47),
    (48),
    (49),
    (50),
    (51),
    (52),
    (53),
    (54),
    (55),
    (56),
    (57),
    (58),
    (59),
    (60),
    (61),
    (62),
    (63),
    (64),
    (65),
    (66),
    (67),
    (68),
    (69),
    (70),
    (71),
    (72),
    (73),
    (74),
    (75),
    (76),
    (77),
    (78),
    (79),
    (80),
    (81),
    (82),
    (83),
    (84),
    (85),
    (86),
    (87),
    (88),
    (89),
    (90),
    (91),
    (92),
    (93),
    (94),
    (95),
    (96),
    (97),
    (98),
    (99),
    (100),
    (101),
    (102),
    (103),
    (104),
    (105),
    (106),
    (107),
    (108),
    (109),
    (110),
    (111),
    (112),
    (113),
    (114),
    (115),
    (116),
    (117),
    (118),
    (119),
    (120),
    (121),
    (122),
    (123),
    (124),
    (125),
    (126),
    (127),
    (128),
    (129),
    (130),
    (131),
    (132),
    (133),
    (134),
    (135),
    (136);

INSERT INTO T_1_14_4 (pk)
VALUES
    (0),
    (1),
    (2),
    (3),
    (4),
    (5),
    (6),
    (7),
    (8),
    (9),
    (10),
    (11),
    (12),
    (13),
    (14),
    (15),
    (16),
    (17),
    (18),
    (19),
    (20),
    (21),
    (22),
    (23),
    (24),
    (25),
    (26),
    (27),
    (28),
    (29),
    (30),
    (31),
    (32),
    (33),
    (34),
    (35),
    (36),
    (37),
    (38),
    (39),
    (40),
    (41),
    (42),
    (43),
    (44),
    (45),
    (46),
    (47),
    (48),
    (49),
    (50),
    (51),
    (52),
    (53),
    (54),
    (55),
    (56),
    (57),
    (58),
    (59),
    (60),
    (61),
    (62),
    (63),
    (64),
    (65),
    (66),
    (67),
    (68),
    (69),
    (70),
    (71),
    (72),
    (73),
    (74),
    (75),
    (76),
    (77),
    (78),
    (79),
    (80),
    (81),
    (82),
    (83),
    (84),
    (85),
    (86),
    (87),
    (88),
    (89),
    (90),
    (91),
    (92),
    (93),
    (94),
    (95),
    (96),
    (97),
    (98),
    (99),
    (100),
    (101),
    (102),
    (103),
    (104),
    (105),
    (106),
    (107),
    (108),
    (109),
    (110),
    (111),
    (112),
    (113),
    (114),
    (115),
    (116),
    (117),
    (118),
    (119),
    (120),
    (121),
    (122),
    (123),
    (124),
    (125),
    (126),
    (127),
    (128),
    (129),
    (130),
    (131),
    (132),
    (133),
    (134),
    (135),
    (136),
    (137),
    (138),
    (139),
    (140),
    (141),
    (142),
    (143),
    (144),
    (145),
    (146),
    (147),
    (148),
    (149),
    (150),
    (151),
    (152),
    (153),
    (154),
    (155),
    (156),
    (157),
    (158),
    (159);

INSERT INTO T_1_14_5 (pk,
    t_1_14_5_1, t_1_14_5_2, t_1_14_5_3, t_1_14_5_4)
VALUES
    (0, 17, 38, 25, 16),
    (1, 82, 10, 21, 85),
    (2, 101, 69, 55, 36),
    (3, 111, 46, 53, 31),
    (4, 26, 9, 34, 59),
    (5, 71, 67, 33, 39),
    (6, 58, 56, 48, 122),
    (7, 79, 34, 31, 66),
    (8, 23, 7, 34, 82),
    (9, 96, 64, 18, 32),
    (10, 38, 55, 54, 121),
    (11, 96, 21, 0, 81),
    (12, 124, 9, 54, 51),
    (13, 94, 32, 27, 125),
    (14, 100, 2, 18, 38),
    (15, 41, 67, 4, 18),
    (16, 64, 18, 58, 10),
    (17, 31, 2, 22, 77),
    (18, 87, 14, 12, 87),
    (19, 87, 51, 19, 126),
    (20, 48, 5, 1, 28),
    (21, 83, 12, 38, 10),
    (22, 26, 21, 19, 19),
    (23, 93, 20, 47, 41),
    (24, 18, 59, 25, 27),
    (25, 35, 65, 31, 101),
    (26, 130, 27, 52, 20),
    (27, 116, 45, 29, 113),
    (28, 128, 39, 13, 15),
    (29, 103, 14, 11, 94),
    (30, 16, 37, 31, 69),
    (31, 20, 24, 43, 105),
    (32, 54, 54, 40, 96),
    (33, 15, 53, 21, 48),
    (34, 40, 66, 13, 117),
    (35, 34, 63, 37, 34),
    (36, 28, 13, 51, 48),
    (37, 104, 2, 53, 101),
    (38, 40, 16, 22, 128),
    (39, 17, 49, 13, 24),
    (40, 88, 65, 58, 6),
    (41, 126, 16, 59, 87),
    (42, 100, 51, 31, 81),
    (43, 6, 67, 56, 19),
    (44, 104, 41, 35, 110);

INSERT INTO T_1_14_5_1 (pk)
VALUES
    (0),
    (1),
    (2),
    (3),
    (4),
    (5),
    (6),
    (7),
    (8),
    (9),
    (10),
    (11),
    (12),
    (13),
    (14),
    (15),
    (16),
    (17),
    (18),
    (19),
    (20),
    (21),
    (22),
    (23),
    (24),
    (25),
    (26),
    (27),
    (28),
    (29),
    (30),
    (31),
    (32),
    (33),
    (34),
    (35),
    (36),
    (37),
    (38),
    (39),
    (40),
    (41),
    (42),
    (43),
    (44),
    (45),
    (46),
    (47),
    (48),
    (49),
    (50),
    (51),
    (52),
    (53),
    (54),
    (55),
    (56),
    (57),
    (58),
    (59),
    (60),
    (61),
    (62),
    (63),
    (64),
    (65),
    (66),
    (67),
    (68),
    (69),
    (70),
    (71),
    (72),
    (73),
    (74),
    (75),
    (76),
    (77),
    (78),
    (79),
    (80),
    (81),
    (82),
    (83),
    (84),
    (85),
    (86),
    (87),
    (88),
    (89),
    (90),
    (91),
    (92),
    (93),
    (94),
    (95),
    (96),
    (97),
    (98),
    (99),
    (100),
    (101),
    (102),
    (103),
    (104),
    (105),
    (106),
    (107),
    (108),
    (109),
    (110),
    (111),
    (112),
    (113),
    (114),
    (115),
    (116),
    (117),
    (118),
    (119),
    (120),
    (121),
    (122),
    (123),
    (124),
    (125),
    (126),
    (127),
    (128),
    (129),
    (130),
    (131);

INSERT INTO T_1_14_5_2 (pk)
VALUES
    (0),
    (1),
    (2),
    (3),
    (4),
    (5),
    (6),
    (7),
    (8),
    (9),
    (10),
    (11),
    (12),
    (13),
    (14),
    (15),
    (16),
    (17),
    (18),
    (19),
    (20),
    (21),
    (22),
    (23),
    (24),
    (25),
    (26),
    (27),
    (28),
    (29),
    (30),
    (31),
    (32),
    (33),
    (34),
    (35),
    (36),
    (37),
    (38),
    (39),
    (40),
    (41),
    (42),
    (43),
    (44),
    (45),
    (46),
    (47),
    (48),
    (49),
    (50),
    (51),
    (52),
    (53),
    (54),
    (55),
    (56),
    (57),
    (58),
    (59),
    (60),
    (61),
    (62),
    (63),
    (64),
    (65),
    (66),
    (67),
    (68),
    (69),
    (70),
    (71),
    (72);

INSERT INTO T_1_14_5_3 (pk)
VALUES
    (0),
    (1),
    (2),
    (3),
    (4),
    (5),
    (6),
    (7),
    (8),
    (9),
    (10),
    (11),
    (12),
    (13),
    (14),
    (15),
    (16),
    (17),
    (18),
    (19),
    (20),
    (21),
    (22),
    (23),
    (24),
    (25),
    (26),
    (27),
    (28),
    (29),
    (30),
    (31),
    (32),
    (33),
    (34),
    (35),
    (36),
    (37),
    (38),
    (39),
    (40),
    (41),
    (42),
    (43),
    (44),
    (45),
    (46),
    (47),
    (48),
    (49),
    (50),
    (51),
    (52),
    (53),
    (54),
    (55),
    (56),
    (57),
    (58),
    (59);

INSERT INTO T_1_14_5_4 (pk)
VALUES
    (0),
    (1),
    (2),
    (3),
    (4),
    (5),
    (6),
    (7),
    (8),
    (9),
    (10),
    (11),
    (12),
    (13),
    (14),
    (15),
    (16),
    (17),
    (18),
    (19),
    (20),
    (21),
    (22),
    (23),
    (24),
    (25),
    (26),
    (27),
    (28),
    (29),
    (30),
    (31),
    (32),
    (33),
    (34),
    (35),
    (36),
    (37),
    (38),
    (39),
    (40),
    (41),
    (42),
    (43),
    (44),
    (45),
    (46),
    (47),
    (48),
    (49),
    (50),
    (51),
    (52),
    (53),
    (54),
    (55),
    (56),
    (57),
    (58),
    (59),
    (60),
    (61),
    (62),
    (63),
    (64),
    (65),
    (66),
    (67),
    (68),
    (69),
    (70),
    (71),
    (72),
    (73),
    (74),
    (75),
    (76),
    (77),
    (78),
    (79),
    (80),
    (81),
    (82),
    (83),
    (84),
    (85),
    (86),
    (87),
    (88),
    (89),
    (90),
    (91),
    (92),
    (93),
    (94),
    (95),
    (96),
    (97),
    (98),
    (99),
    (100),
    (101),
    (102),
    (103),
    (104),
    (105),
    (106),
    (107),
    (108),
    (109),
    (110),
    (111),
    (112),
    (113),
    (114),
    (115),
    (116),
    (117),
    (118),
    (119),
    (120),
    (121),
    (122),
    (123),
    (124),
    (125),
    (126),
    (127),
    (128),
    (129);

INSERT INTO T_1_14_6 (pk,
    t_1_14_6_1, t_1_14_6_2, t_1_14_6_3, t_1_14_6_4)
VALUES
    (0, 57, 16, 104, 63),
    (1, 81, 19, 42, 102),
    (2, 74, 106, 111, 56),
    (3, 63, 6, 69, 64),
    (4, 88, 57, 88, 42),
    (5, 100, 79, 43, 30),
    (6, 41, 48, 15, 33),
    (7, 87, 102, 81, 30),
    (8, 68, 104, 81, 97),
    (9, 83, 76, 51, 9),
    (10, 2, 2, 61, 121),
    (11, 72, 68, 99, 84),
    (12, 103, 97, 39, 78),
    (13, 98, 40, 41, 9),
    (14, 51, 36, 118, 31),
    (15, 59, 46, 103, 40),
    (16, 63, 18, 48, 93),
    (17, 115, 72, 118, 137),
    (18, 75, 42, 97, 37),
    (19, 41, 69, 93, 114),
    (20, 4, 46, 69, 75),
    (21, 90, 104, 33, 77),
    (22, 83, 82, 82, 13),
    (23, 36, 52, 36, 31),
    (24, 18, 88, 95, 117),
    (25, 101, 10, 74, 25),
    (26, 104, 100, 70, 13),
    (27, 23, 68, 9, 86),
    (28, 41, 47, 64, 98),
    (29, 34, 108, 18, 26),
    (30, 13, 107, 47, 107),
    (31, 92, 105, 118, 133),
    (32, 59, 97, 94, 63),
    (33, 10, 22, 65, 63),
    (34, 60, 112, 39, 76),
    (35, 35, 109, 0, 105),
    (36, 65, 115, 35, 30),
    (37, 29, 92, 24, 45),
    (38, 50, 76, 97, 21),
    (39, 111, 61, 108, 26),
    (40, 40, 30, 44, 104),
    (41, 111, 70, 102, 46),
    (42, 52, 34, 8, 35),
    (43, 36, 106, 79, 67),
    (44, 95, 51, 34, 12),
    (45, 69, 1, 23, 86),
    (46, 75, 97, 29, 48),
    (47, 116, 73, 119, 25),
    (48, 100, 97, 38, 96),
    (49, 38, 53, 10, 135),
    (50, 85, 64, 88, 13),
    (51, 0, 8, 77, 37),
    (52, 93, 80, 115, 8),
    (53, 27, 49, 111, 116),
    (54, 40, 70, 112, 129),
    (55, 52, 83, 104, 121),
    (56, 33, 20, 86, 114),
    (57, 29, 33, 107, 109),
    (58, 93, 78, 28, 103),
    (59, 57, 97, 120, 5),
    (60, 4, 84, 63, 121),
    (61, 84, 95, 37, 79),
    (62, 0, 55, 70, 106),
    (63, 41, 81, 4, 64),
    (64, 15, 12, 111, 65),
    (65, 41, 32, 15, 99),
    (66, 67, 5, 64, 74),
    (67, 46, 33, 26, 33),
    (68, 92, 24, 74, 23),
    (69, 47, 26, 118, 127),
    (70, 22, 11, 42, 29),
    (71, 52, 64, 34, 0),
    (72, 104, 25, 104, 130),
    (73, 15, 58, 62, 34),
    (74, 33, 14, 65, 50),
    (75, 90, 74, 55, 123),
    (76, 4, 92, 36, 100),
    (77, 13, 74, 37, 107),
    (78, 65, 29, 90, 37),
    (79, 12, 82, 25, 75),
    (80, 5, 7, 118, 21),
    (81, 84, 36, 118, 84),
    (82, 59, 60, 108, 137),
    (83, 16, 39, 23, 101),
    (84, 104, 79, 52, 60),
    (85, 31, 9, 36, 104),
    (86, 115, 94, 109, 118),
    (87, 18, 103, 81, 0),
    (88, 43, 67, 28, 131),
    (89, 71, 58, 82, 91),
    (90, 73, 30, 17, 50),
    (91, 90, 82, 59, 113),
    (92, 53, 26, 108, 50),
    (93, 5, 55, 76, 132),
    (94, 62, 38, 28, 131),
    (95, 77, 35, 96, 26),
    (96, 37, 31, 94, 119),
    (97, 96, 68, 0, 136),
    (98, 10, 29, 11, 48),
    (99, 55, 70, 111, 5),
    (100, 7, 35, 78, 53),
    (101, 84, 59, 16, 44),
    (102, 66, 71, 28, 47),
    (103, 72, 43, 28, 0),
    (104, 94, 41, 93, 110),
    (105, 12, 73, 96, 60),
    (106, 96, 64, 43, 136),
    (107, 43, 79, 11, 48),
    (108, 52, 109, 13, 57),
    (109, 6, 6, 24, 0),
    (110, 101, 58, 0, 46),
    (111, 26, 57, 44, 61),
    (112, 28, 91, 47, 63),
    (113, 55, 22, 75, 43),
    (114, 31, 53, 110, 133),
    (115, 3, 44, 81, 31),
    (116, 108, 8, 63, 111),
    (117, 21, 63, 90, 7),
    (118, 19, 27, 40, 37),
    (119, 114, 66, 69, 31),
    (120, 9, 45, 102, 72),
    (121, 2, 79, 118, 58),
    (122, 41, 39, 12, 106),
    (123, 49, 39, 22, 21),
    (124, 99, 46, 45, 31),
    (125, 5, 75, 76, 61),
    (126, 21, 100, 111, 62),
    (127, 81, 47, 51, 32),
    (128, 12, 18, 20, 20),
    (129, 112, 6, 94, 110),
    (130, 106, 84, 39, 18),
    (131, 100, 32, 118, 131),
    (132, 47, 58, 46, 49),
    (133, 53, 38, 84, 28),
    (134, 75, 37, 83, 86),
    (135, 77, 50, 53, 108),
    (136, 91, 79, 96, 126),
    (137, 83, 79, 106, 122),
    (138, 17, 82, 106, 127),
    (139, 30, 98, 45, 1),
    (140, 73, 21, 14, 76),
    (141, 47, 75, 38, 72),
    (142, 108, 9, 86, 87),
    (143, 40, 47, 108, 38),
    (144, 32, 62, 115, 8),
    (145, 51, 83, 20, 60),
    (146, 78, 114, 73, 122),
    (147, 118, 58, 66, 2),
    (148, 97, 65, 85, 109);

INSERT INTO T_1_14_6_1 (pk)
VALUES
    (0),
    (1),
    (2),
    (3),
    (4),
    (5),
    (6),
    (7),
    (8),
    (9),
    (10),
    (11),
    (12),
    (13),
    (14),
    (15),
    (16),
    (17),
    (18),
    (19),
    (20),
    (21),
    (22),
    (23),
    (24),
    (25),
    (26),
    (27),
    (28),
    (29),
    (30),
    (31),
    (32),
    (33),
    (34),
    (35),
    (36),
    (37),
    (38),
    (39),
    (40),
    (41),
    (42),
    (43),
    (44),
    (45),
    (46),
    (47),
    (48),
    (49),
    (50),
    (51),
    (52),
    (53),
    (54),
    (55),
    (56),
    (57),
    (58),
    (59),
    (60),
    (61),
    (62),
    (63),
    (64),
    (65),
    (66),
    (67),
    (68),
    (69),
    (70),
    (71),
    (72),
    (73),
    (74),
    (75),
    (76),
    (77),
    (78),
    (79),
    (80),
    (81),
    (82),
    (83),
    (84),
    (85),
    (86),
    (87),
    (88),
    (89),
    (90),
    (91),
    (92),
    (93),
    (94),
    (95),
    (96),
    (97),
    (98),
    (99),
    (100),
    (101),
    (102),
    (103),
    (104),
    (105),
    (106),
    (107),
    (108),
    (109),
    (110),
    (111),
    (112),
    (113),
    (114),
    (115),
    (116),
    (117),
    (118);

INSERT INTO T_1_14_6_2 (pk)
VALUES
    (0),
    (1),
    (2),
    (3),
    (4),
    (5),
    (6),
    (7),
    (8),
    (9),
    (10),
    (11),
    (12),
    (13),
    (14),
    (15),
    (16),
    (17),
    (18),
    (19),
    (20),
    (21),
    (22),
    (23),
    (24),
    (25),
    (26),
    (27),
    (28),
    (29),
    (30),
    (31),
    (32),
    (33),
    (34),
    (35),
    (36),
    (37),
    (38),
    (39),
    (40),
    (41),
    (42),
    (43),
    (44),
    (45),
    (46),
    (47),
    (48),
    (49),
    (50),
    (51),
    (52),
    (53),
    (54),
    (55),
    (56),
    (57),
    (58),
    (59),
    (60),
    (61),
    (62),
    (63),
    (64),
    (65),
    (66),
    (67),
    (68),
    (69),
    (70),
    (71),
    (72),
    (73),
    (74),
    (75),
    (76),
    (77),
    (78),
    (79),
    (80),
    (81),
    (82),
    (83),
    (84),
    (85),
    (86),
    (87),
    (88),
    (89),
    (90),
    (91),
    (92),
    (93),
    (94),
    (95),
    (96),
    (97),
    (98),
    (99),
    (100),
    (101),
    (102),
    (103),
    (104),
    (105),
    (106),
    (107),
    (108),
    (109),
    (110),
    (111),
    (112),
    (113),
    (114),
    (115);

INSERT INTO T_1_14_6_3 (pk)
VALUES
    (0),
    (1),
    (2),
    (3),
    (4),
    (5),
    (6),
    (7),
    (8),
    (9),
    (10),
    (11),
    (12),
    (13),
    (14),
    (15),
    (16),
    (17),
    (18),
    (19),
    (20),
    (21),
    (22),
    (23),
    (24),
    (25),
    (26),
    (27),
    (28),
    (29),
    (30),
    (31),
    (32),
    (33),
    (34),
    (35),
    (36),
    (37),
    (38),
    (39),
    (40),
    (41),
    (42),
    (43),
    (44),
    (45),
    (46),
    (47),
    (48),
    (49),
    (50),
    (51),
    (52),
    (53),
    (54),
    (55),
    (56),
    (57),
    (58),
    (59),
    (60),
    (61),
    (62),
    (63),
    (64),
    (65),
    (66),
    (67),
    (68),
    (69),
    (70),
    (71),
    (72),
    (73),
    (74),
    (75),
    (76),
    (77),
    (78),
    (79),
    (80),
    (81),
    (82),
    (83),
    (84),
    (85),
    (86),
    (87),
    (88),
    (89),
    (90),
    (91),
    (92),
    (93),
    (94),
    (95),
    (96),
    (97),
    (98),
    (99),
    (100),
    (101),
    (102),
    (103),
    (104),
    (105),
    (106),
    (107),
    (108),
    (109),
    (110),
    (111),
    (112),
    (113),
    (114),
    (115),
    (116),
    (117),
    (118),
    (119),
    (120);

INSERT INTO T_1_14_6_4 (pk)
VALUES
    (0),
    (1),
    (2),
    (3),
    (4),
    (5),
    (6),
    (7),
    (8),
    (9),
    (10),
    (11),
    (12),
    (13),
    (14),
    (15),
    (16),
    (17),
    (18),
    (19),
    (20),
    (21),
    (22),
    (23),
    (24),
    (25),
    (26),
    (27),
    (28),
    (29),
    (30),
    (31),
    (32),
    (33),
    (34),
    (35),
    (36),
    (37),
    (38),
    (39),
    (40),
    (41),
    (42),
    (43),
    (44),
    (45),
    (46),
    (47),
    (48),
    (49),
    (50),
    (51),
    (52),
    (53),
    (54),
    (55),
    (56),
    (57),
    (58),
    (59),
    (60),
    (61),
    (62),
    (63),
    (64),
    (65),
    (66),
    (67),
    (68),
    (69),
    (70),
    (71),
    (72),
    (73),
    (74),
    (75),
    (76),
    (77),
    (78),
    (79),
    (80),
    (81),
    (82),
    (83),
    (84),
    (85),
    (86),
    (87),
    (88),
    (89),
    (90),
    (91),
    (92),
    (93),
    (94),
    (95),
    (96),
    (97),
    (98),
    (99),
    (100),
    (101),
    (102),
    (103),
    (104),
    (105),
    (106),
    (107),
    (108),
    (109),
    (110),
    (111),
    (112),
    (113),
    (114),
    (115),
    (116),
    (117),
    (118),
    (119),
    (120),
    (121),
    (122),
    (123),
    (124),
    (125),
    (126),
    (127),
    (128),
    (129),
    (130),
    (131),
    (132),
    (133),
    (134),
    (135),
    (136),
    (137),
    (138);

INSERT INTO T_1_14_7 (pk,
    t_1_14_7_1, t_1_14_7_2, t_1_14_7_3, t_1_14_7_4)
VALUES
    (0, 19, 55, 27, 22),
    (1, 23, 43, 15, 64),
    (2, 12, 53, 15, 60),
    (3, 4, 28, 49, 53),
    (4, 4, 63, 58, 25),
    (5, 25, 28, 29, 10),
    (6, 5, 37, 39, 33),
    (7, 4, 49, 76, 93),
    (8, 7, 31, 19, 98),
    (9, 8, 0, 49, 74),
    (10, 14, 74, 76, 58),
    (11, 7, 17, 22, 33),
    (12, 31, 27, 51, 12),
    (13, 13, 42, 54, 41),
    (14, 41, 21, 17, 6),
    (15, 9, 77, 33, 109),
    (16, 5, 17, 1, 56),
    (17, 39, 20, 39, 69),
    (18, 14, 46, 11, 111),
    (19, 21, 37, 48, 110),
    (20, 38, 71, 8, 48),
    (21, 6, 18, 18, 48),
    (22, 4, 37, 10, 92),
    (23, 8, 13, 8, 91),
    (24, 44, 40, 41, 96),
    (25, 18, 30, 39, 29),
    (26, 33, 36, 48, 24),
    (27, 22, 0, 41, 84),
    (28, 34, 24, 37, 5),
    (29, 2, 23, 27, 85),
    (30, 4, 32, 41, 41),
    (31, 23, 18, 14, 19),
    (32, 30, 34, 73, 52),
    (33, 4, 19, 60, 99),
    (34, 1, 30, 0, 112),
    (35, 15, 3, 50, 96),
    (36, 31, 15, 42, 16),
    (37, 15, 68, 32, 79),
    (38, 24, 39, 47, 27),
    (39, 32, 71, 73, 50),
    (40, 24, 25, 36, 93),
    (41, 1, 57, 11, 10),
    (42, 5, 56, 0, 114),
    (43, 9, 72, 63, 101),
    (44, 2, 18, 53, 86),
    (45, 44, 18, 39, 49),
    (46, 15, 29, 14, 48),
    (47, 1, 12, 26, 43);

INSERT INTO T_1_14_7_1 (pk)
VALUES
    (0),
    (1),
    (2),
    (3),
    (4),
    (5),
    (6),
    (7),
    (8),
    (9),
    (10),
    (11),
    (12),
    (13),
    (14),
    (15),
    (16),
    (17),
    (18),
    (19),
    (20),
    (21),
    (22),
    (23),
    (24),
    (25),
    (26),
    (27),
    (28),
    (29),
    (30),
    (31),
    (32),
    (33),
    (34),
    (35),
    (36),
    (37),
    (38),
    (39),
    (40),
    (41),
    (42),
    (43),
    (44);

INSERT INTO T_1_14_7_2 (pk)
VALUES
    (0),
    (1),
    (2),
    (3),
    (4),
    (5),
    (6),
    (7),
    (8),
    (9),
    (10),
    (11),
    (12),
    (13),
    (14),
    (15),
    (16),
    (17),
    (18),
    (19),
    (20),
    (21),
    (22),
    (23),
    (24),
    (25),
    (26),
    (27),
    (28),
    (29),
    (30),
    (31),
    (32),
    (33),
    (34),
    (35),
    (36),
    (37),
    (38),
    (39),
    (40),
    (41),
    (42),
    (43),
    (44),
    (45),
    (46),
    (47),
    (48),
    (49),
    (50),
    (51),
    (52),
    (53),
    (54),
    (55),
    (56),
    (57),
    (58),
    (59),
    (60),
    (61),
    (62),
    (63),
    (64),
    (65),
    (66),
    (67),
    (68),
    (69),
    (70),
    (71),
    (72),
    (73),
    (74),
    (75),
    (76),
    (77);

INSERT INTO T_1_14_7_3 (pk)
VALUES
    (0),
    (1),
    (2),
    (3),
    (4),
    (5),
    (6),
    (7),
    (8),
    (9),
    (10),
    (11),
    (12),
    (13),
    (14),
    (15),
    (16),
    (17),
    (18),
    (19),
    (20),
    (21),
    (22),
    (23),
    (24),
    (25),
    (26),
    (27),
    (28),
    (29),
    (30),
    (31),
    (32),
    (33),
    (34),
    (35),
    (36),
    (37),
    (38),
    (39),
    (40),
    (41),
    (42),
    (43),
    (44),
    (45),
    (46),
    (47),
    (48),
    (49),
    (50),
    (51),
    (52),
    (53),
    (54),
    (55),
    (56),
    (57),
    (58),
    (59),
    (60),
    (61),
    (62),
    (63),
    (64),
    (65),
    (66),
    (67),
    (68),
    (69),
    (70),
    (71),
    (72),
    (73),
    (74),
    (75),
    (76);

INSERT INTO T_1_14_7_4 (pk)
VALUES
    (0),
    (1),
    (2),
    (3),
    (4),
    (5),
    (6),
    (7),
    (8),
    (9),
    (10),
    (11),
    (12),
    (13),
    (14),
    (15),
    (16),
    (17),
    (18),
    (19),
    (20),
    (21),
    (22),
    (23),
    (24),
    (25),
    (26),
    (27),
    (28),
    (29),
    (30),
    (31),
    (32),
    (33),
    (34),
    (35),
    (36),
    (37),
    (38),
    (39),
    (40),
    (41),
    (42),
    (43),
    (44),
    (45),
    (46),
    (47),
    (48),
    (49),
    (50),
    (51),
    (52),
    (53),
    (54),
    (55),
    (56),
    (57),
    (58),
    (59),
    (60),
    (61),
    (62),
    (63),
    (64),
    (65),
    (66),
    (67),
    (68),
    (69),
    (70),
    (71),
    (72),
    (73),
    (74),
    (75),
    (76),
    (77),
    (78),
    (79),
    (80),
    (81),
    (82),
    (83),
    (84),
    (85),
    (86),
    (87),
    (88),
    (89),
    (90),
    (91),
    (92),
    (93),
    (94),
    (95),
    (96),
    (97),
    (98),
    (99),
    (100),
    (101),
    (102),
    (103),
    (104),
    (105),
    (106),
    (107),
    (108),
    (109),
    (110),
    (111),
    (112),
    (113),
    (114),
    (115),
    (116),
    (117),
    (118);

INSERT INTO T_1_14_8 (pk,
    t_1_14_8_1, t_1_14_8_2, t_1_14_8_3, t_1_14_8_4)
VALUES
    (0, 42, 60, 24, 15),
    (1, 17, 17, 81, 5),
    (2, 28, 14, 32, 5),
    (3, 12, 35, 6, 22),
    (4, 29, 37, 76, 26),
    (5, 42, 64, 87, 24),
    (6, 28, 38, 62, 21),
    (7, 22, 30, 43, 11),
    (8, 24, 51, 28, 2),
    (9, 1, 47, 83, 18),
    (10, 3, 38, 20, 13),
    (11, 33, 66, 16, 24),
    (12, 3, 55, 78, 9),
    (13, 31, 20, 4, 20),
    (14, 18, 22, 54, 19),
    (15, 32, 29, 31, 20),
    (16, 24, 7, 28, 21),
    (17, 10, 55, 55, 23),
    (18, 42, 33, 15, 29),
    (19, 39, 21, 79, 5),
    (20, 33, 20, 49, 6),
    (21, 23, 63, 17, 6),
    (22, 32, 7, 47, 7),
    (23, 21, 27, 50, 20),
    (24, 40, 45, 56, 1),
    (25, 6, 17, 15, 16),
    (26, 19, 32, 26, 23),
    (27, 12, 34, 20, 16),
    (28, 9, 38, 38, 2),
    (29, 33, 45, 93, 5),
    (30, 36, 34, 58, 3),
    (31, 25, 46, 85, 28),
    (32, 20, 51, 18, 11),
    (33, 43, 50, 74, 9),
    (34, 12, 24, 71, 12),
    (35, 19, 10, 58, 1),
    (36, 41, 13, 62, 21),
    (37, 6, 26, 57, 11),
    (38, 41, 53, 3, 23),
    (39, 42, 5, 51, 19),
    (40, 10, 3, 85, 27),
    (41, 14, 39, 7, 1),
    (42, 40, 10, 53, 6),
    (43, 27, 46, 70, 23),
    (44, 15, 69, 22, 18),
    (45, 24, 68, 14, 4),
    (46, 40, 19, 89, 18),
    (47, 15, 55, 81, 21),
    (48, 18, 35, 3, 7),
    (49, 36, 28, 41, 4),
    (50, 41, 16, 63, 8),
    (51, 10, 41, 2, 12),
    (52, 16, 5, 5, 11),
    (53, 0, 4, 84, 14),
    (54, 7, 10, 21, 15),
    (55, 9, 53, 42, 21),
    (56, 23, 4, 35, 0),
    (57, 30, 41, 35, 8),
    (58, 26, 41, 49, 29),
    (59, 19, 39, 39, 17),
    (60, 8, 65, 44, 27),
    (61, 5, 71, 80, 22),
    (62, 37, 19, 23, 18),
    (63, 39, 59, 88, 12),
    (64, 36, 25, 13, 21),
    (65, 12, 36, 88, 16),
    (66, 13, 39, 79, 25),
    (67, 14, 40, 94, 8),
    (68, 34, 4, 39, 1),
    (69, 9, 25, 57, 12),
    (70, 25, 55, 43, 15),
    (71, 25, 13, 49, 8),
    (72, 29, 7, 26, 26),
    (73, 38, 11, 67, 26),
    (74, 7, 68, 73, 12),
    (75, 36, 27, 69, 22),
    (76, 27, 56, 65, 21),
    (77, 0, 37, 28, 12),
    (78, 38, 51, 79, 0),
    (79, 31, 13, 88, 19),
    (80, 31, 38, 24, 8),
    (81, 33, 26, 81, 10),
    (82, 41, 46, 91, 12),
    (83, 16, 52, 93, 5),
    (84, 14, 0, 24, 6),
    (85, 0, 68, 10, 5),
    (86, 41, 0, 35, 12),
    (87, 40, 41, 85, 5),
    (88, 5, 29, 35, 25),
    (89, 5, 30, 95, 27),
    (90, 18, 13, 36, 12),
    (91, 38, 17, 84, 15),
    (92, 39, 56, 73, 18),
    (93, 37, 28, 80, 8),
    (94, 6, 38, 91, 10),
    (95, 25, 47, 94, 2),
    (96, 17, 33, 92, 5),
    (97, 1, 49, 44, 17),
    (98, 2, 33, 50, 7),
    (99, 43, 56, 71, 2),
    (100, 29, 13, 30, 14),
    (101, 13, 45, 0, 14),
    (102, 24, 45, 68, 17),
    (103, 28, 59, 54, 8),
    (104, 20, 32, 90, 29),
    (105, 9, 22, 39, 10),
    (106, 34, 29, 83, 4),
    (107, 37, 68, 40, 21),
    (108, 2, 9, 54, 19),
    (109, 22, 43, 74, 3),
    (110, 35, 58, 77, 15),
    (111, 12, 56, 67, 3),
    (112, 28, 12, 10, 27),
    (113, 32, 25, 25, 2),
    (114, 11, 8, 11, 3),
    (115, 5, 15, 47, 25),
    (116, 36, 23, 39, 10),
    (117, 25, 63, 92, 29),
    (118, 2, 23, 15, 2),
    (119, 34, 14, 92, 12),
    (120, 26, 9, 55, 17),
    (121, 6, 62, 82, 29),
    (122, 13, 17, 0, 13),
    (123, 19, 68, 71, 2),
    (124, 9, 15, 28, 17),
    (125, 43, 67, 87, 26),
    (126, 25, 52, 45, 9),
    (127, 2, 6, 48, 28),
    (128, 10, 67, 95, 10),
    (129, 17, 25, 7, 24),
    (130, 33, 26, 56, 20),
    (131, 40, 68, 67, 13),
    (132, 15, 65, 33, 19),
    (133, 40, 27, 87, 13),
    (134, 39, 22, 10, 18),
    (135, 10, 71, 66, 17),
    (136, 6, 63, 17, 3),
    (137, 0, 8, 52, 3),
    (138, 1, 27, 88, 21),
    (139, 18, 21, 4, 9),
    (140, 25, 17, 20, 12),
    (141, 43, 7, 1, 14),
    (142, 38, 38, 1, 1),
    (143, 25, 53, 46, 1),
    (144, 38, 64, 79, 22),
    (145, 41, 42, 9, 4),
    (146, 28, 23, 54, 21),
    (147, 21, 10, 43, 9),
    (148, 22, 13, 62, 5),
    (149, 43, 4, 33, 26),
    (150, 2, 64, 78, 24),
    (151, 7, 62, 66, 11),
    (152, 24, 24, 71, 20),
    (153, 0, 68, 63, 14),
    (154, 17, 55, 82, 16),
    (155, 38, 59, 69, 9),
    (156, 29, 62, 38, 25),
    (157, 8, 25, 70, 20),
    (158, 41, 45, 57, 10),
    (159, 0, 41, 31, 4),
    (160, 26, 47, 13, 23),
    (161, 26, 53, 90, 18),
    (162, 22, 5, 66, 17),
    (163, 17, 53, 69, 25),
    (164, 38, 44, 35, 24),
    (165, 9, 71, 4, 28),
    (166, 20, 71, 7, 4),
    (167, 21, 65, 29, 24),
    (168, 23, 65, 2, 25),
    (169, 43, 2, 89, 12),
    (170, 10, 8, 21, 23),
    (171, 37, 59, 27, 5),
    (172, 33, 46, 10, 6),
    (173, 43, 7, 4, 12),
    (174, 23, 8, 50, 5),
    (175, 3, 49, 10, 24),
    (176, 32, 25, 50, 3),
    (177, 9, 70, 3, 22),
    (178, 13, 12, 76, 22),
    (179, 1, 55, 78, 26),
    (180, 27, 46, 55, 16),
    (181, 36, 69, 34, 12),
    (182, 20, 63, 25, 23),
    (183, 6, 21, 16, 26),
    (184, 25, 55, 17, 0),
    (185, 33, 58, 13, 0),
    (186, 20, 4, 19, 2),
    (187, 42, 42, 74, 1),
    (188, 28, 14, 84, 22);

INSERT INTO T_1_14_8_1 (pk)
VALUES
    (0),
    (1),
    (2),
    (3),
    (4),
    (5),
    (6),
    (7),
    (8),
    (9),
    (10),
    (11),
    (12),
    (13),
    (14),
    (15),
    (16),
    (17),
    (18),
    (19),
    (20),
    (21),
    (22),
    (23),
    (24),
    (25),
    (26),
    (27),
    (28),
    (29),
    (30),
    (31),
    (32),
    (33),
    (34),
    (35),
    (36),
    (37),
    (38),
    (39),
    (40),
    (41),
    (42),
    (43);

INSERT INTO T_1_14_8_2 (pk)
VALUES
    (0),
    (1),
    (2),
    (3),
    (4),
    (5),
    (6),
    (7),
    (8),
    (9),
    (10),
    (11),
    (12),
    (13),
    (14),
    (15),
    (16),
    (17),
    (18),
    (19),
    (20),
    (21),
    (22),
    (23),
    (24),
    (25),
    (26),
    (27),
    (28),
    (29),
    (30),
    (31),
    (32),
    (33),
    (34),
    (35),
    (36),
    (37),
    (38),
    (39),
    (40),
    (41),
    (42),
    (43),
    (44),
    (45),
    (46),
    (47),
    (48),
    (49),
    (50),
    (51),
    (52),
    (53),
    (54),
    (55),
    (56),
    (57),
    (58),
    (59),
    (60),
    (61),
    (62),
    (63),
    (64),
    (65),
    (66),
    (67),
    (68),
    (69),
    (70),
    (71);

INSERT INTO T_1_14_8_3 (pk)
VALUES
    (0),
    (1),
    (2),
    (3),
    (4),
    (5),
    (6),
    (7),
    (8),
    (9),
    (10),
    (11),
    (12),
    (13),
    (14),
    (15),
    (16),
    (17),
    (18),
    (19),
    (20),
    (21),
    (22),
    (23),
    (24),
    (25),
    (26),
    (27),
    (28),
    (29),
    (30),
    (31),
    (32),
    (33),
    (34),
    (35),
    (36),
    (37),
    (38),
    (39),
    (40),
    (41),
    (42),
    (43),
    (44),
    (45),
    (46),
    (47),
    (48),
    (49),
    (50),
    (51),
    (52),
    (53),
    (54),
    (55),
    (56),
    (57),
    (58),
    (59),
    (60),
    (61),
    (62),
    (63),
    (64),
    (65),
    (66),
    (67),
    (68),
    (69),
    (70),
    (71),
    (72),
    (73),
    (74),
    (75),
    (76),
    (77),
    (78),
    (79),
    (80),
    (81),
    (82),
    (83),
    (84),
    (85),
    (86),
    (87),
    (88),
    (89),
    (90),
    (91),
    (92),
    (93),
    (94),
    (95);

INSERT INTO T_1_14_8_4 (pk)
VALUES
    (0),
    (1),
    (2),
    (3),
    (4),
    (5),
    (6),
    (7),
    (8),
    (9),
    (10),
    (11),
    (12),
    (13),
    (14),
    (15),
    (16),
    (17),
    (18),
    (19),
    (20),
    (21),
    (22),
    (23),
    (24),
    (25),
    (26),
    (27),
    (28),
    (29);

INSERT INTO T_1_15 (pk,
    t_1_15_1, t_1_15_2, t_1_15_3, t_1_15_4, t_1_15_5, t_1_15_6, t_1_15_7, t_1_15_8)
VALUES
    (0, 22, 116, 40, 79, 58, 2, 48, 40),
    (1, 66, 16, 6, 20, 100, 4, 130, 55),
    (2, 26, 50, 15, 103, 34, 38, 128, 79),
    (3, 105, 152, 25, 37, 123, 40, 182, 43),
    (4, 144, 36, 39, 92, 32, 15, 50, 67),
    (5, 57, 129, 40, 83, 65, 70, 136, 132),
    (6, 48, 37, 28, 63, 7, 53, 52, 89),
    (7, 0, 153, 43, 55, 66, 25, 31, 95),
    (8, 63, 141, 30, 50, 119, 21, 143, 52),
    (9, 110, 119, 5, 29, 73, 62, 156, 86),
    (10, 108, 20, 30, 89, 117, 51, 147, 44),
    (11, 142, 141, 34, 60, 89, 32, 40, 15),
    (12, 99, 42, 25, 10, 123, 27, 180, 51),
    (13, 40, 116, 10, 110, 76, 11, 74, 114),
    (14, 109, 129, 24, 49, 36, 57, 24, 73),
    (15, 74, 60, 42, 64, 66, 13, 63, 14),
    (16, 145, 82, 34, 103, 88, 71, 171, 13),
    (17, 30, 173, 10, 25, 94, 8, 129, 176),
    (18, 123, 101, 34, 68, 70, 30, 111, 13),
    (19, 85, 182, 44, 114, 32, 54, 50, 59),
    (20, 72, 38, 37, 102, 32, 48, 103, 2),
    (21, 86, 70, 38, 76, 76, 22, 149, 145),
    (22, 0, 180, 19, 88, 6, 0, 15, 10),
    (23, 98, 35, 18, 74, 66, 49, 7, 76),
    (24, 90, 124, 27, 29, 77, 73, 40, 7),
    (25, 43, 178, 27, 113, 1, 53, 73, 119),
    (26, 113, 140, 24, 29, 50, 49, 176, 95),
    (27, 1, 61, 8, 109, 122, 8, 73, 57),
    (28, 43, 83, 4, 14, 6, 27, 54, 17),
    (29, 66, 17, 27, 97, 1, 4, 28, 169),
    (30, 110, 78, 26, 19, 122, 33, 62, 61),
    (31, 70, 125, 35, 14, 94, 73, 115, 150),
    (32, 119, 179, 31, 87, 124, 47, 171, 9),
    (33, 97, 139, 3, 70, 113, 67, 35, 22),
    (34, 21, 183, 27, 65, 32, 52, 66, 72),
    (35, 38, 110, 12, 20, 92, 20, 66, 17),
    (36, 75, 12, 21, 13, 5, 38, 65, 125),
    (37, 17, 34, 18, 104, 53, 73, 152, 56),
    (38, 37, 68, 19, 115, 40, 45, 108, 60),
    (39, 46, 103, 37, 79, 36, 9, 143, 42),
    (40, 123, 30, 10, 65, 84, 76, 82, 165),
    (41, 78, 0, 10, 32, 17, 15, 115, 66),
    (42, 142, 183, 31, 101, 20, 2, 21, 39);

INSERT INTO T_1_15_1 (pk)
VALUES
    (0),
    (1),
    (2),
    (3),
    (4),
    (5),
    (6),
    (7),
    (8),
    (9),
    (10),
    (11),
    (12),
    (13),
    (14),
    (15),
    (16),
    (17),
    (18),
    (19),
    (20),
    (21),
    (22),
    (23),
    (24),
    (25),
    (26),
    (27),
    (28),
    (29),
    (30),
    (31),
    (32),
    (33),
    (34),
    (35),
    (36),
    (37),
    (38),
    (39),
    (40),
    (41),
    (42),
    (43),
    (44),
    (45),
    (46),
    (47),
    (48),
    (49),
    (50),
    (51),
    (52),
    (53),
    (54),
    (55),
    (56),
    (57),
    (58),
    (59),
    (60),
    (61),
    (62),
    (63),
    (64),
    (65),
    (66),
    (67),
    (68),
    (69),
    (70),
    (71),
    (72),
    (73),
    (74),
    (75),
    (76),
    (77),
    (78),
    (79),
    (80),
    (81),
    (82),
    (83),
    (84),
    (85),
    (86),
    (87),
    (88),
    (89),
    (90),
    (91),
    (92),
    (93),
    (94),
    (95),
    (96),
    (97),
    (98),
    (99),
    (100),
    (101),
    (102),
    (103),
    (104),
    (105),
    (106),
    (107),
    (108),
    (109),
    (110),
    (111),
    (112),
    (113),
    (114),
    (115),
    (116),
    (117),
    (118),
    (119),
    (120),
    (121),
    (122),
    (123),
    (124),
    (125),
    (126),
    (127),
    (128),
    (129),
    (130),
    (131),
    (132),
    (133),
    (134),
    (135),
    (136),
    (137),
    (138),
    (139),
    (140),
    (141),
    (142),
    (143),
    (144),
    (145);

INSERT INTO T_1_15_2 (pk)
VALUES
    (0),
    (1),
    (2),
    (3),
    (4),
    (5),
    (6),
    (7),
    (8),
    (9),
    (10),
    (11),
    (12),
    (13),
    (14),
    (15),
    (16),
    (17),
    (18),
    (19),
    (20),
    (21),
    (22),
    (23),
    (24),
    (25),
    (26),
    (27),
    (28),
    (29),
    (30),
    (31),
    (32),
    (33),
    (34),
    (35),
    (36),
    (37),
    (38),
    (39),
    (40),
    (41),
    (42),
    (43),
    (44),
    (45),
    (46),
    (47),
    (48),
    (49),
    (50),
    (51),
    (52),
    (53),
    (54),
    (55),
    (56),
    (57),
    (58),
    (59),
    (60),
    (61),
    (62),
    (63),
    (64),
    (65),
    (66),
    (67),
    (68),
    (69),
    (70),
    (71),
    (72),
    (73),
    (74),
    (75),
    (76),
    (77),
    (78),
    (79),
    (80),
    (81),
    (82),
    (83),
    (84),
    (85),
    (86),
    (87),
    (88),
    (89),
    (90),
    (91),
    (92),
    (93),
    (94),
    (95),
    (96),
    (97),
    (98),
    (99),
    (100),
    (101),
    (102),
    (103),
    (104),
    (105),
    (106),
    (107),
    (108),
    (109),
    (110),
    (111),
    (112),
    (113),
    (114),
    (115),
    (116),
    (117),
    (118),
    (119),
    (120),
    (121),
    (122),
    (123),
    (124),
    (125),
    (126),
    (127),
    (128),
    (129),
    (130),
    (131),
    (132),
    (133),
    (134),
    (135),
    (136),
    (137),
    (138),
    (139),
    (140),
    (141),
    (142),
    (143),
    (144),
    (145),
    (146),
    (147),
    (148),
    (149),
    (150),
    (151),
    (152),
    (153),
    (154),
    (155),
    (156),
    (157),
    (158),
    (159),
    (160),
    (161),
    (162),
    (163),
    (164),
    (165),
    (166),
    (167),
    (168),
    (169),
    (170),
    (171),
    (172),
    (173),
    (174),
    (175),
    (176),
    (177),
    (178),
    (179),
    (180),
    (181),
    (182),
    (183);

INSERT INTO T_1_15_3 (pk)
VALUES
    (0),
    (1),
    (2),
    (3),
    (4),
    (5),
    (6),
    (7),
    (8),
    (9),
    (10),
    (11),
    (12),
    (13),
    (14),
    (15),
    (16),
    (17),
    (18),
    (19),
    (20),
    (21),
    (22),
    (23),
    (24),
    (25),
    (26),
    (27),
    (28),
    (29),
    (30),
    (31),
    (32),
    (33),
    (34),
    (35),
    (36),
    (37),
    (38),
    (39),
    (40),
    (41),
    (42),
    (43),
    (44);

INSERT INTO T_1_15_4 (pk)
VALUES
    (0),
    (1),
    (2),
    (3),
    (4),
    (5),
    (6),
    (7),
    (8),
    (9),
    (10),
    (11),
    (12),
    (13),
    (14),
    (15),
    (16),
    (17),
    (18),
    (19),
    (20),
    (21),
    (22),
    (23),
    (24),
    (25),
    (26),
    (27),
    (28),
    (29),
    (30),
    (31),
    (32),
    (33),
    (34),
    (35),
    (36),
    (37),
    (38),
    (39),
    (40),
    (41),
    (42),
    (43),
    (44),
    (45),
    (46),
    (47),
    (48),
    (49),
    (50),
    (51),
    (52),
    (53),
    (54),
    (55),
    (56),
    (57),
    (58),
    (59),
    (60),
    (61),
    (62),
    (63),
    (64),
    (65),
    (66),
    (67),
    (68),
    (69),
    (70),
    (71),
    (72),
    (73),
    (74),
    (75),
    (76),
    (77),
    (78),
    (79),
    (80),
    (81),
    (82),
    (83),
    (84),
    (85),
    (86),
    (87),
    (88),
    (89),
    (90),
    (91),
    (92),
    (93),
    (94),
    (95),
    (96),
    (97),
    (98),
    (99),
    (100),
    (101),
    (102),
    (103),
    (104),
    (105),
    (106),
    (107),
    (108),
    (109),
    (110),
    (111),
    (112),
    (113),
    (114),
    (115),
    (116),
    (117),
    (118),
    (119);

INSERT INTO T_1_15_5 (pk,
    t_1_15_5_1, t_1_15_5_2, t_1_15_5_3, t_1_15_5_4)
VALUES
    (0, 26, 12, 5, 11),
    (1, 18, 13, 4, 12),
    (2, 14, 1, 8, 15),
    (3, 16, 7, 7, 10),
    (4, 5, 5, 11, 14),
    (5, 21, 16, 9, 28),
    (6, 28, 16, 10, 25),
    (7, 22, 13, 3, 19),
    (8, 24, 15, 7, 14),
    (9, 17, 18, 1, 8),
    (10, 9, 3, 4, 13),
    (11, 0, 4, 4, 22),
    (12, 5, 20, 3, 31),
    (13, 28, 1, 7, 7),
    (14, 19, 16, 0, 26),
    (15, 23, 2, 11, 15),
    (16, 17, 1, 6, 21),
    (17, 1, 1, 10, 9),
    (18, 8, 12, 8, 2),
    (19, 23, 17, 10, 3),
    (20, 19, 13, 0, 28),
    (21, 8, 18, 6, 24),
    (22, 6, 18, 1, 16),
    (23, 19, 19, 0, 10),
    (24, 16, 5, 4, 10),
    (25, 26, 9, 0, 21),
    (26, 6, 0, 8, 27),
    (27, 15, 8, 4, 1),
    (28, 11, 9, 4, 2),
    (29, 5, 19, 11, 0),
    (30, 18, 11, 8, 18),
    (31, 13, 14, 3, 13),
    (32, 3, 5, 5, 3),
    (33, 25, 11, 5, 4),
    (34, 28, 16, 8, 10),
    (35, 9, 0, 9, 8),
    (36, 18, 10, 5, 25),
    (37, 13, 19, 0, 21),
    (38, 4, 0, 3, 5),
    (39, 17, 17, 9, 7),
    (40, 2, 12, 3, 29),
    (41, 1, 12, 1, 22),
    (42, 19, 12, 4, 5),
    (43, 24, 13, 7, 23),
    (44, 14, 15, 9, 21),
    (45, 21, 8, 10, 30),
    (46, 2, 1, 4, 31),
    (47, 15, 4, 3, 15),
    (48, 8, 18, 10, 15),
    (49, 2, 18, 8, 30),
    (50, 3, 5, 3, 32),
    (51, 4, 5, 0, 29),
    (52, 8, 14, 2, 9),
    (53, 26, 16, 5, 4),
    (54, 0, 10, 11, 27),
    (55, 25, 16, 4, 11),
    (56, 24, 15, 3, 32),
    (57, 6, 11, 10, 5),
    (58, 5, 0, 4, 16),
    (59, 17, 12, 4, 24),
    (60, 13, 12, 5, 22),
    (61, 6, 6, 5, 8),
    (62, 6, 2, 7, 11),
    (63, 23, 5, 2, 9),
    (64, 4, 11, 9, 1),
    (65, 2, 15, 11, 10),
    (66, 6, 2, 0, 11),
    (67, 13, 13, 2, 7),
    (68, 21, 8, 2, 21),
    (69, 0, 15, 3, 28),
    (70, 12, 11, 7, 13),
    (71, 0, 11, 6, 29),
    (72, 23, 2, 11, 9),
    (73, 18, 12, 9, 5),
    (74, 24, 17, 4, 2),
    (75, 10, 6, 10, 18),
    (76, 2, 17, 2, 17),
    (77, 13, 1, 0, 21),
    (78, 28, 14, 11, 23),
    (79, 17, 5, 7, 25),
    (80, 0, 7, 0, 25),
    (81, 9, 2, 8, 12),
    (82, 21, 0, 3, 29),
    (83, 14, 16, 11, 22),
    (84, 7, 1, 10, 0),
    (85, 5, 10, 11, 14),
    (86, 2, 13, 3, 20),
    (87, 21, 21, 0, 12),
    (88, 14, 2, 0, 17),
    (89, 7, 15, 8, 16),
    (90, 3, 14, 0, 13),
    (91, 12, 0, 3, 9),
    (92, 22, 4, 7, 4),
    (93, 3, 11, 3, 17),
    (94, 20, 4, 3, 14),
    (95, 12, 18, 3, 2),
    (96, 8, 9, 7, 10),
    (97, 10, 11, 3, 25),
    (98, 2, 20, 8, 25),
    (99, 27, 4, 6, 14),
    (100, 26, 5, 3, 0),
    (101, 25, 11, 10, 27),
    (102, 1, 8, 8, 16),
    (103, 6, 14, 4, 20),
    (104, 16, 19, 0, 1),
    (105, 8, 20, 2, 6),
    (106, 21, 16, 7, 19),
    (107, 6, 1, 1, 8),
    (108, 24, 16, 9, 25),
    (109, 28, 15, 2, 10),
    (110, 2, 10, 7, 2),
    (111, 3, 8, 2, 3),
    (112, 27, 15, 2, 20),
    (113, 13, 5, 3, 20),
    (114, 22, 20, 4, 18),
    (115, 18, 12, 11, 11),
    (116, 23, 14, 6, 18),
    (117, 27, 16, 6, 30),
    (118, 4, 19, 10, 11),
    (119, 15, 7, 2, 9),
    (120, 15, 2, 5, 28),
    (121, 22, 6, 6, 21),
    (122, 27, 12, 10, 26),
    (123, 18, 1, 9, 10),
    (124, 25, 0, 0, 13),
    (125, 8, 2, 5, 6),
    (126, 0, 3, 1, 9),
    (127, 11, 2, 5, 1),
    (128, 16, 20, 6, 9),
    (129, 10, 8, 7, 10),
    (130, 28, 15, 11, 24),
    (131, 25, 0, 3, 9),
    (132, 11, 17, 5, 11),
    (133, 13, 7, 5, 10),
    (134, 27, 6, 7, 16),
    (135, 5, 17, 8, 28),
    (136, 22, 1, 3, 22);

INSERT INTO T_1_15_5_1 (pk)
VALUES
    (0),
    (1),
    (2),
    (3),
    (4),
    (5),
    (6),
    (7),
    (8),
    (9),
    (10),
    (11),
    (12),
    (13),
    (14),
    (15),
    (16),
    (17),
    (18),
    (19),
    (20),
    (21),
    (22),
    (23),
    (24),
    (25),
    (26),
    (27),
    (28);

INSERT INTO T_1_15_5_2 (pk)
VALUES
    (0),
    (1),
    (2),
    (3),
    (4),
    (5),
    (6),
    (7),
    (8),
    (9),
    (10),
    (11),
    (12),
    (13),
    (14),
    (15),
    (16),
    (17),
    (18),
    (19),
    (20),
    (21);

INSERT INTO T_1_15_5_3 (pk)
VALUES
    (0),
    (1),
    (2),
    (3),
    (4),
    (5),
    (6),
    (7),
    (8),
    (9),
    (10),
    (11);

INSERT INTO T_1_15_5_4 (pk)
VALUES
    (0),
    (1),
    (2),
    (3),
    (4),
    (5),
    (6),
    (7),
    (8),
    (9),
    (10),
    (11),
    (12),
    (13),
    (14),
    (15),
    (16),
    (17),
    (18),
    (19),
    (20),
    (21),
    (22),
    (23),
    (24),
    (25),
    (26),
    (27),
    (28),
    (29),
    (30),
    (31),
    (32);

INSERT INTO T_1_15_6 (pk,
    t_1_15_6_1, t_1_15_6_2, t_1_15_6_3, t_1_15_6_4)
VALUES
    (0, 15, 7, 30, 29),
    (1, 28, 0, 23, 33),
    (2, 32, 2, 4, 23),
    (3, 2, 5, 26, 0),
    (4, 25, 0, 6, 25),
    (5, 17, 1, 23, 7),
    (6, 1, 0, 12, 28),
    (7, 15, 11, 8, 24),
    (8, 21, 2, 5, 11),
    (9, 24, 8, 5, 23),
    (10, 16, 10, 14, 14),
    (11, 32, 4, 11, 33),
    (12, 29, 11, 19, 13),
    (13, 6, 9, 4, 24),
    (14, 15, 3, 23, 13),
    (15, 14, 4, 0, 19),
    (16, 15, 1, 16, 3),
    (17, 38, 0, 23, 21),
    (18, 1, 3, 28, 27),
    (19, 4, 7, 15, 22),
    (20, 21, 1, 34, 10),
    (21, 36, 8, 0, 29),
    (22, 23, 5, 0, 25),
    (23, 18, 1, 30, 20),
    (24, 2, 4, 20, 32),
    (25, 3, 3, 13, 9),
    (26, 41, 8, 0, 27),
    (27, 19, 5, 18, 0),
    (28, 33, 3, 2, 19),
    (29, 20, 7, 12, 6),
    (30, 29, 10, 14, 17),
    (31, 25, 2, 7, 33),
    (32, 28, 4, 1, 33),
    (33, 35, 5, 8, 27),
    (34, 26, 9, 16, 18),
    (35, 18, 6, 29, 18),
    (36, 7, 1, 4, 22),
    (37, 16, 5, 14, 34),
    (38, 26, 1, 20, 7),
    (39, 41, 1, 22, 15),
    (40, 39, 1, 2, 30),
    (41, 31, 10, 33, 15),
    (42, 10, 6, 7, 25),
    (43, 9, 3, 15, 0),
    (44, 22, 10, 25, 36),
    (45, 32, 8, 5, 5),
    (46, 15, 8, 22, 13),
    (47, 8, 5, 25, 5),
    (48, 21, 5, 5, 8),
    (49, 6, 11, 23, 28),
    (50, 36, 0, 7, 4),
    (51, 0, 1, 25, 29),
    (52, 17, 1, 20, 25),
    (53, 2, 2, 30, 3),
    (54, 25, 8, 19, 5),
    (55, 30, 1, 32, 25),
    (56, 21, 1, 32, 30),
    (57, 15, 2, 8, 26),
    (58, 37, 1, 15, 21),
    (59, 1, 0, 14, 3),
    (60, 39, 7, 17, 33),
    (61, 18, 4, 27, 5),
    (62, 21, 6, 24, 1),
    (63, 9, 8, 12, 29),
    (64, 26, 8, 20, 20),
    (65, 2, 2, 6, 5),
    (66, 1, 5, 10, 3),
    (67, 10, 6, 11, 15),
    (68, 19, 11, 8, 11),
    (69, 10, 0, 1, 33),
    (70, 15, 8, 20, 4),
    (71, 29, 2, 33, 2),
    (72, 10, 5, 30, 0),
    (73, 21, 3, 27, 21),
    (74, 24, 9, 12, 26),
    (75, 28, 3, 23, 18),
    (76, 18, 7, 2, 25),
    (77, 24, 11, 11, 17),
    (78, 41, 7, 31, 18),
    (79, 17, 11, 25, 23);

INSERT INTO T_1_15_6_1 (pk)
VALUES
    (0),
    (1),
    (2),
    (3),
    (4),
    (5),
    (6),
    (7),
    (8),
    (9),
    (10),
    (11),
    (12),
    (13),
    (14),
    (15),
    (16),
    (17),
    (18),
    (19),
    (20),
    (21),
    (22),
    (23),
    (24),
    (25),
    (26),
    (27),
    (28),
    (29),
    (30),
    (31),
    (32),
    (33),
    (34),
    (35),
    (36),
    (37),
    (38),
    (39),
    (40),
    (41);

INSERT INTO T_1_15_6_2 (pk)
VALUES
    (0),
    (1),
    (2),
    (3),
    (4),
    (5),
    (6),
    (7),
    (8),
    (9),
    (10),
    (11);

INSERT INTO T_1_15_6_3 (pk)
VALUES
    (0),
    (1),
    (2),
    (3),
    (4),
    (5),
    (6),
    (7),
    (8),
    (9),
    (10),
    (11),
    (12),
    (13),
    (14),
    (15),
    (16),
    (17),
    (18),
    (19),
    (20),
    (21),
    (22),
    (23),
    (24),
    (25),
    (26),
    (27),
    (28),
    (29),
    (30),
    (31),
    (32),
    (33),
    (34);

INSERT INTO T_1_15_6_4 (pk)
VALUES
    (0),
    (1),
    (2),
    (3),
    (4),
    (5),
    (6),
    (7),
    (8),
    (9),
    (10),
    (11),
    (12),
    (13),
    (14),
    (15),
    (16),
    (17),
    (18),
    (19),
    (20),
    (21),
    (22),
    (23),
    (24),
    (25),
    (26),
    (27),
    (28),
    (29),
    (30),
    (31),
    (32),
    (33),
    (34),
    (35),
    (36);

INSERT INTO T_1_15_7 (pk,
    t_1_15_7_1, t_1_15_7_2, t_1_15_7_3, t_1_15_7_4)
VALUES
    (0, 2, 0, 20, 11),
    (1, 9, 2, 12, 15),
    (2, 9, 23, 24, 16),
    (3, 9, 31, 1, 16),
    (4, 5, 23, 16, 4),
    (5, 6, 30, 22, 11),
    (6, 7, 6, 12, 5),
    (7, 2, 8, 3, 17),
    (8, 6, 30, 8, 3),
    (9, 6, 5, 12, 3),
    (10, 3, 9, 1, 12),
    (11, 3, 4, 13, 21),
    (12, 6, 3, 8, 14),
    (13, 3, 15, 7, 8),
    (14, 2, 24, 2, 11),
    (15, 5, 5, 19, 14),
    (16, 6, 9, 17, 11),
    (17, 3, 6, 23, 12),
    (18, 7, 34, 22, 15),
    (19, 0, 28, 12, 7),
    (20, 3, 5, 4, 1),
    (21, 8, 8, 16, 24),
    (22, 8, 33, 15, 24),
    (23, 6, 0, 19, 5),
    (24, 1, 4, 5, 16),
    (25, 1, 14, 19, 19),
    (26, 9, 24, 24, 7),
    (27, 8, 27, 15, 2),
    (28, 6, 21, 9, 14),
    (29, 7, 5, 16, 7),
    (30, 2, 33, 0, 15),
    (31, 2, 21, 10, 9),
    (32, 6, 11, 2, 0),
    (33, 8, 17, 7, 18),
    (34, 8, 30, 1, 16),
    (35, 7, 32, 14, 10),
    (36, 9, 10, 3, 4),
    (37, 9, 4, 10, 0),
    (38, 4, 28, 3, 7),
    (39, 8, 10, 19, 18),
    (40, 9, 2, 7, 18),
    (41, 1, 16, 11, 20),
    (42, 3, 27, 0, 9),
    (43, 2, 30, 16, 9),
    (44, 7, 26, 9, 13),
    (45, 5, 31, 6, 19),
    (46, 6, 32, 12, 1),
    (47, 6, 26, 19, 19),
    (48, 9, 20, 15, 8),
    (49, 7, 9, 8, 18),
    (50, 8, 23, 19, 11),
    (51, 5, 33, 17, 21),
    (52, 5, 27, 1, 11),
    (53, 4, 18, 17, 3),
    (54, 0, 14, 8, 5),
    (55, 9, 1, 14, 17),
    (56, 1, 27, 14, 23),
    (57, 2, 34, 18, 1),
    (58, 3, 25, 1, 10),
    (59, 8, 8, 22, 22),
    (60, 3, 15, 5, 17),
    (61, 2, 1, 17, 13),
    (62, 9, 30, 3, 20),
    (63, 3, 7, 13, 5),
    (64, 6, 7, 6, 7),
    (65, 9, 18, 20, 21),
    (66, 8, 34, 23, 24),
    (67, 4, 32, 4, 24),
    (68, 5, 28, 21, 12),
    (69, 1, 4, 6, 20),
    (70, 3, 13, 10, 8),
    (71, 8, 23, 11, 3),
    (72, 7, 23, 16, 4),
    (73, 0, 3, 9, 10),
    (74, 9, 4, 7, 2),
    (75, 6, 1, 23, 17),
    (76, 7, 7, 2, 14),
    (77, 3, 21, 1, 20),
    (78, 7, 21, 18, 10),
    (79, 5, 1, 5, 12),
    (80, 7, 22, 22, 6),
    (81, 7, 28, 12, 19),
    (82, 6, 9, 13, 22),
    (83, 4, 0, 20, 1),
    (84, 1, 8, 9, 10),
    (85, 4, 17, 21, 20),
    (86, 7, 12, 6, 10),
    (87, 5, 4, 5, 14),
    (88, 9, 7, 0, 4),
    (89, 7, 32, 19, 3),
    (90, 1, 4, 7, 16),
    (91, 4, 30, 12, 19),
    (92, 0, 26, 0, 4),
    (93, 5, 7, 8, 19),
    (94, 6, 27, 24, 15),
    (95, 4, 17, 1, 10),
    (96, 5, 26, 3, 15),
    (97, 4, 30, 0, 24),
    (98, 9, 32, 10, 14),
    (99, 6, 7, 22, 12),
    (100, 9, 13, 12, 15),
    (101, 5, 2, 2, 16),
    (102, 9, 27, 9, 7),
    (103, 2, 15, 13, 17),
    (104, 6, 26, 18, 1),
    (105, 6, 15, 9, 20),
    (106, 7, 25, 14, 6),
    (107, 9, 28, 1, 17),
    (108, 0, 12, 7, 13),
    (109, 2, 34, 23, 1),
    (110, 9, 18, 10, 5),
    (111, 0, 4, 24, 11),
    (112, 9, 13, 12, 7),
    (113, 3, 33, 9, 4),
    (114, 0, 1, 15, 8),
    (115, 3, 15, 12, 11),
    (116, 1, 3, 0, 8),
    (117, 9, 19, 16, 0),
    (118, 7, 17, 6, 7),
    (119, 3, 5, 11, 1),
    (120, 8, 13, 19, 7),
    (121, 7, 7, 6, 12),
    (122, 4, 0, 12, 22),
    (123, 3, 34, 6, 3),
    (124, 2, 14, 5, 10),
    (125, 7, 5, 10, 3),
    (126, 5, 20, 18, 15),
    (127, 2, 26, 7, 13),
    (128, 3, 33, 16, 24),
    (129, 1, 3, 22, 4),
    (130, 2, 31, 14, 6),
    (131, 6, 7, 16, 6),
    (132, 5, 26, 24, 3),
    (133, 4, 14, 5, 14),
    (134, 5, 23, 2, 5),
    (135, 7, 24, 2, 2),
    (136, 4, 30, 4, 17),
    (137, 3, 32, 23, 1),
    (138, 2, 0, 17, 2),
    (139, 9, 12, 24, 20),
    (140, 2, 13, 20, 1),
    (141, 8, 33, 5, 19),
    (142, 6, 15, 13, 6),
    (143, 3, 23, 11, 2),
    (144, 1, 32, 24, 16),
    (145, 2, 30, 12, 22),
    (146, 0, 5, 5, 12),
    (147, 6, 15, 16, 17),
    (148, 5, 4, 13, 20),
    (149, 8, 2, 9, 17),
    (150, 7, 28, 5, 20),
    (151, 4, 3, 7, 2),
    (152, 5, 33, 9, 19),
    (153, 5, 34, 19, 12),
    (154, 1, 6, 20, 7),
    (155, 0, 23, 14, 6),
    (156, 2, 15, 0, 14),
    (157, 1, 9, 14, 24),
    (158, 7, 1, 14, 1),
    (159, 4, 33, 4, 15),
    (160, 1, 28, 15, 12),
    (161, 0, 11, 18, 2),
    (162, 4, 18, 19, 3),
    (163, 9, 22, 2, 18),
    (164, 7, 33, 19, 5),
    (165, 8, 25, 2, 1),
    (166, 8, 31, 12, 8),
    (167, 8, 1, 22, 1),
    (168, 6, 20, 0, 0),
    (169, 8, 20, 6, 4),
    (170, 3, 26, 24, 22),
    (171, 1, 26, 23, 0),
    (172, 6, 15, 21, 14),
    (173, 9, 18, 9, 12),
    (174, 5, 22, 15, 23),
    (175, 6, 7, 20, 2),
    (176, 5, 32, 14, 1),
    (177, 8, 3, 17, 23),
    (178, 6, 21, 11, 20),
    (179, 4, 18, 0, 17),
    (180, 1, 31, 15, 1),
    (181, 1, 5, 7, 15),
    (182, 5, 25, 6, 15);

INSERT INTO T_1_15_7_1 (pk)
VALUES
    (0),
    (1),
    (2),
    (3),
    (4),
    (5),
    (6),
    (7),
    (8),
    (9);

INSERT INTO T_1_15_7_2 (pk)
VALUES
    (0),
    (1),
    (2),
    (3),
    (4),
    (5),
    (6),
    (7),
    (8),
    (9),
    (10),
    (11),
    (12),
    (13),
    (14),
    (15),
    (16),
    (17),
    (18),
    (19),
    (20),
    (21),
    (22),
    (23),
    (24),
    (25),
    (26),
    (27),
    (28),
    (29),
    (30),
    (31),
    (32),
    (33),
    (34);

INSERT INTO T_1_15_7_3 (pk)
VALUES
    (0),
    (1),
    (2),
    (3),
    (4),
    (5),
    (6),
    (7),
    (8),
    (9),
    (10),
    (11),
    (12),
    (13),
    (14),
    (15),
    (16),
    (17),
    (18),
    (19),
    (20),
    (21),
    (22),
    (23),
    (24);

INSERT INTO T_1_15_7_4 (pk)
VALUES
    (0),
    (1),
    (2),
    (3),
    (4),
    (5),
    (6),
    (7),
    (8),
    (9),
    (10),
    (11),
    (12),
    (13),
    (14),
    (15),
    (16),
    (17),
    (18),
    (19),
    (20),
    (21),
    (22),
    (23),
    (24);

INSERT INTO T_1_15_8 (pk,
    t_1_15_8_1, t_1_15_8_2, t_1_15_8_3, t_1_15_8_4)
VALUES
    (0, 3, 10, 12, 5),
    (1, 0, 31, 19, 2),
    (2, 3, 14, 18, 7),
    (3, 4, 33, 24, 5),
    (4, 1, 6, 1, 23),
    (5, 5, 18, 9, 18),
    (6, 3, 16, 17, 3),
    (7, 2, 4, 20, 16),
    (8, 6, 25, 0, 10),
    (9, 2, 23, 11, 10),
    (10, 2, 23, 20, 4),
    (11, 0, 32, 16, 24),
    (12, 0, 3, 1, 21),
    (13, 5, 12, 8, 9),
    (14, 5, 23, 2, 8),
    (15, 1, 8, 12, 4),
    (16, 2, 9, 20, 14),
    (17, 3, 1, 2, 24),
    (18, 4, 34, 0, 6),
    (19, 4, 19, 4, 8),
    (20, 4, 16, 7, 19),
    (21, 2, 19, 20, 19),
    (22, 3, 21, 14, 22),
    (23, 4, 24, 6, 7),
    (24, 4, 6, 12, 1),
    (25, 3, 9, 7, 14),
    (26, 1, 35, 13, 22),
    (27, 3, 31, 2, 8),
    (28, 0, 14, 5, 7),
    (29, 4, 34, 2, 11),
    (30, 6, 9, 19, 24),
    (31, 5, 23, 9, 17),
    (32, 0, 0, 14, 21),
    (33, 6, 18, 24, 18),
    (34, 2, 26, 11, 0),
    (35, 5, 6, 13, 0),
    (36, 6, 14, 20, 22),
    (37, 5, 7, 11, 15),
    (38, 2, 7, 16, 9),
    (39, 2, 35, 3, 20),
    (40, 3, 36, 9, 14),
    (41, 4, 17, 4, 5),
    (42, 4, 17, 6, 7),
    (43, 0, 1, 1, 3),
    (44, 0, 1, 9, 11),
    (45, 1, 6, 24, 0),
    (46, 1, 35, 3, 15),
    (47, 6, 26, 11, 1),
    (48, 2, 15, 4, 24),
    (49, 6, 31, 18, 6),
    (50, 3, 21, 16, 15),
    (51, 3, 17, 22, 11),
    (52, 3, 17, 15, 23),
    (53, 0, 18, 5, 24),
    (54, 3, 18, 8, 5),
    (55, 5, 20, 13, 11),
    (56, 4, 7, 8, 11),
    (57, 6, 11, 24, 24),
    (58, 5, 22, 16, 15),
    (59, 2, 30, 24, 4),
    (60, 6, 19, 10, 20),
    (61, 2, 29, 11, 0),
    (62, 0, 32, 7, 9),
    (63, 1, 31, 1, 8),
    (64, 4, 24, 0, 18),
    (65, 2, 1, 23, 16),
    (66, 0, 16, 3, 16),
    (67, 5, 5, 1, 12),
    (68, 3, 24, 2, 20),
    (69, 6, 29, 4, 8),
    (70, 2, 1, 10, 16),
    (71, 5, 28, 19, 23),
    (72, 0, 3, 23, 19),
    (73, 3, 1, 17, 0),
    (74, 6, 35, 10, 22),
    (75, 4, 2, 6, 10),
    (76, 0, 23, 23, 19),
    (77, 1, 17, 6, 24),
    (78, 3, 9, 19, 7),
    (79, 0, 29, 2, 24),
    (80, 0, 19, 20, 6),
    (81, 0, 2, 1, 9),
    (82, 1, 17, 5, 15),
    (83, 4, 31, 8, 17),
    (84, 1, 36, 4, 7),
    (85, 2, 34, 4, 17),
    (86, 1, 5, 13, 16),
    (87, 4, 36, 4, 11),
    (88, 4, 12, 17, 3),
    (89, 2, 9, 5, 7),
    (90, 3, 31, 22, 3),
    (91, 4, 11, 5, 14),
    (92, 5, 17, 19, 7),
    (93, 1, 36, 8, 18),
    (94, 0, 7, 7, 15),
    (95, 4, 14, 0, 1),
    (96, 6, 7, 15, 21),
    (97, 2, 9, 4, 20),
    (98, 6, 28, 11, 18),
    (99, 5, 12, 23, 5),
    (100, 4, 9, 6, 4),
    (101, 6, 31, 13, 24),
    (102, 2, 2, 17, 8),
    (103, 1, 17, 4, 10),
    (104, 1, 11, 24, 14),
    (105, 3, 13, 8, 0),
    (106, 1, 10, 4, 10),
    (107, 0, 15, 10, 7),
    (108, 1, 2, 3, 12),
    (109, 1, 27, 1, 4),
    (110, 0, 5, 24, 20),
    (111, 2, 8, 1, 1),
    (112, 5, 18, 23, 9),
    (113, 3, 13, 2, 1),
    (114, 2, 32, 3, 19),
    (115, 2, 28, 21, 14),
    (116, 3, 23, 0, 17),
    (117, 0, 6, 6, 16),
    (118, 0, 6, 15, 23),
    (119, 6, 2, 0, 20),
    (120, 4, 17, 15, 6),
    (121, 3, 35, 9, 12),
    (122, 6, 16, 2, 3),
    (123, 4, 12, 2, 6),
    (124, 6, 13, 2, 1),
    (125, 3, 15, 23, 20),
    (126, 0, 10, 8, 9),
    (127, 6, 34, 16, 13),
    (128, 1, 4, 8, 3),
    (129, 3, 10, 14, 3),
    (130, 6, 30, 7, 5),
    (131, 0, 10, 18, 18),
    (132, 4, 9, 24, 23),
    (133, 5, 27, 19, 20),
    (134, 4, 16, 19, 5),
    (135, 6, 35, 11, 21),
    (136, 1, 13, 14, 21),
    (137, 4, 20, 11, 4),
    (138, 0, 32, 10, 10),
    (139, 0, 5, 4, 6),
    (140, 5, 10, 21, 14),
    (141, 4, 31, 3, 16),
    (142, 6, 18, 16, 5),
    (143, 4, 35, 6, 22),
    (144, 0, 17, 5, 8),
    (145, 2, 33, 5, 8),
    (146, 3, 4, 5, 23),
    (147, 3, 8, 16, 18),
    (148, 4, 15, 8, 23),
    (149, 0, 29, 19, 7),
    (150, 2, 31, 12, 21),
    (151, 4, 24, 10, 14),
    (152, 1, 6, 20, 18),
    (153, 4, 16, 11, 12),
    (154, 1, 0, 19, 22),
    (155, 1, 30, 1, 18),
    (156, 4, 36, 19, 0),
    (157, 3, 15, 11, 15),
    (158, 5, 3, 14, 21),
    (159, 1, 1, 15, 14),
    (160, 6, 14, 1, 19),
    (161, 5, 14, 12, 21),
    (162, 2, 26, 4, 20),
    (163, 1, 32, 21, 18),
    (164, 1, 27, 3, 11),
    (165, 6, 0, 17, 2),
    (166, 6, 9, 8, 6),
    (167, 1, 24, 15, 6),
    (168, 0, 21, 11, 14),
    (169, 5, 4, 2, 6),
    (170, 0, 15, 0, 0),
    (171, 4, 36, 17, 15),
    (172, 5, 11, 19, 13),
    (173, 0, 29, 5, 17),
    (174, 0, 9, 10, 16),
    (175, 3, 30, 12, 12),
    (176, 0, 32, 3, 18),
    (177, 1, 24, 3, 24),
    (178, 6, 17, 10, 8),
    (179, 2, 6, 5, 17);

INSERT INTO T_1_15_8_1 (pk)
VALUES
    (0),
    (1),
    (2),
    (3),
    (4),
    (5),
    (6);

INSERT INTO T_1_15_8_2 (pk)
VALUES
    (0),
    (1),
    (2),
    (3),
    (4),
    (5),
    (6),
    (7),
    (8),
    (9),
    (10),
    (11),
    (12),
    (13),
    (14),
    (15),
    (16),
    (17),
    (18),
    (19),
    (20),
    (21),
    (22),
    (23),
    (24),
    (25),
    (26),
    (27),
    (28),
    (29),
    (30),
    (31),
    (32),
    (33),
    (34),
    (35),
    (36);

INSERT INTO T_1_15_8_3 (pk)
VALUES
    (0),
    (1),
    (2),
    (3),
    (4),
    (5),
    (6),
    (7),
    (8),
    (9),
    (10),
    (11),
    (12),
    (13),
    (14),
    (15),
    (16),
    (17),
    (18),
    (19),
    (20),
    (21),
    (22),
    (23),
    (24);

INSERT INTO T_1_15_8_4 (pk)
VALUES
    (0),
    (1),
    (2),
    (3),
    (4),
    (5),
    (6),
    (7),
    (8),
    (9),
    (10),
    (11),
    (12),
    (13),
    (14),
    (15),
    (16),
    (17),
    (18),
    (19),
    (20),
    (21),
    (22),
    (23),
    (24);

INSERT INTO T_1_16 (pk,
    t_1_16_1, t_1_16_2, t_1_16_3, t_1_16_4, t_1_16_5, t_1_16_6, t_1_16_7, t_1_16_8)
VALUES
    (0, 22, 8, 136, 26, 79, 94, 105, 22),
    (1, 55, 23, 102, 139, 104, 83, 134, 29),
    (2, 5, 40, 28, 106, 73, 154, 91, 17),
    (3, 16, 11, 142, 112, 105, 54, 166, 31),
    (4, 35, 20, 58, 36, 49, 82, 120, 0),
    (5, 49, 39, 97, 104, 25, 94, 45, 34),
    (6, 70, 40, 50, 114, 117, 81, 97, 11),
    (7, 5, 5, 110, 66, 8, 47, 44, 9),
    (8, 0, 16, 60, 99, 30, 41, 140, 40),
    (9, 38, 26, 98, 3, 115, 4, 114, 3),
    (10, 30, 6, 30, 94, 81, 73, 30, 26),
    (11, 47, 3, 36, 21, 15, 38, 59, 10),
    (12, 13, 10, 75, 9, 71, 6, 107, 10),
    (13, 35, 52, 117, 113, 8, 12, 48, 34),
    (14, 57, 51, 141, 106, 103, 93, 49, 20),
    (15, 16, 17, 139, 22, 47, 99, 128, 8),
    (16, 32, 35, 105, 56, 48, 148, 71, 41),
    (17, 27, 17, 28, 157, 0, 137, 73, 27),
    (18, 9, 5, 89, 101, 99, 27, 130, 39),
    (19, 23, 47, 159, 108, 112, 45, 108, 27),
    (20, 9, 11, 116, 117, 62, 115, 21, 3),
    (21, 9, 14, 55, 107, 116, 142, 36, 17),
    (22, 69, 50, 16, 136, 120, 149, 124, 32),
    (23, 28, 29, 53, 141, 36, 7, 174, 9),
    (24, 33, 45, 179, 21, 79, 5, 150, 37),
    (25, 34, 12, 161, 0, 28, 99, 170, 3),
    (26, 67, 50, 1, 87, 68, 106, 130, 12),
    (27, 51, 24, 126, 15, 14, 114, 19, 6),
    (28, 59, 0, 173, 101, 111, 16, 113, 38),
    (29, 61, 14, 80, 1, 4, 19, 85, 38),
    (30, 33, 17, 121, 57, 77, 32, 9, 10),
    (31, 35, 17, 115, 5, 34, 105, 54, 7),
    (32, 3, 40, 110, 88, 111, 65, 100, 13),
    (33, 7, 47, 153, 159, 50, 22, 78, 5),
    (34, 0, 16, 99, 74, 26, 28, 132, 26),
    (35, 57, 44, 157, 157, 55, 130, 15, 11),
    (36, 61, 49, 92, 70, 76, 128, 168, 37),
    (37, 12, 19, 91, 126, 71, 24, 60, 29),
    (38, 13, 23, 178, 59, 110, 34, 159, 27),
    (39, 63, 41, 16, 92, 96, 86, 165, 26),
    (40, 66, 24, 34, 51, 66, 50, 102, 26),
    (41, 4, 36, 26, 59, 95, 128, 164, 19),
    (42, 23, 6, 1, 157, 77, 36, 2, 38),
    (43, 56, 2, 48, 155, 12, 63, 166, 19),
    (44, 30, 4, 85, 73, 89, 95, 133, 31),
    (45, 49, 28, 4, 59, 100, 134, 13, 28),
    (46, 71, 43, 126, 21, 63, 142, 72, 11),
    (47, 69, 1, 6, 7, 114, 91, 98, 38),
    (48, 8, 40, 7, 89, 42, 141, 138, 25),
    (49, 68, 16, 37, 151, 103, 143, 151, 16),
    (50, 14, 10, 146, 118, 49, 108, 5, 22),
    (51, 6, 51, 21, 4, 19, 125, 174, 9),
    (52, 37, 8, 179, 54, 111, 80, 6, 41),
    (53, 6, 40, 151, 140, 5, 60, 104, 23),
    (54, 63, 45, 105, 2, 7, 46, 32, 38),
    (55, 31, 16, 95, 148, 30, 129, 61, 31),
    (56, 70, 18, 148, 73, 4, 74, 170, 20),
    (57, 12, 12, 170, 37, 46, 132, 40, 37),
    (58, 58, 40, 59, 21, 31, 35, 135, 38),
    (59, 25, 30, 134, 145, 68, 78, 173, 10),
    (60, 59, 39, 116, 21, 115, 79, 46, 22),
    (61, 33, 0, 21, 23, 37, 24, 63, 21),
    (62, 49, 15, 117, 13, 55, 59, 161, 41),
    (63, 23, 8, 170, 42, 32, 138, 93, 6),
    (64, 39, 43, 3, 23, 50, 33, 56, 5),
    (65, 5, 44, 130, 149, 44, 8, 164, 36),
    (66, 54, 8, 96, 80, 86, 34, 97, 6),
    (67, 58, 31, 182, 23, 25, 51, 27, 9),
    (68, 62, 50, 6, 9, 118, 14, 129, 29),
    (69, 19, 13, 84, 23, 15, 45, 48, 7),
    (70, 29, 48, 10, 94, 5, 89, 57, 1),
    (71, 26, 11, 30, 141, 89, 75, 152, 11),
    (72, 16, 15, 26, 105, 61, 137, 145, 13),
    (73, 4, 8, 3, 137, 49, 87, 162, 19),
    (74, 52, 8, 130, 40, 98, 148, 66, 4),
    (75, 8, 8, 98, 21, 70, 118, 71, 35),
    (76, 36, 17, 5, 150, 75, 127, 95, 32),
    (77, 34, 0, 45, 93, 53, 94, 29, 11),
    (78, 19, 18, 42, 56, 108, 100, 134, 13),
    (79, 21, 24, 112, 87, 13, 111, 85, 19),
    (80, 1, 2, 83, 141, 63, 56, 68, 26),
    (81, 8, 52, 151, 119, 51, 32, 148, 8),
    (82, 23, 45, 44, 152, 31, 73, 155, 41),
    (83, 52, 26, 103, 133, 120, 75, 82, 5),
    (84, 37, 52, 161, 106, 110, 119, 62, 26),
    (85, 61, 30, 128, 86, 109, 78, 160, 1),
    (86, 39, 6, 136, 108, 84, 114, 47, 28),
    (87, 54, 42, 80, 19, 110, 79, 54, 15),
    (88, 65, 39, 71, 15, 68, 29, 42, 17),
    (89, 50, 28, 19, 59, 54, 84, 93, 5),
    (90, 42, 30, 148, 2, 81, 47, 94, 35),
    (91, 41, 10, 118, 73, 9, 65, 59, 1),
    (92, 44, 3, 1, 132, 28, 55, 8, 5),
    (93, 58, 33, 17, 104, 85, 90, 8, 35),
    (94, 4, 6, 51, 117, 100, 52, 44, 41),
    (95, 4, 41, 86, 95, 27, 130, 68, 4),
    (96, 40, 10, 61, 72, 19, 143, 173, 12),
    (97, 31, 33, 114, 29, 110, 79, 60, 10),
    (98, 21, 30, 27, 93, 17, 144, 32, 1),
    (99, 28, 39, 163, 128, 13, 5, 83, 1),
    (100, 19, 9, 9, 94, 57, 29, 65, 21),
    (101, 53, 0, 140, 23, 52, 47, 69, 33),
    (102, 6, 43, 47, 113, 55, 30, 143, 22),
    (103, 37, 50, 20, 69, 105, 120, 169, 37),
    (104, 9, 21, 47, 76, 115, 107, 98, 26),
    (105, 32, 40, 112, 17, 76, 71, 104, 16),
    (106, 35, 21, 16, 122, 9, 135, 93, 7),
    (107, 45, 45, 131, 115, 39, 15, 105, 20),
    (108, 68, 32, 179, 152, 95, 133, 44, 14),
    (109, 55, 26, 159, 159, 26, 49, 147, 19),
    (110, 40, 1, 20, 156, 54, 92, 54, 15),
    (111, 18, 13, 90, 31, 74, 36, 140, 4),
    (112, 8, 34, 9, 121, 2, 66, 24, 10),
    (113, 28, 42, 36, 145, 107, 131, 141, 27),
    (114, 38, 35, 74, 121, 66, 19, 126, 25),
    (115, 16, 5, 160, 42, 16, 44, 101, 35),
    (116, 46, 52, 17, 56, 37, 53, 46, 0),
    (117, 14, 5, 18, 74, 19, 131, 91, 2),
    (118, 18, 50, 74, 68, 47, 38, 175, 1),
    (119, 53, 35, 19, 155, 106, 119, 101, 7),
    (120, 28, 38, 68, 135, 126, 107, 52, 36),
    (121, 70, 45, 37, 150, 24, 76, 135, 2),
    (122, 1, 24, 183, 109, 97, 107, 101, 4),
    (123, 63, 33, 113, 89, 3, 153, 11, 23),
    (124, 8, 47, 116, 18, 79, 62, 120, 12),
    (125, 69, 35, 1, 100, 30, 70, 8, 17),
    (126, 47, 8, 155, 141, 96, 71, 12, 6),
    (127, 16, 51, 133, 40, 73, 131, 29, 36),
    (128, 14, 21, 169, 32, 75, 2, 159, 1),
    (129, 69, 29, 10, 124, 59, 45, 139, 15),
    (130, 13, 21, 144, 92, 45, 113, 176, 3),
    (131, 34, 46, 142, 0, 87, 144, 41, 3),
    (132, 49, 0, 65, 82, 19, 111, 49, 18),
    (133, 39, 8, 158, 46, 1, 80, 138, 39),
    (134, 23, 50, 20, 128, 97, 143, 48, 41),
    (135, 21, 48, 39, 28, 92, 66, 68, 29),
    (136, 50, 29, 108, 25, 84, 23, 7, 30),
    (137, 58, 45, 99, 71, 6, 103, 23, 6),
    (138, 45, 27, 128, 86, 92, 13, 12, 3),
    (139, 29, 45, 120, 40, 9, 96, 58, 4),
    (140, 44, 8, 33, 67, 20, 74, 132, 28),
    (141, 59, 14, 99, 95, 53, 2, 108, 12),
    (142, 15, 20, 57, 52, 7, 78, 72, 1),
    (143, 31, 8, 88, 62, 26, 107, 130, 12),
    (144, 38, 0, 164, 14, 84, 24, 62, 13),
    (145, 66, 39, 89, 8, 91, 62, 174, 17),
    (146, 14, 32, 125, 16, 64, 90, 69, 4),
    (147, 33, 11, 86, 37, 24, 123, 127, 20),
    (148, 35, 38, 135, 78, 3, 36, 117, 7),
    (149, 52, 15, 22, 15, 12, 1, 142, 3),
    (150, 61, 0, 139, 40, 118, 30, 134, 36),
    (151, 62, 40, 167, 56, 99, 86, 30, 9),
    (152, 30, 17, 142, 64, 65, 13, 128, 30),
    (153, 11, 31, 89, 117, 49, 86, 36, 5),
    (154, 48, 15, 18, 65, 47, 63, 129, 33),
    (155, 68, 9, 114, 60, 121, 113, 168, 34),
    (156, 69, 31, 39, 21, 16, 54, 171, 25),
    (157, 30, 40, 32, 107, 118, 103, 67, 20),
    (158, 68, 27, 66, 61, 9, 98, 137, 36),
    (159, 9, 41, 139, 126, 67, 10, 126, 22),
    (160, 36, 20, 180, 18, 65, 27, 74, 40),
    (161, 68, 11, 22, 137, 84, 125, 17, 12),
    (162, 68, 9, 163, 150, 37, 17, 156, 3),
    (163, 55, 33, 170, 134, 0, 119, 25, 3),
    (164, 13, 7, 7, 93, 73, 95, 26, 2),
    (165, 66, 7, 29, 83, 76, 55, 160, 34),
    (166, 7, 43, 163, 102, 114, 115, 124, 5),
    (167, 53, 16, 131, 96, 67, 80, 145, 21),
    (168, 19, 36, 92, 92, 98, 42, 47, 3),
    (169, 38, 46, 67, 42, 110, 118, 24, 37),
    (170, 40, 6, 102, 118, 46, 129, 70, 7),
    (171, 71, 14, 34, 25, 117, 37, 108, 9),
    (172, 59, 34, 4, 33, 83, 148, 11, 38),
    (173, 48, 48, 85, 119, 44, 44, 161, 27),
    (174, 38, 1, 143, 52, 72, 86, 106, 33),
    (175, 10, 35, 40, 103, 118, 103, 77, 35),
    (176, 61, 12, 110, 44, 37, 32, 168, 22),
    (177, 12, 23, 145, 45, 2, 104, 56, 6),
    (178, 65, 26, 94, 13, 81, 15, 78, 24),
    (179, 71, 45, 10, 8, 32, 131, 13, 41),
    (180, 47, 41, 87, 108, 19, 139, 37, 24),
    (181, 62, 50, 77, 80, 105, 110, 161, 5),
    (182, 66, 0, 48, 63, 125, 58, 176, 40),
    (183, 0, 8, 113, 96, 92, 19, 6, 39);

INSERT INTO T_1_16_1 (pk)
VALUES
    (0),
    (1),
    (2),
    (3),
    (4),
    (5),
    (6),
    (7),
    (8),
    (9),
    (10),
    (11),
    (12),
    (13),
    (14),
    (15),
    (16),
    (17),
    (18),
    (19),
    (20),
    (21),
    (22),
    (23),
    (24),
    (25),
    (26),
    (27),
    (28),
    (29),
    (30),
    (31),
    (32),
    (33),
    (34),
    (35),
    (36),
    (37),
    (38),
    (39),
    (40),
    (41),
    (42),
    (43),
    (44),
    (45),
    (46),
    (47),
    (48),
    (49),
    (50),
    (51),
    (52),
    (53),
    (54),
    (55),
    (56),
    (57),
    (58),
    (59),
    (60),
    (61),
    (62),
    (63),
    (64),
    (65),
    (66),
    (67),
    (68),
    (69),
    (70),
    (71);

INSERT INTO T_1_16_2 (pk)
VALUES
    (0),
    (1),
    (2),
    (3),
    (4),
    (5),
    (6),
    (7),
    (8),
    (9),
    (10),
    (11),
    (12),
    (13),
    (14),
    (15),
    (16),
    (17),
    (18),
    (19),
    (20),
    (21),
    (22),
    (23),
    (24),
    (25),
    (26),
    (27),
    (28),
    (29),
    (30),
    (31),
    (32),
    (33),
    (34),
    (35),
    (36),
    (37),
    (38),
    (39),
    (40),
    (41),
    (42),
    (43),
    (44),
    (45),
    (46),
    (47),
    (48),
    (49),
    (50),
    (51),
    (52);

INSERT INTO T_1_16_3 (pk)
VALUES
    (0),
    (1),
    (2),
    (3),
    (4),
    (5),
    (6),
    (7),
    (8),
    (9),
    (10),
    (11),
    (12),
    (13),
    (14),
    (15),
    (16),
    (17),
    (18),
    (19),
    (20),
    (21),
    (22),
    (23),
    (24),
    (25),
    (26),
    (27),
    (28),
    (29),
    (30),
    (31),
    (32),
    (33),
    (34),
    (35),
    (36),
    (37),
    (38),
    (39),
    (40),
    (41),
    (42),
    (43),
    (44),
    (45),
    (46),
    (47),
    (48),
    (49),
    (50),
    (51),
    (52),
    (53),
    (54),
    (55),
    (56),
    (57),
    (58),
    (59),
    (60),
    (61),
    (62),
    (63),
    (64),
    (65),
    (66),
    (67),
    (68),
    (69),
    (70),
    (71),
    (72),
    (73),
    (74),
    (75),
    (76),
    (77),
    (78),
    (79),
    (80),
    (81),
    (82),
    (83),
    (84),
    (85),
    (86),
    (87),
    (88),
    (89),
    (90),
    (91),
    (92),
    (93),
    (94),
    (95),
    (96),
    (97),
    (98),
    (99),
    (100),
    (101),
    (102),
    (103),
    (104),
    (105),
    (106),
    (107),
    (108),
    (109),
    (110),
    (111),
    (112),
    (113),
    (114),
    (115),
    (116),
    (117),
    (118),
    (119),
    (120),
    (121),
    (122),
    (123),
    (124),
    (125),
    (126),
    (127),
    (128),
    (129),
    (130),
    (131),
    (132),
    (133),
    (134),
    (135),
    (136),
    (137),
    (138),
    (139),
    (140),
    (141),
    (142),
    (143),
    (144),
    (145),
    (146),
    (147),
    (148),
    (149),
    (150),
    (151),
    (152),
    (153),
    (154),
    (155),
    (156),
    (157),
    (158),
    (159),
    (160),
    (161),
    (162),
    (163),
    (164),
    (165),
    (166),
    (167),
    (168),
    (169),
    (170),
    (171),
    (172),
    (173),
    (174),
    (175),
    (176),
    (177),
    (178),
    (179),
    (180),
    (181),
    (182),
    (183),
    (184),
    (185);

INSERT INTO T_1_16_4 (pk)
VALUES
    (0),
    (1),
    (2),
    (3),
    (4),
    (5),
    (6),
    (7),
    (8),
    (9),
    (10),
    (11),
    (12),
    (13),
    (14),
    (15),
    (16),
    (17),
    (18),
    (19),
    (20),
    (21),
    (22),
    (23),
    (24),
    (25),
    (26),
    (27),
    (28),
    (29),
    (30),
    (31),
    (32),
    (33),
    (34),
    (35),
    (36),
    (37),
    (38),
    (39),
    (40),
    (41),
    (42),
    (43),
    (44),
    (45),
    (46),
    (47),
    (48),
    (49),
    (50),
    (51),
    (52),
    (53),
    (54),
    (55),
    (56),
    (57),
    (58),
    (59),
    (60),
    (61),
    (62),
    (63),
    (64),
    (65),
    (66),
    (67),
    (68),
    (69),
    (70),
    (71),
    (72),
    (73),
    (74),
    (75),
    (76),
    (77),
    (78),
    (79),
    (80),
    (81),
    (82),
    (83),
    (84),
    (85),
    (86),
    (87),
    (88),
    (89),
    (90),
    (91),
    (92),
    (93),
    (94),
    (95),
    (96),
    (97),
    (98),
    (99),
    (100),
    (101),
    (102),
    (103),
    (104),
    (105),
    (106),
    (107),
    (108),
    (109),
    (110),
    (111),
    (112),
    (113),
    (114),
    (115),
    (116),
    (117),
    (118),
    (119),
    (120),
    (121),
    (122),
    (123),
    (124),
    (125),
    (126),
    (127),
    (128),
    (129),
    (130),
    (131),
    (132),
    (133),
    (134),
    (135),
    (136),
    (137),
    (138),
    (139),
    (140),
    (141),
    (142),
    (143),
    (144),
    (145),
    (146),
    (147),
    (148),
    (149),
    (150),
    (151),
    (152),
    (153),
    (154),
    (155),
    (156),
    (157),
    (158),
    (159);

INSERT INTO T_1_16_5 (pk,
    t_1_16_5_1, t_1_16_5_2, t_1_16_5_3, t_1_16_5_4)
VALUES
    (0, 9, 125, 37, 49),
    (1, 8, 12, 39, 13),
    (2, 43, 171, 50, 37),
    (3, 65, 162, 87, 1),
    (4, 24, 155, 84, 0),
    (5, 76, 153, 1, 42),
    (6, 70, 66, 19, 35),
    (7, 78, 163, 38, 36),
    (8, 53, 59, 58, 3),
    (9, 14, 9, 91, 46),
    (10, 27, 90, 38, 35),
    (11, 74, 111, 36, 3),
    (12, 70, 103, 7, 8),
    (13, 13, 26, 27, 44),
    (14, 2, 78, 92, 34),
    (15, 4, 55, 103, 32),
    (16, 77, 138, 17, 36),
    (17, 5, 32, 76, 20),
    (18, 63, 137, 96, 25),
    (19, 61, 140, 52, 34),
    (20, 33, 54, 30, 38),
    (21, 6, 159, 68, 23),
    (22, 66, 132, 63, 26),
    (23, 45, 29, 56, 9),
    (24, 40, 113, 77, 13),
    (25, 42, 53, 78, 0),
    (26, 75, 30, 62, 19),
    (27, 41, 112, 20, 40),
    (28, 2, 82, 22, 18),
    (29, 6, 144, 107, 46),
    (30, 56, 9, 76, 14),
    (31, 61, 54, 84, 33),
    (32, 65, 156, 95, 15),
    (33, 6, 66, 82, 39),
    (34, 65, 87, 74, 38),
    (35, 68, 18, 76, 46),
    (36, 19, 157, 9, 22),
    (37, 30, 105, 105, 47),
    (38, 11, 7, 36, 10),
    (39, 10, 0, 2, 6),
    (40, 66, 105, 106, 33),
    (41, 17, 55, 21, 26),
    (42, 36, 81, 87, 8),
    (43, 7, 8, 96, 41),
    (44, 20, 28, 98, 9),
    (45, 22, 4, 80, 2),
    (46, 56, 65, 37, 1),
    (47, 42, 128, 50, 12),
    (48, 70, 89, 82, 33),
    (49, 45, 110, 57, 23),
    (50, 79, 125, 41, 21),
    (51, 71, 88, 80, 15),
    (52, 54, 42, 69, 45),
    (53, 41, 123, 56, 19),
    (54, 31, 82, 80, 31),
    (55, 58, 101, 51, 43),
    (56, 55, 85, 24, 48),
    (57, 19, 14, 36, 30),
    (58, 50, 66, 61, 49),
    (59, 28, 144, 54, 7),
    (60, 65, 17, 46, 12),
    (61, 78, 56, 83, 46),
    (62, 16, 171, 65, 28),
    (63, 34, 24, 16, 22),
    (64, 74, 36, 103, 39),
    (65, 35, 65, 35, 37),
    (66, 69, 61, 14, 25),
    (67, 36, 34, 108, 35),
    (68, 14, 9, 86, 20),
    (69, 22, 16, 10, 12),
    (70, 69, 108, 76, 18),
    (71, 69, 8, 86, 24),
    (72, 63, 108, 60, 35),
    (73, 49, 73, 33, 48),
    (74, 52, 52, 31, 12),
    (75, 20, 52, 52, 30),
    (76, 66, 124, 63, 34),
    (77, 51, 78, 9, 31),
    (78, 60, 25, 16, 43),
    (79, 59, 65, 26, 7),
    (80, 25, 141, 67, 27),
    (81, 77, 29, 64, 12),
    (82, 0, 62, 39, 12),
    (83, 56, 121, 38, 6),
    (84, 62, 18, 33, 23),
    (85, 9, 50, 92, 37),
    (86, 15, 77, 77, 6),
    (87, 16, 171, 59, 4),
    (88, 1, 152, 98, 47),
    (89, 1, 49, 106, 38),
    (90, 21, 123, 6, 10),
    (91, 25, 28, 86, 48),
    (92, 75, 151, 12, 14),
    (93, 21, 119, 27, 26),
    (94, 7, 113, 53, 39),
    (95, 12, 12, 94, 19),
    (96, 17, 156, 90, 22),
    (97, 6, 21, 66, 2),
    (98, 78, 130, 61, 34),
    (99, 61, 133, 7, 4),
    (100, 33, 97, 37, 28),
    (101, 70, 158, 83, 6),
    (102, 64, 143, 91, 31),
    (103, 58, 125, 64, 14),
    (104, 72, 163, 84, 0),
    (105, 49, 120, 33, 12),
    (106, 36, 52, 0, 24),
    (107, 20, 19, 65, 9),
    (108, 34, 12, 25, 36),
    (109, 51, 123, 9, 21),
    (110, 7, 161, 9, 36),
    (111, 47, 113, 24, 9),
    (112, 35, 30, 101, 35),
    (113, 55, 64, 21, 6),
    (114, 23, 83, 84, 17),
    (115, 45, 79, 85, 18),
    (116, 20, 117, 71, 44),
    (117, 22, 7, 6, 25),
    (118, 49, 33, 47, 49),
    (119, 54, 141, 5, 26),
    (120, 53, 7, 39, 26),
    (121, 2, 22, 92, 44),
    (122, 23, 112, 6, 17),
    (123, 7, 140, 74, 48),
    (124, 19, 139, 25, 9),
    (125, 55, 169, 52, 42),
    (126, 5, 84, 17, 39);

INSERT INTO T_1_16_5_1 (pk)
VALUES
    (0),
    (1),
    (2),
    (3),
    (4),
    (5),
    (6),
    (7),
    (8),
    (9),
    (10),
    (11),
    (12),
    (13),
    (14),
    (15),
    (16),
    (17),
    (18),
    (19),
    (20),
    (21),
    (22),
    (23),
    (24),
    (25),
    (26),
    (27),
    (28),
    (29),
    (30),
    (31),
    (32),
    (33),
    (34),
    (35),
    (36),
    (37),
    (38),
    (39),
    (40),
    (41),
    (42),
    (43),
    (44),
    (45),
    (46),
    (47),
    (48),
    (49),
    (50),
    (51),
    (52),
    (53),
    (54),
    (55),
    (56),
    (57),
    (58),
    (59),
    (60),
    (61),
    (62),
    (63),
    (64),
    (65),
    (66),
    (67),
    (68),
    (69),
    (70),
    (71),
    (72),
    (73),
    (74),
    (75),
    (76),
    (77),
    (78),
    (79);

INSERT INTO T_1_16_5_2 (pk)
VALUES
    (0),
    (1),
    (2),
    (3),
    (4),
    (5),
    (6),
    (7),
    (8),
    (9),
    (10),
    (11),
    (12),
    (13),
    (14),
    (15),
    (16),
    (17),
    (18),
    (19),
    (20),
    (21),
    (22),
    (23),
    (24),
    (25),
    (26),
    (27),
    (28),
    (29),
    (30),
    (31),
    (32),
    (33),
    (34),
    (35),
    (36),
    (37),
    (38),
    (39),
    (40),
    (41),
    (42),
    (43),
    (44),
    (45),
    (46),
    (47),
    (48),
    (49),
    (50),
    (51),
    (52),
    (53),
    (54),
    (55),
    (56),
    (57),
    (58),
    (59),
    (60),
    (61),
    (62),
    (63),
    (64),
    (65),
    (66),
    (67),
    (68),
    (69),
    (70),
    (71),
    (72),
    (73),
    (74),
    (75),
    (76),
    (77),
    (78),
    (79),
    (80),
    (81),
    (82),
    (83),
    (84),
    (85),
    (86),
    (87),
    (88),
    (89),
    (90),
    (91),
    (92),
    (93),
    (94),
    (95),
    (96),
    (97),
    (98),
    (99),
    (100),
    (101),
    (102),
    (103),
    (104),
    (105),
    (106),
    (107),
    (108),
    (109),
    (110),
    (111),
    (112),
    (113),
    (114),
    (115),
    (116),
    (117),
    (118),
    (119),
    (120),
    (121),
    (122),
    (123),
    (124),
    (125),
    (126),
    (127),
    (128),
    (129),
    (130),
    (131),
    (132),
    (133),
    (134),
    (135),
    (136),
    (137),
    (138),
    (139),
    (140),
    (141),
    (142),
    (143),
    (144),
    (145),
    (146),
    (147),
    (148),
    (149),
    (150),
    (151),
    (152),
    (153),
    (154),
    (155),
    (156),
    (157),
    (158),
    (159),
    (160),
    (161),
    (162),
    (163),
    (164),
    (165),
    (166),
    (167),
    (168),
    (169),
    (170),
    (171),
    (172),
    (173),
    (174);

INSERT INTO T_1_16_5_3 (pk)
VALUES
    (0),
    (1),
    (2),
    (3),
    (4),
    (5),
    (6),
    (7),
    (8),
    (9),
    (10),
    (11),
    (12),
    (13),
    (14),
    (15),
    (16),
    (17),
    (18),
    (19),
    (20),
    (21),
    (22),
    (23),
    (24),
    (25),
    (26),
    (27),
    (28),
    (29),
    (30),
    (31),
    (32),
    (33),
    (34),
    (35),
    (36),
    (37),
    (38),
    (39),
    (40),
    (41),
    (42),
    (43),
    (44),
    (45),
    (46),
    (47),
    (48),
    (49),
    (50),
    (51),
    (52),
    (53),
    (54),
    (55),
    (56),
    (57),
    (58),
    (59),
    (60),
    (61),
    (62),
    (63),
    (64),
    (65),
    (66),
    (67),
    (68),
    (69),
    (70),
    (71),
    (72),
    (73),
    (74),
    (75),
    (76),
    (77),
    (78),
    (79),
    (80),
    (81),
    (82),
    (83),
    (84),
    (85),
    (86),
    (87),
    (88),
    (89),
    (90),
    (91),
    (92),
    (93),
    (94),
    (95),
    (96),
    (97),
    (98),
    (99),
    (100),
    (101),
    (102),
    (103),
    (104),
    (105),
    (106),
    (107),
    (108);

INSERT INTO T_1_16_5_4 (pk)
VALUES
    (0),
    (1),
    (2),
    (3),
    (4),
    (5),
    (6),
    (7),
    (8),
    (9),
    (10),
    (11),
    (12),
    (13),
    (14),
    (15),
    (16),
    (17),
    (18),
    (19),
    (20),
    (21),
    (22),
    (23),
    (24),
    (25),
    (26),
    (27),
    (28),
    (29),
    (30),
    (31),
    (32),
    (33),
    (34),
    (35),
    (36),
    (37),
    (38),
    (39),
    (40),
    (41),
    (42),
    (43),
    (44),
    (45),
    (46),
    (47),
    (48),
    (49);

INSERT INTO T_1_16_6 (pk,
    t_1_16_6_1, t_1_16_6_2, t_1_16_6_3, t_1_16_6_4)
VALUES
    (0, 82, 11, 78, 64),
    (1, 15, 13, 59, 65),
    (2, 52, 1, 7, 67),
    (3, 53, 40, 30, 52),
    (4, 63, 12, 21, 35),
    (5, 53, 29, 87, 74),
    (6, 75, 26, 18, 13),
    (7, 122, 19, 69, 67),
    (8, 68, 14, 30, 9),
    (9, 29, 20, 21, 72),
    (10, 100, 18, 74, 53),
    (11, 42, 9, 67, 28),
    (12, 94, 39, 82, 65),
    (13, 86, 35, 15, 26),
    (14, 23, 37, 0, 16),
    (15, 84, 25, 6, 19),
    (16, 97, 37, 53, 8),
    (17, 95, 26, 69, 45),
    (18, 111, 12, 37, 27),
    (19, 55, 17, 3, 28),
    (20, 44, 20, 1, 35),
    (21, 5, 26, 53, 40),
    (22, 99, 10, 13, 72),
    (23, 62, 20, 72, 3),
    (24, 9, 15, 50, 10),
    (25, 32, 12, 75, 63),
    (26, 59, 41, 19, 12),
    (27, 108, 4, 57, 50),
    (28, 14, 15, 34, 62),
    (29, 124, 15, 46, 78),
    (30, 104, 22, 70, 5),
    (31, 109, 37, 14, 62),
    (32, 85, 28, 39, 60),
    (33, 73, 32, 52, 3),
    (34, 33, 27, 6, 33),
    (35, 128, 15, 3, 63),
    (36, 55, 7, 41, 14),
    (37, 53, 9, 84, 27),
    (38, 12, 25, 54, 0),
    (39, 112, 9, 4, 42),
    (40, 16, 1, 36, 37),
    (41, 86, 5, 17, 66),
    (42, 101, 29, 46, 40),
    (43, 9, 7, 26, 78),
    (44, 58, 22, 89, 36),
    (45, 74, 34, 84, 41),
    (46, 76, 16, 88, 65),
    (47, 66, 37, 61, 77),
    (48, 11, 26, 39, 50),
    (49, 79, 39, 12, 12),
    (50, 82, 14, 34, 44),
    (51, 10, 14, 8, 58),
    (52, 75, 36, 47, 12),
    (53, 107, 35, 80, 51),
    (54, 88, 20, 67, 17),
    (55, 103, 26, 41, 77),
    (56, 78, 41, 55, 13),
    (57, 76, 39, 61, 5),
    (58, 74, 29, 70, 8),
    (59, 45, 22, 42, 48),
    (60, 75, 15, 13, 46),
    (61, 110, 39, 5, 72),
    (62, 122, 20, 82, 76),
    (63, 124, 19, 13, 32),
    (64, 83, 34, 13, 33),
    (65, 47, 10, 78, 19),
    (66, 70, 0, 59, 47),
    (67, 13, 12, 48, 4),
    (68, 77, 24, 74, 33),
    (69, 27, 30, 43, 4),
    (70, 27, 23, 45, 32),
    (71, 22, 0, 32, 49),
    (72, 50, 38, 59, 36),
    (73, 35, 42, 86, 57),
    (74, 67, 11, 16, 22),
    (75, 30, 37, 19, 71),
    (76, 54, 4, 58, 17),
    (77, 97, 22, 63, 3),
    (78, 63, 32, 19, 1),
    (79, 77, 4, 32, 41),
    (80, 99, 7, 15, 46),
    (81, 54, 2, 53, 40),
    (82, 75, 4, 28, 39),
    (83, 85, 20, 77, 78),
    (84, 14, 35, 71, 31),
    (85, 81, 0, 66, 8),
    (86, 20, 12, 36, 63),
    (87, 19, 26, 36, 22),
    (88, 115, 39, 49, 58),
    (89, 15, 42, 52, 20),
    (90, 80, 30, 24, 74),
    (91, 100, 8, 25, 40),
    (92, 100, 3, 47, 22),
    (93, 44, 16, 29, 20),
    (94, 98, 25, 43, 68),
    (95, 103, 2, 77, 75),
    (96, 85, 22, 50, 13),
    (97, 4, 11, 54, 17),
    (98, 94, 6, 71, 76),
    (99, 6, 6, 46, 10),
    (100, 76, 17, 43, 31),
    (101, 98, 7, 56, 61),
    (102, 27, 32, 11, 39),
    (103, 43, 9, 58, 34),
    (104, 78, 31, 9, 41),
    (105, 54, 7, 16, 27),
    (106, 40, 25, 8, 49),
    (107, 117, 6, 32, 48),
    (108, 37, 35, 74, 42),
    (109, 81, 12, 56, 32),
    (110, 71, 42, 77, 78),
    (111, 88, 34, 29, 23),
    (112, 14, 1, 53, 75),
    (113, 131, 15, 32, 34),
    (114, 88, 27, 62, 46),
    (115, 88, 4, 82, 7),
    (116, 31, 11, 5, 13),
    (117, 96, 37, 43, 40),
    (118, 2, 32, 67, 39),
    (119, 64, 40, 19, 52),
    (120, 91, 37, 33, 58),
    (121, 25, 40, 61, 56),
    (122, 129, 14, 57, 71),
    (123, 50, 3, 7, 55),
    (124, 36, 7, 3, 49),
    (125, 83, 22, 14, 48),
    (126, 108, 35, 31, 23),
    (127, 70, 7, 47, 74),
    (128, 46, 0, 74, 22),
    (129, 76, 24, 41, 33),
    (130, 126, 22, 10, 73),
    (131, 40, 37, 13, 53),
    (132, 47, 23, 90, 35),
    (133, 31, 15, 8, 75),
    (134, 93, 0, 60, 66),
    (135, 11, 12, 66, 28),
    (136, 84, 13, 72, 72),
    (137, 97, 5, 31, 13),
    (138, 61, 36, 33, 49),
    (139, 46, 16, 6, 16),
    (140, 125, 35, 41, 67),
    (141, 17, 13, 88, 18),
    (142, 2, 15, 11, 26),
    (143, 37, 33, 66, 26),
    (144, 98, 11, 1, 47),
    (145, 10, 18, 1, 61),
    (146, 38, 12, 83, 40),
    (147, 107, 36, 78, 51),
    (148, 78, 12, 92, 30),
    (149, 96, 23, 43, 16),
    (150, 91, 5, 90, 38),
    (151, 29, 27, 65, 67),
    (152, 50, 4, 85, 25),
    (153, 64, 4, 66, 27),
    (154, 63, 1, 70, 71);

INSERT INTO T_1_16_6_1 (pk)
VALUES
    (0),
    (1),
    (2),
    (3),
    (4),
    (5),
    (6),
    (7),
    (8),
    (9),
    (10),
    (11),
    (12),
    (13),
    (14),
    (15),
    (16),
    (17),
    (18),
    (19),
    (20),
    (21),
    (22),
    (23),
    (24),
    (25),
    (26),
    (27),
    (28),
    (29),
    (30),
    (31),
    (32),
    (33),
    (34),
    (35),
    (36),
    (37),
    (38),
    (39),
    (40),
    (41),
    (42),
    (43),
    (44),
    (45),
    (46),
    (47),
    (48),
    (49),
    (50),
    (51),
    (52),
    (53),
    (54),
    (55),
    (56),
    (57),
    (58),
    (59),
    (60),
    (61),
    (62),
    (63),
    (64),
    (65),
    (66),
    (67),
    (68),
    (69),
    (70),
    (71),
    (72),
    (73),
    (74),
    (75),
    (76),
    (77),
    (78),
    (79),
    (80),
    (81),
    (82),
    (83),
    (84),
    (85),
    (86),
    (87),
    (88),
    (89),
    (90),
    (91),
    (92),
    (93),
    (94),
    (95),
    (96),
    (97),
    (98),
    (99),
    (100),
    (101),
    (102),
    (103),
    (104),
    (105),
    (106),
    (107),
    (108),
    (109),
    (110),
    (111),
    (112),
    (113),
    (114),
    (115),
    (116),
    (117),
    (118),
    (119),
    (120),
    (121),
    (122),
    (123),
    (124),
    (125),
    (126),
    (127),
    (128),
    (129),
    (130),
    (131);

INSERT INTO T_1_16_6_2 (pk)
VALUES
    (0),
    (1),
    (2),
    (3),
    (4),
    (5),
    (6),
    (7),
    (8),
    (9),
    (10),
    (11),
    (12),
    (13),
    (14),
    (15),
    (16),
    (17),
    (18),
    (19),
    (20),
    (21),
    (22),
    (23),
    (24),
    (25),
    (26),
    (27),
    (28),
    (29),
    (30),
    (31),
    (32),
    (33),
    (34),
    (35),
    (36),
    (37),
    (38),
    (39),
    (40),
    (41),
    (42);

INSERT INTO T_1_16_6_3 (pk)
VALUES
    (0),
    (1),
    (2),
    (3),
    (4),
    (5),
    (6),
    (7),
    (8),
    (9),
    (10),
    (11),
    (12),
    (13),
    (14),
    (15),
    (16),
    (17),
    (18),
    (19),
    (20),
    (21),
    (22),
    (23),
    (24),
    (25),
    (26),
    (27),
    (28),
    (29),
    (30),
    (31),
    (32),
    (33),
    (34),
    (35),
    (36),
    (37),
    (38),
    (39),
    (40),
    (41),
    (42),
    (43),
    (44),
    (45),
    (46),
    (47),
    (48),
    (49),
    (50),
    (51),
    (52),
    (53),
    (54),
    (55),
    (56),
    (57),
    (58),
    (59),
    (60),
    (61),
    (62),
    (63),
    (64),
    (65),
    (66),
    (67),
    (68),
    (69),
    (70),
    (71),
    (72),
    (73),
    (74),
    (75),
    (76),
    (77),
    (78),
    (79),
    (80),
    (81),
    (82),
    (83),
    (84),
    (85),
    (86),
    (87),
    (88),
    (89),
    (90),
    (91),
    (92),
    (93);

INSERT INTO T_1_16_6_4 (pk)
VALUES
    (0),
    (1),
    (2),
    (3),
    (4),
    (5),
    (6),
    (7),
    (8),
    (9),
    (10),
    (11),
    (12),
    (13),
    (14),
    (15),
    (16),
    (17),
    (18),
    (19),
    (20),
    (21),
    (22),
    (23),
    (24),
    (25),
    (26),
    (27),
    (28),
    (29),
    (30),
    (31),
    (32),
    (33),
    (34),
    (35),
    (36),
    (37),
    (38),
    (39),
    (40),
    (41),
    (42),
    (43),
    (44),
    (45),
    (46),
    (47),
    (48),
    (49),
    (50),
    (51),
    (52),
    (53),
    (54),
    (55),
    (56),
    (57),
    (58),
    (59),
    (60),
    (61),
    (62),
    (63),
    (64),
    (65),
    (66),
    (67),
    (68),
    (69),
    (70),
    (71),
    (72),
    (73),
    (74),
    (75),
    (76),
    (77),
    (78),
    (79);

INSERT INTO T_1_16_7 (pk,
    t_1_16_7_1, t_1_16_7_2, t_1_16_7_3, t_1_16_7_4)
VALUES
    (0, 66, 40, 22, 6),
    (1, 110, 54, 41, 19),
    (2, 30, 32, 67, 14),
    (3, 107, 59, 114, 2),
    (4, 147, 46, 2, 5),
    (5, 144, 43, 20, 11),
    (6, 38, 28, 46, 17),
    (7, 78, 50, 39, 2),
    (8, 96, 26, 85, 9),
    (9, 13, 22, 5, 14),
    (10, 138, 19, 138, 20),
    (11, 9, 14, 110, 3),
    (12, 115, 32, 131, 0),
    (13, 93, 52, 100, 8),
    (14, 111, 52, 88, 2),
    (15, 81, 55, 6, 9),
    (16, 109, 17, 74, 21),
    (17, 99, 61, 34, 13),
    (18, 41, 16, 106, 11),
    (19, 93, 53, 29, 19),
    (20, 105, 51, 107, 6),
    (21, 55, 22, 51, 6),
    (22, 119, 43, 125, 20),
    (23, 142, 59, 24, 1),
    (24, 97, 63, 108, 16),
    (25, 136, 50, 14, 6),
    (26, 3, 16, 13, 2),
    (27, 71, 51, 130, 15),
    (28, 69, 31, 137, 0),
    (29, 55, 4, 120, 8),
    (30, 129, 28, 17, 14),
    (31, 36, 62, 133, 8),
    (32, 31, 61, 45, 14),
    (33, 165, 62, 28, 11),
    (34, 83, 52, 71, 10),
    (35, 159, 11, 38, 20),
    (36, 97, 22, 64, 17),
    (37, 24, 27, 22, 12),
    (38, 41, 51, 44, 12),
    (39, 139, 28, 111, 14),
    (40, 120, 11, 60, 3),
    (41, 151, 12, 89, 0),
    (42, 109, 52, 42, 11),
    (43, 41, 61, 103, 1),
    (44, 1, 44, 135, 13),
    (45, 126, 30, 0, 1),
    (46, 9, 56, 6, 18),
    (47, 26, 30, 53, 6),
    (48, 177, 40, 135, 7),
    (49, 160, 52, 27, 16),
    (50, 115, 31, 79, 6),
    (51, 129, 50, 62, 17),
    (52, 28, 19, 7, 13),
    (53, 55, 2, 27, 4),
    (54, 136, 35, 31, 14),
    (55, 43, 58, 116, 1),
    (56, 128, 8, 32, 2),
    (57, 139, 56, 67, 0),
    (58, 31, 47, 101, 0),
    (59, 163, 40, 101, 2),
    (60, 121, 2, 70, 15),
    (61, 96, 18, 99, 17),
    (62, 54, 16, 72, 17),
    (63, 98, 16, 89, 14),
    (64, 108, 43, 91, 1),
    (65, 165, 22, 111, 16),
    (66, 97, 23, 106, 23),
    (67, 169, 38, 106, 21),
    (68, 32, 2, 95, 4),
    (69, 173, 5, 117, 2),
    (70, 96, 51, 28, 12),
    (71, 139, 42, 85, 11),
    (72, 99, 20, 72, 17),
    (73, 85, 41, 41, 7),
    (74, 67, 45, 139, 21),
    (75, 129, 13, 88, 20),
    (76, 169, 40, 97, 17),
    (77, 35, 41, 37, 4),
    (78, 30, 23, 130, 17),
    (79, 167, 64, 115, 16),
    (80, 172, 15, 129, 16),
    (81, 0, 33, 123, 14),
    (82, 142, 53, 117, 3),
    (83, 5, 39, 127, 6),
    (84, 45, 42, 111, 7),
    (85, 32, 2, 9, 19),
    (86, 49, 18, 105, 0),
    (87, 162, 8, 4, 16),
    (88, 161, 29, 132, 16),
    (89, 72, 26, 70, 7),
    (90, 117, 63, 2, 3),
    (91, 162, 34, 52, 20),
    (92, 89, 36, 73, 23),
    (93, 137, 62, 123, 5),
    (94, 28, 1, 57, 20),
    (95, 83, 54, 75, 19),
    (96, 76, 64, 42, 21),
    (97, 9, 14, 49, 9),
    (98, 64, 58, 15, 16),
    (99, 177, 64, 6, 11),
    (100, 103, 9, 72, 18),
    (101, 102, 55, 79, 20),
    (102, 120, 61, 14, 5),
    (103, 13, 29, 128, 1),
    (104, 85, 59, 47, 6),
    (105, 95, 23, 48, 9),
    (106, 11, 27, 16, 5),
    (107, 39, 48, 81, 14),
    (108, 55, 62, 131, 12),
    (109, 67, 42, 25, 3),
    (110, 127, 28, 123, 15),
    (111, 148, 25, 92, 18),
    (112, 98, 0, 73, 14),
    (113, 1, 7, 77, 16),
    (114, 56, 34, 29, 17),
    (115, 71, 34, 27, 21),
    (116, 59, 49, 74, 12),
    (117, 40, 58, 13, 13),
    (118, 141, 51, 14, 10),
    (119, 109, 35, 36, 2),
    (120, 82, 47, 106, 9),
    (121, 167, 2, 140, 9),
    (122, 36, 28, 34, 5),
    (123, 158, 50, 57, 6),
    (124, 105, 19, 129, 0),
    (125, 77, 23, 33, 5),
    (126, 15, 36, 37, 7),
    (127, 48, 25, 0, 14),
    (128, 30, 24, 64, 11),
    (129, 117, 1, 59, 9),
    (130, 117, 24, 5, 18),
    (131, 52, 29, 10, 16),
    (132, 36, 0, 128, 3),
    (133, 117, 36, 14, 4),
    (134, 99, 58, 42, 0),
    (135, 15, 55, 96, 2),
    (136, 93, 14, 86, 8),
    (137, 91, 49, 1, 0),
    (138, 143, 62, 57, 23),
    (139, 147, 39, 54, 1),
    (140, 104, 62, 104, 10),
    (141, 89, 24, 31, 1),
    (142, 1, 34, 96, 1),
    (143, 108, 10, 102, 4),
    (144, 19, 2, 123, 16),
    (145, 97, 28, 100, 9),
    (146, 7, 33, 59, 14),
    (147, 155, 60, 122, 21),
    (148, 147, 10, 110, 4),
    (149, 145, 30, 42, 17),
    (150, 62, 8, 55, 11),
    (151, 23, 62, 7, 4),
    (152, 135, 19, 57, 0),
    (153, 37, 18, 35, 11),
    (154, 140, 56, 42, 7),
    (155, 97, 39, 102, 12),
    (156, 43, 22, 106, 17),
    (157, 43, 6, 129, 6),
    (158, 154, 40, 18, 11),
    (159, 171, 34, 23, 4),
    (160, 171, 29, 67, 0),
    (161, 3, 53, 15, 14),
    (162, 36, 36, 122, 6),
    (163, 139, 38, 28, 2),
    (164, 150, 27, 135, 7),
    (165, 92, 22, 130, 9),
    (166, 37, 31, 2, 15),
    (167, 176, 8, 20, 21),
    (168, 163, 54, 32, 4),
    (169, 153, 36, 76, 20),
    (170, 72, 55, 123, 14),
    (171, 34, 1, 22, 10),
    (172, 74, 29, 23, 16),
    (173, 118, 59, 59, 2),
    (174, 124, 13, 41, 22),
    (175, 44, 12, 75, 5),
    (176, 166, 56, 50, 1),
    (177, 177, 3, 89, 16);

INSERT INTO T_1_16_7_1 (pk)
VALUES
    (0),
    (1),
    (2),
    (3),
    (4),
    (5),
    (6),
    (7),
    (8),
    (9),
    (10),
    (11),
    (12),
    (13),
    (14),
    (15),
    (16),
    (17),
    (18),
    (19),
    (20),
    (21),
    (22),
    (23),
    (24),
    (25),
    (26),
    (27),
    (28),
    (29),
    (30),
    (31),
    (32),
    (33),
    (34),
    (35),
    (36),
    (37),
    (38),
    (39),
    (40),
    (41),
    (42),
    (43),
    (44),
    (45),
    (46),
    (47),
    (48),
    (49),
    (50),
    (51),
    (52),
    (53),
    (54),
    (55),
    (56),
    (57),
    (58),
    (59),
    (60),
    (61),
    (62),
    (63),
    (64),
    (65),
    (66),
    (67),
    (68),
    (69),
    (70),
    (71),
    (72),
    (73),
    (74),
    (75),
    (76),
    (77),
    (78),
    (79),
    (80),
    (81),
    (82),
    (83),
    (84),
    (85),
    (86),
    (87),
    (88),
    (89),
    (90),
    (91),
    (92),
    (93),
    (94),
    (95),
    (96),
    (97),
    (98),
    (99),
    (100),
    (101),
    (102),
    (103),
    (104),
    (105),
    (106),
    (107),
    (108),
    (109),
    (110),
    (111),
    (112),
    (113),
    (114),
    (115),
    (116),
    (117),
    (118),
    (119),
    (120),
    (121),
    (122),
    (123),
    (124),
    (125),
    (126),
    (127),
    (128),
    (129),
    (130),
    (131),
    (132),
    (133),
    (134),
    (135),
    (136),
    (137),
    (138),
    (139),
    (140),
    (141),
    (142),
    (143),
    (144),
    (145),
    (146),
    (147),
    (148),
    (149),
    (150),
    (151),
    (152),
    (153),
    (154),
    (155),
    (156),
    (157),
    (158),
    (159),
    (160),
    (161),
    (162),
    (163),
    (164),
    (165),
    (166),
    (167),
    (168),
    (169),
    (170),
    (171),
    (172),
    (173),
    (174),
    (175),
    (176),
    (177),
    (178);

INSERT INTO T_1_16_7_2 (pk)
VALUES
    (0),
    (1),
    (2),
    (3),
    (4),
    (5),
    (6),
    (7),
    (8),
    (9),
    (10),
    (11),
    (12),
    (13),
    (14),
    (15),
    (16),
    (17),
    (18),
    (19),
    (20),
    (21),
    (22),
    (23),
    (24),
    (25),
    (26),
    (27),
    (28),
    (29),
    (30),
    (31),
    (32),
    (33),
    (34),
    (35),
    (36),
    (37),
    (38),
    (39),
    (40),
    (41),
    (42),
    (43),
    (44),
    (45),
    (46),
    (47),
    (48),
    (49),
    (50),
    (51),
    (52),
    (53),
    (54),
    (55),
    (56),
    (57),
    (58),
    (59),
    (60),
    (61),
    (62),
    (63),
    (64);

INSERT INTO T_1_16_7_3 (pk)
VALUES
    (0),
    (1),
    (2),
    (3),
    (4),
    (5),
    (6),
    (7),
    (8),
    (9),
    (10),
    (11),
    (12),
    (13),
    (14),
    (15),
    (16),
    (17),
    (18),
    (19),
    (20),
    (21),
    (22),
    (23),
    (24),
    (25),
    (26),
    (27),
    (28),
    (29),
    (30),
    (31),
    (32),
    (33),
    (34),
    (35),
    (36),
    (37),
    (38),
    (39),
    (40),
    (41),
    (42),
    (43),
    (44),
    (45),
    (46),
    (47),
    (48),
    (49),
    (50),
    (51),
    (52),
    (53),
    (54),
    (55),
    (56),
    (57),
    (58),
    (59),
    (60),
    (61),
    (62),
    (63),
    (64),
    (65),
    (66),
    (67),
    (68),
    (69),
    (70),
    (71),
    (72),
    (73),
    (74),
    (75),
    (76),
    (77),
    (78),
    (79),
    (80),
    (81),
    (82),
    (83),
    (84),
    (85),
    (86),
    (87),
    (88),
    (89),
    (90),
    (91),
    (92),
    (93),
    (94),
    (95),
    (96),
    (97),
    (98),
    (99),
    (100),
    (101),
    (102),
    (103),
    (104),
    (105),
    (106),
    (107),
    (108),
    (109),
    (110),
    (111),
    (112),
    (113),
    (114),
    (115),
    (116),
    (117),
    (118),
    (119),
    (120),
    (121),
    (122),
    (123),
    (124),
    (125),
    (126),
    (127),
    (128),
    (129),
    (130),
    (131),
    (132),
    (133),
    (134),
    (135),
    (136),
    (137),
    (138),
    (139),
    (140);

INSERT INTO T_1_16_7_4 (pk)
VALUES
    (0),
    (1),
    (2),
    (3),
    (4),
    (5),
    (6),
    (7),
    (8),
    (9),
    (10),
    (11),
    (12),
    (13),
    (14),
    (15),
    (16),
    (17),
    (18),
    (19),
    (20),
    (21),
    (22),
    (23);

INSERT INTO T_1_16_8 (pk,
    t_1_16_8_1, t_1_16_8_2, t_1_16_8_3, t_1_16_8_4)
VALUES
    (0, 23, 77, 84, 6),
    (1, 23, 29, 90, 24),
    (2, 21, 29, 0, 14),
    (3, 36, 63, 57, 32),
    (4, 25, 68, 68, 8),
    (5, 0, 65, 46, 23),
    (6, 35, 74, 94, 36),
    (7, 21, 34, 155, 0),
    (8, 35, 14, 103, 18),
    (9, 20, 19, 99, 23),
    (10, 28, 57, 155, 17),
    (11, 28, 74, 103, 1),
    (12, 8, 72, 76, 3),
    (13, 31, 59, 49, 3),
    (14, 6, 84, 112, 19),
    (15, 9, 4, 17, 35),
    (16, 14, 77, 5, 20),
    (17, 20, 7, 95, 35),
    (18, 1, 53, 165, 31),
    (19, 17, 55, 4, 0),
    (20, 18, 44, 119, 11),
    (21, 39, 74, 73, 28),
    (22, 33, 58, 148, 2),
    (23, 34, 1, 91, 20),
    (24, 32, 25, 72, 18),
    (25, 26, 81, 95, 18),
    (26, 20, 57, 12, 6),
    (27, 34, 9, 130, 16),
    (28, 29, 85, 141, 12),
    (29, 43, 92, 1, 22),
    (30, 14, 2, 114, 12),
    (31, 6, 89, 10, 30),
    (32, 23, 7, 160, 25),
    (33, 34, 15, 141, 7),
    (34, 3, 56, 103, 30),
    (35, 15, 94, 38, 37),
    (36, 12, 84, 110, 14),
    (37, 27, 42, 40, 30),
    (38, 15, 83, 71, 9),
    (39, 32, 27, 134, 2),
    (40, 4, 20, 9, 4),
    (41, 45, 42, 65, 37);

INSERT INTO T_1_16_8_1 (pk)
VALUES
    (0),
    (1),
    (2),
    (3),
    (4),
    (5),
    (6),
    (7),
    (8),
    (9),
    (10),
    (11),
    (12),
    (13),
    (14),
    (15),
    (16),
    (17),
    (18),
    (19),
    (20),
    (21),
    (22),
    (23),
    (24),
    (25),
    (26),
    (27),
    (28),
    (29),
    (30),
    (31),
    (32),
    (33),
    (34),
    (35),
    (36),
    (37),
    (38),
    (39),
    (40),
    (41),
    (42),
    (43),
    (44),
    (45),
    (46),
    (47);

INSERT INTO T_1_16_8_2 (pk)
VALUES
    (0),
    (1),
    (2),
    (3),
    (4),
    (5),
    (6),
    (7),
    (8),
    (9),
    (10),
    (11),
    (12),
    (13),
    (14),
    (15),
    (16),
    (17),
    (18),
    (19),
    (20),
    (21),
    (22),
    (23),
    (24),
    (25),
    (26),
    (27),
    (28),
    (29),
    (30),
    (31),
    (32),
    (33),
    (34),
    (35),
    (36),
    (37),
    (38),
    (39),
    (40),
    (41),
    (42),
    (43),
    (44),
    (45),
    (46),
    (47),
    (48),
    (49),
    (50),
    (51),
    (52),
    (53),
    (54),
    (55),
    (56),
    (57),
    (58),
    (59),
    (60),
    (61),
    (62),
    (63),
    (64),
    (65),
    (66),
    (67),
    (68),
    (69),
    (70),
    (71),
    (72),
    (73),
    (74),
    (75),
    (76),
    (77),
    (78),
    (79),
    (80),
    (81),
    (82),
    (83),
    (84),
    (85),
    (86),
    (87),
    (88),
    (89),
    (90),
    (91),
    (92),
    (93),
    (94),
    (95),
    (96),
    (97);

INSERT INTO T_1_16_8_3 (pk)
VALUES
    (0),
    (1),
    (2),
    (3),
    (4),
    (5),
    (6),
    (7),
    (8),
    (9),
    (10),
    (11),
    (12),
    (13),
    (14),
    (15),
    (16),
    (17),
    (18),
    (19),
    (20),
    (21),
    (22),
    (23),
    (24),
    (25),
    (26),
    (27),
    (28),
    (29),
    (30),
    (31),
    (32),
    (33),
    (34),
    (35),
    (36),
    (37),
    (38),
    (39),
    (40),
    (41),
    (42),
    (43),
    (44),
    (45),
    (46),
    (47),
    (48),
    (49),
    (50),
    (51),
    (52),
    (53),
    (54),
    (55),
    (56),
    (57),
    (58),
    (59),
    (60),
    (61),
    (62),
    (63),
    (64),
    (65),
    (66),
    (67),
    (68),
    (69),
    (70),
    (71),
    (72),
    (73),
    (74),
    (75),
    (76),
    (77),
    (78),
    (79),
    (80),
    (81),
    (82),
    (83),
    (84),
    (85),
    (86),
    (87),
    (88),
    (89),
    (90),
    (91),
    (92),
    (93),
    (94),
    (95),
    (96),
    (97),
    (98),
    (99),
    (100),
    (101),
    (102),
    (103),
    (104),
    (105),
    (106),
    (107),
    (108),
    (109),
    (110),
    (111),
    (112),
    (113),
    (114),
    (115),
    (116),
    (117),
    (118),
    (119),
    (120),
    (121),
    (122),
    (123),
    (124),
    (125),
    (126),
    (127),
    (128),
    (129),
    (130),
    (131),
    (132),
    (133),
    (134),
    (135),
    (136),
    (137),
    (138),
    (139),
    (140),
    (141),
    (142),
    (143),
    (144),
    (145),
    (146),
    (147),
    (148),
    (149),
    (150),
    (151),
    (152),
    (153),
    (154),
    (155),
    (156),
    (157),
    (158),
    (159),
    (160),
    (161),
    (162),
    (163),
    (164),
    (165),
    (166),
    (167),
    (168);

INSERT INTO T_1_16_8_4 (pk)
VALUES
    (0),
    (1),
    (2),
    (3),
    (4),
    (5),
    (6),
    (7),
    (8),
    (9),
    (10),
    (11),
    (12),
    (13),
    (14),
    (15),
    (16),
    (17),
    (18),
    (19),
    (20),
    (21),
    (22),
    (23),
    (24),
    (25),
    (26),
    (27),
    (28),
    (29),
    (30),
    (31),
    (32),
    (33),
    (34),
    (35),
    (36),
    (37),
    (38),
    (39);

